Patient Name: FANTOMARW3, 
Patient ID: 15072016
Plan: PDD_Eq4
Course: C1
Date: Thursday, July 21, 2016 5:41:05 PM
Exported by: laldrovandi

Start: (0.01, 0.03, 0.00)
End:   (0.00, 33.86, 0.00)

	4x4	10x10	20x20	40x40	4x4w15	10x10w15	40x30w15	4x4w30	10x10w30	40x30w30	4x4w45	10x10w45	40x20w45	4x4w60	10x10w60	40x15w60	Total
0.000000	29.952351	33.673195	40.392706	47.223580	25.397094	28.739949	43.706445	24.472168	28.988863	43.594466	30.533786	32.592286	40.535116	29.462570	34.246954	41.955954	555.467481
0.025006	34.821470	39.123867	46.892637	54.791434	29.545255	33.409179	50.710077	28.466055	33.689130	50.580093	35.477043	37.856468	47.041372	34.240440	39.774521	48.693750	645.112791
0.050012	39.690590	44.574540	53.392568	62.359288	33.693418	38.078411	57.713712	32.459944	38.389401	57.565723	40.420305	43.120654	53.547633	39.018320	45.302097	55.431554	734.758157
0.075018	44.559709	50.025212	59.892499	69.927142	37.841582	42.747644	64.717348	36.453837	43.089674	64.551356	45.363572	48.384845	60.053898	43.796209	50.829682	62.169368	824.403577
0.100025	49.428828	55.475885	66.392430	77.494996	41.989748	47.416879	71.720986	40.447732	47.789950	71.536992	50.306844	53.649040	66.560168	48.574106	56.357276	68.907191	914.049051
0.125031	52.026667	57.750604	68.054559	78.562460	44.829176	49.935299	72.821900	43.208283	50.154438	72.643689	52.561284	55.708328	67.906675	50.970680	58.367200	70.316384	945.817626
0.150037	54.551779	59.923629	69.561783	79.421782	47.626699	52.384852	73.733809	45.929344	52.444136	73.562144	54.729629	57.664997	69.087968	53.291008	60.264492	71.554958	975.733008
0.175043	57.076891	62.096654	71.069006	80.281103	50.424223	54.834405	74.645719	48.650407	54.733835	74.480599	56.897977	59.621668	70.269263	55.611340	62.161788	72.793535	1005.648413
0.200049	59.602002	64.269680	72.576229	81.140425	53.221748	57.283959	75.557629	51.371471	57.023537	75.399055	59.066326	61.578341	71.450560	57.931677	64.059088	74.032116	1035.563842
0.225055	62.127114	66.442705	74.083452	81.999747	56.019274	59.733514	76.469540	54.092538	59.313240	76.317513	61.234678	63.535016	72.631858	60.252017	65.956392	75.270699	1065.479295
0.250062	64.652226	68.615730	75.590675	82.859068	58.816801	62.183069	77.381451	56.813606	61.602944	77.235971	63.403032	65.491692	73.813157	62.572363	67.853700	76.509285	1095.394772
0.275068	67.177338	70.788755	77.097898	83.718390	61.614329	64.632626	78.293363	59.534677	63.892650	78.154431	65.571388	67.448371	74.994458	64.892712	69.751012	77.747874	1125.310273
0.300074	69.702450	72.961781	78.605121	84.577712	64.411858	67.082183	79.205275	62.255749	66.182358	79.072891	67.739745	69.405052	76.175760	67.213066	71.648328	78.986467	1155.225797
0.325080	72.227562	75.134806	80.112345	85.437033	67.209388	69.531742	80.117187	64.976823	68.472068	79.991353	69.908105	71.361735	77.357064	69.533423	73.545648	80.225063	1185.141345
0.350086	74.752674	77.307831	81.619568	86.296355	70.006919	71.981301	81.029100	67.697898	70.761779	80.909815	72.076467	73.318420	78.538370	71.853786	75.442972	81.463661	1215.056916
0.375092	76.124702	78.540138	82.608152	87.023723	71.581524	73.436947	81.952458	69.349105	72.241940	81.834470	73.506522	74.667928	79.579517	73.316962	76.715342	82.419846	1234.899275
0.400099	77.462825	79.744785	83.581488	87.747211	73.120171	74.863369	82.876152	70.968854	73.698298	82.759308	74.914868	75.999584	80.616544	74.754935	77.969338	83.367729	1254.445459
0.425105	78.800948	80.949431	84.554823	88.470699	74.658819	76.289792	83.799846	72.588605	75.154656	83.684146	76.323216	77.331241	81.653571	76.192911	79.223335	84.315613	1273.991653
0.450111	80.139072	82.154078	85.528158	89.194187	76.197466	77.716215	84.723541	74.208356	76.611016	84.608984	77.731565	78.662899	82.690600	77.630888	80.477335	85.263499	1293.537860
0.475117	81.477195	83.358725	86.501493	89.917676	77.736115	79.142638	85.647236	75.828108	78.067376	85.533824	79.139915	79.994558	83.727629	79.068868	81.731336	86.211386	1313.084077
0.500123	82.815318	84.563371	87.474828	90.641164	79.274764	80.569062	86.570931	77.447861	79.523737	86.458663	80.548265	81.326217	84.764659	80.506849	82.985339	87.159275	1332.630305
0.525129	84.153442	85.768018	88.448163	91.364652	80.813413	81.995486	87.494627	79.067615	80.980099	87.383504	81.956617	82.657878	85.801690	81.944832	84.239344	88.107165	1352.176545
0.550136	85.491565	86.972665	89.421498	92.088140	82.352062	83.421911	88.418323	80.687370	82.436461	88.308345	83.364969	83.989539	86.838722	83.382818	85.493351	89.055057	1371.722796
0.575142	86.829689	88.177312	90.394834	92.811628	83.890712	84.848336	89.342019	82.307126	83.892825	89.233186	84.773323	85.321202	87.875754	84.820805	86.747360	90.002950	1391.269058
0.600148	88.167812	89.381958	91.368169	93.535117	85.429363	86.274761	90.265715	83.926882	85.349189	90.158028	86.181677	86.652865	88.912788	86.258794	88.001370	90.950844	1410.815331
0.625154	88.865722	90.022325	91.921764	93.983790	86.242152	87.048929	90.878501	84.803880	86.162527	90.764491	86.983756	87.427768	89.584449	87.049747	88.711425	91.519363	1421.970589
0.650160	89.546474	90.647569	92.464110	94.425099	87.035489	87.805616	91.482954	85.660973	86.958634	91.362421	87.769587	88.187750	90.246319	87.823360	89.406903	92.077714	1432.900973
0.675166	90.227227	91.272813	93.006456	94.866408	87.828826	88.562304	92.087407	86.518066	87.754740	91.960352	88.555418	88.947733	90.908190	88.596974	90.102382	92.636067	1443.831362
0.700173	90.907979	91.898057	93.548802	95.307716	88.622163	89.318991	92.691861	87.375159	88.550847	92.558283	89.341250	89.707716	91.570061	89.370588	90.797862	93.194420	1454.761756
0.725179	91.588731	92.523301	94.091149	95.749025	89.415500	90.075679	93.296314	88.232253	89.346954	93.156214	90.127082	90.467699	92.231933	90.144204	91.493343	93.752775	1465.692155
0.750185	92.269483	93.148545	94.633495	96.190334	90.208837	90.832367	93.900768	89.089347	90.143062	93.754145	90.912915	91.227683	92.893805	90.917820	92.188824	94.311129	1476.622559
0.775191	92.950236	93.773789	95.175841	96.631643	91.002174	91.589055	94.505222	89.946441	90.939170	94.352077	91.698748	91.987668	93.555677	91.691437	92.884307	94.869485	1487.552968
0.800197	93.630988	94.399033	95.718188	97.072951	91.795512	92.345743	95.109675	90.803536	91.735278	94.950009	92.484581	92.747653	94.217550	92.465055	93.579790	95.427841	1498.483383
0.825203	94.311740	95.024277	96.260534	97.514260	92.588849	93.102431	95.714129	91.660631	92.531387	95.547942	93.270415	93.507638	94.879423	93.238673	94.275274	95.986198	1509.413802
0.850209	94.992492	95.649521	96.802880	97.955569	93.382187	93.859119	96.318584	92.517727	93.327496	96.145875	94.056249	94.267624	95.541297	94.012292	94.970759	96.544556	1520.344227
0.875216	95.352099	95.971803	97.061366	98.144435	93.817119	94.269065	96.614887	92.992015	93.762423	96.447654	94.473012	94.670212	95.882715	94.422088	95.331868	96.818548	1526.031309
0.900222	95.703932	96.286751	97.312980	98.327190	94.243374	94.670616	96.903730	93.457037	94.188606	96.742263	94.880840	95.064147	96.216375	94.823076	95.684883	97.085656	1531.591454
0.925228	96.055764	96.601698	97.564593	98.509945	94.669630	95.072167	97.192573	93.922058	94.614789	97.036873	95.288668	95.458082	96.550035	95.224065	96.037897	97.352765	1537.151602
0.950234	96.407596	96.916646	97.816207	98.692700	95.095885	95.473718	97.481416	94.387080	95.040972	97.331483	95.696496	95.852018	96.883696	95.625054	96.390913	97.619874	1542.711752
0.975240	96.759429	97.231593	98.067820	98.875455	95.522140	95.875269	97.770259	94.852101	95.467155	97.626093	96.104325	96.245954	97.217357	96.026043	96.743928	97.886983	1548.271905
1.000246	97.111261	97.546541	98.319434	99.058210	95.948396	96.276820	98.059102	95.317123	95.893339	97.920703	96.512153	96.639890	97.551018	96.427033	97.096944	98.154092	1553.832060
1.025253	97.463093	97.861488	98.571047	99.240965	96.374652	96.678372	98.347945	95.782146	96.319522	98.215313	96.919982	97.033826	97.884679	96.828023	97.449961	98.421202	1559.392217
1.050259	97.814926	98.176436	98.822661	99.423720	96.800907	97.079923	98.636789	96.247168	96.745706	98.509923	97.327811	97.427763	98.218340	97.229013	97.802978	98.688312	1564.952376
1.075265	98.166758	98.491384	99.074274	99.606475	97.227163	97.481475	98.925632	96.712191	97.171890	98.804533	97.735640	97.821700	98.552002	97.630004	98.155995	98.955422	1570.512538
1.100271	98.518590	98.806331	99.325888	99.789230	97.653419	97.883026	99.214475	97.177213	97.598074	99.099144	98.143470	98.215636	98.885664	98.030996	98.509013	99.222533	1576.072702
1.125277	98.658631	98.923938	99.398369	99.815256	97.846499	98.059451	99.296992	97.398204	97.791821	99.191030	98.308996	98.374003	98.996597	98.198515	98.644041	99.296959	1578.199303
1.150283	98.794091	99.037276	99.466976	99.837892	98.034535	98.231006	99.375045	97.613916	97.980539	99.278531	98.469282	98.527273	99.102712	98.360984	98.774354	99.367218	1580.251628
1.175290	98.929550	99.150614	99.535583	99.860527	98.222571	98.402560	99.453098	97.829627	98.169258	99.366032	98.629567	98.680544	99.208827	98.523453	98.904667	99.437476	1582.303954
1.200296	99.065010	99.263952	99.604190	99.883163	98.410606	98.574115	99.531151	98.045339	98.357976	99.453532	98.789853	98.833814	99.314942	98.685922	99.034981	99.507735	1584.356280
1.225302	99.200469	99.377290	99.672796	99.905799	98.598642	98.745670	99.609204	98.261051	98.546695	99.541033	98.950138	98.987085	99.421057	98.848391	99.165294	99.577993	1586.408607
1.250308	99.335928	99.490628	99.741403	99.928434	98.786678	98.917225	99.687257	98.476762	98.735413	99.628534	99.110423	99.140355	99.527173	99.010860	99.295608	99.648252	1588.460935
1.275314	99.471388	99.603966	99.810010	99.951070	98.974714	99.088780	99.765311	98.692474	98.924132	99.716035	99.270709	99.293626	99.633288	99.173330	99.425921	99.718511	1590.513263
1.300320	99.606847	99.717303	99.878617	99.973705	99.162750	99.260334	99.843364	98.908186	99.112850	99.803536	99.430994	99.446897	99.739403	99.335799	99.556235	99.788769	1592.565591
1.325327	99.742306	99.830641	99.947223	99.996341	99.350786	99.431889	99.921417	99.123898	99.301569	99.891037	99.591280	99.600167	99.845518	99.498269	99.686549	99.859028	1594.617920
1.350333	99.877765	99.943979	100.015830	100.018976	99.538822	99.603444	99.999470	99.339610	99.490288	99.978538	99.751566	99.753438	99.951634	99.660738	99.816863	99.929287	1596.670249
1.375339	99.893187	99.951881	99.998892	99.976586	99.588307	99.646178	99.979988	99.406338	99.542270	99.963246	99.775116	99.776788	99.945845	99.688735	99.827513	99.902144	1596.863015
1.400345	99.906321	99.957773	99.980323	99.932955	99.635150	99.686455	99.958647	99.470225	99.591645	99.945995	99.796059	99.797660	99.937922	99.714167	99.835881	99.873145	1597.020322
1.425351	99.919454	99.963664	99.961754	99.889324	99.681993	99.726733	99.937306	99.534112	99.641020	99.928743	99.817003	99.818532	99.929999	99.739598	99.844249	99.844145	1597.177628
1.450357	99.932587	99.969556	99.943185	99.845693	99.728836	99.767010	99.915964	99.597999	99.690395	99.911491	99.837946	99.839403	99.922076	99.765030	99.852617	99.815145	1597.334934
1.475364	99.945720	99.975447	99.924616	99.802063	99.775679	99.807288	99.894623	99.661886	99.739770	99.894239	99.858889	99.860275	99.914153	99.790461	99.860985	99.786146	1597.492240
1.500370	99.958854	99.981338	99.906046	99.758432	99.822522	99.847565	99.873282	99.725774	99.789145	99.876987	99.879832	99.881147	99.906230	99.815893	99.869353	99.757146	1597.649545
1.525376	99.971987	99.987230	99.887477	99.714801	99.869364	99.887842	99.851940	99.789661	99.838520	99.859735	99.900775	99.902019	99.898307	99.841324	99.877720	99.728146	1597.806849
1.550382	99.985120	99.993121	99.868908	99.671170	99.916207	99.928120	99.830599	99.853548	99.887895	99.842483	99.921718	99.922891	99.890384	99.866755	99.886088	99.699146	1597.964153
1.575388	99.998253	99.999013	99.850339	99.627540	99.963050	99.968397	99.809258	99.917435	99.937270	99.825230	99.942660	99.943762	99.882462	99.892186	99.894456	99.670146	1598.121457
1.600394	100.011387	100.004904	99.831770	99.583909	100.009893	100.008674	99.787916	99.981322	99.986644	99.807978	99.963603	99.964634	99.874539	99.917617	99.902823	99.641146	1598.278760
1.625400	99.960826	99.957473	99.775744	99.518965	99.979258	99.980027	99.726296	99.960203	99.961135	99.744423	99.912382	99.919227	99.815766	99.870670	99.850039	99.569947	1597.502381
1.650407	99.909213	99.909161	99.719100	99.453669	99.947344	99.950241	99.664010	99.937680	99.934389	99.680103	99.859969	99.872726	99.756154	99.822527	99.796245	99.498050	1596.710579
1.675413	99.857600	99.860849	99.662456	99.388373	99.915430	99.920456	99.601724	99.915157	99.907643	99.615783	99.807555	99.826224	99.696542	99.774383	99.742450	99.426153	1595.918777
1.700419	99.805988	99.812537	99.605812	99.323077	99.883516	99.890670	99.539437	99.892634	99.880896	99.551463	99.755142	99.779722	99.636929	99.726240	99.688656	99.354256	1595.126974
1.725425	99.754375	99.764225	99.549168	99.257781	99.851601	99.860884	99.477151	99.870110	99.854150	99.487143	99.702728	99.733220	99.577317	99.678097	99.634861	99.282358	1594.335169
1.750431	99.702762	99.715914	99.492524	99.192484	99.819687	99.831099	99.414865	99.847587	99.827404	99.422823	99.650315	99.686718	99.517704	99.629953	99.581066	99.210461	1593.543363
1.775437	99.651150	99.667602	99.435880	99.127188	99.787772	99.801313	99.352579	99.825064	99.800657	99.358503	99.597901	99.640216	99.458091	99.581809	99.527271	99.138563	1592.751557
1.800444	99.599537	99.619290	99.379236	99.061892	99.755857	99.771527	99.290293	99.802540	99.773911	99.294183	99.545487	99.593713	99.398478	99.533665	99.473475	99.066665	1591.959749
1.825450	99.547924	99.570978	99.322592	98.996596	99.723943	99.741742	99.228007	99.780017	99.747164	99.229862	99.493073	99.547211	99.338865	99.485520	99.419680	98.994767	1591.167940
1.850456	99.496311	99.522666	99.265948	98.931300	99.692028	99.711956	99.165720	99.757493	99.720417	99.165542	99.440659	99.500709	99.279252	99.437376	99.365884	98.922869	1590.376130
1.875462	99.403904	99.441061	99.186649	98.853713	99.611617	99.640715	99.085446	99.683328	99.649935	99.080601	99.347929	99.418427	99.196749	99.348018	99.280258	98.832310	1589.060660
1.900468	99.310927	99.358991	99.107034	98.775954	99.530529	99.568894	99.004919	99.608440	99.578842	98.995371	99.254636	99.335645	99.113926	99.258083	99.194187	98.741490	1587.737868
1.925474	99.217950	99.276921	99.027418	98.698194	99.449441	99.497073	98.924393	99.533552	99.507749	98.910141	99.161343	99.252863	99.031103	99.168149	99.108115	98.650671	1586.415076
1.950481	99.124972	99.194850	98.947803	98.620435	99.368353	99.425252	98.843866	99.458664	99.436656	98.824911	99.068049	99.170081	98.948279	99.078214	99.022044	98.559851	1585.092282
1.975487	99.031995	99.112780	98.868188	98.542676	99.287264	99.353432	98.763340	99.383776	99.365562	98.739681	98.974755	99.087299	98.865456	98.988279	98.935972	98.469030	1583.769487
2.000493	98.939018	99.030710	98.788573	98.464917	99.206176	99.281611	98.682813	99.308888	99.294469	98.654451	98.881462	99.004517	98.782633	98.898344	98.849900	98.378210	1582.446690
2.025499	98.846040	98.948640	98.708957	98.387158	99.125088	99.209790	98.602287	99.234000	99.223375	98.569221	98.788168	98.921734	98.699809	98.808408	98.763828	98.287389	1581.123892
2.050505	98.753063	98.866570	98.629342	98.309399	99.043999	99.137969	98.521760	99.159112	99.152282	98.483991	98.694874	98.838952	98.616986	98.718472	98.677755	98.196568	1579.801093
2.075511	98.660085	98.784499	98.549727	98.231640	98.962911	99.066148	98.441234	99.084223	99.081188	98.398760	98.601580	98.756169	98.534162	98.628536	98.591683	98.105747	1578.478292
2.100518	98.567108	98.702429	98.470112	98.153880	98.881822	98.994327	98.360707	99.009335	99.010094	98.313530	98.508285	98.673387	98.451339	98.538600	98.505610	98.014925	1577.155490
2.125524	98.449501	98.599552	98.375248	98.067033	98.772189	98.897246	98.268275	98.904046	98.913512	98.215987	98.392187	98.570217	98.356009	98.425361	98.401523	97.914305	1575.522190
2.150530	98.331611	98.496437	98.280210	97.980082	98.662229	98.799875	98.175707	98.798408	98.816637	98.118303	98.275828	98.466813	98.260537	98.311855	98.297230	97.813571	1573.885333
2.175536	98.213722	98.393321	98.185172	97.893130	98.552269	98.702504	98.083138	98.692771	98.719763	98.020619	98.159469	98.363409	98.165065	98.198349	98.192936	97.712838	1572.248475
2.200542	98.095833	98.290206	98.090134	97.806179	98.442308	98.605134	97.990569	98.587133	98.622888	97.922935	98.043109	98.260005	98.069592	98.084842	98.088643	97.612105	1570.611615
2.225548	97.977944	98.187090	97.995096	97.719227	98.332348	98.507763	97.898001	98.481496	98.526013	97.825251	97.926749	98.156601	97.974119	97.971335	97.984349	97.511371	1568.974754
2.250555	97.860055	98.083975	97.900058	97.632276	98.222388	98.410392	97.805432	98.375858	98.429138	97.727567	97.810390	98.053197	97.878647	97.857828	97.880055	97.410637	1567.337891
2.275561	97.742166	97.980860	97.805020	97.545325	98.112427	98.313021	97.712863	98.270220	98.332263	97.629883	97.694030	97.949793	97.783174	97.744320	97.775760	97.309903	1565.701027
2.300567	97.624277	97.877744	97.709982	97.458373	98.002467	98.215650	97.620294	98.164582	98.235388	97.532199	97.577669	97.846389	97.687701	97.630813	97.671466	97.209169	1564.064162
2.325573	97.506387	97.774629	97.614944	97.371422	97.892506	98.118278	97.527726	98.058944	98.138513	97.434515	97.461309	97.742984	97.592228	97.517305	97.567171	97.108435	1562.427295
2.350579	97.388498	97.671513	97.519906	97.284470	97.782546	98.020907	97.435157	97.953306	98.041638	97.336830	97.344949	97.639580	97.496755	97.403796	97.462876	97.007700	1560.790428
2.375585	97.262138	97.561637	97.421750	97.197519	97.662340	97.915779	97.344897	97.836475	97.936961	97.242046	97.223225	97.533241	97.403398	97.284325	97.357101	96.910964	1559.093795
2.400591	97.135702	97.451700	97.323565	97.110567	97.542042	97.810581	97.254657	97.719544	97.832215	97.147288	97.101454	97.426875	97.310060	97.164800	97.251312	96.814263	1557.396626
2.425598	97.009267	97.341763	97.225381	97.023616	97.421744	97.705384	97.164418	97.602612	97.727468	97.052530	96.979683	97.320509	97.216721	97.045275	97.145523	96.717562	1555.699456
2.450604	96.882831	97.231826	97.127197	96.936665	97.301446	97.600186	97.074179	97.485681	97.622721	96.957772	96.857912	97.214144	97.123383	96.925750	97.039733	96.620861	1554.002284
2.475610	96.756395	97.121889	97.029012	96.849713	97.181148	97.494988	96.983939	97.368750	97.517973	96.863014	96.736140	97.107778	97.030045	96.806224	96.933944	96.524159	1552.305111
2.500616	96.629959	97.011951	96.930828	96.762762	97.060850	97.389790	96.893700	97.251818	97.413226	96.768256	96.614368	97.001412	96.936706	96.686698	96.828154	96.427458	1550.607936
2.525622	96.503524	96.902014	96.832644	96.675810	96.940551	97.284592	96.803460	97.134887	97.308479	96.673497	96.492596	96.895046	96.843367	96.567172	96.722364	96.330756	1548.910760
2.550628	96.377088	96.792077	96.734459	96.588859	96.820253	97.179394	96.713221	97.017955	97.203731	96.578739	96.370824	96.788679	96.750029	96.447646	96.616574	96.234054	1547.213582
2.575635	96.250652	96.682140	96.636275	96.501908	96.699955	97.074196	96.622981	96.901023	97.098984	96.483981	96.249052	96.682313	96.656690	96.328119	96.510783	96.137352	1545.516403
2.600641	96.124216	96.572203	96.538091	96.414956	96.579656	96.968998	96.532741	96.784091	96.994236	96.389222	96.127280	96.575947	96.563351	96.208592	96.404993	96.040649	1543.819222
2.625647	95.997775	96.463052	96.441471	96.330937	96.457643	96.863295	96.444435	96.664670	96.888949	96.296879	96.005967	96.470891	96.472799	96.089387	96.301354	95.948427	1542.137931
2.650653	95.871334	96.353906	96.344862	96.246936	96.335619	96.757590	96.356142	96.545233	96.783658	96.204551	95.884657	96.365844	96.382265	95.970184	96.197729	95.856233	1540.456741
2.675659	95.744893	96.244760	96.248252	96.162935	96.213594	96.651884	96.267848	96.425795	96.678367	96.112223	95.763347	96.260797	96.291730	95.850981	96.094103	95.764039	1538.775550
2.700665	95.618451	96.135613	96.151643	96.078935	96.091570	96.546178	96.179554	96.306358	96.573076	96.019895	95.642037	96.155749	96.201196	95.731778	95.990477	95.671845	1537.094357
2.725672	95.492010	96.026467	96.055034	95.994934	95.969546	96.440473	96.091260	96.186920	96.467785	95.927567	95.520727	96.050702	96.110662	95.612574	95.886852	95.579651	1535.413163
2.750678	95.365569	95.917321	95.958424	95.910933	95.847521	96.334767	96.002967	96.067482	96.362494	95.835239	95.399417	95.945654	96.020127	95.493370	95.783225	95.487456	1533.731967
2.775684	95.239127	95.808175	95.861815	95.826932	95.725497	96.229061	95.914673	95.948045	96.257203	95.742911	95.278106	95.840606	95.929592	95.374166	95.679599	95.395262	1532.050770
2.800690	95.112686	95.699028	95.765205	95.742932	95.603472	96.123356	95.826379	95.828607	96.151911	95.650583	95.156796	95.735558	95.839058	95.254961	95.575972	95.303067	1530.369571
2.825696	94.986245	95.589882	95.668596	95.658931	95.481447	96.017650	95.738085	95.709169	96.046620	95.558255	95.035485	95.630510	95.748523	95.135756	95.472345	95.210872	1528.688371
2.850702	94.859804	95.480736	95.571986	95.574930	95.359423	95.911944	95.649791	95.589731	95.941328	95.465927	94.914174	95.525462	95.657988	95.016551	95.368718	95.118677	1527.007169
2.875709	94.732147	95.371728	95.476006	95.491916	95.235565	95.806419	95.566305	95.468723	95.836395	95.379480	94.793353	95.423144	95.572800	94.897165	95.267878	95.031802	1525.350826
2.900715	94.604485	95.262721	95.380027	95.408906	95.111700	95.700895	95.482837	95.347709	95.731464	95.293057	94.672534	95.320837	95.487633	94.777777	95.167049	94.944948	1523.694579
2.925721	94.476824	95.153714	95.284049	95.325895	94.987834	95.595371	95.399370	95.226694	95.626532	95.206634	94.551714	95.218530	95.402466	94.658390	95.066220	94.858094	1522.038330
2.950727	94.349162	95.044707	95.188071	95.242885	94.863969	95.489846	95.315902	95.105680	95.521600	95.120211	94.430895	95.116222	95.317298	94.539002	94.965390	94.771239	1520.382081
2.975733	94.221501	94.935700	95.092093	95.159874	94.740104	95.384322	95.232435	94.984666	95.416669	95.033788	94.310075	95.013915	95.232131	94.419614	94.864560	94.684385	1518.725829
3.000739	94.093839	94.826693	94.996114	95.076864	94.616238	95.278797	95.148967	94.863651	95.311737	94.947364	94.189255	94.911607	95.146964	94.300226	94.763730	94.597530	1517.069577
3.025746	93.966177	94.717686	94.900136	94.993853	94.492373	95.173273	95.065500	94.742636	95.206805	94.860941	94.068435	94.809300	95.061796	94.180837	94.662900	94.510675	1515.413323
3.050752	93.838516	94.608679	94.804158	94.910843	94.368507	95.067748	94.982032	94.621621	95.101873	94.774517	93.947614	94.706992	94.976629	94.061448	94.562070	94.423819	1513.757068
3.075758	93.710854	94.499672	94.708179	94.827832	94.244642	94.962224	94.898565	94.500607	94.996940	94.688093	93.826794	94.604684	94.891461	93.942059	94.461239	94.336964	1512.100811
3.100764	93.583193	94.390665	94.612201	94.744822	94.120776	94.856699	94.815098	94.379592	94.892008	94.601669	93.705973	94.502376	94.806293	93.822670	94.360408	94.250109	1510.444553
3.125770	93.452959	94.280420	94.515273	94.660503	93.994433	94.749547	94.727414	94.256389	94.786037	94.511786	93.582755	94.397856	94.717169	93.701311	94.258515	94.160348	1508.752716
3.150776	93.322722	94.170173	94.418344	94.576182	93.868087	94.642391	94.639725	94.133183	94.680064	94.421897	93.459533	94.293333	94.628039	93.579949	94.156620	94.070583	1507.060826
3.175782	93.192485	94.059925	94.321414	94.491862	93.741741	94.535236	94.552035	94.009978	94.574092	94.332009	93.336311	94.188809	94.538908	93.458587	94.054725	93.980817	1505.368934
3.200789	93.062248	93.949678	94.224485	94.407541	93.615394	94.428081	94.464346	93.886772	94.468119	94.242120	93.213089	94.084286	94.449778	93.337225	93.952829	93.891052	1503.677041
3.225795	92.932010	93.839431	94.127555	94.323220	93.489048	94.320926	94.376656	93.763566	94.362146	94.152232	93.089866	93.979762	94.360647	93.215862	93.850933	93.801286	1501.985146
3.250801	92.801773	93.729184	94.030626	94.238899	93.362701	94.213770	94.288966	93.640359	94.256173	94.062343	92.966644	93.875238	94.271516	93.094499	93.749037	93.711520	1500.293249
3.275807	92.671536	93.618936	93.933696	94.154579	93.236355	94.106615	94.201276	93.517153	94.150200	93.972454	92.843421	93.770714	94.182385	92.973136	93.647141	93.621754	1498.601351
3.300813	92.541298	93.508689	93.836767	94.070258	93.110008	93.999459	94.113586	93.393947	94.044227	93.882566	92.720198	93.666190	94.093254	92.851772	93.545244	93.531987	1496.909451
3.325819	92.411061	93.398442	93.739837	93.985937	92.983661	93.892304	94.025896	93.270740	93.938253	93.792677	92.596975	93.561666	94.004123	92.730408	93.443348	93.442221	1495.217550
3.350826	92.280824	93.288196	93.642909	93.901618	92.857315	93.785150	93.938210	93.147534	93.832282	93.702793	92.473754	93.457144	93.914995	92.609046	93.341453	93.352457	1493.525678
3.375832	92.151161	93.179328	93.547245	93.818607	92.731593	93.679449	93.854181	93.024633	93.728029	93.617295	92.351976	93.355200	93.828891	92.489170	93.241726	93.266134	1491.864618
3.400838	92.021499	93.070461	93.451581	93.735597	92.605871	93.573747	93.770152	92.901732	93.623776	93.531797	92.230198	93.253255	93.742786	92.369294	93.141999	93.179811	1490.203556
3.425844	91.891836	92.961594	93.355918	93.652586	92.480149	93.468046	93.686123	92.778831	93.519522	93.446299	92.108420	93.151310	93.656681	92.249418	93.042272	93.093488	1488.542493
3.450850	91.762174	92.852727	93.260254	93.569576	92.354426	93.362345	93.602093	92.655929	93.415269	93.360801	91.986641	93.049365	93.570577	92.129542	92.942544	93.007164	1486.881428
3.475856	91.632511	92.743859	93.164590	93.486565	92.228704	93.256644	93.518064	92.533028	93.311016	93.275303	91.864863	92.947419	93.484472	92.009665	92.842817	92.920840	1485.220362
3.500863	91.502849	92.634992	93.068927	93.403555	92.102982	93.150942	93.434035	92.410126	93.206762	93.189805	91.743084	92.845474	93.398367	91.889788	92.743089	92.834517	1483.559295
3.525869	91.373187	92.526125	92.973263	93.320544	91.977259	93.045241	93.350006	92.287224	93.102509	93.104307	91.621305	92.743529	93.312262	91.769911	92.643360	92.748192	1481.898226
3.550875	91.243524	92.417258	92.877599	93.237534	91.851537	92.939540	93.265977	92.164323	92.998255	93.018809	91.499526	92.641583	93.226157	91.650034	92.543632	92.661868	1480.237157
3.575881	91.113862	92.308391	92.781936	93.154524	91.725814	92.833839	93.181947	92.041421	92.894002	92.933311	91.377747	92.539637	93.140052	91.530156	92.443903	92.575544	1478.576085
3.600887	90.984203	92.199525	92.686272	93.071510	91.600092	92.728135	93.097906	91.918518	92.789745	92.847801	91.255966	92.437688	93.053936	91.410276	92.344170	92.489209	1476.914953
3.625893	90.855491	92.091139	92.590608	92.987509	91.474365	92.621960	93.010563	91.795450	92.684801	92.758887	91.133868	92.334642	92.964545	91.289732	92.243093	92.399970	1475.236624
3.650900	90.726780	91.982752	92.494945	92.903508	91.348637	92.515784	92.923220	91.672382	92.579857	92.669972	91.011769	92.231597	92.875155	91.169188	92.142017	92.310731	1473.558294
3.675906	90.598068	91.874365	92.399281	92.819508	91.222910	92.409608	92.835876	91.549314	92.474913	92.581058	90.889670	92.128552	92.785764	91.048643	92.040940	92.221492	1471.879963
3.700912	90.469356	91.765979	92.303617	92.735507	91.097183	92.303432	92.748533	91.426246	92.369969	92.492143	90.767571	92.025506	92.696373	90.928099	91.939863	92.132252	1470.201630
3.725918	90.340645	91.657592	92.207954	92.651506	90.971456	92.197256	92.661190	91.303178	92.265025	92.403229	90.645472	91.922460	92.606983	90.807554	91.838786	92.043012	1468.523296
3.750924	90.211933	91.549205	92.112290	92.567506	90.845728	92.091080	92.573846	91.180110	92.160080	92.314314	90.523373	91.819414	92.517592	90.687008	91.737709	91.953772	1466.844960
3.775930	90.083221	91.440819	92.016626	92.483505	90.720001	91.984904	92.486503	91.057041	92.055136	92.225399	90.401273	91.716368	92.428201	90.566463	91.636631	91.864532	1465.166623
3.800937	89.954510	91.332432	91.920962	92.399504	90.594273	91.878728	92.399159	90.933973	91.950191	92.136485	90.279174	91.613322	92.338810	90.445917	91.535554	91.775292	1463.488285
3.825943	89.825798	91.224045	91.825299	92.315503	90.468546	91.772552	92.311816	90.810904	91.845246	92.047570	90.157074	91.510276	92.249419	90.325371	91.434476	91.686051	1461.809945
3.850949	89.697083	91.115653	91.729629	92.231491	90.342814	91.666370	92.224471	90.687831	91.740299	91.958656	90.034972	91.407225	92.160026	90.204822	91.333396	91.596807	1460.131547
3.875955	89.567891	91.006336	91.633016	92.145530	90.216467	91.559358	92.136774	90.563998	91.635010	91.870006	89.912525	91.303433	92.070427	90.083749	91.231934	91.506978	1458.443433
3.900961	89.438699	90.897019	91.536402	92.059569	90.090119	91.452346	92.049078	90.440165	91.529721	91.781356	89.790078	91.199641	91.980828	89.962677	91.130472	91.417150	1456.755317
3.925967	89.309507	90.787702	91.439788	91.973608	89.963771	91.345334	91.961381	90.316331	91.424431	91.692705	89.667631	91.095849	91.891229	89.841604	91.029010	91.327321	1455.067200
3.950973	89.180315	90.678385	91.343174	91.887646	89.837423	91.238322	91.873685	90.192498	91.319141	91.604054	89.545183	90.992056	91.801630	89.720531	90.927547	91.237492	1453.379082
3.975980	89.051123	90.569068	91.246560	91.801685	89.711075	91.131309	91.785988	90.068664	91.213851	91.515404	89.422736	90.888264	91.712031	89.599457	90.826085	91.147663	1451.690963
4.000986	88.921931	90.459751	91.149946	91.715724	89.584727	91.024297	91.698291	89.944830	91.108562	91.426753	89.300289	90.784471	91.622431	89.478384	90.724622	91.057834	1450.002842
4.025992	88.792739	90.350434	91.053332	91.629763	89.458379	90.917285	91.610594	89.820996	91.003272	91.338102	89.177841	90.680678	91.532832	89.357310	90.623158	90.968005	1448.314720
4.050998	88.663547	90.241118	90.956718	91.543802	89.332031	90.810273	91.522898	89.697162	90.897982	91.249451	89.055393	90.576885	91.443232	89.236236	90.521695	90.878175	1446.626596
4.076004	88.534354	90.131801	90.860104	91.457841	89.205683	90.703260	91.435201	89.573328	90.792691	91.160800	88.932946	90.473092	91.353632	89.115162	90.420231	90.788346	1444.938471
4.101010	88.405170	90.022495	90.763496	91.371879	89.079343	90.596255	91.347486	89.449505	90.687406	91.072134	88.810501	90.369299	91.264018	88.994091	90.318765	90.698503	1443.250347
4.126017	88.276898	89.914579	90.667517	91.285918	88.954095	90.490078	91.257630	89.326915	90.582657	90.981764	88.688404	90.265511	91.172756	88.873542	90.217055	90.607130	1441.562449
4.151023	88.148626	89.806662	90.571539	91.199957	88.828847	90.383901	91.167774	89.204326	90.477907	90.891394	88.566307	90.161723	91.081493	88.752993	90.115345	90.515757	1439.874550
4.176029	88.020355	89.698746	90.475561	91.113996	88.703599	90.277725	91.077918	89.081736	90.373158	90.801023	88.444209	90.057935	90.990230	88.632443	90.013634	90.424383	1438.186650
4.201035	87.892083	89.590829	90.379582	91.028035	88.578351	90.171548	90.988062	88.959146	90.268408	90.710653	88.322112	89.954147	90.898967	88.511893	89.911924	90.333009	1436.498748
4.226041	87.763811	89.482912	90.283604	90.942074	88.453103	90.065371	90.898206	88.836556	90.163659	90.620282	88.200015	89.850359	90.807704	88.391343	89.810213	90.241634	1434.810844
4.251047	87.635539	89.374996	90.187626	90.856112	88.327854	89.959194	90.808350	88.713966	90.058909	90.529912	88.077917	89.746570	90.716441	88.270792	89.708501	90.150260	1433.122939
4.276054	87.507267	89.267079	90.091648	90.770151	88.202606	89.853017	90.718493	88.591376	89.954159	90.439541	87.955819	89.642782	90.625178	88.150241	89.606790	90.058885	1431.435032
4.301060	87.378995	89.159162	89.995669	90.684190	88.077357	89.746840	90.628637	88.468786	89.849409	90.349170	87.833721	89.538993	90.533915	88.029690	89.505079	89.967510	1429.747124
4.326066	87.250724	89.051245	89.899691	90.598229	87.952108	89.640663	90.538781	88.346196	89.744659	90.258800	87.711623	89.435204	90.442651	87.909139	89.403367	89.876135	1428.059215
4.351072	87.122482	88.943357	89.803747	90.512289	87.826885	89.534514	90.448967	88.223633	89.639938	90.168469	87.589557	89.331451	90.351418	87.788618	89.301688	89.784797	1426.371809
4.376078	86.996960	88.838071	89.710914	90.428288	87.703941	89.430937	90.363002	88.103559	89.537896	90.081768	87.470464	89.230978	90.262966	87.670886	89.203016	89.696862	1424.730507
4.401084	86.871439	88.732785	89.618081	90.344288	87.580998	89.327360	90.277036	87.983484	89.435853	89.995066	87.351371	89.130504	90.174513	87.553153	89.104345	89.608927	1423.089203
4.426091	86.745918	88.627499	89.525248	90.260287	87.458054	89.223784	90.191071	87.863409	89.333811	89.908365	87.232277	89.030030	90.086060	87.435421	89.005673	89.520992	1421.447898
4.451097	86.620397	88.522213	89.432415	90.176286	87.335110	89.120207	90.105106	87.743335	89.231769	89.821663	87.113184	88.929556	89.997607	87.317688	88.907001	89.433056	1419.806591
4.476103	86.494876	88.416927	89.339582	90.092286	87.212166	89.016630	90.019140	87.623260	89.129726	89.734961	86.994090	88.829082	89.909154	87.199955	88.808328	89.345120	1418.165283
4.501109	86.369355	88.311641	89.246749	90.008285	87.089223	88.913053	89.933175	87.503185	89.027684	89.648260	86.874997	88.728607	89.820701	87.082222	88.709656	89.257184	1416.523974
4.526115	86.243833	88.206355	89.153916	89.924284	86.966279	88.809476	89.847209	87.383110	88.925641	89.561558	86.755903	88.628133	89.732248	86.964488	88.610983	89.169248	1414.882664
4.551121	86.118312	88.101068	89.061083	89.840283	86.843335	88.705899	89.761244	87.263035	88.823598	89.474856	86.636809	88.527658	89.643794	86.846754	88.512310	89.081312	1413.241352
4.576128	85.992791	87.995782	88.968250	89.756283	86.720391	88.602322	89.675278	87.142960	88.721556	89.388154	86.517715	88.427184	89.555341	86.729020	88.413637	88.993375	1411.600039
4.601134	85.867221	87.890443	88.875367	89.672221	86.597397	88.498689	89.589230	87.022835	88.619462	89.301377	86.398559	88.326643	89.466816	86.611228	88.314903	88.905360	1409.957751
4.626140	85.738029	87.781126	88.778757	89.583629	86.470738	88.390881	89.497043	86.898993	88.513639	89.209050	86.274869	88.221179	89.372999	86.489153	88.211690	88.811557	1408.243329
4.651146	85.608837	87.671809	88.682148	89.495037	86.344078	88.283072	89.404856	86.775151	88.407815	89.116723	86.151179	88.115716	89.279181	86.367077	88.108475	88.717753	1406.528906
4.676152	85.479645	87.562492	88.585538	89.406446	86.217419	88.175264	89.312668	86.651309	88.301991	89.024395	86.027488	88.010253	89.185363	86.245001	88.005261	88.623949	1404.814481
4.701158	85.350453	87.453175	88.488929	89.317854	86.090759	88.067456	89.220481	86.527467	88.196167	88.932068	85.903797	87.904789	89.091545	86.122924	87.902047	88.530144	1403.100054
4.726164	85.221261	87.343857	88.392320	89.229262	85.964099	87.959647	89.128294	86.403625	88.090343	88.839740	85.780106	87.799325	88.997727	86.000848	87.798832	88.436340	1401.385627
4.751171	85.092069	87.234540	88.295710	89.140670	85.837440	87.851839	89.036107	86.279782	87.984519	88.747413	85.656415	87.693862	88.903909	85.878771	87.695617	88.342535	1399.671198
4.776177	84.962877	87.125223	88.199101	89.052078	85.710780	87.744031	88.943919	86.155940	87.878695	88.655085	85.532724	87.588398	88.810091	85.756694	87.592402	88.248730	1397.956768
4.801183	84.833684	87.015906	88.102491	88.963486	85.584120	87.636222	88.851732	86.032097	87.772871	88.562758	85.409033	87.482934	88.716273	85.634617	87.489186	88.154925	1396.242336
4.826189	84.704492	86.906589	88.005882	88.874895	85.457460	87.528413	88.759544	85.908255	87.667047	88.470430	85.285341	87.377470	88.622455	85.512539	87.385970	88.061120	1394.527903
4.851195	84.575337	86.797279	87.909278	88.786303	85.330829	87.420607	88.667372	85.784432	87.561223	88.378118	85.161682	87.272012	88.528639	85.390485	87.282751	87.967323	1392.813670
4.876201	84.448455	86.688413	87.812979	88.697711	85.206030	87.312948	88.576141	85.661845	87.455435	88.286766	85.040035	87.166948	88.435028	85.269924	87.179304	87.874043	1391.112004
4.901208	84.321573	86.579546	87.716681	88.609119	85.081230	87.205289	88.484911	85.539258	87.349647	88.195414	84.918389	87.061883	88.341417	85.149362	87.075857	87.780763	1389.410337
4.926214	84.194691	86.470680	87.620382	88.520527	84.956431	87.097629	88.393680	85.416670	87.243859	88.104062	84.796742	86.956818	88.247805	85.028799	86.972409	87.687483	1387.708669
4.951220	84.067809	86.361813	87.524084	88.431935	84.831631	86.989970	88.302450	85.294083	87.138071	88.012710	84.675095	86.851753	88.154194	84.908237	86.868961	87.594202	1386.006999
4.976226	83.940927	86.252947	87.427786	88.343344	84.706831	86.882311	88.211219	85.171496	87.032283	87.921358	84.553448	86.746688	88.060582	84.787674	86.765513	87.500922	1384.305328
5.001232	83.814045	86.144080	87.331487	88.254752	84.582031	86.774651	88.119988	85.048908	86.926495	87.830005	84.431801	86.641622	87.966971	84.667111	86.662065	87.407641	1382.603656
5.026238	83.687163	86.035214	87.235189	88.166160	84.457231	86.666992	88.028758	84.926321	86.820707	87.738653	84.310154	86.536557	87.873359	84.546548	86.558617	87.314360	1380.901982
5.051245	83.560281	85.926348	87.138891	88.077568	84.332432	86.559333	87.937527	84.803733	86.714918	87.647301	84.188507	86.431491	87.779747	84.425984	86.455169	87.221079	1379.200307
5.076251	83.433399	85.817481	87.042592	87.988976	84.207632	86.451673	87.846297	84.681145	86.609129	87.555949	84.066859	86.326425	87.686136	84.305421	86.351720	87.127798	1377.498631
5.101257	83.306550	85.708638	86.946294	87.900379	84.082865	86.344035	87.755031	84.558597	86.503362	87.464557	83.945235	86.221372	87.592494	84.184884	86.248287	87.034487	1375.797066
5.126263	83.181469	85.601041	86.850000	87.811467	83.959916	86.237526	87.661901	84.438204	86.398759	87.371032	83.824867	86.117012	87.497274	84.065808	86.145708	86.939610	1374.101593
5.151269	83.056388	85.493444	86.753706	87.722555	83.836966	86.131017	87.568771	84.317811	86.294155	87.277507	83.704500	86.012651	87.402054	83.946733	86.043129	86.844732	1372.406119
5.176275	82.931308	85.385847	86.657412	87.633643	83.714016	86.024508	87.475641	84.197418	86.189552	87.183981	83.584132	85.908290	87.306834	83.827657	85.940549	86.749854	1370.710643
5.201282	82.806227	85.278250	86.561118	87.544731	83.591067	85.917999	87.382511	84.077024	86.084948	87.090456	83.463764	85.803929	87.211614	83.708581	85.837970	86.654976	1369.015166
5.226288	82.681147	85.170653	86.464825	87.455819	83.468117	85.811490	87.289380	83.956631	85.980344	86.996931	83.343396	85.699569	87.116393	83.589505	85.735390	86.560098	1367.319687
5.251294	82.556066	85.063056	86.368531	87.366907	83.345167	85.704981	87.196250	83.836238	85.875740	86.903405	83.223028	85.595208	87.021173	83.470428	85.632810	86.465219	1365.624207
5.276300	82.430985	84.955458	86.272237	87.277995	83.222217	85.598472	87.103119	83.715844	85.771136	86.809880	83.102660	85.490847	86.925952	83.351351	85.530230	86.370341	1363.928725
5.301306	82.305905	84.847861	86.175943	87.189084	83.099267	85.491963	87.009989	83.595450	85.666532	86.716354	82.982292	85.386485	86.830732	83.232274	85.427649	86.275462	1362.233242
5.326312	82.180825	84.740264	86.079649	87.100172	82.976317	85.385454	86.916858	83.475056	85.561928	86.622829	82.861923	85.282124	86.735511	83.113197	85.325069	86.180583	1360.537758
5.351319	82.055767	84.632704	85.983394	87.011287	82.853386	85.278995	86.823819	83.354685	85.457381	86.529414	82.741588	85.177820	86.640381	82.994154	85.222541	86.085787	1358.843104
5.376325	81.931776	84.526929	85.888986	86.923675	82.731361	85.174917	86.735132	83.235372	85.355531	86.441254	82.622810	85.076232	86.549579	82.876752	85.122551	85.994934	1357.187790
5.401331	81.807785	84.421153	85.794577	86.836063	82.609335	85.070839	86.646445	83.116059	85.253682	86.353094	82.504031	84.974643	86.458777	82.759350	85.022560	85.904081	1355.532474
5.426337	81.683794	84.315378	85.700168	86.748452	82.487310	84.966761	86.557758	82.996745	85.151833	86.264934	82.385252	84.873054	86.367974	82.641947	84.922569	85.813227	1353.877157
5.451343	81.559803	84.209602	85.605759	86.660840	82.365284	84.862682	86.469070	82.877432	85.049984	86.176774	82.266474	84.771465	86.277172	82.524545	84.822578	85.722373	1352.221839
5.476349	81.435813	84.103827	85.511350	86.573229	82.243259	84.758604	86.380383	82.758119	84.948134	86.088614	82.147695	84.669876	86.186369	82.407142	84.722587	85.631519	1350.566519
5.501355	81.311822	83.998052	85.416941	86.485617	82.121233	84.654526	86.291696	82.638805	84.846285	86.000453	82.028916	84.568287	86.095567	82.289739	84.622596	85.540665	1348.911198
5.526362	81.187831	83.892276	85.322532	86.398006	81.999208	84.550448	86.203008	82.519492	84.744435	85.912293	81.910137	84.466697	86.004764	82.172335	84.522604	85.449810	1347.255876
5.551368	81.063840	83.786501	85.228124	86.310394	81.877182	84.446369	86.114321	82.400178	84.642585	85.824132	81.791358	84.365108	85.913961	82.054932	84.422612	85.358955	1345.600552
5.576374	80.939850	83.680725	85.133715	86.222782	81.755156	84.342291	86.025633	82.280864	84.540735	85.735972	81.672578	84.263518	85.823158	81.937528	84.322620	85.268101	1343.945227
5.601380	80.815944	83.575023	85.039394	86.135247	81.633217	84.238270	85.936982	82.161631	84.438929	85.647844	81.553868	84.161971	85.732388	81.820189	84.222678	85.177288	1342.290861
5.626386	80.695614	83.472377	84.948767	86.050926	81.514907	84.136651	85.849844	82.045778	84.338944	85.561094	81.438095	84.062227	85.642995	81.705611	84.124866	85.088274	1340.676969
5.651392	80.575284	83.369731	84.858140	85.966606	81.396598	84.035033	85.762707	81.929925	84.238958	85.474344	81.322321	83.962483	85.553603	81.591032	84.027054	84.999259	1339.063076
5.676399	80.454954	83.267084	84.767513	85.882285	81.278288	83.933414	85.675570	81.814071	84.138973	85.387594	81.206547	83.862739	85.464210	81.476453	83.929241	84.910245	1337.449182
5.701405	80.334624	83.164438	84.676886	85.797964	81.159978	83.831795	85.588433	81.698218	84.038988	85.300844	81.090774	83.762995	85.374817	81.361874	83.831429	84.821230	1335.835287
5.726411	80.214294	83.061792	84.586259	85.713643	81.041669	83.730177	85.501295	81.582365	83.939002	85.214094	80.975000	83.663251	85.285424	81.247295	83.733616	84.732215	1334.221390
5.751417	80.093964	82.959146	84.495632	85.629322	80.923359	83.628558	85.414158	81.466511	83.839017	85.127344	80.859226	83.563506	85.196031	81.132715	83.635803	84.643200	1332.607493
5.776423	79.973634	82.856500	84.405005	85.545002	80.805049	83.526939	85.327021	81.350658	83.739032	85.040594	80.743451	83.463762	85.106638	81.018136	83.537989	84.554184	1330.993594
5.801429	79.853304	82.753854	84.314378	85.460681	80.686739	83.425320	85.239883	81.234804	83.639046	84.953844	80.627677	83.364017	85.017245	80.903556	83.440176	84.465169	1329.379694
5.826436	79.732975	82.651207	84.223751	85.376360	80.568430	83.323701	85.152746	81.118951	83.539061	84.867094	80.511903	83.264272	84.927852	80.788976	83.342362	84.376153	1327.765792
5.851442	79.612790	82.548644	84.133204	85.292132	80.450254	83.222157	85.065698	81.003217	83.439159	84.780433	80.396268	83.164616	84.838549	80.674529	83.244615	84.287212	1326.153477
5.876448	79.498120	82.449240	84.045717	85.211422	80.337195	83.123469	84.982051	80.892055	83.342460	84.697143	80.285933	83.068355	84.752688	80.565148	83.149397	84.201112	1324.601506
5.901454	79.383451	82.349835	83.958230	85.130712	80.224137	83.024781	84.898405	80.780892	83.245760	84.613853	80.175599	82.972093	84.666827	80.455768	83.054179	84.115012	1323.049533
5.926460	79.268781	82.250430	83.870743	85.050002	80.111078	82.926092	84.814758	80.669729	83.149061	84.530563	80.065265	82.875831	84.580966	80.346387	82.958960	84.028912	1321.497560
5.951466	79.154112	82.151026	83.783256	84.969292	79.998019	82.827404	84.731111	80.558566	83.052361	84.447273	79.954930	82.779570	84.495105	80.237006	82.863741	83.942811	1319.945585
5.976473	79.039443	82.051621	83.695768	84.888583	79.884960	82.728715	84.647465	80.447403	82.955661	84.363983	79.844595	82.683308	84.409244	80.127625	82.768523	83.856711	1318.393608
6.001479	78.924773	81.952216	83.608281	84.807873	79.771901	82.630027	84.563818	80.336240	82.858961	84.280692	79.734260	82.587046	84.323383	80.018244	82.673303	83.770610	1316.841630
6.026485	78.810104	81.852812	83.520794	84.727163	79.658842	82.531338	84.480171	80.225077	82.762262	84.197402	79.623925	82.490784	84.237521	79.908862	82.578084	83.684510	1315.289651
6.051491	78.695434	81.753407	83.433307	84.646453	79.545783	82.432649	84.396524	80.113914	82.665562	84.114111	79.513590	82.394521	84.151660	79.799480	82.482865	83.598409	1313.737671
6.076497	78.580764	81.654003	83.345820	84.565743	79.432724	82.333961	84.312877	80.002751	82.568861	84.030821	79.403255	82.298259	84.065798	79.690098	82.387645	83.512308	1312.185689
6.101503	78.466073	81.554554	83.258271	84.484950	79.319639	82.235230	84.229126	79.891575	82.472117	83.947413	79.292883	82.201941	83.979830	79.580683	82.292388	83.426118	1310.632793
6.126510	78.350629	81.453600	83.168584	84.401279	79.205644	82.135061	84.141780	79.779966	82.373856	83.859960	79.181254	82.103675	83.890185	79.470115	82.195867	83.336864	1309.048320
6.151516	78.235185	81.352645	83.078897	84.317609	79.091649	82.034892	84.054435	79.668357	82.275595	83.772506	79.069624	82.005409	83.800540	79.359548	82.099345	83.247610	1307.463845
6.176522	78.119740	81.251690	82.989211	84.233938	78.977654	81.934723	83.967089	79.556748	82.177333	83.685053	78.957994	81.907143	83.710895	79.248980	82.002824	83.158355	1305.879369
6.201528	78.004296	81.150735	82.899524	84.150268	78.863659	81.834554	83.879743	79.445138	82.079071	83.597599	78.846365	81.808877	83.621249	79.138412	81.906302	83.069100	1304.294892
6.226534	77.888852	81.049780	82.809837	84.066597	78.749664	81.734385	83.792397	79.333529	81.980810	83.510146	78.734735	81.710610	83.531604	79.027844	81.809779	82.979845	1302.710413
6.251540	77.773407	80.948825	82.720150	83.982926	78.635669	81.634215	83.705051	79.221919	81.882548	83.422692	78.623105	81.612344	83.441959	78.917275	81.713257	82.890590	1301.125934
6.276546	77.657963	80.847870	82.630464	83.899256	78.521674	81.534046	83.617705	79.110310	81.784286	83.335239	78.511475	81.514077	83.352313	78.806707	81.616734	82.801335	1299.541453
6.301553	77.542519	80.746915	82.540777	83.815585	78.407679	81.433877	83.530359	78.998700	81.686025	83.247785	78.399845	81.415811	83.262668	78.696138	81.520211	82.712079	1297.956971
6.326559	77.427075	80.645960	82.451090	83.731914	78.293683	81.333708	83.443013	78.887090	81.587763	83.160331	78.288214	81.317544	83.173022	78.585569	81.423688	82.622823	1296.372488
6.351565	77.311551	80.544919	82.361307	83.648164	78.179617	81.233469	83.355657	78.775398	81.489439	83.072885	78.176521	81.219221	83.083364	78.474928	81.327092	82.533525	1294.787056
6.376571	77.193498	80.441174	82.268474	83.561873	78.063298	81.131019	83.267956	78.661103	81.389148	82.985693	78.062829	81.119108	82.993280	78.362018	81.228164	82.442905	1293.171539
6.401577	77.075445	80.337428	82.175641	83.475581	77.946978	81.028569	83.180256	78.546808	81.288856	82.898501	77.949137	81.018995	82.903196	78.249107	81.129237	82.352285	1291.556021
6.426583	76.957392	80.233682	82.082808	83.389290	77.830659	80.926119	83.092556	78.432513	81.188565	82.811308	77.835444	80.918882	82.813112	78.136197	81.030309	82.261665	1289.940501
6.451590	76.839339	80.129937	81.989975	83.302999	77.714339	80.823669	83.004855	78.318217	81.088273	82.724116	77.721752	80.818769	82.723028	78.023286	80.931381	82.171045	1288.324980
6.476596	76.721287	80.026191	81.897142	83.216708	77.598020	80.721219	82.917155	78.203922	80.987982	82.636923	77.608059	80.718655	82.632944	77.910375	80.832453	82.080424	1286.709458
6.501602	76.603234	79.922445	81.804309	83.130416	77.481701	80.618769	82.829454	78.089626	80.887690	82.549731	77.494366	80.618542	82.542860	77.797464	80.733525	81.989803	1285.093935
6.526608	76.485181	79.818700	81.711476	83.044125	77.365381	80.516319	82.741754	77.975331	80.787398	82.462538	77.380673	80.518428	82.452776	77.684552	80.634596	81.899182	1283.478410
6.551614	76.367129	79.714954	81.618643	82.957834	77.249061	80.413869	82.654053	77.861035	80.687106	82.375345	77.266980	80.418314	82.362691	77.571641	80.535667	81.808561	1281.862884
6.576620	76.249076	79.611208	81.525810	82.871543	77.132742	80.311418	82.566352	77.746740	80.586814	82.288152	77.153287	80.318200	82.272607	77.458729	80.436739	81.717940	1280.247357
6.601627	76.130968	79.507401	81.432925	82.785186	77.016356	80.208894	82.478535	77.632392	80.486441	82.200847	77.039510	80.217995	82.182414	77.345746	80.337717	81.627230	1278.630558
6.626633	76.011248	79.401805	81.338516	82.696924	76.898041	80.104192	82.387303	77.516531	80.383703	82.110248	76.923266	80.115094	82.089058	77.230672	80.235990	81.533943	1276.976536
6.651639	75.891529	79.296209	81.244108	82.608663	76.779725	79.999491	82.296071	77.400669	80.280964	82.019650	76.807022	80.012193	81.995703	77.115599	80.134264	81.440655	1275.322512
6.676645	75.771809	79.190613	81.149699	82.520401	76.661409	79.894789	82.204840	77.284807	80.178226	81.929051	76.690777	79.909292	81.902347	77.000525	80.032536	81.347367	1273.668488
6.701651	75.652089	79.085017	81.055290	82.432139	76.543092	79.790087	82.113608	77.168945	80.075487	81.838452	76.574533	79.806391	81.808991	76.885451	79.930809	81.254078	1272.014461
6.726657	75.532370	78.979421	80.960881	82.343878	76.424776	79.685386	82.022376	77.053083	79.972748	81.747854	76.458288	79.703490	81.715635	76.770377	79.829081	81.160790	1270.360434
6.751664	75.412650	78.873825	80.866472	82.255616	76.306460	79.580684	81.931145	76.937221	79.870010	81.657255	76.342044	79.600589	81.622279	76.655303	79.727354	81.067501	1268.706405
6.776670	75.292930	78.768228	80.772063	82.167354	76.188144	79.475982	81.839913	76.821359	79.767271	81.566656	76.225799	79.497688	81.528922	76.540228	79.625626	80.974212	1267.052375
6.801676	75.173210	78.662632	80.677655	82.079092	76.069828	79.371280	81.748681	76.705497	79.664532	81.476057	76.109554	79.394786	81.435566	76.425153	79.523898	80.880923	1265.398344
6.826682	75.053491	78.557036	80.583246	81.990831	75.951511	79.266578	81.657449	76.589635	79.561793	81.385458	75.993309	79.291885	81.342209	76.310078	79.422169	80.787634	1263.744311
6.851688	74.933809	78.451462	80.488859	81.902598	75.833228	79.161886	81.566267	76.473783	79.459061	81.294901	75.877114	79.189004	81.248885	76.195032	79.320456	80.694364	1262.090708
6.876694	74.815168	78.346476	80.395082	81.815166	75.715841	79.057480	81.476412	76.358232	79.356517	81.205490	75.762295	79.086678	81.156421	76.080781	79.219158	80.601610	1260.448807
6.901700	74.696527	78.241490	80.301304	81.727734	75.598454	78.953074	81.386557	76.242680	79.253973	81.116079	75.647476	78.984352	81.063958	75.966531	79.117860	80.508856	1258.806905
6.926707	74.577886	78.136504	80.207526	81.640302	75.481067	78.848669	81.296702	76.127129	79.151429	81.026668	75.532657	78.882026	80.971495	75.852280	79.016562	80.416102	1257.165002
6.951713	74.459246	78.031518	80.113748	81.552870	75.363679	78.744263	81.206848	76.011577	79.048884	80.937257	75.417837	78.779700	80.879031	75.738029	78.915263	80.323347	1255.523098
6.976719	74.340605	77.926532	80.019970	81.465438	75.246292	78.639857	81.116993	75.896025	78.946340	80.847846	75.303018	78.677374	80.786568	75.623778	78.813964	80.230593	1253.881192
7.001725	74.221964	77.821546	79.926193	81.378006	75.128905	78.535451	81.027138	75.780473	78.843795	80.758435	75.188198	78.575048	80.694105	75.509526	78.712666	80.137838	1252.239285
7.026731	74.103323	77.716560	79.832415	81.290573	75.011517	78.431045	80.937283	75.664922	78.741251	80.669024	75.073379	78.472721	80.601641	75.395275	78.611366	80.045083	1250.597377
7.051737	73.984682	77.611574	79.738637	81.203141	74.894130	78.326639	80.847428	75.549370	78.638706	80.579612	74.958559	78.370395	80.509178	75.281023	78.510067	79.952328	1248.955468
7.076744	73.866040	77.506588	79.644859	81.115709	74.776742	78.222233	80.757573	75.433818	78.536161	80.490201	74.843739	78.268068	80.416714	75.166771	78.408768	79.859572	1247.313557
7.101750	73.747555	77.401720	79.551177	81.028363	74.659501	78.117938	80.667762	75.318415	78.433714	80.400808	74.729040	78.165832	80.324306	75.052658	78.307574	79.766878	1245.673239
7.126756	73.633027	77.299834	79.459919	80.943202	74.545957	78.016463	80.579073	75.206802	78.333729	80.311888	74.617396	78.065884	80.233289	74.942081	78.209070	79.675722	1244.073337
7.151762	73.518498	77.197949	79.368661	80.858042	74.432412	77.914988	80.490384	75.095189	78.233745	80.222968	74.505752	77.965937	80.142272	74.831505	78.110566	79.584567	1242.473434
7.176768	73.403970	77.096064	79.277403	80.772881	74.318868	77.813512	80.401694	74.983576	78.133760	80.134047	74.394108	77.865989	80.051254	74.720928	78.012062	79.493411	1240.873529
7.201774	73.289441	76.994179	79.186145	80.687721	74.205324	77.712037	80.313005	74.871963	78.033776	80.045127	74.282464	77.766042	79.960237	74.610352	77.913557	79.402255	1239.273624
7.226781	73.174912	76.892293	79.094887	80.602561	74.091779	77.610562	80.224315	74.760350	77.933791	79.956206	74.170819	77.666094	79.869220	74.499774	77.815053	79.311099	1237.673717
7.251787	73.060384	76.790408	79.003629	80.517400	73.978235	77.509086	80.135626	74.648737	77.833806	79.867286	74.059175	77.566146	79.778202	74.389197	77.716548	79.219943	1236.073809
7.276793	72.945855	76.688523	78.912371	80.432240	73.864691	77.407611	80.046937	74.537123	77.733821	79.778365	73.947531	77.466198	79.687185	74.278620	77.618043	79.128787	1234.473900
7.301799	72.831327	76.586638	78.821113	80.347080	73.751146	77.306135	79.958247	74.425510	77.633836	79.689445	73.835886	77.366250	79.596167	74.168042	77.519538	79.037631	1232.873990
7.326805	72.716798	76.484753	78.729855	80.261920	73.637602	77.204660	79.869557	74.313896	77.533851	79.600524	73.724241	77.266302	79.505149	74.057464	77.421033	78.946474	1231.274079
7.351811	72.602584	76.383143	78.638876	80.177032	73.524389	77.103494	79.781260	74.202605	77.434194	79.512037	73.612957	77.166696	79.414518	73.947216	77.322853	78.855694	1229.679546
7.376818	72.495829	76.288074	78.554541	80.098612	73.419054	77.009694	79.702273	74.098974	77.342306	79.433838	73.510229	77.075215	79.333082	73.844820	77.232398	78.773856	1228.212793
7.401824	72.389074	76.193005	78.470205	80.020193	73.313719	76.915894	79.623285	73.995343	77.250418	79.355639	73.407500	76.983734	79.251645	73.742423	77.141943	78.692017	1226.746039
7.426830	72.282319	76.097936	78.385870	79.941774	73.208384	76.822094	79.544298	73.891712	77.158531	79.277440	73.304772	76.892253	79.170209	73.640026	77.051488	78.610179	1225.279284
7.451836	72.175564	76.002867	78.301534	79.863354	73.103049	76.728294	79.465311	73.788080	77.066643	79.199241	73.202044	76.800772	79.088772	73.537629	76.961033	78.528341	1223.812528
7.476842	72.068809	75.907798	78.217199	79.784935	72.997713	76.634494	79.386323	73.684449	76.974755	79.121042	73.099315	76.709291	79.007335	73.435232	76.870577	78.446502	1222.345771
7.501848	71.962054	75.812729	78.132864	79.706516	72.892378	76.540694	79.307336	73.580818	76.882867	79.042842	72.996587	76.617810	78.925899	73.332835	76.780122	78.364664	1220.879013
7.526855	71.855299	75.717660	78.048528	79.628096	72.787043	76.446894	79.228349	73.477186	76.790979	78.964643	72.893858	76.526329	78.844462	73.230437	76.689666	78.282825	1219.412253
7.551861	71.748544	75.622591	77.964193	79.549677	72.681708	76.353094	79.149361	73.373554	76.699091	78.886444	72.791129	76.434847	78.763025	73.128039	76.599209	78.200986	1217.945493
7.576867	71.641789	75.527522	77.879857	79.471258	72.576372	76.259293	79.070374	73.269923	76.607203	78.808245	72.688400	76.343366	78.681588	73.025641	76.508753	78.119147	1216.478731
7.601873	71.535133	75.432559	77.795616	79.392909	72.471122	76.165541	78.991270	73.166372	76.515350	78.729911	72.585698	76.251877	78.600030	72.923308	76.418304	78.037229	1215.012231
7.626879	71.430688	75.339961	77.713480	79.316140	72.367774	76.072862	78.909572	73.064626	76.424302	78.648572	72.483609	76.160231	78.515782	72.822430	76.328034	77.953542	1213.551607
7.651885	71.326242	75.247364	77.631344	79.239371	72.264426	75.980183	78.827874	72.962880	76.333254	78.567233	72.381520	76.068584	78.431535	72.721552	76.237764	77.869855	1212.090982
7.676891	71.221796	75.154766	77.549209	79.162603	72.161079	75.887503	78.746175	72.861134	76.242206	78.485894	72.279431	75.976938	78.347287	72.620674	76.147494	77.786168	1210.630355
7.701898	71.117350	75.062169	77.467073	79.085834	72.057731	75.794824	78.664477	72.759388	76.151158	78.404555	72.177342	75.885291	78.263038	72.519795	76.057223	77.702481	1209.169727
7.726904	71.012904	74.969571	77.384937	79.009065	71.954383	75.702145	78.582779	72.657642	76.060109	78.323216	72.075252	75.793644	78.178790	72.418916	75.966952	77.618793	1207.709098
7.751910	70.908458	74.876974	77.302801	78.932296	71.851035	75.609465	78.501080	72.555895	75.969061	78.241877	71.973163	75.701997	78.094542	72.318037	75.876681	77.535106	1206.248468
7.776916	70.804012	74.784376	77.220665	78.855527	71.747687	75.516786	78.419382	72.454149	75.878012	78.160538	71.871073	75.610350	78.010294	72.217157	75.786410	77.451418	1204.787837
7.801922	70.699566	74.691779	77.138530	78.778758	71.644339	75.424107	78.337683	72.352402	75.786964	78.079199	71.768983	75.518703	77.926045	72.116278	75.696139	77.367730	1203.327205
7.826928	70.595120	74.599181	77.056394	78.701989	71.540991	75.331427	78.255985	72.250656	75.695915	77.997859	71.666894	75.427055	77.841797	72.015398	75.605867	77.284042	1201.866571
7.851935	70.490570	74.506416	76.974066	78.625041	71.437539	75.238585	78.174058	72.148802	75.604688	77.916274	71.564587	75.335148	77.757230	71.914328	75.515341	77.200050	1200.402723
7.876941	70.383842	74.410112	76.887698	78.544321	71.331888	75.142320	78.087308	72.044687	75.509697	77.829522	71.457716	75.237774	77.665955	71.809252	75.419442	77.109667	1198.871202
7.901947	70.277113	74.313808	76.801330	78.463601	71.226238	75.046055	78.000558	71.940571	75.414707	77.742770	71.350844	75.140400	77.574680	71.704176	75.323543	77.019284	1197.339680
7.926953	70.170385	74.217504	76.714963	78.382881	71.120587	74.949790	77.913808	71.836456	75.319716	77.656017	71.243973	75.043026	77.483405	71.599100	75.227644	76.928901	1195.808157
7.951959	70.063656	74.121201	76.628595	78.302162	71.014936	74.853525	77.827058	71.732340	75.224725	77.569265	71.137102	74.945651	77.392130	71.494024	75.131745	76.838518	1194.276632
7.976965	69.956928	74.024897	76.542227	78.221442	70.909286	74.757260	77.740308	71.628225	75.129734	77.482513	71.030230	74.848277	77.300855	71.388948	75.035845	76.748135	1192.745107
8.001972	69.850199	73.928593	76.455859	78.140722	70.803635	74.660995	77.653558	71.524109	75.034743	77.395760	70.923358	74.750902	77.209579	71.283871	74.939946	76.657751	1191.213580
8.026978	69.743471	73.832289	76.369491	78.060002	70.697984	74.564730	77.566809	71.419993	74.939751	77.309008	70.816486	74.653527	77.118304	71.178794	74.844046	76.567367	1189.682053
8.051984	69.636742	73.735985	76.283123	77.979282	70.592333	74.468465	77.480059	71.315878	74.844760	77.222256	70.709614	74.556153	77.027029	71.073717	74.748146	76.476983	1188.150524
8.076990	69.530013	73.639681	76.196754	77.898562	70.486682	74.372200	77.393309	71.211762	74.749769	77.135503	70.602742	74.458778	76.935753	70.968640	74.652246	76.386599	1186.618995
8.101996	69.423160	73.543229	76.110204	77.817654	70.380899	74.275834	77.306577	71.107527	74.654703	77.048823	70.495878	74.361430	76.844634	70.863524	74.556357	76.296320	1185.086754
8.127002	69.313823	73.443814	76.020029	77.733004	70.272471	74.177472	77.220211	71.000927	74.558158	76.963577	70.389180	74.264625	76.756639	70.757626	74.460691	76.208116	1183.540360
8.152009	69.204486	73.344400	75.929853	77.648353	70.164044	74.079110	77.133846	70.894326	74.461612	76.878330	70.282481	74.167819	76.668644	70.651727	74.365024	76.119912	1181.993966
8.177015	69.095148	73.244985	75.839677	77.563702	70.055617	73.980747	77.047481	70.787725	74.365067	76.793084	70.175782	74.071014	76.580649	70.545829	74.269357	76.031707	1180.447570
8.202021	68.985811	73.145570	75.749501	77.479051	69.947190	73.882385	76.961115	70.681124	74.268522	76.707837	70.069082	73.974208	76.492654	70.439930	74.173690	75.943503	1178.901173
8.227027	68.876474	73.046156	75.659325	77.394400	69.838762	73.784022	76.874749	70.574523	74.171976	76.622590	69.962383	73.877402	76.404659	70.334031	74.078022	75.855298	1177.354775
8.252033	68.767136	72.946741	75.569150	77.309749	69.730335	73.685659	76.788384	70.467922	74.075430	76.537344	69.855684	73.780596	76.316664	70.228132	73.982355	75.767093	1175.808375
8.277039	68.657799	72.847326	75.478974	77.225098	69.621908	73.587297	76.702018	70.361321	73.978885	76.452097	69.748984	73.683790	76.228668	70.122233	73.886687	75.678888	1174.261974
8.302046	68.548462	72.747912	75.388798	77.140448	69.513480	73.488934	76.615653	70.254720	73.882339	76.366850	69.642284	73.586984	76.140673	70.016333	73.791019	75.590682	1172.715571
8.327052	68.439124	72.648497	75.298623	77.055797	69.405053	73.390571	76.529287	70.148119	73.785793	76.281603	69.535585	73.490178	76.052678	69.910433	73.695351	75.502477	1171.169168
8.352058	68.329818	72.549114	75.208471	76.971162	69.296663	73.292249	76.443039	70.041532	73.689282	76.196441	69.428940	73.393436	75.964752	69.804565	73.599726	75.414322	1169.623511
8.377064	68.221095	72.450330	75.118785	76.886831	69.188993	73.194683	76.359009	69.935220	73.593415	76.112884	69.323342	73.297900	75.878157	69.699301	73.504922	75.327137	1168.092005
8.402070	68.112373	72.351545	75.029098	76.802500	69.081323	73.097117	76.274979	69.828908	73.497549	76.029328	69.217744	73.202364	75.791562	69.594037	73.410118	75.239952	1166.560497
8.427076	68.003650	72.252761	74.939411	76.718170	68.973654	72.999551	76.190949	69.722596	73.401682	75.945771	69.112147	73.106828	75.704966	69.488773	73.315313	75.152766	1165.028989
8.452082	67.894928	72.153976	74.849724	76.633839	68.865984	72.901985	76.106920	69.616284	73.305815	75.862214	69.006549	73.011292	75.618371	69.383509	73.220509	75.065581	1163.497479
8.477089	67.786205	72.055192	74.760037	76.549508	68.758314	72.804419	76.022890	69.509972	73.209948	75.778657	68.900950	72.915756	75.531775	69.278245	73.125704	74.978395	1161.965969
8.502095	67.677483	71.956408	74.670351	76.465177	68.650644	72.706853	75.938860	69.403660	73.114082	75.695101	68.795352	72.820220	75.445180	69.172980	73.030899	74.891209	1160.434457
8.527101	67.568760	71.857623	74.580664	76.380847	68.542974	72.609286	75.854830	69.297348	73.018215	75.611544	68.689754	72.724684	75.358584	69.067715	72.936094	74.804023	1158.902945
8.552107	67.460037	71.758839	74.490977	76.296516	68.435304	72.511720	75.770800	69.191036	72.922348	75.527987	68.584156	72.629148	75.271988	68.962451	72.841289	74.716837	1157.371431
8.577113	67.351315	71.660054	74.401290	76.212185	68.327634	72.414154	75.686770	69.084724	72.826481	75.444430	68.478557	72.533611	75.185392	68.857186	72.746483	74.629651	1155.839917
8.602119	67.242785	71.561442	74.311769	76.128028	68.220126	72.316700	75.602781	68.978602	72.730724	75.360938	68.373151	72.438191	75.098920	68.752107	72.651812	74.542606	1154.310683
8.627126	67.137725	71.465916	74.225233	76.046988	68.115547	72.221268	75.519521	68.875908	72.636957	75.278611	68.271200	72.344865	75.014669	68.650376	72.559566	74.458094	1152.822442
8.652132	67.032664	71.370390	74.138696	75.965948	68.010968	72.125835	75.436261	68.773213	72.543189	75.196284	68.169249	72.251539	74.930418	68.548645	72.467320	74.373583	1151.334201
8.677138	66.927603	71.274864	74.052159	75.884908	67.906388	72.030403	75.353001	68.670519	72.449421	75.113957	68.067298	72.158213	74.846167	68.446915	72.375074	74.289072	1149.845958
8.702144	66.822542	71.179338	73.965622	75.803868	67.801809	71.934970	75.269741	68.567824	72.355652	75.031629	67.965346	72.064887	74.761916	68.345183	72.282827	74.204560	1148.357714
8.727150	66.717481	71.083812	73.879085	75.722828	67.697229	71.839537	75.186481	68.465129	72.261884	74.949302	67.863395	71.971560	74.677665	68.243452	72.190581	74.120048	1146.869470
8.752156	66.612420	70.988286	73.792548	75.641788	67.592650	71.744104	75.103221	68.362434	72.168116	74.866975	67.761444	71.878234	74.593413	68.141721	72.098334	74.035536	1145.381224
8.777163	66.507360	70.892759	73.706012	75.560748	67.488070	71.648672	75.019961	68.259739	72.074347	74.784647	67.659492	71.784907	74.509162	68.039989	72.006087	73.951024	1143.892977
8.802169	66.402299	70.797233	73.619475	75.479708	67.383491	71.553239	74.936701	68.157044	71.980579	74.702319	67.557541	71.691580	74.424910	67.938257	71.913840	73.866512	1142.404728
8.827175	66.297238	70.701707	73.532938	75.398668	67.278911	71.457806	74.853441	68.054349	71.886810	74.619992	67.455589	71.598254	74.340659	67.836525	71.821593	73.782000	1140.916479
8.852181	66.192463	70.606385	73.446584	75.317809	67.174631	71.362579	74.770405	67.951922	71.793257	74.537892	67.353911	71.505151	74.256588	67.735069	71.729539	73.697651	1139.431835
8.877187	66.092593	70.514555	73.363356	75.240050	67.075470	71.270878	74.691205	67.854081	71.703396	74.459696	67.256908	71.415879	74.175613	67.638348	71.640803	73.616096	1138.008927
8.902193	65.992723	70.422724	73.280128	75.162291	66.976309	71.179177	74.612005	67.756240	71.613536	74.381499	67.159905	71.326608	74.094637	67.541627	71.552067	73.534542	1136.586018
8.927200	65.892852	70.330894	73.196901	75.084532	66.877149	71.087477	74.532805	67.658399	71.523676	74.303303	67.062902	71.237336	74.013662	67.444905	71.463330	73.452987	1135.163108
8.952206	65.792982	70.239063	73.113673	75.006773	66.777988	70.995776	74.453604	67.560558	71.433815	74.225107	66.965898	71.148065	73.932686	67.348183	71.374593	73.371432	1133.740197
8.977212	65.693112	70.147233	73.030445	74.929013	66.678827	70.904076	74.374404	67.462717	71.343955	74.146910	66.868895	71.058793	73.851710	67.251461	71.285856	73.289877	1132.317285
9.002218	65.593241	70.055403	72.947217	74.851254	66.579666	70.812375	74.295204	67.364876	71.254095	74.068714	66.771892	70.969521	73.770734	67.154739	71.197119	73.208322	1130.894372
9.027224	65.493371	69.963572	72.863990	74.773495	66.480505	70.720674	74.216004	67.267035	71.164234	73.990517	66.674888	70.880249	73.689759	67.058017	71.108381	73.126766	1129.471457
9.052230	65.393500	69.871742	72.780762	74.695736	66.381344	70.628973	74.136804	67.169194	71.074374	73.912321	66.577884	70.790977	73.608783	66.961294	71.019643	73.045210	1128.048542
9.077237	65.293630	69.779912	72.697534	74.617977	66.282183	70.537273	74.057604	67.071352	70.984513	73.834124	66.480881	70.701705	73.527807	66.864572	70.930905	72.963655	1126.625626
9.102243	65.193873	69.688163	72.614323	74.540199	66.183137	70.445685	73.978439	66.973647	70.894762	73.755955	66.383995	70.612518	73.446900	66.767973	70.842265	72.882191	1125.204025
9.127249	65.095977	69.597740	72.531395	74.462109	66.085968	70.355940	73.899845	66.878168	70.806801	73.678243	66.289038	70.524722	73.367122	66.673413	70.755222	72.802229	1123.803934
9.152255	64.998080	69.507318	72.448467	74.384020	65.988800	70.266195	73.821250	66.782690	70.718840	73.600531	66.194082	70.436925	73.287345	66.578851	70.668180	72.722268	1122.403843
9.177261	64.900184	69.416895	72.365539	74.305931	65.891632	70.176450	73.742655	66.687211	70.630879	73.522819	66.099126	70.349129	73.207567	66.484290	70.581137	72.642306	1121.003750
9.202267	64.802287	69.326473	72.282611	74.227842	65.794464	70.086705	73.664061	66.591732	70.542918	73.445107	66.004169	70.261332	73.127789	66.389729	70.494094	72.562345	1119.603657
9.227273	64.704391	69.236051	72.199683	74.149752	65.697296	69.996960	73.585466	66.496253	70.454957	73.367395	65.909212	70.173535	73.048011	66.295167	70.407051	72.482383	1118.203562
9.252280	64.606494	69.145628	72.116755	74.071663	65.600127	69.907214	73.506871	66.400774	70.366995	73.289683	65.814256	70.085738	72.968233	66.200606	70.320008	72.402421	1116.803467
9.277286	64.508598	69.055206	72.033827	73.993574	65.502959	69.817469	73.428276	66.305294	70.279034	73.211971	65.719299	69.997941	72.888455	66.106044	70.232964	72.322459	1115.403371
9.302292	64.410702	68.964783	71.950899	73.915485	65.405791	69.727724	73.349682	66.209815	70.191073	73.134258	65.624342	69.910144	72.808677	66.011482	70.145921	72.242496	1114.003273
9.327298	64.312805	68.874361	71.867971	73.837396	65.308622	69.637979	73.271087	66.114336	70.103111	73.056546	65.529385	69.822347	72.728899	65.916920	70.058877	72.162534	1112.603175
9.352304	64.214984	68.783994	71.785072	73.759345	65.211528	69.548292	73.192528	66.018884	70.015182	72.978892	65.434458	69.734583	72.649118	65.822389	69.971874	72.082554	1111.203677
9.377310	64.118337	68.694492	71.702621	73.681906	65.115600	69.459522	73.114529	65.923862	69.927754	72.902156	65.339999	69.647350	72.569297	65.728344	69.885502	72.002310	1109.813583
9.402317	64.021691	68.604990	71.620171	73.604467	65.019672	69.370752	73.036530	65.828840	69.840326	72.825419	65.245540	69.560117	72.489477	65.634300	69.799130	71.922066	1108.423488
9.427323	63.925044	68.515487	71.537720	73.527028	64.923744	69.281981	72.958531	65.733817	69.752898	72.748682	65.151081	69.472884	72.409656	65.540255	69.712758	71.841822	1107.033391
9.452329	63.828397	68.425985	71.455270	73.449589	64.827816	69.193211	72.880532	65.638795	69.665470	72.671945	65.056622	69.385651	72.329835	65.446211	69.626386	71.761578	1105.643293
9.477335	63.731750	68.336483	71.372820	73.372150	64.731888	69.104440	72.802533	65.543773	69.578041	72.595208	64.962163	69.298418	72.250015	65.352166	69.540013	71.681334	1104.253195
9.502341	63.635103	68.246981	71.290369	73.294711	64.635959	69.015670	72.724534	65.448751	69.490613	72.518472	64.867703	69.211184	72.170194	65.258120	69.453641	71.601090	1102.863095
9.527347	63.538457	68.157479	71.207919	73.217272	64.540031	68.926899	72.646535	65.353728	69.403185	72.441735	64.773244	69.123950	72.090373	65.164075	69.367268	71.520845	1101.472994
9.552354	63.441810	68.067977	71.125468	73.139833	64.444103	68.838129	72.568535	65.258706	69.315756	72.364998	64.678784	69.036717	72.010552	65.070030	69.280895	71.440601	1100.082892
9.577360	63.345163	67.978474	71.043018	73.062394	64.348175	68.749358	72.490536	65.163683	69.228328	72.288260	64.584325	68.949483	71.930731	64.975984	69.194522	71.360356	1098.692789
9.602366	63.248486	67.888953	70.960548	72.984925	64.252198	68.660506	72.412413	65.068621	69.140823	72.211371	64.489834	68.862178	71.850824	64.881885	69.108053	71.280011	1097.301630
9.627372	63.151367	67.799151	70.877782	72.907014	64.155507	68.570430	72.332438	64.972974	69.052181	72.132193	64.394886	68.773810	71.769630	64.786990	69.020142	71.198160	1095.894654
9.652378	63.054247	67.709349	70.795016	72.829103	64.058816	68.480355	72.252462	64.877327	68.963538	72.053015	64.299938	68.685442	71.688436	64.692096	68.932230	71.116309	1094.487678
9.677384	62.957127	67.619547	70.712250	72.751192	63.962124	68.390279	72.172487	64.781679	68.874896	71.973837	64.204990	68.597073	71.607241	64.597201	68.844319	71.034458	1093.080701
9.702391	62.860008	67.529744	70.629484	72.673280	63.865433	68.300204	72.092512	64.686032	68.786253	71.894660	64.110042	68.508705	71.526047	64.502306	68.756407	70.952607	1091.673722
9.727397	62.762888	67.439942	70.546718	72.595369	63.768741	68.210128	72.012537	64.590384	68.697610	71.815482	64.015093	68.420337	71.444852	64.407411	68.668495	70.870755	1090.266743
9.752403	62.665768	67.350140	70.463952	72.517458	63.672050	68.120052	71.932561	64.494736	68.608968	71.736304	63.920145	68.331968	71.363657	64.312516	68.580584	70.788904	1088.859763
9.777409	62.568648	67.260338	70.381186	72.439546	63.575358	68.029977	71.852586	64.399089	68.520325	71.657126	63.825197	68.243600	71.282462	64.217621	68.492672	70.707052	1087.452782
9.802415	62.471529	67.170535	70.298420	72.361635	63.478666	67.939901	71.772611	64.303441	68.431682	71.577948	63.730248	68.155231	71.201267	64.122725	68.404759	70.625200	1086.045800
9.827421	62.374409	67.080733	70.215654	72.283724	63.381975	67.849825	71.692635	64.207793	68.343039	71.498770	63.635299	68.066862	71.120072	64.027830	68.316847	70.543349	1084.638817
9.852428	62.277230	66.990830	70.132787	72.205704	63.285232	67.759686	71.612598	64.112106	68.254284	71.419546	63.540299	67.978387	71.038783	63.932912	68.228837	70.461411	1083.230631
9.877434	62.179191	66.899467	70.048451	72.126126	63.187757	67.668640	71.531672	64.015852	68.163915	71.339662	63.444563	67.888372	70.956151	63.837676	68.139421	70.378244	1081.805160
9.902440	62.081151	66.808104	69.964115	72.046549	63.090283	67.577594	71.450746	63.919598	68.073546	71.259777	63.348826	67.798356	70.873518	63.742440	68.050005	70.295077	1080.379688
9.927446	61.983112	66.716742	69.879780	71.966971	62.992808	67.486548	71.369820	63.823344	67.983178	71.179893	63.253090	67.708341	70.790886	63.647203	67.960589	70.211910	1078.954214
9.952452	61.885073	66.625379	69.795444	71.887393	62.895334	67.395502	71.288894	63.727090	67.892809	71.100008	63.157353	67.618326	70.708253	63.551967	67.871173	70.128743	1077.528740
9.977458	61.787034	66.534016	69.711109	71.807816	62.797859	67.304456	71.207967	63.630836	67.802440	71.020124	63.061616	67.528310	70.625621	63.456730	67.781756	70.045576	1076.103265
10.002464	61.688995	66.442654	69.626773	71.728238	62.700385	67.213409	71.127041	63.534581	67.712070	70.940239	62.965879	67.438295	70.542988	63.361493	67.692340	69.962408	1074.677789
10.027471	61.590956	66.351291	69.542438	71.648661	62.602910	67.122363	71.046115	63.438327	67.621701	70.860355	62.870142	67.348279	70.460355	63.266256	67.602923	69.879240	1073.252312
10.052477	61.492917	66.259928	69.458102	71.569084	62.505435	67.031317	70.965189	63.342072	67.531332	70.780470	62.774405	67.258263	70.377723	63.171019	67.513506	69.796072	1071.826833
10.077483	61.394877	66.168566	69.373767	71.489506	62.407961	66.940271	70.884262	63.245818	67.440963	70.700585	62.678667	67.168247	70.295090	63.075781	67.424089	69.712904	1070.401354
10.102489	61.296921	66.077246	69.289410	71.409896	62.310580	66.849268	70.803321	63.149646	67.350663	70.620649	62.583025	67.078281	70.212474	62.980612	67.334730	69.629788	1068.976513
10.127495	61.200107	65.986513	69.204759	71.329837	62.214508	66.758866	70.722180	63.054628	67.261330	70.540010	62.488701	66.989006	70.130089	62.886379	67.246187	69.547400	1067.560500
10.152501	61.103293	65.895781	69.120108	71.249777	62.118436	66.668465	70.641039	62.959609	67.171996	70.459371	62.394377	66.899730	70.047704	62.792146	67.157645	69.465011	1066.144487
10.177508	61.006478	65.805048	69.035457	71.169717	62.022364	66.578063	70.559898	62.864591	67.082662	70.378732	62.300052	66.810454	69.965319	62.697913	67.069102	69.382623	1064.728473
10.202514	60.909664	65.714316	68.950806	71.089657	61.926292	66.487661	70.478757	62.769572	66.993328	70.298093	62.205728	66.721177	69.882934	62.603679	66.980558	69.300234	1063.312458
10.227520	60.812850	65.623583	68.866155	71.009598	61.830220	66.397260	70.397616	62.674553	66.903994	70.217454	62.111404	66.631901	69.800548	62.509446	66.892015	69.217845	1061.896441
10.252526	60.716036	65.532851	68.781504	70.929538	61.734147	66.306858	70.316475	62.579534	66.814660	70.136814	62.017079	66.542625	69.718163	62.415212	66.803471	69.135456	1060.480424
10.277532	60.619221	65.442118	68.696853	70.849478	61.638075	66.216456	70.235333	62.484516	66.725326	70.056175	61.922754	66.453349	69.635777	62.320978	66.714927	69.053067	1059.064406
10.302538	60.522407	65.351386	68.612202	70.769419	61.542003	66.126055	70.154192	62.389497	66.635992	69.975536	61.828430	66.364072	69.553392	62.226744	66.626384	68.970678	1057.648387
10.327545	60.425593	65.260653	68.527551	70.689359	61.445930	66.035653	70.073051	62.294478	66.546658	69.894896	61.734105	66.274796	69.471006	62.132510	66.537839	68.888288	1056.232368
10.352551	60.329078	65.170202	68.443142	70.609529	61.350137	65.945560	69.992223	62.199744	66.457637	69.814598	61.640048	66.185840	69.388916	62.038557	66.449612	68.806160	1054.820983
10.377557	60.236539	65.083491	68.361952	70.532750	61.258051	65.859572	69.915563	62.108796	66.372773	69.738834	61.549548	66.101156	69.310757	61.948339	66.365603	68.727511	1053.471237
10.402563	60.144001	64.996779	68.280762	70.455971	61.165966	65.773584	69.838903	62.017848	66.287910	69.663070	61.459049	66.016472	69.232598	61.858121	66.281593	68.648861	1052.121489
10.427569	60.051462	64.910068	68.199572	70.379192	61.073881	65.687596	69.762243	61.926899	66.203047	69.587307	61.368549	65.931788	69.154438	61.767902	66.197584	68.570211	1050.771740
10.452575	59.958924	64.823356	68.118382	70.302413	60.981796	65.601609	69.685583	61.835951	66.118184	69.511543	61.278050	65.847104	69.076279	61.677683	66.113574	68.491561	1049.421991
10.477582	59.866385	64.736645	68.037192	70.225634	60.889710	65.515621	69.608922	61.745003	66.033320	69.435779	61.187550	65.762420	68.998119	61.587465	66.029564	68.412911	1048.072241
10.502588	59.773847	64.649933	67.956002	70.148855	60.797625	65.429633	69.532262	61.654055	65.948457	69.360015	61.097050	65.677736	68.919959	61.497246	65.945554	68.334261	1046.722490
10.527594	59.681308	64.563222	67.874812	70.072076	60.705540	65.343644	69.455602	61.563106	65.863593	69.284251	61.006551	65.593051	68.841799	61.407027	65.861544	68.255611	1045.372737
10.552600	59.588770	64.476510	67.793621	69.995297	60.613455	65.257656	69.378941	61.472158	65.778730	69.208487	60.916051	65.508367	68.763640	61.316807	65.777533	68.176961	1044.022985
10.577606	59.496231	64.389799	67.712431	69.918518	60.521369	65.171668	69.302281	61.381210	65.693866	69.132723	60.825551	65.423682	68.685480	61.226588	65.693523	68.098310	1042.673231
10.602612	59.403892	64.303290	67.631469	69.841930	60.429476	65.085843	69.225692	61.290433	65.609176	69.057030	60.735248	65.339160	68.607405	61.136549	65.609668	68.019775	1041.326036
10.627619	59.314105	64.219369	67.553424	69.767782	60.340038	65.002111	69.150022	61.201851	65.526713	68.982242	60.647470	65.256713	68.530423	61.048827	65.527818	67.942726	1040.011633
10.652625	59.224318	64.135448	67.475379	69.693634	60.250600	64.918378	69.074351	61.113270	65.444250	68.907453	60.559693	65.174266	68.453440	60.961105	65.445968	67.865676	1038.697229
10.677631	59.134530	64.051527	67.397335	69.619485	60.161162	64.834645	68.998681	61.024689	65.361787	68.832665	60.471915	65.091819	68.376457	60.873383	65.364117	67.788626	1037.382823
10.702637	59.044743	63.967606	67.319290	69.545337	60.071724	64.750913	68.923010	60.936107	65.279323	68.757876	60.384138	65.009372	68.299475	60.785661	65.282266	67.711576	1036.068417
10.727643	58.954956	63.883686	67.241245	69.471189	59.982286	64.667180	68.847339	60.847526	65.196860	68.683088	60.296360	64.926925	68.222492	60.697938	65.200416	67.634526	1034.754010
10.752649	58.865169	63.799765	67.163201	69.397040	59.892848	64.583447	68.771669	60.758944	65.114396	68.608299	60.208582	64.844477	68.145509	60.610216	65.118565	67.557475	1033.439601
10.777655	58.775382	63.715844	67.085156	69.322892	59.803410	64.499715	68.695998	60.670362	65.031933	68.533510	60.120804	64.762030	68.068526	60.522493	65.036713	67.480425	1032.125192
10.802662	58.685595	63.631923	67.007111	69.248744	59.713972	64.415982	68.620327	60.581781	64.949469	68.458721	60.033026	64.679582	67.991542	60.434770	64.954862	67.403374	1030.810782
10.827668	58.595808	63.548002	66.929066	69.174596	59.624534	64.332249	68.544656	60.493199	64.867006	68.383933	59.945248	64.597134	67.914559	60.347047	64.873011	67.326323	1029.496370
10.852674	58.506134	63.464186	66.851105	69.100570	59.535200	64.248616	68.469128	60.404722	64.784620	68.309290	59.857562	64.514767	67.837713	60.259412	64.791242	67.249392	1028.183660
10.877680	58.417867	63.381662	66.774178	69.028052	59.447159	64.166213	68.395368	60.317544	64.703191	68.236446	59.771026	64.433391	67.762571	60.172872	64.710496	67.173942	1026.891977
10.902686	58.329599	63.299138	66.697251	68.955534	59.359118	64.083810	68.321608	60.230365	64.621762	68.163602	59.684489	64.352016	67.687428	60.086331	64.629750	67.098491	1025.600294
10.927692	58.241332	63.216615	66.620324	68.883016	59.271076	64.001407	68.247849	60.143187	64.540333	68.090758	59.597952	64.270640	67.612285	59.999791	64.549004	67.023040	1024.308609
10.952699	58.153064	63.134091	66.543397	68.810498	59.183035	63.919004	68.174089	60.056009	64.458904	68.017914	59.511415	64.189265	67.537142	59.913250	64.468258	66.947589	1023.016924
10.977705	58.064797	63.051567	66.466470	68.737980	59.094994	63.836600	68.100329	59.968830	64.377475	67.945071	59.424878	64.107889	67.461999	59.826709	64.387512	66.872138	1021.725237
11.002711	57.976530	62.969043	66.389542	68.665462	59.006952	63.754197	68.026569	59.881652	64.296046	67.872227	59.338342	64.026513	67.386856	59.740168	64.306765	66.796687	1020.433550
11.027717	57.888262	62.886519	66.312615	68.592944	58.918911	63.671794	67.952809	59.794473	64.214617	67.799383	59.251805	63.945138	67.311713	59.653626	64.226018	66.721236	1019.141861
11.052723	57.799995	62.803995	66.235688	68.520427	58.830869	63.589390	67.879050	59.707295	64.133187	67.726539	59.165268	63.863762	67.236569	59.567085	64.145271	66.645784	1017.850172
11.077729	57.711727	62.721471	66.158760	68.447909	58.742828	63.506987	67.805290	59.620116	64.051758	67.653695	59.078730	63.782386	67.161426	59.480543	64.064524	66.570332	1016.558482
11.102736	57.623436	62.638838	66.081685	68.375188	58.654773	63.424506	67.731396	59.532913	63.970276	67.580683	58.992158	63.700953	67.086175	59.393990	63.983692	66.494757	1015.265417
11.127742	57.534870	62.554917	66.002838	68.300050	58.566565	63.341097	67.655900	59.445419	63.888162	67.505666	58.905162	63.618842	67.009631	59.307295	63.901843	66.417704	1013.955961
11.152748	57.446303	62.470997	65.923992	68.224911	58.478356	63.257689	67.580403	59.357924	63.806047	67.430650	58.818167	63.536731	66.933088	59.220600	63.819994	66.340651	1012.646504
11.177754	57.357736	62.387076	65.845146	68.149773	58.390148	63.174281	67.504907	59.270430	63.723933	67.355634	58.731171	63.454620	66.856544	59.133905	63.738145	66.263597	1011.337047
11.202760	57.269169	62.303155	65.766300	68.074634	58.301940	63.090873	67.429411	59.182936	63.641819	67.280617	58.644176	63.372509	66.780000	59.047209	63.656296	66.186544	1010.027588
11.227766	57.180602	62.219234	65.687454	67.999496	58.213732	63.007465	67.353915	59.095441	63.559704	67.205601	58.557180	63.290398	66.703456	58.960514	63.574447	66.109490	1008.718129
11.252773	57.092036	62.135313	65.608608	67.924357	58.125523	62.924056	67.278418	59.007947	63.477590	67.130584	58.470184	63.208287	66.626913	58.873818	63.492597	66.032437	1007.408669
11.277779	57.003469	62.051392	65.529762	67.849219	58.037315	62.840648	67.202922	58.920452	63.395475	67.055568	58.383188	63.126176	66.550369	58.787122	63.410748	65.955383	1006.099207
11.302785	56.914902	61.967471	65.450916	67.774080	57.949106	62.757240	67.127425	58.832958	63.313361	66.980551	58.296192	63.044065	66.473825	58.700426	63.328898	65.878329	1004.789746
11.327791	56.826335	61.883550	65.372070	67.698942	57.860898	62.673832	67.051929	58.745463	63.231246	66.905534	58.209196	62.961953	66.397281	58.613730	63.247049	65.801275	1003.480283
11.352797	56.737682	61.799467	65.293051	67.623620	57.772616	62.590296	66.976278	58.657919	63.148994	66.830419	58.122148	62.879711	66.320590	58.526977	63.165060	65.724093	1002.168920
11.377803	56.648033	61.713520	65.212027	67.546191	57.683487	62.505287	66.898842	58.569799	63.065153	66.754169	58.034506	62.795958	66.242200	58.439581	63.081475	65.645439	1000.835666
11.402810	56.558384	61.627572	65.131003	67.468762	57.594359	62.420277	66.821405	58.481680	62.981313	66.677918	57.946865	62.712204	66.163809	58.352184	62.997890	65.566785	999.502411
11.427816	56.468736	61.541624	65.049979	67.391333	57.505230	62.335268	66.743969	58.393560	62.897472	66.601668	57.859223	62.628451	66.085419	58.264788	62.914304	65.488131	998.169155
11.452822	56.379087	61.455677	64.968955	67.313904	57.416101	62.250259	66.666533	58.305441	62.813631	66.525418	57.771581	62.544697	66.007029	58.177391	62.830719	65.409476	996.835898
11.477828	56.289438	61.369729	64.887932	67.236475	57.326972	62.165250	66.589096	58.217321	62.729791	66.449167	57.683939	62.460944	65.928638	58.089994	62.747133	65.330822	995.502640
11.502834	56.199790	61.283781	64.806908	67.159046	57.237844	62.080240	66.511660	58.129201	62.645950	66.372917	57.596296	62.377190	65.850248	58.002597	62.663547	65.252167	994.169381
11.527840	56.110141	61.197834	64.725884	67.081617	57.148715	61.995231	66.434223	58.041081	62.562109	66.296667	57.508654	62.293436	65.771857	57.915200	62.579961	65.173512	992.836121
11.552846	56.020492	61.111886	64.644860	67.004188	57.059586	61.910221	66.356787	57.952961	62.478268	66.220416	57.421012	62.209682	65.693466	57.827802	62.496375	65.094857	991.502860
11.577853	55.930844	61.025939	64.563836	66.926759	56.970457	61.825212	66.279351	57.864842	62.394427	66.144166	57.333369	62.125928	65.615075	57.740405	62.412789	65.016202	990.169599
11.602859	55.841222	60.940030	64.482810	66.849356	56.881328	61.740187	66.201865	57.776721	62.310586	66.067874	57.245728	62.042174	65.536605	57.653008	62.329238	64.937503	988.836235
11.627865	55.751901	60.854559	64.401769	66.772247	56.792193	61.654995	66.123834	57.688596	62.226746	65.991128	57.158095	61.958420	65.457249	57.565615	62.246086	64.858312	987.501745
11.652871	55.662579	60.769088	64.320727	66.695138	56.703059	61.569803	66.045803	57.600470	62.142905	65.914382	57.070463	61.874666	65.377894	57.478223	62.162934	64.779121	986.167255
11.677877	55.573258	60.683617	64.239685	66.618029	56.613925	61.484611	65.967772	57.512345	62.059065	65.837636	56.982830	61.790911	65.298538	57.390830	62.079782	64.699930	984.832763
11.702883	55.483936	60.598145	64.158643	66.540920	56.524790	61.399419	65.889740	57.424219	61.975224	65.760890	56.895197	61.707157	65.219183	57.303437	61.996630	64.620739	983.498271
11.727890	55.394615	60.512674	64.077602	66.463811	56.435656	61.314227	65.811709	57.336094	61.891384	65.684144	56.807564	61.623402	65.139827	57.216045	61.913478	64.541548	982.163778
11.752896	55.305293	60.427203	63.996560	66.386702	56.346521	61.229035	65.733678	57.247968	61.807543	65.607397	56.719931	61.539647	65.060471	57.128651	61.830325	64.462356	980.829284
11.777902	55.215972	60.341732	63.915518	66.309593	56.257387	61.143843	65.655647	57.159842	61.723702	65.530651	56.632298	61.455893	64.981116	57.041258	61.747173	64.383165	979.494790
11.802908	55.126650	60.256261	63.834477	66.232484	56.168252	61.058651	65.577616	57.071717	61.639861	65.453905	56.544665	61.372138	64.901760	56.953865	61.664020	64.303973	978.160294
11.827914	55.037329	60.170790	63.753435	66.155375	56.079118	60.973458	65.499585	56.983591	61.556021	65.377158	56.457032	61.288383	64.822404	56.866471	61.580867	64.224781	976.825798
11.852920	54.948226	60.085529	63.672621	66.078461	55.990207	60.888488	65.421753	56.895666	61.472384	65.300578	56.369602	61.204829	64.743268	56.779263	61.497897	64.145794	975.494565
11.877927	54.861490	60.002538	63.594267	66.003653	55.903710	60.805912	65.346075	56.809907	61.390953	65.225787	56.284360	61.123451	64.666499	56.694051	61.416910	64.069022	974.198584
11.902933	54.774753	59.919547	63.515913	65.928844	55.817213	60.723335	65.270397	56.724149	61.309522	65.150996	56.199119	61.042073	64.589730	56.608839	61.335923	63.992250	972.902603
11.927939	54.688017	59.836557	63.437559	65.854036	55.730715	60.640759	65.194719	56.638390	61.228091	65.076206	56.113877	60.960695	64.512961	56.523627	61.254935	63.915477	971.606620
11.952945	54.601280	59.753566	63.359205	65.779227	55.644218	60.558183	65.119040	56.552631	61.146659	65.001415	56.028636	60.879317	64.436192	56.438415	61.173947	63.838704	970.310637
11.977951	54.514544	59.670576	63.280851	65.704419	55.557721	60.475606	65.043362	56.466873	61.065228	64.926624	55.943394	60.797938	64.359423	56.353202	61.092959	63.761931	969.014652
12.002957	54.427808	59.587585	63.202497	65.629610	55.471223	60.393030	64.967684	56.381114	60.983797	64.851833	55.858152	60.716560	64.282654	56.267990	61.011971	63.685158	967.718666
12.027964	54.341071	59.504595	63.124143	65.554802	55.384726	60.310453	64.892005	56.295355	60.902365	64.777042	55.772910	60.635181	64.205885	56.182777	60.930983	63.608385	966.422680
12.052970	54.254335	59.421604	63.045789	65.479994	55.298228	60.227877	64.816327	56.209596	60.820934	64.702251	55.687668	60.553803	64.129116	56.097564	60.849995	63.531612	965.126692
12.077976	54.167599	59.338613	62.967435	65.405185	55.211731	60.145301	64.740648	56.123837	60.739502	64.627460	55.602426	60.472424	64.052346	56.012351	60.769006	63.454838	963.830703
12.102982	54.081182	59.255892	62.889272	65.330549	55.125528	60.062951	64.665137	56.038349	60.658310	64.552797	55.517460	60.391288	63.975741	55.927444	60.688245	63.378226	962.538369
12.127988	53.998111	59.175993	62.813113	65.257711	55.042409	59.982975	64.591376	55.955703	60.579625	64.479466	55.435381	60.312688	63.900847	55.845740	60.609861	63.303303	961.284302
12.152994	53.915040	59.096093	62.736954	65.184873	54.959289	59.902999	64.517616	55.873057	60.500939	64.406135	55.353302	60.234088	63.825953	55.764036	60.531478	63.228381	960.030234
12.178001	53.831969	59.016193	62.660796	65.112035	54.876170	59.823023	64.443856	55.790411	60.422253	64.332805	55.271223	60.155488	63.751059	55.682332	60.453094	63.153458	958.776165
12.203007	53.748898	58.936293	62.584637	65.039197	54.793050	59.743047	64.370095	55.707766	60.343568	64.259474	55.189144	60.076888	63.676165	55.600628	60.374710	63.078535	957.522095
12.228013	53.665828	58.856393	62.508478	64.966359	54.709931	59.663071	64.296335	55.625120	60.264882	64.186143	55.107065	59.998287	63.601271	55.518923	60.296326	63.003612	956.268024
12.253019	53.582757	58.776494	62.432319	64.893521	54.626811	59.583095	64.222574	55.542474	60.186196	64.112812	55.024986	59.919687	63.526377	55.437219	60.217942	62.928688	955.013953
12.278025	53.499686	58.696594	62.356160	64.820683	54.543692	59.503119	64.148814	55.459828	60.107510	64.039481	54.942907	59.841086	63.451483	55.355514	60.139558	62.853765	953.759881
12.303031	53.416615	58.616694	62.280001	64.747845	54.460573	59.423143	64.075053	55.377182	60.028824	63.966150	54.860828	59.762486	63.376589	55.273809	60.061173	62.778842	952.505808
12.328037	53.333544	58.536794	62.203842	64.675007	54.377453	59.343167	64.001293	55.294536	59.950138	63.892819	54.778749	59.683885	63.301695	55.192104	59.982789	62.703918	951.251734
12.353044	53.250802	58.457159	62.127938	64.602404	54.294668	59.263512	63.927899	55.212215	59.871730	63.819926	54.696999	59.605564	63.227198	55.110699	59.904715	62.629351	950.002779
12.378050	53.171397	58.380216	62.054614	64.532187	54.215277	59.187122	63.858228	55.133190	59.796145	63.751470	54.618591	59.530081	63.156744	55.032334	59.829796	62.558409	948.805801
12.403056	53.091992	58.303273	61.981290	64.461970	54.135885	59.110731	63.788558	55.054165	59.720559	63.683015	54.540184	59.454599	63.086289	54.953968	59.754877	62.487468	947.608823
12.428062	53.012586	58.226330	61.907967	64.391752	54.056494	59.034341	63.718887	54.975141	59.644974	63.614560	54.461777	59.379116	63.015834	54.875603	59.679958	62.416526	946.411844
12.453068	52.933181	58.149386	61.834643	64.321535	53.977102	58.957950	63.649216	54.896116	59.569388	63.546105	54.383369	59.303633	62.945379	54.797238	59.605039	62.345584	945.214864
12.478074	52.853776	58.072443	61.761320	64.251318	53.897710	58.881559	63.579545	54.817091	59.493803	63.477649	54.304962	59.228150	62.874924	54.718872	59.530120	62.274642	944.017883
12.503081	52.774370	57.995500	61.687996	64.181100	53.818318	58.805168	63.509874	54.738066	59.418217	63.409194	54.226554	59.152667	62.804469	54.640506	59.455201	62.203699	942.820901
12.528087	52.694965	57.918556	61.614673	64.110883	53.738927	58.728778	63.440203	54.659041	59.342631	63.340738	54.148146	59.077184	62.734014	54.562140	59.380281	62.132757	941.623918
12.553093	52.615560	57.841613	61.541349	64.040666	53.659535	58.652387	63.370532	54.580016	59.267045	63.272283	54.069739	59.001701	62.663559	54.483774	59.305362	62.061815	940.426935
12.578099	52.536155	57.764669	61.468026	63.970448	53.580143	58.575996	63.300861	54.500991	59.191460	63.203827	53.991331	58.926218	62.593104	54.405408	59.230442	61.990872	939.229951
12.603105	52.456847	57.687853	61.394847	63.900352	53.500850	58.499665	63.231118	54.422081	59.115951	63.135216	53.913010	58.850837	62.522542	54.327134	59.155602	61.919881	938.033786
12.628111	52.378497	57.612289	61.323100	63.831445	53.422533	58.423924	63.160667	54.344306	59.041208	63.065067	53.835553	58.776464	62.450922	54.249768	59.081546	61.848414	936.845703
12.653118	52.300147	57.536725	61.251352	63.762538	53.344215	58.348184	63.090215	54.266531	58.966466	62.994918	53.758095	58.702091	62.379302	54.172403	59.007491	61.776947	935.657618
12.678124	52.221797	57.461160	61.179604	63.693631	53.265898	58.272443	63.019764	54.188756	58.891723	62.924769	53.680637	58.627718	62.307683	54.095037	58.933435	61.705479	934.469534
12.703130	52.143447	57.385596	61.107856	63.624724	53.187580	58.196702	62.949313	54.110981	58.816980	62.854620	53.603179	58.553345	62.236063	54.017671	58.859380	61.634011	933.281448
12.728136	52.065097	57.310032	61.036108	63.555817	53.109263	58.120961	62.878861	54.033206	58.742237	62.784471	53.525721	58.478972	62.164443	53.940305	58.785324	61.562543	932.093361
12.753142	51.986747	57.234468	60.964361	63.486910	53.030945	58.045220	62.808410	53.955431	58.667494	62.714322	53.448262	58.404598	62.092823	53.862939	58.711268	61.491076	930.905274
12.778148	51.908397	57.158903	60.892613	63.418003	52.952628	57.969480	62.737958	53.877656	58.592751	62.644173	53.370804	58.330225	62.021203	53.785573	58.637212	61.419608	929.717186
12.803155	51.830047	57.083339	60.820865	63.349096	52.874310	57.893739	62.667507	53.799881	58.518008	62.574023	53.293346	58.255852	61.949583	53.708206	58.563156	61.348140	928.529097
12.828161	51.751697	57.007775	60.749117	63.280189	52.795992	57.817998	62.597055	53.722106	58.443265	62.503874	53.215887	58.181478	61.877963	53.630839	58.489100	61.276672	927.341007
12.853167	51.673363	56.932211	60.677340	63.211283	52.717688	57.742302	62.526731	53.644331	58.368540	62.433931	53.138473	58.107104	61.806477	53.553488	58.415063	61.205307	926.153632
12.878173	51.595184	56.856647	60.605277	63.142386	52.639515	57.667040	62.457632	53.566561	58.293983	62.365960	53.061478	58.032725	61.736272	53.476284	58.341217	61.134935	924.973098
12.903179	51.517004	56.781084	60.533215	63.073489	52.561342	57.591779	62.388532	53.488791	58.219427	62.297989	52.984483	57.958346	61.666067	53.399081	58.267370	61.064563	923.792563
12.928185	51.438825	56.705520	60.461152	63.004592	52.483169	57.516517	62.319433	53.411021	58.144871	62.230018	52.907488	57.883967	61.595862	53.321877	58.193524	60.994191	922.612027
12.953192	51.360645	56.629957	60.389089	62.935695	52.404995	57.441255	62.250333	53.333250	58.070315	62.162047	52.830494	57.809588	61.525658	53.244672	58.119677	60.923819	921.431491
12.978198	51.282466	56.554393	60.317027	62.866798	52.326822	57.365993	62.181233	53.255480	57.995758	62.094077	52.753499	57.735209	61.455453	53.167468	58.045831	60.853446	920.250954
13.003204	51.204286	56.478830	60.244964	62.797901	52.248649	57.290731	62.112134	53.177710	57.921202	62.026106	52.676504	57.660830	61.385248	53.090264	57.971984	60.783073	919.070416
13.028210	51.126107	56.403266	60.172902	62.729004	52.170476	57.215470	62.043034	53.099940	57.846646	61.958135	52.599509	57.586451	61.315043	53.013059	57.898137	60.712701	917.889878
13.053216	51.047927	56.327703	60.100839	62.660107	52.092303	57.140208	61.973935	53.022169	57.772089	61.890164	52.522514	57.512071	61.244837	52.935855	57.824290	60.642328	916.709339
13.078222	50.969748	56.252139	60.028777	62.591210	52.014129	57.064946	61.904835	52.944399	57.697533	61.822193	52.445518	57.437692	61.174632	52.858650	57.750443	60.571954	915.528799
13.103228	50.891495	56.176456	59.956531	62.522089	51.935912	56.989575	61.835491	52.866597	57.622924	61.753960	52.368448	57.363241	61.104220	52.781398	57.676491	60.501422	914.346251
13.128235	50.812555	56.099657	59.882577	62.450882	51.857284	56.913184	61.763874	52.788507	57.547836	61.683297	52.290679	57.288127	61.031883	52.703699	57.601569	60.429412	913.145021
13.153241	50.733616	56.022857	59.808623	62.379674	51.778656	56.836794	61.692256	52.710416	57.472748	61.612634	52.212909	57.213012	60.959546	52.626001	57.526646	60.357403	911.943792
13.178247	50.654676	55.946058	59.734670	62.308467	51.700028	56.760403	61.620639	52.632325	57.397659	61.541970	52.135140	57.137898	60.887210	52.548303	57.451723	60.285393	910.742561
13.203253	50.575736	55.869259	59.660716	62.237259	51.621400	56.684012	61.549021	52.554235	57.322571	61.471307	52.057370	57.062783	60.814873	52.470604	57.376800	60.213383	909.541330
13.228259	50.496797	55.792460	59.586762	62.166051	51.542772	56.607622	61.477404	52.476144	57.247483	61.400644	51.979601	56.987669	60.742536	52.392905	57.301876	60.141373	908.340098
13.253265	50.417857	55.715661	59.512809	62.094844	51.464144	56.531231	61.405786	52.398053	57.172394	61.329980	51.901831	56.912554	60.670199	52.315207	57.226953	60.069362	907.138865
13.278272	50.338917	55.638862	59.438855	62.023636	51.385516	56.454840	61.334169	52.319962	57.097306	61.259317	51.824061	56.837439	60.597862	52.237508	57.152029	59.997352	905.937632
13.303278	50.259977	55.562062	59.364901	61.952429	51.306888	56.378449	61.262551	52.241871	57.022217	61.188654	51.746291	56.762325	60.525525	52.159808	57.077106	59.925342	904.736398
13.328284	50.181038	55.485263	59.290948	61.881221	51.228260	56.302059	61.190933	52.163780	56.947129	61.117990	51.668522	56.687210	60.453188	52.082109	57.002182	59.853331	903.535163
13.353290	50.102096	55.408417	59.216963	61.809982	51.149601	56.225653	61.119394	52.085690	56.872008	61.047401	51.590751	56.612078	60.380922	52.004409	56.927258	59.781350	902.333972
13.378296	50.023136	55.331142	59.142694	61.738454	51.070663	56.149112	61.048562	52.007609	56.796597	60.977479	51.512976	56.536795	60.309300	51.926704	56.852333	59.709627	901.133183
13.403302	49.944176	55.253868	59.068426	61.666927	50.991725	56.072571	60.977729	51.929528	56.721186	60.907557	51.435200	56.461512	60.237678	51.848999	56.777408	59.637904	899.932394
13.428309	49.865216	55.176593	58.994157	61.595399	50.912787	55.996030	60.906897	51.851446	56.645774	60.837635	51.357425	56.386229	60.166057	51.771294	56.702483	59.566182	898.731604
13.453315	49.786257	55.099318	58.919889	61.523871	50.833848	55.919489	60.836065	51.773365	56.570363	60.767713	51.279649	56.310946	60.094435	51.693589	56.627558	59.494459	897.530813
13.478321	49.707297	55.022044	58.845620	61.452344	50.754910	55.842948	60.765233	51.695284	56.494951	60.697791	51.201873	56.235662	60.022813	51.615883	56.552632	59.422736	896.330021
13.503327	49.628337	54.944770	58.771352	61.380816	50.675972	55.766407	60.694400	51.617202	56.419539	60.627869	51.124097	56.160379	59.951191	51.538178	56.477707	59.351012	895.129228
13.528333	49.549378	54.867495	58.697084	61.309289	50.597033	55.689865	60.623568	51.539121	56.344127	60.557947	51.046321	56.085095	59.879569	51.460472	56.402781	59.279289	893.928435
13.553339	49.470418	54.790221	58.622815	61.237761	50.518095	55.613324	60.552736	51.461040	56.268715	60.488025	50.968546	56.009811	59.807947	51.382766	56.327855	59.207566	892.727640
13.578346	49.391458	54.712946	58.548547	61.166233	50.439157	55.536783	60.481903	51.382958	56.193304	60.418103	50.890769	55.934528	59.736324	51.305060	56.252929	59.135842	891.526845
13.603352	49.312719	54.635878	58.474471	61.094873	50.360407	55.460372	60.411048	51.305003	56.117995	60.348158	50.813138	55.859336	59.664702	51.227509	56.178113	59.064144	890.327867
13.628358	49.235920	54.560630	58.402093	61.024986	50.283319	55.385110	60.339998	51.228167	56.043596	60.278012	50.736782	55.784956	59.593085	51.151325	56.104258	58.992667	889.144902
13.653364	49.159120	54.485381	58.329715	60.955099	50.206231	55.309847	60.268948	51.151330	55.969197	60.207865	50.660425	55.710576	59.521468	51.075140	56.030404	58.921190	887.961936
13.678370	49.082321	54.410132	58.257337	60.885211	50.129143	55.234585	60.197897	51.074493	55.894798	60.137718	50.584069	55.636195	59.449851	50.998955	55.956549	58.849713	886.778969
13.703376	49.005522	54.334884	58.184959	60.815324	50.052055	55.159323	60.126847	50.997656	55.820399	60.067572	50.507712	55.561815	59.378234	50.922770	55.882694	58.778236	885.596001
13.728383	48.928722	54.259635	58.112581	60.745437	49.974967	55.084061	60.055796	50.920820	55.746000	59.997425	50.431356	55.487434	59.306616	50.846584	55.808839	58.706758	884.413033
13.753389	48.851923	54.184386	58.040203	60.675550	49.897878	55.008799	59.984746	50.843983	55.671601	59.927278	50.354999	55.413054	59.234999	50.770399	55.734984	58.635281	883.230064
13.778395	48.775124	54.109138	57.967825	60.605663	49.820790	54.933537	59.913696	50.767146	55.597202	59.857131	50.278642	55.338673	59.163381	50.694213	55.661129	58.563804	882.047094
13.803401	48.698324	54.033889	57.895448	60.535775	49.743702	54.858274	59.842645	50.690309	55.522802	59.786984	50.202286	55.264293	59.091764	50.618027	55.587274	58.492326	880.864123
13.828407	48.621525	53.958640	57.823070	60.465888	49.666614	54.783012	59.771595	50.613472	55.448403	59.716837	50.125929	55.189912	59.020146	50.541841	55.513419	58.420849	879.681152
13.853413	48.545105	53.883732	57.751020	60.396344	49.589913	54.708075	59.700973	50.536996	55.374275	59.647093	50.049956	55.115860	58.948943	50.465983	55.439859	58.349735	878.503862
13.878419	48.471947	53.811739	57.681788	60.329737	49.516536	54.635919	59.634021	50.463615	55.302467	59.580810	49.977276	55.044626	58.881296	50.392940	55.368838	58.281746	877.375302
13.903426	48.398789	53.739746	57.612556	60.263131	49.443158	54.563763	59.567069	50.390234	55.230660	59.514528	49.904596	54.973393	58.813649	50.319897	55.297817	58.213756	876.246741
13.928432	48.325631	53.667753	57.543325	60.196524	49.369781	54.491607	59.500117	50.316852	55.158852	59.448245	49.831915	54.902159	58.746001	50.246853	55.226796	58.145767	875.118180
13.953438	48.252473	53.595761	57.474093	60.129918	49.296404	54.419452	59.433166	50.243471	55.087044	59.381962	49.759235	54.830925	58.678354	50.173810	55.155774	58.077777	873.989617
13.978444	48.179315	53.523768	57.404861	60.063311	49.223026	54.347296	59.366214	50.170090	55.015237	59.315679	49.686554	54.759691	58.610707	50.100766	55.084752	58.009787	872.861054
14.003450	48.106157	53.451775	57.335629	59.996705	49.149649	54.275140	59.299262	50.096709	54.943429	59.249396	49.613873	54.688457	58.543060	50.027722	55.013730	57.941797	871.732490
14.028456	48.032999	53.379782	57.266397	59.930099	49.076271	54.202984	59.232310	50.023328	54.871621	59.183113	49.541193	54.617223	58.475412	49.954678	54.942708	57.873807	870.603925
14.053463	47.959841	53.307789	57.197165	59.863492	49.002894	54.130828	59.165358	49.949946	54.799813	59.116831	49.468512	54.545988	58.407765	49.881634	54.871686	57.805817	869.475360
14.078469	47.886683	53.235796	57.127933	59.796886	48.929516	54.058672	59.098406	49.876565	54.728005	59.050548	49.395831	54.474754	58.340117	49.808590	54.800664	57.737827	868.346794
14.103475	47.813528	53.163768	57.058585	59.730139	48.856139	53.986481	59.031246	49.803166	54.656177	58.984032	49.323131	54.403477	58.272245	49.735549	54.729570	57.669665	867.216898
14.128481	47.740394	53.091445	56.988263	59.662223	48.782766	53.913995	58.962343	49.729619	54.584183	58.915574	49.250275	54.331844	58.202497	49.662531	54.657878	57.600074	866.075905
14.153487	47.667261	53.019122	56.917940	59.594306	48.709393	53.841509	58.893441	49.656073	54.512188	58.847116	49.177418	54.260211	58.132749	49.589514	54.586187	57.530483	864.934910
14.178493	47.594128	52.946799	56.847617	59.526389	48.636020	53.769023	58.824538	49.582526	54.440194	58.778658	49.104561	54.188577	58.063001	49.516496	54.514495	57.460891	863.793915
14.203500	47.520994	52.874476	56.777295	59.458472	48.562647	53.696537	58.755635	49.508980	54.368199	58.710200	49.031704	54.116944	57.993253	49.443478	54.442803	57.391300	862.652919
14.228506	47.447861	52.802153	56.706972	59.390556	48.489274	53.624051	58.686733	49.435433	54.296205	58.641742	48.958847	54.045311	57.923505	49.370459	54.371111	57.321708	861.511922
14.253512	47.374727	52.729830	56.636650	59.322639	48.415901	53.551565	58.617830	49.361887	54.224210	58.573284	48.885991	53.973678	57.853757	49.297441	54.299419	57.252117	860.370925
14.278518	47.301594	52.657507	56.566327	59.254722	48.342528	53.479078	58.548927	49.288340	54.152216	58.504826	48.813134	53.902045	57.784008	49.224422	54.227727	57.182525	859.229927
14.303524	47.228461	52.585184	56.496004	59.186806	48.269155	53.406592	58.480025	49.214793	54.080221	58.436368	48.740277	53.830411	57.714260	49.151404	54.156035	57.112933	858.088928
14.328530	47.155327	52.512861	56.425682	59.118889	48.195782	53.334106	58.411122	49.141247	54.008227	58.367909	48.667419	53.758778	57.644511	49.078385	54.084342	57.043341	856.947928
14.353537	47.082008	52.440354	56.355150	59.050721	48.122239	53.261513	58.342178	49.067614	53.936176	58.299451	48.594406	53.687027	57.574736	49.005237	54.012580	56.973659	855.805048
14.378543	47.007179	52.366340	56.282917	58.980503	48.047316	53.188051	58.272895	48.993287	53.863672	58.230993	48.520124	53.614316	57.504742	48.931032	53.940252	56.903245	854.646864
14.403549	46.932350	52.292326	56.210684	58.910286	47.972394	53.114589	58.203612	48.918960	53.791168	58.162536	48.445842	53.541605	57.434748	48.856827	53.867923	56.832830	853.488679
14.428555	46.857522	52.218313	56.138451	58.840069	47.897471	53.041127	58.134329	48.844632	53.718664	58.094078	48.371560	53.468894	57.364754	48.782622	53.795593	56.762416	852.330493
14.453561	46.782693	52.144299	56.066219	58.769851	47.822548	52.967665	58.065046	48.770304	53.646160	58.025620	48.297278	53.396183	57.294759	48.708417	53.723264	56.692001	851.172307
14.478567	46.707864	52.070285	55.993986	58.699634	47.747625	52.894203	57.995763	48.695977	53.573656	57.957162	48.222995	53.323472	57.224765	48.634212	53.650935	56.621586	850.014119
14.503574	46.633035	51.996272	55.921753	58.629417	47.672702	52.820741	57.926480	48.621649	53.501151	57.888704	48.148713	53.250760	57.154771	48.560006	53.578605	56.551172	848.855931
14.528580	46.558206	51.922258	55.849520	58.559199	47.597778	52.747279	57.857196	48.547321	53.428647	57.820246	48.074430	53.178049	57.084777	48.485801	53.506276	56.480757	847.697743
14.553586	46.483378	51.848244	55.777288	58.488982	47.522855	52.673817	57.787913	48.472994	53.356143	57.751788	48.000148	53.105338	57.014783	48.411595	53.433946	56.410342	846.539553
14.578592	46.408549	51.774231	55.705055	58.418765	47.447932	52.600355	57.718630	48.398666	53.283638	57.683330	47.925865	53.032626	56.944788	48.337390	53.361616	56.339927	845.381363
14.603598	46.333839	51.700286	55.632947	58.348695	47.373129	52.526930	57.649324	48.324444	53.211153	57.614872	47.851687	52.959953	56.874769	48.263297	53.289309	56.269544	844.224178
14.628604	46.260076	51.626893	55.561829	58.279798	47.299281	52.453798	57.579833	48.251061	53.138818	57.546413	47.778345	52.887584	56.804549	48.190101	53.217185	56.199416	843.074981
14.653610	46.186313	51.553501	55.490712	58.210901	47.225433	52.380666	57.510343	48.177679	53.066482	57.477954	47.705002	52.815215	56.734330	48.116905	53.145061	56.129287	841.925784
14.678617	46.112550	51.480108	55.419594	58.142004	47.151585	52.307534	57.440852	48.104296	52.994147	57.409495	47.631659	52.742846	56.664110	48.043710	53.072937	56.059159	840.776586
14.703623	46.038786	51.406715	55.348477	58.073107	47.077736	52.234402	57.371362	48.030914	52.921812	57.341037	47.558317	52.670477	56.593891	47.970514	53.000813	55.989030	839.627388
14.728629	45.965023	51.333322	55.277359	58.004210	47.003888	52.161270	57.301871	47.957531	52.849477	57.272578	47.484974	52.598108	56.523671	47.897318	52.928688	55.918901	838.478189
14.753635	45.891260	51.259929	55.206241	57.935313	46.930040	52.088138	57.232381	47.884148	52.777141	57.204119	47.411631	52.525739	56.453451	47.824121	52.856564	55.848772	837.328990
14.778641	45.817497	51.186536	55.135124	57.866416	46.856192	52.015005	57.162890	47.810766	52.704806	57.135660	47.338288	52.453370	56.383231	47.750925	52.784439	55.778643	836.179790
14.803647	45.743734	51.113143	55.064006	57.797519	46.782344	51.941873	57.093400	47.737383	52.632471	57.067201	47.264945	52.381001	56.313011	47.677729	52.712314	55.708514	835.030589
14.828654	45.669971	51.039750	54.992888	57.728622	46.708495	51.868741	57.023909	47.664000	52.560135	56.998742	47.191603	52.308632	56.242791	47.604532	52.640190	55.638385	833.881388
14.853660	45.596559	50.966676	54.922058	57.659950	46.634983	51.795886	56.954708	47.590921	52.488096	56.930561	47.118590	52.236539	56.172840	47.531623	52.568362	55.568561	832.736911
14.878666	45.525866	50.896068	54.853456	57.593013	46.564076	51.725185	56.887750	47.520194	52.418347	56.864538	47.048132	52.166581	56.104970	47.460937	52.498838	55.501101	831.629051
14.903672	45.455173	50.825461	54.784853	57.526077	46.493168	51.654483	56.820792	47.449467	52.348597	56.798514	46.977674	52.096624	56.037101	47.390251	52.429313	55.433641	830.521190
14.928678	45.384479	50.754853	54.716251	57.459140	46.422260	51.583782	56.753834	47.378740	52.278848	56.732491	46.907216	52.026666	55.969231	47.319565	52.359789	55.366182	829.413329
14.953684	45.313786	50.684246	54.647649	57.392204	46.351353	51.513080	56.686876	47.308014	52.209099	56.666468	46.836758	51.956708	55.901361	47.248879	52.290264	55.298722	828.305466
14.978691	45.243093	50.613638	54.579046	57.325267	46.280445	51.442379	56.619917	47.237287	52.139350	56.600444	46.766300	51.886751	55.833491	47.178193	52.220739	55.231262	827.197603
15.003697	45.172400	50.543031	54.510444	57.258331	46.209537	51.371677	56.552959	47.166560	52.069601	56.534421	46.695842	51.816793	55.765621	47.107507	52.151214	55.163802	826.089739
15.028703	45.101707	50.472423	54.441842	57.191394	46.138629	51.300975	56.486001	47.095833	51.999851	56.468397	46.625384	51.746835	55.697751	47.036821	52.081689	55.096341	824.981874
15.053709	45.031013	50.401816	54.373239	57.124458	46.067722	51.230274	56.419042	47.025106	51.930102	56.402374	46.554925	51.676877	55.629881	46.966134	52.012164	55.028881	823.874009
15.078715	44.960320	50.331208	54.304637	57.057521	45.996814	51.159572	56.352084	46.954379	51.860353	56.336350	46.484467	51.606919	55.562011	46.895447	51.942639	54.961420	822.766142
15.103721	44.889857	50.260818	54.236145	56.990738	45.926123	51.089102	56.285283	46.883854	51.790782	56.270441	46.414212	51.537199	55.494329	46.825013	51.873293	54.894113	821.661301
15.128728	44.821140	50.192071	54.168483	56.925112	45.857076	51.020381	56.219674	46.814856	51.722562	56.205392	46.345500	51.469272	55.428075	46.756491	51.805301	54.827967	820.579352
15.153734	44.752423	50.123324	54.100822	56.859485	45.788028	50.951660	56.154064	46.745858	51.654343	56.140343	46.276787	51.401345	55.361820	46.687969	51.737309	54.761820	819.497401
15.178740	44.683706	50.054577	54.033160	56.793859	45.718981	50.882939	56.088454	46.676861	51.586123	56.075294	46.208075	51.333419	55.295565	46.619447	51.669318	54.695674	818.415450
15.203746	44.614988	49.985830	53.965499	56.728233	45.649933	50.814218	56.022844	46.607863	51.517903	56.010245	46.139362	51.265492	55.229311	46.550924	51.601325	54.629527	817.333499
15.228752	44.546271	49.917083	53.897837	56.662607	45.580886	50.745496	55.957235	46.538865	51.449684	55.945197	46.070649	51.197565	55.163056	46.482402	51.533333	54.563381	816.251546
15.253758	44.477554	49.848336	53.830176	56.596981	45.511838	50.676775	55.891625	46.469868	51.381464	55.880148	46.001936	51.129638	55.096801	46.413879	51.465341	54.497234	815.169593
15.278765	44.408836	49.779588	53.762514	56.531355	45.442791	50.608054	55.826015	46.400870	51.313244	55.815099	45.933224	51.061711	55.030546	46.345356	51.397348	54.431087	814.087639
15.303771	44.340119	49.710841	53.694853	56.465728	45.373743	50.539332	55.760406	46.331872	51.245025	55.750050	45.864511	50.993783	54.964292	46.276833	51.329356	54.364940	813.005685
15.328777	44.271402	49.642094	53.627191	56.400102	45.304696	50.470611	55.694796	46.262874	51.176805	55.685001	45.795798	50.925856	54.898037	46.208310	51.261363	54.298793	811.923729
15.353783	44.202920	49.573494	53.559681	56.334633	45.235906	50.402080	55.629349	46.194120	51.108772	55.620184	45.727369	50.858102	54.832006	46.140028	51.193600	54.232837	810.845082
15.378789	44.136179	49.505977	53.493284	56.270328	45.169018	50.334959	55.565107	46.127163	51.042117	55.557086	45.661041	50.791628	54.767632	46.073520	51.127539	54.168295	809.790875
15.403795	44.069438	49.438460	53.426888	56.206022	45.102131	50.267838	55.500864	46.060206	50.975463	55.493988	45.594713	50.725154	54.703258	46.007013	51.061478	54.103753	808.736668
15.428801	44.002697	49.370944	53.360491	56.141716	45.035244	50.200718	55.436621	45.993250	50.908808	55.430890	45.528384	50.658680	54.638884	45.940505	50.995417	54.039211	807.682460
15.453808	43.935956	49.303427	53.294095	56.077410	44.968357	50.133597	55.372379	45.926293	50.842153	55.367792	45.462056	50.592206	54.574510	45.873998	50.929355	53.974668	806.628251
15.478814	43.869215	49.235910	53.227698	56.013104	44.901470	50.066476	55.308136	45.859337	50.775499	55.304694	45.395728	50.525731	54.510136	45.807490	50.863294	53.910126	805.574042
15.503820	43.802474	49.168393	53.161302	55.948798	44.834582	49.999355	55.243893	45.792380	50.708844	55.241596	45.329399	50.459257	54.445762	45.740982	50.797232	53.845583	804.519833
15.528826	43.735733	49.100877	53.094905	55.884493	44.767695	49.932234	55.179650	45.725423	50.642189	55.178497	45.263070	50.392783	54.381388	45.674474	50.731171	53.781041	803.465622
15.553832	43.668992	49.033360	53.028509	55.820187	44.700808	49.865113	55.115408	45.658467	50.575534	55.115399	45.196742	50.326309	54.317014	45.607966	50.665109	53.716498	802.411411
15.578838	43.602251	48.965843	52.962112	55.755881	44.633921	49.797992	55.051165	45.591510	50.508879	55.052301	45.130413	50.259834	54.252640	45.541457	50.599047	53.651955	801.357200
15.603845	43.535678	48.898554	52.895945	55.691735	44.567183	49.731011	54.986992	45.524725	50.442392	54.989202	45.064238	50.193518	54.188265	45.475111	50.533116	53.587478	800.305142
15.628851	43.470322	48.832908	52.831434	55.628739	44.501526	49.665045	54.923328	45.459177	50.377112	54.926103	44.999171	50.128345	54.123890	45.409933	50.468132	53.523470	799.268635
15.653857	43.404966	48.767261	52.766922	55.565743	44.435869	49.599080	54.859664	45.393629	50.311833	54.863004	44.934104	50.063171	54.059516	45.344754	50.403147	53.459462	798.232126
15.678863	43.339609	48.701615	52.702411	55.502748	44.370212	49.533114	54.796000	45.328082	50.246553	54.799905	44.869037	49.997998	53.995141	45.279576	50.338163	53.395455	797.195617
15.703869	43.274253	48.635969	52.637900	55.439752	44.304554	49.467148	54.732336	45.262534	50.181274	54.736806	44.803969	49.932824	53.930766	45.214398	50.273178	53.331447	796.159108
15.728875	43.208897	48.570323	52.573389	55.376757	44.238897	49.401182	54.668672	45.196986	50.115994	54.673707	44.738902	49.867651	53.866391	45.149219	50.208194	53.267439	795.122598
15.753882	43.143540	48.504676	52.508877	55.313761	44.173240	49.335216	54.605008	45.131438	50.050714	54.610608	44.673835	49.802477	53.802016	45.084040	50.143209	53.203431	794.086087
15.778888	43.078184	48.439030	52.444366	55.250766	44.107583	49.269250	54.541344	45.065891	49.985434	54.547508	44.608768	49.737303	53.737640	45.018862	50.078224	53.139423	793.049576
15.803894	43.012828	48.373384	52.379855	55.187770	44.041926	49.203283	54.477680	45.000343	49.920155	54.484409	44.543701	49.672130	53.673265	44.953683	50.013239	53.075415	792.013064
15.828900	42.947471	48.307737	52.315343	55.124775	43.976268	49.137317	54.414016	44.934795	49.854875	54.421310	44.478634	49.606956	53.608890	44.888504	49.948254	53.011407	790.976551
15.853906	42.882418	48.242359	52.251105	55.062023	43.910899	49.071675	54.350714	44.869539	49.789890	54.358574	44.413846	49.542102	53.544894	44.823594	49.883541	52.947764	789.944936
15.878912	42.819502	48.178874	52.188795	55.000988	43.847558	49.008314	54.289966	44.806342	49.726991	54.298400	44.351027	49.479510	53.483574	44.760585	49.820747	52.886702	788.947875
15.903919	42.756586	48.115388	52.126485	54.939953	43.784217	48.944953	54.229218	44.743146	49.664092	54.238227	44.288208	49.416917	53.422253	44.697577	49.757953	52.825640	787.950813
15.928925	42.693671	48.051902	52.064175	54.878918	43.720876	48.881592	54.168471	44.679950	49.601192	54.178053	44.225390	49.354324	53.360933	44.634568	49.695159	52.764578	786.953750
15.953931	42.630755	47.988416	52.001864	54.817883	43.657535	48.818231	54.107723	44.616754	49.538293	54.117880	44.162571	49.291731	53.299612	44.571559	49.632364	52.703516	785.956687
15.978937	42.567839	47.924930	51.939554	54.756848	43.594194	48.754870	54.046976	44.553557	49.475394	54.057706	44.099752	49.229138	53.238291	44.508550	49.569570	52.642453	784.959623
16.003943	42.504923	47.861445	51.877244	54.695813	43.530854	48.691509	53.986228	44.490361	49.412495	53.997533	44.036933	49.166545	53.176970	44.445541	49.506775	52.581391	783.962558
16.028949	42.442008	47.797959	51.814934	54.634778	43.467513	48.628148	53.925480	44.427164	49.349595	53.937359	43.974114	49.103952	53.115649	44.382532	49.443980	52.520328	782.965493
16.053956	42.379092	47.734473	51.752624	54.573742	43.404172	48.564787	53.864732	44.363968	49.286696	53.877185	43.911295	49.041359	53.054328	44.319523	49.381185	52.459265	781.968427
16.078962	42.316176	47.670987	51.690314	54.512707	43.340831	48.501426	53.803985	44.300771	49.223797	53.817012	43.848476	48.978765	52.993007	44.256513	49.318390	52.398202	780.971360
16.103968	42.253281	47.607541	51.628003	54.451674	43.277511	48.438065	53.743188	44.237574	49.160900	53.756805	43.785674	48.916125	52.931655	44.193525	49.255620	52.337104	779.974247
16.128974	42.190529	47.544365	51.565693	54.390649	43.214334	48.374704	53.682055	44.174373	49.098026	53.696372	43.722996	48.853161	52.870085	44.130686	49.193027	52.275765	778.976819
16.153980	42.127778	47.481190	51.503382	54.329624	43.151157	48.311343	53.620923	44.111171	49.035150	53.635939	43.660317	48.790197	52.808515	44.067846	49.130433	52.214427	777.979391
16.178986	42.065026	47.418014	51.441071	54.268599	43.087980	48.247982	53.559790	44.047969	48.972275	53.575506	43.597638	48.727233	52.746945	44.005006	49.067839	52.153088	776.981962
16.203992	42.002274	47.354838	51.378760	54.207574	43.024804	48.184621	53.498657	43.984767	48.909400	53.515073	43.534960	48.664269	52.685375	43.942166	49.005246	52.091748	775.984532
16.228999	41.939522	47.291662	51.316449	54.146549	42.961627	48.121260	53.437525	43.921565	48.846525	53.454640	43.472281	48.601305	52.623805	43.879326	48.942652	52.030409	774.987101
16.254005	41.876770	47.228487	51.254139	54.085523	42.898450	48.057898	53.376392	43.858363	48.783650	53.394207	43.409602	48.538340	52.562235	43.816486	48.880058	51.969070	773.989670
16.279011	41.814018	47.165311	51.191828	54.024498	42.835273	47.994537	53.315259	43.795161	48.720774	53.333774	43.346923	48.475376	52.500665	43.753646	48.817464	51.907731	772.992239
16.304017	41.751266	47.102135	51.129517	53.963473	42.772096	47.931176	53.254126	43.731959	48.657899	53.273341	43.284244	48.412411	52.439095	43.690805	48.754870	51.846391	771.994806
16.329023	41.688514	47.038960	51.067206	53.902448	42.708919	47.867815	53.192993	43.668757	48.595024	53.212908	43.221565	48.349447	52.377525	43.627965	48.692276	51.785052	770.997373
16.354029	41.625623	46.975544	51.004652	53.841212	42.645621	47.804263	53.131683	43.605416	48.531947	53.152290	43.158701	48.286314	52.315806	43.564972	48.629484	51.723505	769.997032
16.379036	41.561792	46.910508	50.940456	53.778546	42.581508	47.739428	53.069173	43.541132	48.467511	53.090419	43.094588	48.222049	52.253084	43.500951	48.565363	51.660559	768.977068
16.404042	41.497960	46.845472	50.876260	53.715881	42.517396	47.674592	53.006664	43.476849	48.403076	53.028548	43.030475	48.157784	52.190361	43.436931	48.501241	51.597614	767.957103
16.429048	41.434129	46.780435	50.812065	53.653215	42.453283	47.609757	52.944154	43.412566	48.338640	52.966677	42.966362	48.093519	52.127639	43.372910	48.437119	51.534668	766.937138
16.454054	41.370298	46.715399	50.747869	53.590550	42.389170	47.544921	52.881645	43.348282	48.274204	52.904806	42.902248	48.029254	52.064917	43.308889	48.372998	51.471723	765.917172
16.479060	41.306466	46.650363	50.683673	53.527884	42.325057	47.480085	52.819136	43.283999	48.209769	52.842935	42.838135	47.964988	52.002194	43.244868	48.308876	51.408777	764.897206
16.504066	41.242635	46.585327	50.619477	53.465219	42.260945	47.415250	52.756626	43.219716	48.145333	52.781064	42.774022	47.900723	51.939472	43.180847	48.244754	51.345831	763.877239
16.529073	41.178803	46.520291	50.555281	53.402554	42.196832	47.350414	52.694117	43.155432	48.080897	52.719193	42.709908	47.836458	51.876749	43.116826	48.180632	51.282885	762.857272
16.554079	41.114972	46.455255	50.491085	53.339888	42.132719	47.285579	52.631607	43.091148	48.016462	52.657321	42.645795	47.772192	51.814026	43.052804	48.116510	51.219939	761.837304
16.579085	41.051141	46.390219	50.426889	53.277223	42.068606	47.220743	52.569098	43.026865	47.952026	52.595450	42.581681	47.707927	51.751304	42.988783	48.052388	51.156993	760.817335
16.604091	40.987229	46.325143	50.362610	53.214427	42.004392	47.155802	52.506464	42.962498	47.887499	52.533481	42.517506	47.643542	51.688425	42.924654	47.988125	51.093907	759.795701
16.629097	40.922788	46.259807	50.297784	53.150771	41.939506	47.090160	52.443005	42.897578	47.822373	52.470865	42.452921	47.578366	51.624513	42.859812	47.922929	51.029896	758.763074
16.654103	40.858347	46.194471	50.232958	53.087116	41.874619	47.024518	52.379546	42.832659	47.757247	52.408250	42.388337	47.513190	51.560602	42.794969	47.857733	50.965884	757.730446
16.679110	40.793906	46.129134	50.168132	53.023460	41.809733	46.958876	52.316087	42.767740	47.692121	52.345635	42.323752	47.448015	51.496690	42.730127	47.792536	50.901873	756.697817
16.704116	40.729465	46.063798	50.103306	52.959804	41.744847	46.893234	52.252628	42.702821	47.626995	52.283020	42.259167	47.382839	51.432779	42.665285	47.727340	50.837861	755.665188
16.729122	40.665024	45.998462	50.038480	52.896149	41.679961	46.827591	52.189168	42.637901	47.561869	52.220404	42.194582	47.317663	51.368867	42.600442	47.662144	50.773850	754.632557
16.754128	40.600583	45.933126	49.973654	52.832493	41.615075	46.761949	52.125709	42.572982	47.496743	52.157789	42.129997	47.252487	51.304956	42.535599	47.596947	50.709838	753.599927
16.779134	40.536142	45.867789	49.908827	52.768837	41.550189	46.696307	52.062250	42.508062	47.431616	52.095173	42.065412	47.187311	51.241044	42.470756	47.531751	50.645826	752.567296
16.804140	40.471701	45.802453	49.844001	52.705182	41.485302	46.630665	51.998791	42.443143	47.366490	52.032558	42.000827	47.122135	51.177132	42.405914	47.466554	50.581815	751.534664
16.829147	40.407260	45.737117	49.779175	52.641526	41.420416	46.565023	51.935332	42.378223	47.301364	51.969942	41.936242	47.056959	51.113221	42.341070	47.401357	50.517803	750.502031
16.854153	40.342962	45.671904	49.714518	52.578003	41.355697	46.499555	51.871976	42.313469	47.236400	51.907393	41.871808	46.991981	51.049372	42.276383	47.336335	50.453933	749.471689
16.879159	40.279582	45.607488	49.650952	52.515338	41.292058	46.435219	51.809287	42.249788	47.172489	51.845267	41.808347	46.928280	50.985930	42.212701	47.272438	50.390986	748.456150
16.904165	40.216203	45.543072	49.587386	52.452672	41.228418	46.370882	51.746599	42.186107	47.108578	51.783142	41.744885	46.864579	50.922489	42.149018	47.208542	50.328039	747.440611
16.929171	40.152823	45.478656	49.523821	52.390007	41.164779	46.306545	51.683910	42.122426	47.044666	51.721016	41.681424	46.800879	50.859047	42.085336	47.144646	50.265092	746.425071
16.954177	40.089444	45.414240	49.460255	52.327341	41.101140	46.242208	51.621221	42.058745	46.980755	51.658891	41.617962	46.737178	50.795605	42.021653	47.080749	50.202144	745.409531
16.979183	40.026064	45.349824	49.396689	52.264676	41.037500	46.177872	51.558533	41.995063	46.916843	51.596765	41.554500	46.673477	50.732163	41.957970	47.016853	50.139197	744.393990
17.004190	39.962685	45.285408	49.333123	52.202010	40.973861	46.113535	51.495844	41.931382	46.852932	51.534639	41.491039	46.609776	50.668722	41.894288	46.952956	50.076249	743.378448
17.029196	39.899305	45.220992	49.269558	52.139345	40.910221	46.049198	51.433155	41.867701	46.789020	51.472514	41.427577	46.546075	50.605280	41.830605	46.889059	50.013302	742.362906
17.054202	39.835926	45.156576	49.205992	52.076679	40.846581	45.984861	51.370466	41.804020	46.725108	51.410388	41.364115	46.482374	50.541838	41.766922	46.825162	49.950354	741.347363
17.079208	39.772547	45.092160	49.142426	52.014014	40.782942	45.920524	51.307778	41.740339	46.661196	51.348262	41.300653	46.418673	50.478396	41.703239	46.761265	49.887406	740.331820
17.104214	39.709606	45.028105	49.079098	51.951616	40.719722	45.856519	51.245379	41.677045	46.597635	51.286501	41.237580	46.355273	50.415307	41.639969	46.697723	49.824788	739.321866
17.129220	39.649441	44.966333	49.017271	51.890911	40.659161	45.794613	51.184814	41.616206	46.536295	51.227047	41.176966	46.293777	50.354453	41.579315	46.636426	49.764261	738.347292
17.154227	39.589276	44.904561	48.955444	51.830206	40.598601	45.732708	51.124250	41.555367	46.474954	51.167594	41.116353	46.232281	50.293599	41.518661	46.575129	49.703733	737.372717
17.179233	39.529111	44.842789	48.893617	51.769501	40.538040	45.670802	51.063685	41.494528	46.413614	51.108140	41.055739	46.170785	50.232744	41.458007	46.513831	49.643206	736.398141
17.204239	39.468946	44.781017	48.831791	51.708796	40.477479	45.608896	51.003121	41.433689	46.352273	51.048687	40.995126	46.109289	50.171890	41.397353	46.452534	49.582678	735.423565
17.229245	39.408781	44.719245	48.769964	51.648091	40.416919	45.546991	50.942556	41.372850	46.290933	50.989233	40.934512	46.047793	50.111036	41.336698	46.391236	49.522150	734.448988
17.254251	39.348616	44.657473	48.708137	51.587386	40.356358	45.485085	50.881992	41.312011	46.229592	50.929780	40.873898	45.986297	50.050181	41.276044	46.329939	49.461622	733.474410
17.279257	39.288451	44.595701	48.646310	51.526681	40.295798	45.423180	50.821427	41.251172	46.168251	50.870326	40.813285	45.924801	49.989326	41.215389	46.268641	49.401094	732.499832
17.304264	39.228285	44.533929	48.584484	51.465977	40.235237	45.361274	50.760863	41.190332	46.106911	50.810873	40.752671	45.863304	49.928472	41.154734	46.207343	49.340565	731.525253
17.329270	39.168120	44.472157	48.522657	51.405272	40.174676	45.299368	50.700298	41.129493	46.045570	50.751419	40.692057	45.801808	49.867617	41.094079	46.146045	49.280037	730.550673
17.354276	39.108422	44.410791	48.461220	51.344932	40.114587	45.237894	50.640140	41.069154	45.984611	50.692271	40.631953	45.740722	49.807184	41.033908	46.085137	49.219840	729.582767
17.379282	39.051618	44.351947	48.402202	51.286858	40.057423	45.179094	50.582503	41.011918	45.926021	50.635016	40.575009	45.682176	49.749362	40.976736	46.026648	49.161697	728.656227
17.404288	38.994814	44.293102	48.343184	51.228783	40.000258	45.120293	50.524865	40.954681	45.867431	50.577761	40.518064	45.623631	49.691541	40.919564	45.968160	49.103554	727.729687
17.429294	38.938010	44.234257	48.284166	51.170709	39.943094	45.061493	50.467227	40.897444	45.808841	50.520506	40.461120	45.565086	49.633720	40.862392	45.909671	49.045412	726.803147
17.454301	38.881205	44.175412	48.225148	51.112635	39.885929	45.002692	50.409589	40.840208	45.750250	50.463251	40.404176	45.506540	49.575899	40.805220	45.851182	48.987269	725.876606
17.479307	38.824401	44.116568	48.166130	51.054561	39.828765	44.943892	50.351951	40.782971	45.691660	50.405996	40.347231	45.447995	49.518077	40.748048	45.792693	48.929126	724.950064
17.504313	38.767597	44.057723	48.107112	50.996486	39.771600	44.885091	50.294313	40.725734	45.633070	50.348741	40.290287	45.389449	49.460256	40.690876	45.734204	48.870983	724.023522
17.529319	38.710793	43.998878	48.048094	50.938412	39.714436	44.826290	50.236675	40.668497	45.574480	50.291486	40.233342	45.330904	49.402434	40.633704	45.675715	48.812840	723.096979
17.554325	38.653988	43.940033	47.989076	50.880338	39.657271	44.767490	50.179037	40.611261	45.515889	50.234231	40.176397	45.272358	49.344613	40.576532	45.617225	48.754696	722.170436
17.579331	38.597184	43.881189	47.930058	50.822263	39.600107	44.708689	50.121399	40.554024	45.457299	50.176976	40.119452	45.213812	49.286791	40.519360	45.558736	48.696553	721.243893
17.604338	38.540422	43.822410	47.871109	50.764236	39.542921	44.649910	50.063731	40.496766	45.398708	50.119721	40.062507	45.155291	49.228970	40.462190	45.500279	48.638485	720.317657
17.629344	38.483918	43.764032	47.812579	50.706491	39.485609	44.591265	50.005882	40.439377	45.340112	50.062471	40.005557	45.096920	49.171148	40.405036	45.442022	48.580871	719.393292
17.654350	38.427414	43.705654	47.754050	50.648747	39.428297	44.532620	49.948034	40.381988	45.281517	50.005220	39.948607	45.038549	49.113327	40.347882	45.383764	48.523258	718.468926
17.679356	38.370910	43.647277	47.695520	50.591003	39.370985	44.473975	49.890185	40.324599	45.222921	49.947969	39.891656	44.980178	49.055505	40.290727	45.325506	48.465644	717.544560
17.704362	38.314406	43.588899	47.636990	50.533259	39.313673	44.415331	49.832336	40.267209	45.164325	49.890719	39.834706	44.921807	48.997683	40.233572	45.267248	48.408031	716.620193
17.729368	38.257901	43.530521	47.578460	50.475515	39.256361	44.356686	49.774488	40.209820	45.105729	49.833468	39.777756	44.863435	48.939862	40.176418	45.208989	48.350417	715.695826
17.754374	38.201397	43.472144	47.519930	50.417770	39.199049	44.298041	49.716639	40.152431	45.047133	49.776217	39.720806	44.805064	48.882040	40.119263	45.150731	48.292803	714.771459
17.779381	38.144893	43.413766	47.461401	50.360026	39.141737	44.239396	49.658790	40.095042	44.988538	49.718967	39.663855	44.746693	48.824218	40.062108	45.092473	48.235189	713.847090
17.804387	38.088389	43.355388	47.402871	50.302282	39.084425	44.180751	49.600941	40.037652	44.929942	49.661716	39.606905	44.688322	48.766396	40.004953	45.034214	48.177575	712.922722
17.829393	38.031885	43.297011	47.344341	50.244538	39.027113	44.122106	49.543093	39.980263	44.871346	49.604465	39.549954	44.629950	48.708574	39.947797	44.975955	48.119961	711.998352
17.854399	37.975117	43.238433	47.285675	50.186604	38.969579	44.063276	49.485107	39.922624	44.812628	49.547074	39.492751	44.571420	48.650549	39.890398	44.917539	48.062117	711.070892
17.879405	37.916783	43.178669	47.226200	50.127539	38.910721	44.003343	49.426303	39.863501	44.753186	49.488848	39.434047	44.511944	48.591317	39.831550	44.858183	48.002908	710.125042
17.904411	37.858448	43.118904	47.166726	50.068474	38.851864	43.943410	49.367499	39.804378	44.693744	49.430622	39.375343	44.452467	48.532085	39.772702	44.798827	47.943698	709.179191
17.929418	37.800113	43.059139	47.107251	50.009410	38.793007	43.883477	49.308695	39.745255	44.634302	49.372396	39.316639	44.392991	48.472852	39.713854	44.739471	47.884488	708.233340
17.954424	37.741779	42.999374	47.047776	49.950345	38.734149	43.823544	49.249891	39.686132	44.574860	49.314170	39.257935	44.333514	48.413620	39.655005	44.680115	47.825277	707.287488
17.979430	37.683444	42.939609	46.988301	49.891281	38.675292	43.763611	49.191087	39.627009	44.515417	49.255944	39.199231	44.274038	48.354387	39.596157	44.620759	47.766067	706.341635
18.004436	37.625110	42.879844	46.928827	49.832216	38.616434	43.703678	49.132283	39.567886	44.455975	49.197718	39.140526	44.214561	48.295155	39.537308	44.561403	47.706857	705.395782
18.029442	37.566775	42.820080	46.869352	49.773152	38.557577	43.643745	49.073479	39.508763	44.396533	49.139492	39.081822	44.155085	48.235922	39.478459	44.502047	47.647646	704.449928
18.054448	37.508440	42.760315	46.809877	49.714087	38.498720	43.583811	49.014675	39.449640	44.337090	49.081266	39.023118	44.095608	48.176690	39.419611	44.442690	47.588436	703.504074
18.079455	37.450106	42.700550	46.750402	49.655023	38.439862	43.523878	48.955871	39.390517	44.277648	49.023039	38.964414	44.036131	48.117457	39.360762	44.383334	47.529225	702.558219
18.104461	37.391771	42.640738	46.690788	49.595911	38.381026	43.463917	48.896980	39.331394	44.218128	48.964704	38.905734	43.976629	48.058125	39.301917	44.323947	47.470014	701.611723
18.129467	37.333437	42.580653	46.630363	49.536527	38.322316	43.403793	48.837581	39.272271	44.158162	48.905730	38.847198	43.916977	47.998209	39.243090	44.264382	47.410798	700.661485
18.154473	37.275102	42.520568	46.569938	49.477142	38.263605	43.343670	48.778181	39.213148	44.098195	48.846756	38.788662	43.857324	47.938293	39.184263	44.204816	47.351583	699.711247
18.179479	37.216767	42.460483	46.509513	49.417757	38.204895	43.283546	48.718782	39.154026	44.038228	48.787782	38.730125	43.797672	47.878377	39.125436	44.145251	47.292367	698.761008
18.204485	37.158433	42.400398	46.449088	49.358373	38.146184	43.223422	48.659383	39.094903	43.978261	48.728808	38.671589	43.738020	47.818461	39.066609	44.085685	47.233151	697.810769
18.229492	37.100098	42.340314	46.388663	49.298988	38.087474	43.163299	48.599984	39.035780	43.918295	48.669834	38.613053	43.678367	47.758545	39.007782	44.026119	47.173936	696.860529
18.254498	37.041763	42.280229	46.328238	49.239603	38.028763	43.103175	48.540584	38.976657	43.858328	48.610860	38.554516	43.618715	47.698628	38.948955	43.966554	47.114720	695.910288
18.279504	36.983429	42.220144	46.267813	49.180219	37.970053	43.043051	48.481185	38.917534	43.798361	48.551886	38.495980	43.559062	47.638712	38.890128	43.906988	47.055504	694.960048
18.304510	36.925094	42.160059	46.207388	49.120834	37.911343	42.982928	48.421786	38.858411	43.738394	48.492912	38.437443	43.499409	47.578796	38.831300	43.847422	46.996288	694.009806
18.329516	36.866760	42.099974	46.146963	49.061450	37.852632	42.922804	48.362386	38.799288	43.678427	48.433938	38.378907	43.439756	47.518879	38.772473	43.787855	46.937071	693.059564
18.354522	36.808699	42.040121	46.086773	49.002162	37.794177	42.862927	48.303249	38.740492	43.618716	48.375292	38.320606	43.380323	47.459274	38.713918	43.728483	46.878094	692.113305
18.379529	36.752205	41.981597	46.027929	48.943427	37.737179	42.804455	48.245610	38.683564	43.560469	48.318526	38.263655	43.322145	47.401451	38.656922	43.670217	46.820483	691.189832
18.404535	36.695710	41.923072	45.969084	48.884693	37.680182	42.745983	48.187971	38.626636	43.502223	48.261760	38.206703	43.263967	47.343628	38.599926	43.611950	46.762871	690.266360
18.429541	36.639216	41.864547	45.910240	48.825958	37.623185	42.687511	48.130331	38.569707	43.443976	48.204994	38.149751	43.205790	47.285805	38.542930	43.553684	46.705260	689.342886
18.454547	36.582722	41.806023	45.851395	48.767224	37.566188	42.629040	48.072692	38.512779	43.385730	48.148227	38.092800	43.147612	47.227982	38.485934	43.495418	46.647648	688.419412
18.479553	36.526228	41.747498	45.792550	48.708489	37.509190	42.570568	48.015052	38.455851	43.327483	48.091461	38.035848	43.089434	47.170159	38.428937	43.437151	46.590037	687.495938
18.504559	36.469734	41.688974	45.733706	48.649755	37.452193	42.512096	47.957413	38.398923	43.269236	48.034695	37.978896	43.031256	47.112336	38.371941	43.378885	46.532425	686.572463
18.529565	36.413240	41.630449	45.674861	48.591020	37.395196	42.453624	47.899774	38.341994	43.210990	47.977928	37.921944	42.973077	47.054513	38.314945	43.320618	46.474813	685.648987
18.554572	36.356745	41.571925	45.616017	48.532286	37.338198	42.395152	47.842134	38.285066	43.152743	47.921162	37.864992	42.914899	46.996690	38.257948	43.262351	46.417202	684.725510
18.579578	36.300251	41.513400	45.557172	48.473551	37.281201	42.336680	47.784495	38.228138	43.094496	47.864395	37.808041	42.856721	46.938866	38.200952	43.204084	46.359590	683.802033
18.604584	36.244079	41.455202	45.498660	48.415215	37.224552	42.278503	47.727058	38.171494	43.036560	47.807850	37.751449	42.798847	46.881326	38.144285	43.146177	46.302220	682.883475
18.629590	36.189716	41.398838	45.442016	48.359111	37.169857	42.221976	47.670759	38.116446	42.980369	47.752544	37.696880	42.742680	46.825373	38.089467	43.090284	46.246209	681.992526
18.654596	36.135352	41.342474	45.385372	48.303007	37.115163	42.165450	47.614461	38.061399	42.924178	47.697237	37.642311	42.686513	46.769420	38.034649	43.034392	46.190197	681.101577
18.679602	36.080988	41.286110	45.328728	48.246903	37.060469	42.108924	47.558162	38.006351	42.867987	47.641931	37.587742	42.630347	46.713467	37.979831	42.978500	46.134186	680.210627
18.704609	36.026625	41.229746	45.272084	48.190800	37.005774	42.052397	47.501863	37.951304	42.811796	47.586625	37.533173	42.574180	46.657514	37.925013	42.922607	46.078175	679.319676
18.729615	35.972261	41.173382	45.215440	48.134696	36.951080	41.995871	47.445565	37.896256	42.755604	47.531318	37.478604	42.518013	46.601561	37.870195	42.866715	46.022163	678.428725
18.754621	35.917898	41.117018	45.158796	48.078592	36.896386	41.939345	47.389266	37.841209	42.699413	47.476012	37.424035	42.461846	46.545608	37.815377	42.810822	45.966151	677.537774
18.779627	35.863534	41.060654	45.102152	48.022488	36.841691	41.882818	47.332967	37.786161	42.643222	47.420706	37.369466	42.405679	46.489655	37.760558	42.754930	45.910140	676.646822
18.804633	35.809170	41.004290	45.045507	47.966384	36.786997	41.826292	47.276669	37.731113	42.587031	47.365399	37.314897	42.349512	46.433702	37.705740	42.699037	45.854128	675.755869
18.829639	35.754807	40.947926	44.988863	47.910281	36.732303	41.769765	47.220370	37.676066	42.530839	47.310093	37.260328	42.293345	46.377749	37.650921	42.643144	45.798116	674.864916
18.854646	35.700818	40.891944	44.932558	47.854529	36.677944	41.713564	47.164462	37.621357	42.474965	47.255047	37.206029	42.237492	46.322084	37.596408	42.587486	45.742432	673.979121
18.879652	35.648895	40.838060	44.878114	47.800716	36.625435	41.659155	47.110709	37.568514	42.420839	47.201439	37.153218	42.183369	46.268006	37.543579	42.533119	45.688555	673.121723
18.904658	35.596972	40.784177	44.823670	47.746902	36.572926	41.604746	47.056955	37.515672	42.366713	47.147831	37.100406	42.129247	46.213928	37.490749	42.478752	45.634678	672.264326
18.929664	35.545049	40.730293	44.769227	47.693089	36.520417	41.550337	47.003202	37.462829	42.312587	47.094222	37.047595	42.075124	46.159850	37.437919	42.424385	45.580801	671.406927
18.954670	35.493126	40.676410	44.714783	47.639276	36.467907	41.495928	46.949448	37.409987	42.258461	47.040614	36.994783	42.021001	46.105772	37.385090	42.370017	45.526924	670.549528
18.979676	35.441203	40.622527	44.660340	47.585462	36.415398	41.441519	46.895695	37.357144	42.204335	46.987006	36.941972	41.966879	46.051694	37.332260	42.315650	45.473047	669.692129
19.004683	35.389280	40.568643	44.605896	47.531649	36.362888	41.387110	46.841941	37.304302	42.150208	46.933397	36.889160	41.912756	45.997615	37.279430	42.261282	45.419170	668.834729
19.029689	35.337357	40.514760	44.551453	47.477836	36.310379	41.332701	46.788187	37.251459	42.096082	46.879789	36.836348	41.858633	45.943537	37.226600	42.206915	45.365293	667.977329
19.054695	35.285434	40.460876	44.497009	47.424023	36.257869	41.278292	46.734433	37.198617	42.041956	46.826181	36.783537	41.804510	45.889459	37.173770	42.152547	45.311415	667.119928
19.079701	35.233511	40.406993	44.442566	47.370209	36.205360	41.223883	46.680680	37.145774	41.987830	46.772572	36.730725	41.750387	45.835381	37.120940	42.098179	45.257538	666.262526
19.104707	35.181541	40.353013	44.388025	47.316243	36.152847	41.169450	46.626803	37.092931	41.933650	46.718927	36.677962	41.696205	45.781156	37.068086	42.043777	45.203533	665.404148
19.129713	35.129318	40.298509	44.332956	47.261450	36.100318	41.114889	46.572264	37.040083	41.879184	46.665080	36.625466	41.641707	45.726143	37.015104	41.989188	45.148842	664.540500
19.154719	35.077095	40.244006	44.277888	47.206656	36.047789	41.060327	46.517725	36.987236	41.824717	46.611234	36.572969	41.587208	45.671129	36.962122	41.934599	45.094152	663.676850
19.179726	35.024872	40.189502	44.222819	47.151863	35.995259	41.005766	46.463185	36.934388	41.770251	46.557387	36.520472	41.532709	45.616116	36.909139	41.880010	45.039461	662.813200
19.204732	34.972648	40.134999	44.167751	47.097069	35.942730	40.951205	46.408646	36.881541	41.715784	46.503541	36.467975	41.478211	45.561102	36.856157	41.825421	44.984770	661.949550
19.229738	34.920425	40.080495	44.112682	47.042276	35.890201	40.896643	46.354106	36.828693	41.661317	46.449694	36.415479	41.423712	45.506089	36.803175	41.770833	44.930079	661.085899
19.254744	34.868202	40.025991	44.057614	46.987482	35.837671	40.842082	46.299567	36.775846	41.606851	46.395848	36.362982	41.369213	45.451075	36.750192	41.716243	44.875388	660.222247
19.279750	34.815979	39.971488	44.002545	46.932689	35.785142	40.787520	46.245027	36.722998	41.552384	46.342001	36.310485	41.314714	45.396062	36.697210	41.661654	44.820697	659.358596
19.304756	34.763756	39.916984	43.947477	46.877895	35.732613	40.732958	46.190488	36.670150	41.497918	46.288154	36.257988	41.260215	45.341048	36.644227	41.607065	44.766006	658.494943
19.329763	34.711533	39.862481	43.892408	46.823102	35.680083	40.678397	46.135948	36.617303	41.443451	46.234308	36.205491	41.205716	45.286034	36.591244	41.552476	44.711315	657.631290
19.354769	34.659164	39.807781	43.837040	46.768048	35.627383	40.623628	46.081222	36.564305	41.388820	46.180229	36.152817	41.151039	45.230871	36.538155	41.497749	44.656498	656.764749
19.379775	34.606020	39.752037	43.780081	46.711614	35.573776	40.567761	46.025504	36.510512	41.333318	46.124922	36.099202	41.095418	45.174917	36.484501	41.442290	44.601020	655.882893
19.404781	34.552877	39.696293	43.723121	46.655180	35.520169	40.511895	45.969787	36.456719	41.277816	46.069615	36.045587	41.039796	45.118963	36.430848	41.386830	44.545541	655.001037
19.429787	34.499734	39.640549	43.666162	46.598746	35.466561	40.456028	45.914069	36.402926	41.222315	46.014308	35.991972	40.984175	45.063009	36.377194	41.331371	44.490062	654.119180
19.454793	34.446590	39.584805	43.609203	46.542312	35.412954	40.400161	45.858351	36.349132	41.166813	45.959000	35.938357	40.928553	45.007055	36.323540	41.275912	44.434583	653.237322
19.479800	34.393447	39.529061	43.552243	46.485878	35.359347	40.344294	45.802634	36.295339	41.111311	45.903693	35.884742	40.872932	44.951101	36.269886	41.220452	44.379104	652.355464
19.504806	34.340304	39.473317	43.495284	46.429445	35.305739	40.288427	45.746916	36.241546	41.055809	45.848386	35.831127	40.817310	44.895147	36.216232	41.164993	44.323625	651.473606
19.529812	34.287160	39.417574	43.438324	46.373011	35.252132	40.232560	45.691198	36.187752	41.000307	45.793078	35.777512	40.761688	44.839193	36.162578	41.109533	44.268146	650.591747
19.554818	34.234017	39.361830	43.381365	46.316577	35.198524	40.176693	45.635481	36.133959	40.944805	45.737771	35.723896	40.706067	44.783238	36.108924	41.054074	44.212666	649.709888
19.579824	34.180874	39.306086	43.324406	46.260143	35.144917	40.120826	45.579763	36.080166	40.889303	45.682463	35.670281	40.650445	44.727284	36.055270	40.998614	44.157187	648.828028
19.604830	34.127682	39.250242	43.267395	46.203656	35.091233	40.064878	45.523860	36.026298	40.833691	45.627078	35.616615	40.594767	44.671220	36.001561	40.943051	44.101536	647.944764
19.629837	34.074239	39.193878	43.210121	46.146892	35.037154	40.008509	45.466990	35.972042	40.777503	45.571291	35.562685	40.538792	44.614581	35.947567	40.886951	44.044991	647.054184
19.654843	34.020795	39.137514	43.152847	46.090128	34.983074	39.952139	45.410120	35.917786	40.721316	45.515503	35.508754	40.482818	44.557942	35.893573	40.830850	43.988445	646.163604
19.679849	33.967352	39.081150	43.095573	46.033364	34.928994	39.895769	45.353249	35.863529	40.665128	45.459715	35.454824	40.426843	44.501303	35.839579	40.774750	43.931900	645.273023
19.704855	33.913908	39.024786	43.038299	45.976600	34.874914	39.839399	45.296379	35.809273	40.608941	45.403927	35.400893	40.370868	44.444664	35.785585	40.718649	43.875355	644.382442
19.729861	33.860465	38.968422	42.981024	45.919836	34.820834	39.783030	45.239509	35.755017	40.552753	45.348140	35.346963	40.314894	44.388025	35.731590	40.662549	43.818809	643.491860
19.754867	33.807022	38.912058	42.923750	45.863072	34.766755	39.726660	45.182639	35.700760	40.496566	45.292352	35.293032	40.258919	44.331386	35.677596	40.606448	43.762264	642.601277
19.779874	33.753578	38.855694	42.866476	45.806308	34.712675	39.670290	45.125768	35.646504	40.440378	45.236564	35.239101	40.202944	44.274747	35.623602	40.550347	43.705718	641.710694
19.804880	33.700135	38.799330	42.809202	45.749544	34.658595	39.613920	45.068898	35.592247	40.384190	45.180776	35.185171	40.146969	44.218108	35.569607	40.494246	43.649173	640.820110
19.829886	33.646691	38.742966	42.751927	45.692780	34.604515	39.557550	45.012027	35.537991	40.328003	45.124988	35.131240	40.090994	44.161469	35.515612	40.438145	43.592627	639.929526
19.854892	33.593397	38.686703	42.694756	45.636016	34.550565	39.501263	44.955285	35.483862	40.271901	45.069199	35.077415	40.035079	44.104941	35.461673	40.382148	43.536167	639.040371
19.879898	33.540864	38.630960	42.638112	45.579252	34.497277	39.445396	44.899195	35.430389	40.216236	45.013406	35.024129	39.979474	44.048986	35.408019	40.326687	43.480146	638.158527
19.904904	33.488330	38.575216	42.581468	45.522488	34.443990	39.389529	44.843105	35.376915	40.160571	44.957612	34.970843	39.923869	43.993031	35.354364	40.271226	43.424126	637.276682
19.929910	33.435797	38.519472	42.524824	45.465724	34.390702	39.333661	44.787015	35.323441	40.104907	44.901819	34.917556	39.868264	43.937076	35.300709	40.215764	43.368105	636.394837
19.954917	33.383264	38.463728	42.468180	45.408960	34.337415	39.277794	44.730925	35.269967	40.049242	44.846025	34.864270	39.812659	43.881121	35.247054	40.160303	43.312084	635.512991
19.979923	33.330731	38.407984	42.411536	45.352196	34.284127	39.221927	44.674835	35.216493	39.993577	44.790232	34.810984	39.757054	43.825166	35.193399	40.104842	43.256063	634.631145
20.004929	33.278198	38.352240	42.354892	45.295432	34.230839	39.166060	44.618745	35.163020	39.937912	44.734438	34.757697	39.701448	43.769211	35.139744	40.049380	43.200042	633.749298
20.029935	33.225665	38.296496	42.298248	45.238668	34.177551	39.110192	44.562655	35.109546	39.882247	44.678645	34.704411	39.645843	43.713256	35.086089	39.993918	43.144021	632.867451
20.054941	33.173131	38.240753	42.241604	45.181904	34.124264	39.054325	44.506565	35.056072	39.826582	44.622851	34.651124	39.590237	43.657301	35.032433	39.938457	43.088000	631.985602
20.079947	33.120598	38.185009	42.184959	45.125140	34.070976	38.998458	44.450475	35.002598	39.770917	44.567058	34.597837	39.534632	43.601345	34.978778	39.882995	43.031979	631.103754
20.104954	33.068394	38.129574	42.128525	45.068649	34.018018	38.942940	44.394642	34.949435	39.715591	44.511626	34.544866	39.479301	43.545624	34.925482	39.827787	42.976267	630.226722
20.129960	33.017845	38.075690	42.073141	45.013525	33.966719	38.889181	44.340102	34.897837	39.661971	44.458012	34.493475	39.425353	43.491079	34.873995	39.773855	42.922109	629.373889
20.154966	32.967296	38.021807	42.017757	44.958401	33.915420	38.835422	44.285562	34.846239	39.608351	44.404398	34.442085	39.371404	43.436534	34.822507	39.719924	42.867951	628.521057
20.179972	32.916746	37.967924	41.962373	44.903278	33.864121	38.781662	44.231022	34.794640	39.554730	44.350784	34.390695	39.317456	43.381989	34.771019	39.665992	42.813793	627.668224
20.204978	32.866197	37.914040	41.906990	44.848154	33.812821	38.727903	44.176481	34.743042	39.501110	44.297170	34.339305	39.263507	43.327444	34.719531	39.612060	42.759635	626.815390
20.229984	32.815648	37.860157	41.851606	44.793031	33.761522	38.674144	44.121941	34.691444	39.447490	44.243556	34.287914	39.209559	43.272899	34.668043	39.558128	42.705477	625.962557
20.254991	32.765098	37.806273	41.796222	44.737907	33.710223	38.620385	44.067401	34.639845	39.393869	44.189943	34.236524	39.155610	43.218354	34.616555	39.504195	42.651319	625.109723
20.279997	32.714549	37.752390	41.740838	44.682783	33.658924	38.566625	44.012860	34.588247	39.340249	44.136329	34.185134	39.101661	43.163808	34.565067	39.450263	42.597161	624.256888
20.305003	32.664000	37.698507	41.685454	44.627660	33.607624	38.512866	43.958320	34.536648	39.286629	44.082715	34.133743	39.047713	43.109263	34.513578	39.396331	42.543003	623.404054
20.330009	32.613451	37.644623	41.630071	44.572536	33.556325	38.459107	43.903779	34.485050	39.233008	44.029101	34.082353	38.993764	43.054718	34.462090	39.342398	42.488845	622.551219
20.355015	32.563521	37.591367	41.575269	44.517965	33.505627	38.405925	43.849826	34.433980	39.179970	43.976024	34.031553	38.940497	43.000762	34.411138	39.289119	42.435273	621.707817
20.380021	32.516645	37.541204	41.523342	44.466123	33.457895	38.355594	43.798769	34.385522	39.129806	43.925597	33.983668	38.890594	42.949717	34.362833	39.239063	42.384597	620.910970
20.405028	32.469770	37.491042	41.471414	44.414280	33.410163	38.305262	43.747713	34.337064	39.079642	43.875169	33.935783	38.840691	42.898672	34.314528	39.189007	42.333921	620.114122
20.430034	32.422895	37.440879	41.419486	44.362437	33.362432	38.254931	43.696657	34.288606	39.029478	43.824742	33.887899	38.790788	42.847627	34.266223	39.138951	42.283245	619.317275
20.455040	32.376020	37.390717	41.367558	44.310594	33.314700	38.204599	43.645601	34.240147	38.979313	43.774314	33.840014	38.740885	42.796582	34.217918	39.088895	42.232569	618.520427
20.480046	32.329145	37.340554	41.315631	44.258752	33.266968	38.154268	43.594544	34.191689	38.929149	43.723887	33.792129	38.690982	42.745537	34.169613	39.038839	42.181892	617.723578
20.505052	32.282270	37.290392	41.263703	44.206909	33.219236	38.103936	43.543488	34.143231	38.878985	43.673459	33.744244	38.641078	42.694492	34.121308	38.988783	42.131216	616.926729
20.530058	32.235394	37.240229	41.211775	44.155066	33.171504	38.053605	43.492432	34.094772	38.828820	43.623032	33.696359	38.591175	42.643447	34.073002	38.938727	42.080539	616.129880
20.555065	32.188519	37.190067	41.159848	44.103223	33.123772	38.003273	43.441376	34.046314	38.778656	43.572604	33.648474	38.541272	42.592402	34.024697	38.888671	42.029863	615.333030
20.580071	32.141644	37.139904	41.107920	44.051381	33.076040	37.952941	43.390320	33.997855	38.728491	43.522176	33.600589	38.491369	42.541357	33.976391	38.838615	41.979186	614.536179
20.605077	32.095108	37.090111	41.056423	43.999931	33.028650	37.902944	43.339532	33.949772	38.678648	43.472080	33.553058	38.441751	42.490636	33.928485	38.788858	41.928782	613.744770
20.630083	32.050216	37.042109	41.007016	43.950389	32.982917	37.854568	43.290043	33.903510	38.630367	43.423593	33.507245	38.393516	42.441487	33.882515	38.740556	41.879701	612.979747
20.655089	32.005325	36.994107	40.957608	43.900847	32.937184	37.806192	43.240553	33.857248	38.582085	43.375106	33.461432	38.345281	42.392338	33.836544	38.692254	41.830619	612.214724
20.680095	31.960434	36.946105	40.908200	43.851304	32.891451	37.757816	43.191064	33.810986	38.533804	43.326618	33.415619	38.297046	42.343189	33.790574	38.643952	41.781538	611.449700
20.705101	31.915542	36.898103	40.858793	43.801762	32.845719	37.709440	43.141575	33.764723	38.485522	43.278131	33.369806	38.248811	42.294039	33.744603	38.595650	41.732456	610.684676
20.730108	31.870651	36.850101	40.809385	43.752220	32.799986	37.661064	43.092085	33.718461	38.437240	43.229643	33.323993	38.200576	42.244890	33.698632	38.547347	41.683375	609.919651
20.755114	31.825760	36.802099	40.759978	43.702678	32.754253	37.612688	43.042596	33.672198	38.388959	43.181156	33.278180	38.152341	42.195740	33.652662	38.499044	41.634293	609.154625
20.780120	31.780868	36.754098	40.710570	43.653136	32.708520	37.564312	42.993106	33.625936	38.340677	43.132668	33.232367	38.104106	42.146591	33.606691	38.450742	41.585211	608.389599
20.805126	31.735977	36.706096	40.661163	43.603593	32.662788	37.515936	42.943617	33.579673	38.292395	43.084181	33.186553	38.055871	42.097441	33.560720	38.402439	41.536129	607.624572
20.830132	31.691086	36.658094	40.611755	43.554051	32.617055	37.467559	42.894127	33.533411	38.244114	43.035693	33.140740	38.007636	42.048291	33.514749	38.354136	41.487047	606.859545
20.855138	31.646299	36.610092	40.562349	43.504509	32.571430	37.419153	42.844669	33.487203	38.195800	42.987163	33.094980	37.959367	41.999098	33.468807	38.305755	41.438011	606.094686
20.880145	31.602007	36.562090	40.512947	43.454967	32.526322	37.370605	42.795362	33.441255	38.147336	42.938430	33.049474	37.910939	41.949698	33.423004	38.257004	41.389193	605.330631
20.905151	31.557716	36.514088	40.463544	43.405425	32.481215	37.322057	42.746054	33.395307	38.098872	42.889697	33.003967	37.862511	41.900298	33.377201	38.208253	41.340374	604.566577
20.930157	31.513425	36.466086	40.414142	43.355882	32.436107	37.273509	42.696746	33.349359	38.050407	42.840964	32.958461	37.814083	41.850898	33.331397	38.159501	41.291556	603.802523
20.955163	31.469134	36.418084	40.364740	43.306340	32.390999	37.224960	42.647439	33.303410	38.001943	42.792231	32.912954	37.765654	41.801498	33.285594	38.110750	41.242738	603.038468
20.980169	31.424843	36.370082	40.315337	43.256798	32.345891	37.176412	42.598131	33.257462	37.953479	42.743498	32.867448	37.717226	41.752097	33.239791	38.061998	41.193919	602.274413
21.005175	31.380552	36.322080	40.265935	43.207256	32.300783	37.127864	42.548824	33.211514	37.905015	42.694765	32.821942	37.668798	41.702697	33.193987	38.013247	41.145101	601.510358
21.030182	31.336260	36.274078	40.216533	43.157714	32.255675	37.079316	42.499516	33.165566	37.856550	42.646031	32.776435	37.620369	41.653297	33.148184	37.964495	41.096282	600.746302
21.055188	31.291969	36.226076	40.167130	43.108171	32.210568	37.030767	42.450209	33.119618	37.808086	42.597298	32.730929	37.571941	41.603897	33.102381	37.915743	41.047464	599.982247
21.080194	31.247678	36.178074	40.117728	43.058629	32.165460	36.982219	42.400901	33.073669	37.759622	42.548565	32.685422	37.523513	41.554496	33.056577	37.866992	40.998645	599.218191
21.105200	31.203227	36.129909	40.068159	43.008855	32.120216	36.933556	42.351357	33.027610	37.711008	42.499533	32.639806	37.474954	41.504932	33.010656	37.818167	40.949548	598.451491
21.130206	31.158026	36.080976	40.017806	42.957992	32.074334	36.884358	42.300702	32.981032	37.661690	42.449100	32.593672	37.425785	41.454602	32.964182	37.768997	40.899146	597.672400
21.155212	31.112824	36.032044	39.967454	42.907130	32.028452	36.835160	42.250047	32.934454	37.612373	42.398666	32.547538	37.376617	41.404272	32.917708	37.719828	40.848743	596.893308
21.180219	31.067623	35.983112	39.917101	42.856267	31.982570	36.785961	42.199392	32.887876	37.563055	42.348232	32.501404	37.327448	41.353941	32.871234	37.670658	40.798340	596.114217
21.205225	31.022421	35.934180	39.866749	42.805405	31.936688	36.736763	42.148737	32.841298	37.513738	42.297799	32.455270	37.278279	41.303611	32.824760	37.621489	40.747938	595.335124
21.230231	30.977220	35.885248	39.816396	42.754542	31.890806	36.687564	42.098082	32.794719	37.464420	42.247365	32.409136	37.229110	41.253280	32.778286	37.572319	40.697535	594.556031
21.255237	30.932019	35.836316	39.766044	42.703680	31.844924	36.638366	42.047427	32.748141	37.415103	42.196931	32.363002	37.179941	41.202950	32.731812	37.523149	40.647132	593.776937
21.280243	30.886817	35.787383	39.715691	42.652817	31.799042	36.589168	41.996772	32.701563	37.365785	42.146497	32.316868	37.130773	41.152620	32.685338	37.473980	40.596729	592.997843
21.305249	30.841616	35.738451	39.665339	42.601955	31.753160	36.539969	41.946117	32.654985	37.316468	42.096064	32.270734	37.081604	41.102289	32.638864	37.424810	40.546325	592.218748
21.330256	30.796414	35.689519	39.614986	42.551092	31.707278	36.490771	41.895462	32.608406	37.267150	42.045630	32.224600	37.032435	41.051958	32.592389	37.375639	40.495922	591.439653
21.355262	30.751131	35.640560	39.564492	42.500172	31.661342	36.441545	41.844840	32.561773	37.217833	41.995282	32.178410	36.983266	41.001583	32.545887	37.326467	40.445610	590.660195
21.380268	30.705468	35.591476	39.513348	42.448990	31.615155	36.392193	41.794372	32.514884	37.168521	41.945334	32.131966	36.934097	40.951003	32.499254	37.277285	40.395720	589.879067
21.405274	30.659805	35.542393	39.462204	42.397807	31.568968	36.342841	41.743904	32.467996	37.119208	41.895385	32.085522	36.884928	40.900422	32.452621	37.228102	40.345830	589.097938
21.430280	30.614143	35.493309	39.411060	42.346625	31.522781	36.293489	41.693436	32.421108	37.069896	41.845436	32.039077	36.835759	40.849842	32.405989	37.178919	40.295940	588.316809
21.455286	30.568480	35.444226	39.359916	42.295442	31.476594	36.244137	41.642968	32.374219	37.020583	41.795487	31.992633	36.786590	40.799261	32.359356	37.129737	40.246050	587.535680
21.480292	30.522817	35.395143	39.308773	42.244259	31.430407	36.194785	41.592500	32.327330	36.971270	41.745539	31.946188	36.737421	40.748681	32.312723	37.080554	40.196160	586.754551
21.505299	30.477155	35.346059	39.257629	42.193077	31.384220	36.145433	41.542032	32.280442	36.921958	41.695590	31.899744	36.688252	40.698101	32.266090	37.031371	40.146270	585.973421
21.530305	30.431492	35.296976	39.206485	42.141894	31.338033	36.096081	41.491564	32.233553	36.872645	41.645641	31.853299	36.639083	40.647520	32.219456	36.982189	40.096380	585.192291
21.555311	30.385829	35.247893	39.155341	42.090712	31.291846	36.046729	41.441096	32.186665	36.823332	41.595692	31.806854	36.589913	40.596940	32.172823	36.933006	40.046490	584.411161
21.580317	30.340167	35.198809	39.104197	42.039529	31.245659	35.997377	41.390628	32.139776	36.774020	41.545743	31.760410	36.540744	40.546359	32.126190	36.883823	39.996600	583.630030
21.605323	30.294422	35.149670	39.053056	41.988346	31.199385	35.947993	41.340126	32.092830	36.724677	41.495795	31.713876	36.491477	40.495739	32.079464	36.834523	39.946566	582.847946
21.630329	30.248306	35.100279	39.001924	41.937164	31.152722	35.898470	41.289471	32.045626	36.675195	41.445851	31.666940	36.441765	40.444937	32.032319	36.784694	39.895881	582.061544
21.655336	30.202190	35.050888	38.950793	41.885981	31.106059	35.848947	41.238816	31.998423	36.625714	41.395907	31.620004	36.392052	40.394136	31.985173	36.734864	39.845196	581.275142
21.680342	30.156073	35.001497	38.899661	41.834799	31.059396	35.799423	41.188160	31.951219	36.576233	41.345963	31.573067	36.342340	40.343335	31.938028	36.685034	39.794511	580.488739
21.705348	30.109957	34.952106	38.848530	41.783616	31.012732	35.749900	41.137505	31.904014	36.526751	41.296019	31.526131	36.292627	40.292533	31.890883	36.635205	39.743826	579.702336
21.730354	30.063841	34.902715	38.797398	41.732433	30.966069	35.700376	41.086850	31.856810	36.477270	41.246075	31.479195	36.242915	40.241732	31.843737	36.585375	39.693141	578.915932
21.755360	30.017724	34.853324	38.746267	41.681251	30.919406	35.650853	41.036194	31.809606	36.427788	41.196131	31.432259	36.193202	40.190930	31.796592	36.535545	39.642455	578.129527
21.780366	29.971608	34.803933	38.695135	41.630068	30.872742	35.601329	40.985539	31.762402	36.378306	41.146187	31.385322	36.143490	40.140128	31.749446	36.485715	39.591770	577.343122
21.805373	29.925492	34.754542	38.644003	41.578886	30.826079	35.551806	40.934883	31.715198	36.328825	41.096243	31.338386	36.093777	40.089327	31.702301	36.435885	39.541084	576.556717
21.830379	29.879376	34.705150	38.592872	41.527703	30.779416	35.502283	40.884228	31.667994	36.279343	41.046299	31.291450	36.044064	40.038525	31.655155	36.386055	39.490399	575.770311
21.855385	29.833289	34.655843	38.541884	41.476579	30.732753	35.452730	40.833535	31.620817	36.229859	40.996308	31.244513	35.994384	39.987767	31.608009	36.336266	39.439760	574.984298
21.880391	29.787333	34.606911	38.491537	41.425716	30.686095	35.403048	40.782677	31.573762	36.180364	40.946109	31.197577	35.944850	39.937205	31.560864	36.286659	39.389334	574.200039
21.905397	29.741377	34.557979	38.441189	41.374854	30.639437	35.353365	40.731818	31.526707	36.130869	40.895910	31.150641	35.895315	39.886643	31.513718	36.237052	39.338908	573.415781
21.930403	29.695422	34.509047	38.390842	41.323991	30.592778	35.303683	40.680960	31.479651	36.081374	40.845710	31.103704	35.845780	39.836080	31.466572	36.187445	39.288482	572.631521
21.955410	29.649466	34.460115	38.340495	41.273129	30.546120	35.254000	40.630102	31.432596	36.031879	40.795511	31.056768	35.796246	39.785518	31.419426	36.137838	39.238055	571.847262
21.980416	29.603510	34.411182	38.290147	41.222266	30.499461	35.204318	40.579243	31.385541	35.982384	40.745312	31.009831	35.746711	39.734955	31.372280	36.088231	39.187629	571.063002
22.005422	29.557555	34.362250	38.239800	41.171404	30.452803	35.154635	40.528385	31.338486	35.932889	40.695113	30.962895	35.697176	39.684392	31.325134	36.038623	39.137202	570.278741
22.030428	29.511599	34.313318	38.189453	41.120541	30.406144	35.104952	40.477527	31.291431	35.883394	40.644914	30.915958	35.647641	39.633829	31.277988	35.989016	39.086776	569.494481
22.055434	29.465643	34.264386	38.139105	41.069679	30.359486	35.055270	40.426669	31.244375	35.833898	40.594714	30.869022	35.598107	39.583267	31.230842	35.939408	39.036349	568.710219
22.080440	29.419687	34.215454	38.088758	41.018816	30.312827	35.005587	40.375810	31.197320	35.784403	40.544515	30.822085	35.548572	39.532704	31.183696	35.889801	38.985923	567.925958
22.105447	29.374183	34.166867	38.038760	40.968322	30.266658	34.956389	40.325422	31.150733	35.735261	40.494677	30.775622	35.499447	39.482532	31.137017	35.840592	38.935894	567.148375
22.130453	29.330656	34.119795	37.990292	40.919439	30.222636	34.909317	40.277091	31.106201	35.687663	40.446424	30.731236	35.452123	39.434075	31.092388	35.793133	38.887607	566.400077
22.155459	29.287129	34.072724	37.941825	40.870557	30.178614	34.862245	40.228761	31.061668	35.640064	40.398170	30.686850	35.404798	39.385619	31.047759	35.745674	38.839321	565.651778
22.180465	29.243603	34.025652	37.893358	40.821675	30.134592	34.815173	40.180430	31.017135	35.592466	40.349917	30.642464	35.357473	39.337162	31.003129	35.698215	38.791035	564.903479
22.205471	29.200076	33.978580	37.844891	40.772793	30.090570	34.768101	40.132100	30.972602	35.544868	40.301663	30.598078	35.310148	39.288705	30.958500	35.650756	38.742749	564.155180
22.230477	29.156549	33.931508	37.796423	40.723911	30.046548	34.721029	40.083769	30.928069	35.497270	40.253409	30.553692	35.262823	39.240249	30.913870	35.603297	38.694462	563.406880
22.255483	29.113023	33.884437	37.747956	40.675029	30.002525	34.673957	40.035439	30.883536	35.449672	40.205156	30.509305	35.215498	39.191792	30.869241	35.555838	38.646176	562.658580
22.280490	29.069496	33.837365	37.699489	40.626147	29.958503	34.626884	39.987108	30.839003	35.402073	40.156902	30.464919	35.168173	39.143335	30.824611	35.508379	38.597890	561.910279
22.305496	29.025970	33.790293	37.651022	40.577265	29.914481	34.579812	39.938778	30.794470	35.354475	40.108649	30.420533	35.120848	39.094878	30.779981	35.460920	38.549603	561.161978
22.330502	28.982443	33.743221	37.602554	40.528383	29.870458	34.532740	39.890447	30.749937	35.306877	40.060395	30.376147	35.073523	39.046421	30.735352	35.413461	38.501317	560.413677
22.355508	28.939579	33.696733	37.554562	40.479992	29.827045	34.486249	39.842664	30.706051	35.259957	40.012741	30.332480	35.026786	38.998492	30.691382	35.366617	38.453635	559.674964
22.380514	28.899569	33.652762	37.508621	40.433721	29.786258	34.442267	39.797242	30.664957	35.215963	39.967672	30.291914	34.982585	38.952835	30.650261	35.322426	38.408564	558.977618
22.405520	28.859559	33.608791	37.462680	40.387450	29.745471	34.398285	39.751820	30.623863	35.171969	39.922604	30.251349	34.938384	38.907179	30.609141	35.278236	38.363493	558.280272
22.430527	28.819549	33.564820	37.416738	40.341178	29.704684	34.354302	39.706398	30.582769	35.127975	39.877535	30.210783	34.894183	38.861523	30.568020	35.234046	38.318422	557.582925
22.455533	28.779539	33.520849	37.370797	40.294907	29.663896	34.310320	39.660976	30.541675	35.083981	39.832466	30.170218	34.849982	38.815866	30.526899	35.189855	38.273351	556.885578
22.480539	28.739529	33.476878	37.324855	40.248635	29.623109	34.266338	39.615554	30.500581	35.039987	39.787398	30.129653	34.805781	38.770210	30.485778	35.145665	38.228280	556.188231
22.505545	28.699519	33.432908	37.278914	40.202364	29.582322	34.222355	39.570132	30.459487	34.995994	39.742329	30.089087	34.761580	38.724554	30.444657	35.101474	38.183208	555.490883
22.530551	28.659509	33.388937	37.232972	40.156093	29.541535	34.178373	39.524710	30.418393	34.952000	39.697260	30.048522	34.717379	38.678897	30.403536	35.057283	38.138137	554.793535
22.555557	28.619499	33.344966	37.187031	40.109821	29.500748	34.134391	39.479289	30.377299	34.908006	39.652191	30.007956	34.673178	38.633241	30.362415	35.013093	38.093065	554.096187
22.580564	28.579489	33.300995	37.141089	40.063550	29.459961	34.090408	39.433867	30.336205	34.864012	39.607122	29.967391	34.628977	38.587584	30.321294	34.968902	38.047993	553.398838
22.605570	28.539626	33.257258	37.095387	40.017469	29.419381	34.046549	39.388483	30.295322	34.820183	39.562144	29.926945	34.584990	38.542061	30.280427	34.924915	38.003020	552.704161
22.630576	28.500387	33.214518	37.050701	39.972198	29.379679	34.003211	39.343263	30.255334	34.777050	39.517556	29.887010	34.541907	38.497106	30.240642	34.881797	37.958469	552.020828
22.655582	28.461148	33.171777	37.006015	39.926927	29.339978	33.959874	39.298043	30.215346	34.733918	39.472967	29.847074	34.498825	38.452151	30.200856	34.838678	37.913917	551.337494
22.680588	28.421908	33.129036	36.961330	39.881656	29.300277	33.916537	39.252823	30.175358	34.690786	39.428378	29.807139	34.455742	38.407196	30.161070	34.795559	37.869366	550.654160
22.705594	28.382669	33.086296	36.916644	39.836385	29.260576	33.873199	39.207603	30.135370	34.647653	39.383789	29.767203	34.412660	38.362241	30.121284	34.752440	37.824815	549.970826
22.730601	28.343430	33.043555	36.871958	39.791113	29.220875	33.829862	39.162382	30.095382	34.604521	39.339200	29.727268	34.369577	38.317285	30.081498	34.709321	37.780263	549.287491
22.755607	28.304191	33.000814	36.827272	39.745842	29.181174	33.786525	39.117162	30.055394	34.561389	39.294610	29.687332	34.326494	38.272330	30.041713	34.666202	37.735711	548.604156
22.780613	28.264951	32.958074	36.782586	39.700571	29.141473	33.743187	39.071942	30.015406	34.518256	39.250021	29.647396	34.283412	38.227375	30.001926	34.623084	37.691160	547.920820
22.805619	28.225712	32.915333	36.737900	39.655300	29.101771	33.699850	39.026722	29.975418	34.475124	39.205432	29.607461	34.240329	38.182420	29.962140	34.579965	37.646608	547.237484
22.830625	28.186473	32.872592	36.693214	39.610029	29.062070	33.656513	38.981501	29.935430	34.431991	39.160843	29.567525	34.197246	38.137465	29.922354	34.536846	37.602056	546.554147
22.855631	28.147113	32.829734	36.648435	39.564692	29.022278	33.613084	38.936242	29.895259	34.388727	39.116161	29.527499	34.154055	38.092466	29.882373	34.493602	37.557401	545.869121
22.880638	28.107253	32.786383	36.603268	39.519081	28.982106	33.569272	38.890820	29.854326	34.344915	39.071091	29.487093	34.110410	38.047284	29.841577	34.449841	37.512314	545.177033
22.905644	28.067392	32.743032	36.558101	39.473469	28.941933	33.525460	38.845398	29.813392	34.301102	39.026022	29.446688	34.066766	38.002103	29.800780	34.406080	37.467227	544.484945
22.930650	28.027532	32.699681	36.512934	39.427858	28.901761	33.481648	38.799976	29.772458	34.257289	38.980952	29.406283	34.023121	37.956921	29.759983	34.362318	37.422140	543.792857
22.955656	27.987671	32.656331	36.467767	39.382247	28.861589	33.437836	38.754554	29.731525	34.213477	38.935883	29.365877	33.979477	37.911739	29.719187	34.318557	37.377053	543.100768
22.980662	27.947811	32.612980	36.422600	39.336636	28.821416	33.394025	38.709132	29.690591	34.169664	38.890813	29.325472	33.935832	37.866558	29.678390	34.274795	37.331965	542.408679
23.005668	27.907950	32.569629	36.377434	39.291025	28.781244	33.350213	38.663710	29.649657	34.125851	38.845744	29.285066	33.892188	37.821376	29.637593	34.231033	37.286878	541.716590
23.030674	27.868090	32.526278	36.332267	39.245413	28.741072	33.306401	38.618287	29.608724	34.082038	38.800674	29.244661	33.848543	37.776194	29.596796	34.187271	37.241791	541.024500
23.055681	27.828229	32.482927	36.287100	39.199802	28.700899	33.262589	38.572865	29.567790	34.038225	38.755604	29.204255	33.804899	37.731012	29.556000	34.143509	37.196703	540.332410
23.080687	27.788369	32.439577	36.241933	39.154191	28.660727	33.218777	38.527443	29.526856	33.994412	38.710535	29.163849	33.761254	37.685831	29.515203	34.099747	37.151616	539.640320
23.105693	27.748451	32.396043	36.196552	39.108323	28.620435	33.174867	38.481832	29.485891	33.950464	38.665319	29.123349	33.717467	37.640465	29.474341	34.055815	37.106423	538.946037
23.130699	27.708296	32.351757	36.150291	39.061402	28.579647	33.130554	38.435441	29.444797	33.905961	38.619506	29.082463	33.673091	37.594342	29.433214	34.011183	37.060795	538.242740
23.155705	27.668141	32.307471	36.104030	39.014480	28.538860	33.086242	38.389050	29.403703	33.861457	38.573692	29.041577	33.628716	37.548220	29.392087	33.966551	37.015167	537.539443
23.180711	27.627986	32.263184	36.057768	38.967559	28.498073	33.041929	38.342659	29.362608	33.816954	38.527879	29.000690	33.584341	37.502097	29.350960	33.921918	36.969540	536.836145
23.205718	27.587832	32.218898	36.011507	38.920637	28.457285	32.997617	38.296268	29.321514	33.772450	38.482065	28.959804	33.539966	37.455975	29.309832	33.877286	36.923912	536.132847
23.230724	27.547677	32.174612	35.965245	38.873716	28.416498	32.953304	38.249877	29.280420	33.727946	38.436252	28.918918	33.495590	37.409852	29.268705	33.832653	36.878284	535.429549
23.255730	27.507522	32.130326	35.918984	38.826794	28.375711	32.908991	38.203486	29.239326	33.683443	38.390438	28.878031	33.451215	37.363729	29.227578	33.788020	36.832656	534.726250
23.280736	27.467367	32.086039	35.872723	38.779872	28.334924	32.864679	38.157095	29.198231	33.638939	38.344624	28.837145	33.406839	37.317607	29.186450	33.743388	36.787028	534.022951
23.305742	27.427212	32.041753	35.826461	38.732951	28.294136	32.820366	38.110704	29.157137	33.594435	38.298811	28.796258	33.362464	37.271484	29.145323	33.698755	36.741400	533.319651
23.330748	27.387057	31.997467	35.780200	38.686029	28.253349	32.776054	38.064313	29.116043	33.549932	38.252997	28.755371	33.318089	37.225361	29.104195	33.654122	36.695772	532.616352
23.355755	27.346959	31.953242	35.733972	38.639108	28.212623	32.731775	38.018037	29.075013	33.505495	38.207233	28.714547	33.273784	37.179380	29.063135	33.609575	36.650200	531.914080
23.380761	27.307094	31.909267	35.687881	38.592186	28.172146	32.687633	37.972230	29.034245	33.461332	38.161668	28.673976	33.229769	37.133970	29.022347	33.565377	36.604851	531.215971
23.405767	27.267229	31.865291	35.641790	38.545265	28.131669	32.643490	37.926422	28.993476	33.417169	38.116102	28.633404	33.185754	37.088561	28.981560	33.521179	36.559502	530.517863
23.430773	27.227364	31.821315	35.595699	38.498343	28.091192	32.599348	37.880615	28.952708	33.373005	38.070537	28.592832	33.141739	37.043151	28.940772	33.476981	36.514153	529.819754
23.455779	27.187499	31.777339	35.549608	38.451422	28.050714	32.555206	37.834807	28.911939	33.328842	38.024971	28.552260	33.097724	36.997742	28.899984	33.432782	36.468804	529.121644
23.480785	27.147634	31.733363	35.503517	38.404500	28.010237	32.511063	37.789000	28.871170	33.284678	37.979406	28.511689	33.053709	36.952332	28.859196	33.388584	36.423454	528.423534
23.505792	27.107769	31.689388	35.457425	38.357578	27.969760	32.466921	37.743193	28.830402	33.240515	37.933840	28.471117	33.009694	36.906922	28.818409	33.344386	36.378105	527.725423
23.530798	27.067904	31.645412	35.411334	38.310657	27.929283	32.422779	37.697385	28.789633	33.196351	37.888275	28.430545	32.965678	36.861513	28.777621	33.300187	36.332756	527.027312
23.555804	27.028039	31.601436	35.365243	38.263735	27.888806	32.378636	37.651578	28.748864	33.152188	37.842709	28.389973	32.921663	36.816103	28.736833	33.255989	36.287406	526.329200
23.580810	26.988174	31.557460	35.319152	38.216814	27.848328	32.334494	37.605770	28.708095	33.108024	37.797144	28.349401	32.877648	36.770693	28.696045	33.211790	36.242057	525.631088
23.605816	26.948373	31.513672	35.273279	38.170157	27.807883	32.290449	37.559962	28.667325	33.063931	37.751627	28.308829	32.833632	36.725185	28.655257	33.167634	36.196760	524.933954
23.630822	26.908828	31.470631	35.228278	38.124556	27.767566	32.246791	37.514149	28.626551	33.020117	37.706303	28.268258	32.789617	36.679289	28.614468	33.123648	36.151671	524.240721
23.655829	26.869283	31.427591	35.183276	38.078954	27.727249	32.203133	37.468337	28.585776	32.976304	37.660979	28.227686	32.745601	36.633393	28.573680	33.079663	36.106582	523.547488
23.680835	26.829738	31.384550	35.138275	38.033353	27.686932	32.159475	37.422525	28.545002	32.932490	37.615656	28.187114	32.701585	36.587497	28.532892	33.035677	36.061494	522.854255
23.705841	26.790193	31.341509	35.093274	37.987752	27.646615	32.115818	37.376712	28.504227	32.888677	37.570332	28.146543	32.657569	36.541601	28.492104	32.991691	36.016405	522.161022
23.730847	26.750648	31.298468	35.048273	37.942151	27.606298	32.072160	37.330900	28.463453	32.844863	37.525008	28.105971	32.613553	36.495704	28.451315	32.947705	35.971316	521.467788
23.755853	26.711103	31.255428	35.003272	37.896550	27.565981	32.028502	37.285088	28.422679	32.801049	37.479685	28.065399	32.569537	36.449808	28.410527	32.903719	35.926227	520.774554
23.780859	26.671558	31.212387	34.958270	37.850948	27.525664	31.984845	37.239275	28.381904	32.757235	37.434361	28.024828	32.525522	36.403912	28.369739	32.859733	35.881138	520.081320
23.805865	26.632013	31.169346	34.913269	37.805347	27.485346	31.941187	37.193463	28.341130	32.713422	37.389038	27.984256	32.481506	36.358016	28.328950	32.815747	35.836049	519.388085
23.830872	26.592468	31.126305	34.868268	37.759746	27.445029	31.897529	37.147651	28.300355	32.669608	37.343714	27.943684	32.437490	36.312120	28.288162	32.771761	35.790961	518.694850
23.855878	26.552983	31.083482	34.823490	37.714344	27.404804	31.854104	37.102154	28.259645	32.626002	37.298639	27.903177	32.393775	36.266558	28.247440	32.727996	35.746036	518.004628
23.880884	26.513733	31.041511	34.779589	37.669723	27.364942	31.811592	37.057897	28.219186	32.583213	37.254538	27.862925	32.351245	36.222310	28.206981	32.685097	35.701756	517.326238
23.905890	26.474483	30.999541	34.735688	37.625102	27.325080	31.769079	37.013640	28.178727	32.540425	37.210438	27.822673	32.308714	36.178062	28.166523	32.642198	35.657475	516.647847
23.930896	26.435233	30.957571	34.691787	37.580481	27.285218	31.726567	36.969383	28.138267	32.497636	37.166337	27.782421	32.266184	36.133814	28.126064	32.599299	35.613195	515.969456
23.955902	26.395983	30.915600	34.647886	37.535860	27.245356	31.684055	36.925126	28.097808	32.454847	37.122237	27.742168	32.223653	36.089566	28.085605	32.556400	35.568915	515.291065
23.980909	26.356733	30.873630	34.603986	37.491239	27.205494	31.641543	36.880868	28.057349	32.412058	37.078136	27.701916	32.181123	36.045318	28.045146	32.513500	35.524634	514.612673
24.005915	26.317484	30.831659	34.560085	37.446618	27.165632	31.599030	36.836611	28.016889	32.369269	37.034036	27.661664	32.138592	36.001070	28.004688	32.470601	35.480354	513.934281
24.030921	26.278234	30.789689	34.516184	37.401997	27.125770	31.556518	36.792354	27.976430	32.326480	36.989935	27.621412	32.096061	35.956821	27.964229	32.427702	35.436073	513.255889
24.055927	26.238984	30.747719	34.472283	37.357376	27.085908	31.514005	36.748097	27.935970	32.283692	36.945834	27.581159	32.053531	35.912573	27.923770	32.384802	35.391792	512.577496
24.080933	26.199734	30.705748	34.428382	37.312755	27.046046	31.471493	36.703840	27.895511	32.240903	36.901734	27.540907	32.011000	35.868325	27.883311	32.341903	35.347512	511.899102
24.105939	26.160580	30.663717	34.384417	37.267998	27.006281	31.428944	36.659423	27.855114	32.198078	36.857482	27.500720	31.968391	35.824076	27.842919	32.299004	35.303284	511.220428
24.130946	26.121796	30.621446	34.340201	37.222717	26.966888	31.386257	36.614385	27.814959	32.155113	36.812649	27.460788	31.925480	35.779828	27.802790	32.256110	35.259259	510.540667
24.155952	26.083011	30.579175	34.295985	37.177436	26.927496	31.343569	36.569348	27.774805	32.112149	36.767815	27.420856	31.882569	35.735580	27.762661	32.213215	35.215235	509.860906
24.180958	26.044227	30.536905	34.251769	37.132155	26.888104	31.300882	36.524311	27.734650	32.069184	36.722981	27.380924	31.839658	35.691331	27.722532	32.170320	35.171211	509.181144
24.205964	26.005442	30.494634	34.207553	37.086873	26.848711	31.258194	36.479273	27.694496	32.026220	36.678148	27.340992	31.796747	35.647083	27.682403	32.127426	35.127186	508.501382
24.230970	25.966658	30.452364	34.163337	37.041592	26.809319	31.215506	36.434236	27.654341	31.983255	36.633314	27.301060	31.753836	35.602834	27.642274	32.084531	35.083162	507.821620
24.255976	25.927873	30.410093	34.119121	36.996311	26.769926	31.172819	36.389199	27.614187	31.940291	36.588480	27.261128	31.710925	35.558586	27.602144	32.041636	35.039137	507.141857
24.280983	25.889089	30.367822	34.074905	36.951030	26.730534	31.130131	36.344161	27.574032	31.897327	36.543646	27.221196	31.668014	35.514337	27.562015	31.998741	34.995113	506.462094
24.305989	25.850304	30.325552	34.030689	36.905749	26.691141	31.087444	36.299124	27.533878	31.854362	36.498813	27.181264	31.625103	35.470088	27.521885	31.955846	34.951088	505.782330
24.330995	25.811519	30.283281	33.986473	36.860468	26.651749	31.044756	36.254087	27.493723	31.811398	36.453979	27.141332	31.582192	35.425840	27.481756	31.912951	34.907063	505.102567
24.356001	25.772831	30.240979	33.942095	36.815118	26.612451	31.002071	36.209134	27.453733	31.768470	36.409297	27.101597	31.539282	35.381493	27.441767	31.870007	34.862927	504.423251
24.381007	25.734506	30.198558	33.897099	36.769507	26.573514	30.959393	36.164504	27.414368	31.725681	36.365190	27.062615	31.496375	35.336774	27.402312	31.826881	34.818367	503.745644
24.406013	25.696181	30.156138	33.852102	36.723895	26.534577	30.916715	36.119873	27.375004	31.682891	36.321084	27.023632	31.453469	35.292056	27.362857	31.783754	34.773807	503.068037
24.431020	25.657856	30.113717	33.807106	36.678284	26.495640	30.874038	36.075243	27.335639	31.640102	36.276978	26.984650	31.410563	35.247337	27.323403	31.740627	34.729247	502.390429
24.456026	25.619531	30.071297	33.762110	36.632673	26.456703	30.831360	36.030612	27.296274	31.597313	36.232872	26.945667	31.367656	35.202618	27.283948	31.697500	34.684687	501.712821
24.481032	25.581206	30.028876	33.717113	36.587062	26.417766	30.788683	35.985982	27.256910	31.554524	36.188766	26.906685	31.324750	35.157899	27.244493	31.654373	34.640127	501.035212
24.506038	25.542880	29.986456	33.672117	36.541450	26.378829	30.746005	35.941351	27.217545	31.511734	36.144659	26.867703	31.281843	35.113179	27.205038	31.611245	34.595567	500.357603
24.531044	25.504555	29.944035	33.627121	36.495839	26.339892	30.703327	35.896720	27.178180	31.468945	36.100553	26.828720	31.238937	35.068460	27.165583	31.568118	34.551007	499.679993
24.556050	25.466230	29.901614	33.582124	36.450228	26.300954	30.660650	35.852090	27.138816	31.426156	36.056446	26.789738	31.196030	35.023741	27.126129	31.524991	34.506446	499.002384
24.581056	25.427905	29.859194	33.537128	36.404617	26.262017	30.617972	35.807459	27.099451	31.383366	36.012340	26.750755	31.153124	34.979022	27.086673	31.481864	34.461886	498.324773
24.606063	25.389706	29.816902	33.492360	36.359144	26.223179	30.575398	35.762824	27.060185	31.340651	35.968183	26.711841	31.110294	34.934352	27.047289	31.438877	34.417439	497.648623
24.631069	25.351982	29.775091	33.448449	36.314193	26.184712	30.533210	35.718177	27.021291	31.298211	35.923834	26.673184	31.067753	34.889865	27.008169	31.396416	34.373419	496.977956
24.656075	25.314258	29.733281	33.404539	36.269242	26.146244	30.491023	35.673529	26.982396	31.255772	35.879485	26.634526	31.025211	34.845379	26.969049	31.353955	34.329398	496.307289
24.681081	25.276534	29.691470	33.360628	36.224291	26.107777	30.448835	35.628882	26.943502	31.213333	35.835137	26.595869	30.982670	34.800893	26.929929	31.311494	34.285378	495.636622
24.706087	25.238810	29.649660	33.316718	36.179340	26.069310	30.406647	35.584234	26.904608	31.170893	35.790788	26.557211	30.940128	34.756406	26.890809	31.269033	34.241358	494.965954
24.731093	25.201086	29.607850	33.272807	36.134389	26.030842	30.364460	35.539587	26.865713	31.128454	35.746439	26.518554	30.897587	34.711920	26.851689	31.226572	34.197337	494.295286
24.756100	25.163363	29.566039	33.228897	36.089438	25.992375	30.322272	35.494939	26.826819	31.086014	35.702091	26.479897	30.855045	34.667434	26.812569	31.184111	34.153317	493.624618
24.781106	25.125639	29.524229	33.184986	36.044487	25.953907	30.280084	35.450292	26.787925	31.043575	35.657742	26.441239	30.812504	34.622947	26.773449	31.141650	34.109296	492.953950
24.806112	25.087915	29.482418	33.141076	35.999536	25.915440	30.237897	35.405644	26.749030	31.001135	35.613393	26.402582	30.769962	34.578461	26.734328	31.099188	34.065276	492.283281
24.831118	25.050191	29.440608	33.097166	35.954585	25.876972	30.195709	35.360997	26.710136	30.958696	35.569045	26.363924	30.727420	34.533974	26.695208	31.056727	34.021255	491.612612
24.856124	25.012665	29.399127	33.053595	35.909983	25.838735	30.153832	35.316679	26.671476	30.916549	35.525061	26.325469	30.685273	34.489838	26.656373	31.014541	33.977574	490.946767
24.881130	24.975870	29.358867	33.011279	35.866672	25.801348	30.113105	35.273582	26.633681	30.875485	35.482424	26.287761	30.644581	34.446994	26.618593	30.973375	33.935149	490.298766
24.906137	24.939075	29.318607	32.968963	35.823361	25.763961	30.072378	35.230485	26.595886	30.834420	35.439788	26.250054	30.603890	34.404150	26.580813	30.932209	33.892723	489.650764
24.931143	24.902280	29.278347	32.926647	35.780051	25.726574	30.031650	35.187388	26.558092	30.793356	35.397151	26.212346	30.563199	34.361306	26.543032	30.891043	33.850298	489.002762
24.956149	24.865485	29.238087	32.884331	35.736740	25.689188	29.990923	35.144290	26.520297	30.752292	35.354515	26.174639	30.522507	34.318462	26.505252	30.849877	33.807873	488.354759
24.981155	24.828690	29.197827	32.842015	35.693429	25.651801	29.950196	35.101193	26.482503	30.711228	35.311878	26.136931	30.481816	34.275618	26.467472	30.808710	33.765447	487.706756
25.006161	24.791896	29.157567	32.799700	35.650119	25.614414	29.909469	35.058096	26.444708	30.670163	35.269242	26.099224	30.441125	34.232774	26.429691	30.767544	33.723022	487.058753
25.031167	24.755101	29.117307	32.757384	35.606808	25.577027	29.868741	35.014999	26.406913	30.629099	35.226605	26.061516	30.400433	34.189930	26.391911	30.726377	33.680596	486.410749
25.056174	24.718306	29.077047	32.715068	35.563497	25.539640	29.828014	34.971902	26.369118	30.588035	35.183969	26.023809	30.359742	34.147086	26.354130	30.685211	33.638171	485.762745
25.081180	24.681511	29.036787	32.672752	35.520187	25.502253	29.787287	34.928805	26.331324	30.546970	35.141332	25.986101	30.319050	34.104242	26.316350	30.644044	33.595745	485.114740
25.106186	24.645042	28.996826	32.630703	35.477089	25.465168	29.746840	34.886003	26.293798	30.506235	35.098903	25.948736	30.278596	34.061751	26.278856	30.603203	33.553609	484.471357
25.131192	24.609764	28.957957	32.589628	35.434769	25.429181	29.707413	34.844276	26.257254	30.466701	35.057232	25.912619	30.239004	34.020548	26.242405	30.563545	33.512526	483.844823
25.156198	24.574485	28.919088	32.548553	35.392448	25.393194	29.667986	34.802550	26.220709	30.427167	35.015560	25.876502	30.199413	33.979346	26.205955	30.523888	33.471443	483.218288
25.181204	24.539207	28.880219	32.507479	35.350128	25.357207	29.628559	34.760824	26.184164	30.387633	34.973889	25.840384	30.159822	33.938143	26.169505	30.484230	33.430360	482.591753
25.206211	24.503929	28.841350	32.466404	35.307808	25.321220	29.589132	34.719097	26.147620	30.348099	34.932217	25.804267	30.120231	33.896941	26.133054	30.444572	33.389277	481.965218
25.231217	24.468651	28.802481	32.425329	35.265487	25.285232	29.549705	34.677371	26.111075	30.308565	34.890546	25.768150	30.080639	33.855738	26.096603	30.404915	33.348194	481.338682
25.256223	24.433372	28.763612	32.384255	35.223167	25.249245	29.510278	34.635645	26.074531	30.269031	34.848874	25.732032	30.041048	33.814535	26.060153	30.365257	33.307111	480.712146
25.281229	24.398094	28.724743	32.343180	35.180846	25.213258	29.470851	34.593918	26.037986	30.229497	34.807203	25.695915	30.001456	33.773332	26.023702	30.325599	33.266028	480.085610
25.306235	24.362816	28.685874	32.302105	35.138526	25.177271	29.431424	34.552192	26.001441	30.189963	34.765531	25.659797	29.961865	33.732129	25.987252	30.285942	33.224944	479.459073
25.331241	24.327538	28.647005	32.261031	35.096205	25.141283	29.391997	34.510465	25.964897	30.150429	34.723859	25.623680	29.922273	33.690926	25.950801	30.246284	33.183861	478.832536
25.356247	24.292493	28.608409	32.220234	35.054168	25.105596	29.352962	34.469074	25.928695	30.111236	34.682666	25.587840	29.883041	33.650028	25.914678	30.206958	33.143183	478.211261
25.381254	24.258284	28.570789	32.180433	35.013148	25.070984	29.315335	34.428887	25.893726	30.073267	34.643193	25.552998	29.845100	33.610228	25.879733	30.168827	33.103962	477.608894
25.406260	24.224076	28.533169	32.140633	34.972128	25.036373	29.277708	34.388700	25.858756	30.035298	34.603720	25.518156	29.807159	33.570427	25.844787	30.130695	33.064741	477.006526
25.431266	24.189867	28.495548	32.100832	34.931108	25.001761	29.240081	34.348513	25.823787	29.997329	34.564247	25.483313	29.769217	33.530626	25.809842	30.092563	33.025521	476.404158
25.456272	24.155659	28.457928	32.061031	34.890088	24.967150	29.202454	34.308326	25.788818	29.959360	34.524774	25.448471	29.731276	33.490826	25.774897	30.054431	32.986300	475.801790
25.481278	24.121450	28.420308	32.021231	34.849068	24.932539	29.164827	34.268139	25.753849	29.921391	34.485301	25.413628	29.693335	33.451025	25.739952	30.016299	32.947079	475.199422
25.506284	24.087242	28.382688	31.981430	34.808048	24.897927	29.127200	34.227953	25.718879	29.883422	34.445828	25.378786	29.655394	33.411225	25.705006	29.978167	32.907858	474.597053
25.531291	24.053033	28.345068	31.941629	34.767027	24.863316	29.089573	34.187766	25.683910	29.845453	34.406355	25.343943	29.617452	33.371424	25.670061	29.940035	32.868637	473.994684
25.556297	24.018824	28.307448	31.901829	34.726007	24.828704	29.051946	34.147579	25.648940	29.807484	34.366882	25.309101	29.579511	33.331623	25.635116	29.901903	32.829416	473.392315
25.581303	23.984616	28.269828	31.862028	34.684987	24.794093	29.014319	34.107392	25.613971	29.769515	34.327409	25.274258	29.541570	33.291823	25.600170	29.863771	32.790195	472.789945
25.606309	23.950711	28.232445	31.822467	34.644258	24.759755	28.976798	34.067378	25.579241	29.731732	34.287936	25.239661	29.503793	33.252123	25.565484	29.825876	32.751035	472.190693
25.631315	23.917882	28.195906	31.783758	34.604558	24.726384	28.939657	34.027972	25.545357	29.694608	34.248463	25.205929	29.466596	33.212783	25.531713	29.788823	32.712092	471.602482
25.656321	23.885053	28.159367	31.745048	34.564858	24.693013	28.902515	33.988566	25.511474	29.657485	34.208990	25.172198	29.429400	33.173442	25.497942	29.751770	32.673148	471.014270
25.681328	23.852224	28.122828	31.706339	34.525159	24.659642	28.865374	33.949160	25.477590	29.620361	34.169517	25.138466	29.392204	33.134102	25.464172	29.714718	32.634204	470.426058
25.706334	23.819395	28.086289	31.667629	34.485459	24.626272	28.828232	33.909753	25.443707	29.583238	34.130045	25.104735	29.355007	33.094761	25.430401	29.677665	32.595260	469.837845
25.731340	23.786565	28.049750	31.628919	34.445759	24.592901	28.791090	33.870347	25.409823	29.546114	34.090572	25.071003	29.317810	33.055421	25.396630	29.640612	32.556316	469.249632
25.756346	23.753736	28.013211	31.590210	34.406059	24.559530	28.753949	33.830941	25.375940	29.508991	34.051099	25.037272	29.280614	33.016080	25.362859	29.603559	32.517371	468.661419
25.781352	23.720907	27.976672	31.551500	34.366359	24.526159	28.716807	33.791535	25.342056	29.471867	34.011626	25.003540	29.243417	32.976739	25.329088	29.566506	32.478427	468.073205
25.806358	23.688078	27.940132	31.512790	34.326660	24.492788	28.679665	33.752129	25.308173	29.434743	33.972153	24.969809	29.206220	32.937399	25.295317	29.529452	32.439483	467.484992
25.831365	23.655249	27.903593	31.474081	34.286960	24.459417	28.642524	33.712722	25.274289	29.397620	33.932680	24.936078	29.169024	32.898058	25.261546	29.492399	32.400538	466.896778
25.856371	23.622622	27.867122	31.435442	34.247334	24.426253	28.605527	33.673361	25.240617	29.360612	33.893370	24.902560	29.131949	32.858876	25.227924	29.455346	32.361710	466.310624
25.881377	23.590705	27.830888	31.397053	34.207964	24.393807	28.569036	33.634154	25.207684	29.324008	33.854628	24.869787	29.095303	32.820247	25.194823	29.418293	32.323286	465.731666
25.906383	23.558788	27.794654	31.358663	34.168594	24.361361	28.532545	33.594948	25.174751	29.287404	33.815887	24.837014	29.058657	32.781618	25.161722	29.381240	32.284863	465.152707
25.931389	23.526871	27.758420	31.320273	34.129225	24.328915	28.496053	33.555742	25.141818	29.250800	33.777145	24.804241	29.022010	32.742988	25.128621	29.344186	32.246439	464.573748
25.956395	23.494954	27.722185	31.281884	34.089855	24.296470	28.459562	33.516535	25.108884	29.214196	33.738403	24.771468	28.985364	32.704359	25.095520	29.307133	32.208016	463.994789
25.981402	23.463037	27.685951	31.243494	34.050485	24.264024	28.423071	33.477329	25.075951	29.177592	33.699662	24.738694	28.948718	32.665729	25.062419	29.270080	32.169593	463.415829
26.006408	23.431120	27.649717	31.205105	34.011115	24.231578	28.386580	33.438123	25.043018	29.140988	33.660920	24.705921	28.912071	32.627100	25.029317	29.233026	32.131169	462.836869
26.031414	23.399203	27.613483	31.166715	33.971746	24.199133	28.350089	33.398916	25.010084	29.104384	33.622179	24.673148	28.875425	32.588470	24.996216	29.195973	32.092746	462.257909
26.056420	23.367286	27.577249	31.128326	33.932376	24.166687	28.313597	33.359710	24.977151	29.067780	33.583437	24.640375	28.838778	32.549841	24.963115	29.158919	32.054323	461.678949
26.081426	23.335369	27.541015	31.089936	33.893006	24.134241	28.277106	33.320504	24.944218	29.031176	33.544695	24.607601	28.802131	32.511211	24.930013	29.121866	32.015899	461.099988
26.106432	23.303110	27.504535	31.051191	33.853193	24.101415	28.240360	33.281034	24.910932	28.994265	33.505623	24.574505	28.765194	32.472159	24.896572	29.084569	31.977116	460.515773
26.131438	23.269670	27.467212	31.011221	33.811853	24.067277	28.202738	33.240657	24.876431	28.956295	33.465416	24.540297	28.727258	32.431654	24.861961	29.046436	31.937096	459.913471
26.156445	23.236231	27.429889	30.971251	33.770513	24.033140	28.165115	33.200280	24.841930	28.918325	33.425209	24.506089	28.689321	32.391149	24.827350	29.008303	31.897075	459.311169
26.181451	23.202791	27.392566	30.931281	33.729172	23.999003	28.127492	33.159904	24.807429	28.880356	33.385001	24.471882	28.651384	32.350644	24.792739	28.970170	31.857055	458.708867
26.206457	23.169351	27.355243	30.891311	33.687832	23.964865	28.089870	33.119527	24.772929	28.842386	33.344794	24.437674	28.613447	32.310138	24.758127	28.932036	31.817034	458.106564
26.231463	23.135912	27.317920	30.851341	33.646492	23.930728	28.052247	33.079151	24.738428	28.804416	33.304586	24.403466	28.575510	32.269633	24.723516	28.893903	31.777013	457.504261
26.256469	23.102472	27.280597	30.811371	33.605152	23.896591	28.014624	33.038774	24.703927	28.766446	33.264379	24.369258	28.537574	32.229127	24.688905	28.855769	31.736992	456.901957
26.281475	23.069033	27.243274	30.771401	33.563812	23.862453	27.977001	32.998397	24.669426	28.728476	33.224171	24.335050	28.499637	32.188622	24.654294	28.817636	31.696971	456.299653
26.306482	23.035593	27.205951	30.731431	33.522472	23.828316	27.939379	32.958021	24.634924	28.690507	33.183963	24.300842	28.461700	32.148116	24.619683	28.779502	31.656950	455.697349
26.331488	23.002153	27.168628	30.691461	33.481131	23.794178	27.901756	32.917644	24.600423	28.652537	33.143756	24.266634	28.423763	32.107611	24.585071	28.741368	31.616929	455.095044
26.356494	22.968295	27.130990	30.651206	33.439566	23.759652	27.863796	32.876960	24.565493	28.614252	33.103271	24.231956	28.385533	32.066999	24.550042	28.702986	31.576724	454.487722
26.381500	22.933018	27.092280	30.609986	33.397235	23.723805	27.824694	32.835233	24.529109	28.574897	33.061847	24.195684	28.346305	32.026029	24.513594	28.663762	31.535896	453.863374
26.406506	22.897740	27.053571	30.568766	33.354905	23.687958	27.785592	32.793506	24.492725	28.535541	33.020424	24.159411	28.307078	31.985058	24.477146	28.624537	31.495068	453.239026
26.431512	22.862462	27.014861	30.527545	33.312575	23.652112	27.746490	32.751778	24.456340	28.496186	32.979000	24.123139	28.267850	31.944087	24.440698	28.585312	31.454240	452.614677
26.456519	22.827185	26.976152	30.486325	33.270244	23.616265	27.707388	32.710051	24.419956	28.456831	32.937576	24.086866	28.228623	31.903117	24.404250	28.546087	31.413412	451.990328
26.481525	22.791907	26.937442	30.445105	33.227914	23.580418	27.668286	32.668324	24.383572	28.417476	32.896152	24.050594	28.189395	31.862146	24.367802	28.506863	31.372584	451.365979
26.506531	22.756630	26.898733	30.403885	33.185583	23.544572	27.629184	32.626596	24.347187	28.378120	32.854728	24.014321	28.150168	31.821175	24.331354	28.467638	31.331756	450.741630
26.531537	22.721352	26.860023	30.362664	33.143253	23.508725	27.590082	32.584869	24.310803	28.338765	32.813304	23.978049	28.110940	31.780204	24.294906	28.428413	31.290928	450.117281
26.556543	22.686074	26.821314	30.321444	33.100922	23.472878	27.550980	32.543141	24.274419	28.299410	32.771880	23.941776	28.071712	31.739233	24.258457	28.389188	31.250100	449.492931
26.581549	22.650797	26.782604	30.280224	33.058592	23.437032	27.511878	32.501414	24.238034	28.260054	32.730457	23.905504	28.032485	31.698263	24.222009	28.349963	31.209272	448.868581
26.606556	22.615767	26.744145	30.239364	33.016565	23.401399	27.473002	32.459997	24.201864	28.220897	32.689368	23.869485	27.993427	31.657507	24.185792	28.310890	31.168691	448.248159
26.631562	22.581563	26.706524	30.199709	32.975555	23.366482	27.434880	32.419620	24.166410	28.182403	32.649399	23.834317	27.954940	31.617471	24.150349	28.272325	31.128938	447.640885
26.656568	22.547360	26.668904	30.160054	32.934545	23.331566	27.396758	32.379243	24.130956	28.143909	32.609431	23.799148	27.916452	31.577435	24.114906	28.233761	31.089184	447.033611
26.681574	22.513156	26.631283	30.120399	32.893535	23.296649	27.358636	32.338867	24.095501	28.105414	32.569462	23.763980	27.877964	31.537400	24.079463	28.195196	31.049431	446.426337
26.706580	22.478953	26.593662	30.080745	32.852525	23.261733	27.320514	32.298490	24.060047	28.066920	32.529494	23.728811	27.839476	31.497364	24.044019	28.156631	31.009678	445.819062
26.731586	22.444749	26.556042	30.041090	32.811515	23.226817	27.282392	32.258113	24.024593	28.028426	32.489526	23.693643	27.800988	31.457328	24.008576	28.118066	30.969924	445.211787
26.756593	22.410546	26.518421	30.001435	32.770505	23.191900	27.244270	32.217736	23.989139	27.989931	32.449557	23.658474	27.762500	31.417292	23.973133	28.079501	30.930171	444.604512
26.781599	22.376343	26.480800	29.961780	32.729495	23.156984	27.206148	32.177360	23.953685	27.951437	32.409589	23.623306	27.724012	31.377256	23.937689	28.040935	30.890418	443.997236
26.806605	22.342139	26.443179	29.922125	32.688485	23.122067	27.168026	32.136983	23.918231	27.912943	32.369621	23.588137	27.685524	31.337220	23.902246	28.002370	30.850664	443.389960
26.831611	22.307936	26.405558	29.882471	32.647474	23.087151	27.129904	32.096606	23.882777	27.874448	32.329652	23.552969	27.647036	31.297184	23.866802	27.963805	30.810911	442.782684
26.856617	22.274229	26.368333	29.843218	32.606920	23.052737	27.092162	32.056545	23.847799	27.836395	32.289970	23.518246	27.608977	31.257419	23.831825	27.925589	30.771405	442.181771
26.881623	22.242161	26.332414	29.805295	32.567871	23.019981	27.055676	32.017528	23.814394	27.799795	32.251232	23.484998	27.572335	31.218548	23.798387	27.888530	30.732717	441.601861
26.906629	22.210093	26.296495	29.767372	32.528821	22.987225	27.019189	31.978511	23.780989	27.763195	32.212494	23.451750	27.535692	31.179677	23.764949	27.851470	30.694028	441.021951
26.931636	22.178025	26.260576	29.729449	32.489771	22.954469	26.982703	31.939494	23.747583	27.726594	32.173757	23.418502	27.499050	31.140806	23.731511	27.814410	30.655340	440.442040
26.956642	22.145957	26.224657	29.691526	32.450722	22.921713	26.946216	31.900477	23.714178	27.689994	32.135019	23.385253	27.462407	31.101935	23.698073	27.777350	30.616652	439.862129
26.981648	22.113889	26.188738	29.653603	32.411672	22.888957	26.909730	31.861460	23.680773	27.653394	32.096281	23.352005	27.425765	31.063063	23.664634	27.740290	30.577963	439.282218
27.006654	22.081821	26.152820	29.615680	32.372622	22.856201	26.873244	31.822443	23.647368	27.616794	32.057543	23.318757	27.389122	31.024192	23.631196	27.703230	30.539275	438.702307
27.031660	22.049753	26.116901	29.577757	32.333573	22.823445	26.836757	31.783425	23.613962	27.580194	32.018805	23.285508	27.352479	30.985321	23.597758	27.666170	30.500587	438.122395
27.056666	22.017685	26.080982	29.539834	32.294523	22.790689	26.800271	31.744408	23.580557	27.543594	31.980067	23.252260	27.315837	30.946450	23.564319	27.629110	30.461898	437.542483
27.081673	21.985617	26.045063	29.501912	32.255474	22.757933	26.763784	31.705391	23.547152	27.506994	31.941329	23.219011	27.279194	30.907579	23.530881	27.592049	30.423209	436.962571
27.106679	21.953764	26.009360	29.464064	32.216465	22.725433	26.727564	31.666511	23.514043	27.470593	31.902705	23.186060	27.242810	30.868927	23.497715	27.555296	30.384836	436.386146
27.131685	21.922611	25.974361	29.426464	32.177589	22.693766	26.692211	31.628080	23.481898	27.434845	31.864452	23.154077	27.207267	30.830991	23.465438	27.519541	30.347488	435.821078
27.156691	21.891458	25.939362	29.388863	32.138713	22.662099	26.656859	31.589648	23.449752	27.399096	31.826199	23.122094	27.171725	30.793055	23.433161	27.483786	30.310141	435.256009
27.181697	21.860305	25.904364	29.351262	32.099836	22.630431	26.621506	31.551216	23.417607	27.363347	31.787946	23.090110	27.136182	30.755119	23.400884	27.448031	30.272793	434.690939
27.206703	21.829152	25.869365	29.313661	32.060960	22.598764	26.586153	31.512785	23.385462	27.327598	31.749693	23.058127	27.100639	30.717183	23.368607	27.412276	30.235445	434.125870
27.231710	21.797999	25.834366	29.276060	32.022084	22.567096	26.550800	31.474353	23.353317	27.291849	31.711440	23.026144	27.065097	30.679247	23.336330	27.376521	30.198097	433.560800
27.256716	21.766846	25.799367	29.238459	31.983208	22.535429	26.515447	31.435922	23.321172	27.256100	31.673186	22.994160	27.029554	30.641311	23.304052	27.340765	30.160749	432.995729
27.281722	21.735693	25.764369	29.200858	31.944332	22.503762	26.480095	31.397490	23.289027	27.220351	31.634933	22.962177	26.994011	30.603375	23.271775	27.305010	30.123401	432.430659
27.306728	21.704540	25.729370	29.163257	31.905455	22.472094	26.444742	31.359059	23.256881	27.184602	31.596680	22.930193	26.958469	30.565439	23.239498	27.269255	30.086053	431.865587
27.331734	21.673387	25.694371	29.125656	31.866579	22.440427	26.409389	31.320627	23.224736	27.148854	31.558427	22.898210	26.922926	30.527503	23.207221	27.233500	30.048705	431.300516
27.356740	21.642597	25.659667	29.088315	31.827934	22.409088	26.374347	31.282562	23.192924	27.113474	31.520518	22.866566	26.887687	30.489847	23.175304	27.198053	30.011607	430.740490
27.381747	21.612969	25.625908	29.051811	31.790031	22.378808	26.340305	31.245676	23.162181	27.079279	31.483715	22.836015	26.853426	30.453091	23.144545	27.163598	29.975313	430.196671
27.406753	21.583342	25.592150	29.015307	31.752128	22.348527	26.306262	31.208790	23.131437	27.045084	31.446911	22.805464	26.819165	30.416336	23.113787	27.129143	29.939018	429.652852
27.431759	21.553714	25.558392	28.978803	31.714225	22.318247	26.272220	31.171904	23.100694	27.010889	31.410108	22.774912	26.784903	30.379580	23.083028	27.094688	29.902724	429.109032
27.456765	21.524087	25.524633	28.942299	31.676323	22.287966	26.238177	31.135018	23.069951	26.976695	31.373305	22.744361	26.750642	30.342824	23.052269	27.060233	29.866429	428.565212
27.481771	21.494460	25.490875	28.905795	31.638420	22.257686	26.204135	31.098132	23.039208	26.942500	31.336502	22.713809	26.716380	30.306068	23.021511	27.025778	29.830135	428.021393
27.506777	21.464832	25.457116	28.869291	31.600517	22.227405	26.170092	31.061246	23.008464	26.908305	31.299699	22.683258	26.682119	30.269312	22.990752	26.991322	29.793841	427.477573
27.531784	21.435205	25.423358	28.832787	31.562615	22.197125	26.136050	31.024360	22.977721	26.874110	31.262896	22.652706	26.647858	30.232557	22.959993	26.956867	29.757546	426.933753
27.556790	21.405577	25.389599	28.796283	31.524712	22.166844	26.102007	30.987474	22.946978	26.839915	31.226093	22.622155	26.613596	30.195801	22.929234	26.922412	29.721252	426.389932
27.581796	21.375950	25.355841	28.759779	31.486809	22.136564	26.067964	30.950588	22.916235	26.805720	31.189290	22.591603	26.579335	30.159045	22.898475	26.887957	29.684958	425.846112
27.606802	21.346324	25.322234	28.723539	31.449184	22.106356	26.034037	30.913796	22.885531	26.771608	31.152666	22.561130	26.545208	30.122512	22.867755	26.853658	29.648858	425.304395
27.631808	21.316701	25.289105	28.688137	31.412435	22.076381	26.000476	30.877306	22.854951	26.737758	31.116608	22.530906	26.511505	30.086686	22.837158	26.819858	29.613374	424.769343
27.656814	21.287079	25.255977	28.652735	31.375685	22.046405	25.966915	30.840815	22.824371	26.703908	31.080550	22.500681	26.477803	30.050860	22.806561	26.786057	29.577890	424.234291
27.681820	21.257457	25.222849	28.617333	31.338936	22.016430	25.933354	30.804324	22.793791	26.670058	31.044492	22.470456	26.444100	30.015034	22.775963	26.752256	29.542406	423.699238
27.706827	21.227834	25.189721	28.581931	31.302187	21.986455	25.899793	30.767833	22.763211	26.636208	31.008434	22.440231	26.410397	29.979208	22.745366	26.718455	29.506922	423.164184
27.731833	21.198212	25.156592	28.546529	31.265438	21.956479	25.866232	30.731342	22.732631	26.602358	30.972375	22.410005	26.376695	29.943382	22.714769	26.684654	29.471438	422.629131
27.756839	21.168590	25.123464	28.511127	31.228689	21.926504	25.832670	30.694851	22.702050	26.568508	30.936317	22.379780	26.342992	29.907555	22.684172	26.650853	29.435954	422.094077
27.781845	21.138968	25.090336	28.475725	31.191940	21.896529	25.799109	30.658360	22.671470	26.534657	30.900259	22.349555	26.309289	29.871729	22.653574	26.617051	29.400470	421.559022
27.806851	21.109345	25.057207	28.440323	31.155191	21.866553	25.765548	30.621869	22.640890	26.500807	30.864200	22.319330	26.275587	29.835903	22.622977	26.583250	29.364986	421.023967
27.831857	21.079723	25.024079	28.404921	31.118442	21.836578	25.731987	30.585378	22.610310	26.466957	30.828141	22.289104	26.241884	29.800077	22.592380	26.549449	29.329502	420.488912
27.856864	21.050101	24.990948	28.369519	31.081615	21.806492	25.698427	30.548886	22.579653	26.433064	30.791963	22.258762	26.208093	29.764139	22.561742	26.515594	29.293886	419.952884
27.881870	21.020478	24.957810	28.334113	31.044546	21.776059	25.664871	30.512390	22.548758	26.399035	30.755410	22.228053	26.174024	29.727852	22.530977	26.481574	29.257862	419.413814
27.906876	20.990855	24.924672	28.298707	31.007477	21.745627	25.631315	30.475894	22.517863	26.365006	30.718856	22.197345	26.139956	29.691566	22.500213	26.447553	29.221838	418.874744
27.931882	20.961233	24.891534	28.263302	30.970408	21.715195	25.597759	30.439398	22.486967	26.330978	30.682303	22.166636	26.105888	29.655279	22.469448	26.413532	29.185813	418.335674
27.956888	20.931610	24.858395	28.227896	30.933339	21.684762	25.564203	30.402902	22.456072	26.296949	30.645750	22.135927	26.071820	29.618993	22.438684	26.379511	29.149789	417.796603
27.981894	20.901988	24.825257	28.192490	30.896270	21.654330	25.530647	30.366406	22.425176	26.262921	30.609197	22.105219	26.037752	29.582706	22.407919	26.345490	29.113764	417.257532
28.006901	20.872365	24.792119	28.157085	30.859201	21.623897	25.497091	30.329910	22.394281	26.228892	30.572643	22.074510	26.003684	29.546419	22.377155	26.311469	29.077739	416.718461
28.031907	20.842743	24.758980	28.121679	30.822132	21.593465	25.463535	30.293414	22.363385	26.194864	30.536090	22.043801	25.969616	29.510133	22.346390	26.277449	29.041715	416.179390
28.056913	20.813120	24.725842	28.086273	30.785062	21.563032	25.429979	30.256918	22.332490	26.160835	30.499537	22.013092	25.935548	29.473846	22.315625	26.243428	29.005690	415.640318
28.081919	20.783498	24.692704	28.050867	30.747993	21.532599	25.396423	30.220422	22.301594	26.126807	30.462984	21.982383	25.901479	29.437559	22.284860	26.209407	28.969665	415.101246
28.106925	20.753650	24.659375	28.015230	30.710679	21.501977	25.362627	30.183691	22.270505	26.092570	30.426312	21.951480	25.867322	29.401157	22.253890	26.175174	28.933511	414.559150
28.131931	20.723108	24.625459	27.978878	30.672610	21.470772	25.328091	30.146233	22.238822	26.057689	30.389273	21.919978	25.832888	29.364401	22.222287	26.140287	28.896956	414.007731
28.156938	20.692565	24.591542	27.942526	30.634541	21.439566	25.293555	30.108776	22.207138	26.022808	30.352235	21.888476	25.798455	29.327644	22.190683	26.105401	28.860401	413.456311
28.181944	20.662022	24.557626	27.906174	30.596471	21.408360	25.259018	30.071318	22.175454	25.987927	30.315197	21.856974	25.764022	29.290887	22.159080	26.070514	28.823846	412.904891
28.206950	20.631480	24.523710	27.869822	30.558402	21.377154	25.224482	30.033860	22.143771	25.953047	30.278159	21.825472	25.729588	29.254130	22.127476	26.035628	28.787291	412.353471
28.231956	20.600937	24.489793	27.833470	30.520332	21.345948	25.189946	29.996403	22.112087	25.918166	30.241120	21.793970	25.695155	29.217373	22.095873	26.000741	28.750735	411.802051
28.256962	20.570395	24.455877	27.797118	30.482263	21.314743	25.155410	29.958945	22.080403	25.883285	30.204082	21.762468	25.660721	29.180616	22.064269	25.965855	28.714180	411.250630
28.281968	20.539852	24.421961	27.760766	30.444194	21.283537	25.120873	29.921487	22.048719	25.848404	30.167044	21.730966	25.626288	29.143859	22.032666	25.930968	28.677625	410.699210
28.306975	20.509310	24.388045	27.724414	30.406124	21.252331	25.086337	29.884029	22.017036	25.813523	30.130006	21.699464	25.591854	29.107102	22.001062	25.896082	28.641070	410.147789
28.331981	20.478767	24.354129	27.688062	30.368055	21.221125	25.051801	29.846571	21.985352	25.778642	30.092967	21.667962	25.557421	29.070345	21.969459	25.861195	28.604515	409.596368
28.356987	20.448224	24.320177	27.651713	30.329988	21.189995	25.017345	29.809160	21.953668	25.743846	30.055928	21.636499	25.522940	29.033587	21.937772	25.826361	28.568026	409.045228
28.381993	20.417682	24.286119	27.615372	30.291929	21.159094	24.983134	29.771888	21.921985	25.709305	30.018884	21.605154	25.488313	28.996824	21.905834	25.791689	28.531740	408.494945
28.406999	20.387139	24.252061	27.579030	30.253869	21.128193	24.948923	29.734617	21.890301	25.674764	29.981841	21.573810	25.453686	28.960062	21.873895	25.757016	28.495455	407.944662
28.432005	20.356596	24.218002	27.542689	30.215810	21.097292	24.914712	29.697345	21.858617	25.640223	29.944798	21.542466	25.419059	28.923300	21.841957	25.722343	28.459169	407.394378
28.457011	20.326054	24.183944	27.506348	30.177750	21.066392	24.880501	29.660074	21.826933	25.605682	29.907754	21.511121	25.384432	28.886537	21.810018	25.687670	28.422884	406.844094
28.482018	20.295511	24.149885	27.470007	30.139691	21.035491	24.846290	29.622803	21.795250	25.571141	29.870711	21.479777	25.349805	28.849775	21.778080	25.652997	28.386598	406.293810
28.507024	20.264968	24.115827	27.433665	30.101632	21.004590	24.812079	29.585531	21.763566	25.536600	29.833667	21.448433	25.315179	28.813012	21.746141	25.618324	28.350312	405.743526
28.532030	20.234425	24.081769	27.397324	30.063572	20.973689	24.777867	29.548260	21.731882	25.502059	29.796624	21.417088	25.280552	28.776250	21.714203	25.583650	28.314026	405.193241
28.557036	20.203883	24.047710	27.360983	30.025513	20.942788	24.743656	29.510988	21.700199	25.467518	29.759581	21.385744	25.245925	28.739487	21.682264	25.548977	28.277740	404.642956
28.582042	20.173340	24.013652	27.324641	29.987454	20.911888	24.709445	29.473717	21.668515	25.432977	29.722537	21.354399	25.211298	28.702725	21.650325	25.514304	28.241454	404.092670
28.607048	20.143256	23.980056	27.288731	29.949804	20.881295	24.675601	29.436931	21.637263	25.398820	29.685922	21.323372	25.177085	28.666372	21.618848	25.479902	28.205565	403.548823
28.632055	20.114548	23.947848	27.254118	29.913385	20.851630	24.642858	29.401605	21.607307	25.365816	29.650593	21.293298	25.144117	28.631251	21.588757	25.446315	28.170870	403.024316
28.657061	20.085841	23.915640	27.219504	29.876966	20.821965	24.610115	29.366280	21.577351	25.332812	29.615264	21.263224	25.111148	28.596130	21.558667	25.412728	28.136175	402.499809
28.682067	20.057134	23.883432	27.184891	29.840547	20.792299	24.577371	29.330954	21.547396	25.299809	29.579935	21.233150	25.078180	28.561008	21.528576	25.379141	28.101480	401.975302
28.707073	20.028427	23.851224	27.150277	29.804128	20.762634	24.544628	29.295628	21.517440	25.266805	29.544606	21.203076	25.045211	28.525887	21.498485	25.345554	28.066785	401.450795
28.732079	19.999720	23.819016	27.115663	29.767709	20.732968	24.511885	29.260302	21.487484	25.233801	29.509277	21.173002	25.012243	28.490766	21.468394	25.311967	28.032090	400.926287
28.757085	19.971012	23.786808	27.081050	29.731290	20.703303	24.479142	29.224976	21.457528	25.200798	29.473948	21.142927	24.979274	28.455645	21.438303	25.278380	27.997394	400.401780
28.782092	19.942305	23.754600	27.046436	29.694871	20.673637	24.446399	29.189650	21.427573	25.167794	29.438619	21.112853	24.946305	28.420524	21.408212	25.244793	27.962699	399.877271
28.807098	19.913598	23.722392	27.011823	29.658452	20.643972	24.413655	29.154324	21.397617	25.134790	29.403290	21.082779	24.913337	28.385402	21.378121	25.211205	27.928004	399.352763
28.832104	19.884891	23.690184	26.977209	29.622033	20.614307	24.380912	29.118999	21.367661	25.101787	29.367961	21.052705	24.880368	28.350281	21.348030	25.177618	27.893309	398.828255
28.857110	19.856722	23.658564	26.943230	29.586194	20.585266	24.348703	29.084113	21.338219	25.069305	29.333122	21.023314	24.847958	28.315632	21.318569	25.144741	27.859088	398.312739
28.882116	19.830151	23.628684	26.911132	29.552076	20.558076	24.318077	29.050530	21.310301	25.038372	29.299739	20.995947	24.817205	28.282381	21.290976	25.113968	27.826273	397.823888
28.907122	19.803579	23.598804	26.879034	29.517958	20.530886	24.287452	29.016948	21.282383	25.007439	29.266355	20.968581	24.786452	28.249130	21.263383	25.083195	27.793458	397.335036
28.932129	19.777008	23.568924	26.846936	29.483839	20.503696	24.256827	28.983366	21.254465	24.976506	29.232971	20.941214	24.755699	28.215879	21.235789	25.052421	27.760642	396.846183
28.957135	19.750436	23.539044	26.814838	29.449721	20.476507	24.226201	28.949784	21.226548	24.945573	29.199587	20.913848	24.724945	28.182629	21.208196	25.021648	27.727827	396.357331
28.982141	19.723864	23.509164	26.782740	29.415602	20.449317	24.195576	28.916201	21.198630	24.914640	29.166203	20.886482	24.694192	28.149378	21.180603	24.990875	27.695011	395.868478
29.007147	19.697293	23.479284	26.750642	29.381484	20.422127	24.164950	28.882619	21.170712	24.883707	29.132819	20.859115	24.663439	28.116127	21.153010	24.960102	27.662196	395.379625
29.032153	19.670721	23.449404	26.718544	29.347366	20.394937	24.134325	28.849036	21.142794	24.852773	29.099435	20.831749	24.632685	28.082876	21.125416	24.929328	27.629380	394.890771
29.057159	19.644150	23.419524	26.686446	29.313247	20.367748	24.103699	28.815454	21.114876	24.821840	29.066051	20.804382	24.601932	28.049626	21.097823	24.898555	27.596564	394.401918
29.082166	19.617578	23.389644	26.654348	29.279129	20.340558	24.073074	28.781872	21.086958	24.790907	29.032667	20.777016	24.571179	28.016375	21.070230	24.867781	27.563749	393.913064
29.107172	19.591006	23.359760	26.622169	29.245008	20.313407	24.042614	28.748338	21.059161	24.760106	28.999345	20.749690	24.540519	27.983185	21.042637	24.837064	27.530930	393.424940
29.132178	19.564435	23.329865	26.589756	29.210880	20.286370	24.012639	28.714947	21.031715	24.729691	28.966202	20.722481	24.510136	27.950173	21.015049	24.806512	27.498105	392.938955
29.157184	19.537863	23.299970	26.557343	29.176751	20.259332	23.982664	28.681557	21.004270	24.699275	28.933059	20.695272	24.479753	27.917161	20.987460	24.775960	27.465279	392.452969
29.182190	19.511291	23.270076	26.524930	29.142623	20.232295	23.952688	28.648166	20.976825	24.668860	28.899916	20.668063	24.449369	27.884149	20.959872	24.745408	27.432453	391.966983
29.207196	19.484719	23.240181	26.492517	29.108494	20.205257	23.922713	28.614775	20.949379	24.638444	28.866773	20.640854	24.418986	27.851136	20.932283	24.714856	27.399627	391.480996
29.232202	19.458148	23.210286	26.460103	29.074366	20.178220	23.892738	28.581385	20.921933	24.608029	28.833631	20.613646	24.388602	27.818124	20.904695	24.684303	27.366801	390.995010
29.257209	19.431576	23.180391	26.427690	29.040237	20.151182	23.862763	28.547994	20.894488	24.577613	28.800488	20.586437	24.358219	27.785112	20.877106	24.653751	27.333975	390.509023
29.282215	19.405004	23.150497	26.395277	29.006109	20.124145	23.832787	28.514604	20.867042	24.547198	28.767345	20.559228	24.327835	27.752099	20.849517	24.623199	27.301149	390.023036
29.307221	19.378432	23.120602	26.362864	28.971981	20.097107	23.802812	28.481213	20.839597	24.516782	28.734202	20.532019	24.297452	27.719087	20.821929	24.592647	27.268323	389.537048
29.332227	19.351861	23.090707	26.330451	28.937852	20.070070	23.772837	28.447822	20.812151	24.486367	28.701059	20.504810	24.267068	27.686075	20.794340	24.562095	27.235497	389.051061
29.357233	19.325173	23.060577	26.297795	28.903387	20.042913	23.742527	28.414135	20.784543	24.455688	28.667605	20.477439	24.236399	27.652880	20.766622	24.531262	27.202536	388.561479
29.382239	19.298148	23.029767	26.264436	28.867948	20.015413	23.711252	28.379589	20.756468	24.424247	28.633251	20.449599	24.204905	27.619159	20.738530	24.499621	27.169184	388.061517
29.407246	19.271124	22.998956	26.231078	28.832509	19.987913	23.679976	28.345043	20.728392	24.392806	28.598896	20.421760	24.173411	27.585438	20.710439	24.467981	27.135833	387.561554
29.432252	19.244099	22.968146	26.197719	28.797071	19.960413	23.648700	28.310497	20.700316	24.361365	28.564541	20.393921	24.141917	27.551717	20.682347	24.436340	27.102482	387.061590
29.457258	19.217075	22.937336	26.164361	28.761632	19.932913	23.617425	28.275951	20.672240	24.329924	28.530187	20.366081	24.110423	27.517996	20.654255	24.404699	27.069130	386.561627
29.482264	19.190050	22.906525	26.131003	28.726193	19.905413	23.586149	28.241406	20.644164	24.298483	28.495832	20.338242	24.078929	27.484275	20.626164	24.373058	27.035779	386.061663
29.507270	19.163025	22.875715	26.097644	28.690755	19.877912	23.554874	28.206860	20.616088	24.267041	28.461477	20.310403	24.047435	27.450554	20.598072	24.341417	27.002427	385.561699
29.532276	19.136001	22.844904	26.064286	28.655316	19.850412	23.523598	28.172314	20.588012	24.235600	28.427122	20.282563	24.015941	27.416833	20.569980	24.309776	26.969076	385.061735
29.557283	19.108976	22.814094	26.030928	28.619877	19.822912	23.492322	28.137768	20.559936	24.204159	28.392767	20.254724	23.984447	27.383111	20.541888	24.278135	26.935724	384.561770
29.582289	19.081951	22.783283	25.997569	28.584438	19.795412	23.461047	28.103222	20.531860	24.172718	28.358413	20.226885	23.952953	27.349390	20.513796	24.246495	26.902373	384.061805
29.607295	19.054608	22.752230	25.964047	28.548831	19.767552	23.429559	28.068523	20.503459	24.141006	28.323929	20.198671	23.921220	27.315366	20.485314	24.214629	26.868743	383.557686
29.632301	19.026353	22.720485	25.930059	28.512742	19.738664	23.397465	28.033384	20.474133	24.108519	28.289077	20.169389	23.888808	27.280478	20.455719	24.182124	26.834321	383.041721
29.657307	18.998099	22.688740	25.896070	28.476653	19.709775	23.365372	27.998246	20.444806	24.076033	28.254225	20.140106	23.856396	27.245590	20.426125	24.149619	26.799899	382.525756
29.682313	18.969845	22.656995	25.862082	28.440564	19.680887	23.333278	27.963108	20.415480	24.043547	28.219374	20.110824	23.823984	27.210702	20.396530	24.117114	26.765477	382.009790
29.707320	18.941590	22.625250	25.828093	28.404475	19.651999	23.301184	27.927969	20.386153	24.011061	28.184522	20.081542	23.791572	27.175813	20.366935	24.084609	26.731054	381.493824
29.732326	18.913336	22.593505	25.794105	28.368386	19.623110	23.269091	27.892831	20.356827	23.978575	28.149670	20.052260	23.759160	27.140925	20.337341	24.052103	26.696632	380.977858
29.757332	18.885082	22.561760	25.760116	28.332297	19.594222	23.236997	27.857692	20.327500	23.946089	28.114819	20.022978	23.726748	27.106037	20.307746	24.019598	26.662210	380.461892
29.782338	18.856828	22.530015	25.726128	28.296209	19.565334	23.204903	27.822554	20.298174	23.913603	28.079967	19.993696	23.694336	27.071148	20.278151	23.987092	26.627787	379.945926
29.807344	18.828574	22.498270	25.692139	28.260120	19.536445	23.172809	27.787415	20.268847	23.881117	28.045116	19.964414	23.661924	27.036260	20.248556	23.954587	26.593365	379.429960
29.832350	18.800319	22.466525	25.658151	28.224031	19.507557	23.140716	27.752277	20.239521	23.848631	28.010264	19.935132	23.629512	27.001371	20.218962	23.922081	26.558943	378.913993
29.857357	18.771867	22.434580	25.623999	28.187769	19.478465	23.108409	27.716935	20.209986	23.815966	27.975158	19.905644	23.596858	26.966361	20.189190	23.889292	26.524380	378.394857
29.882363	18.742854	22.402072	25.589385	28.151020	19.448799	23.075503	27.681021	20.179868	23.782794	27.939332	19.875574	23.563524	26.931007	20.158920	23.855703	26.489422	377.866798
29.907369	18.713842	22.369564	25.554772	28.114271	19.419133	23.042597	27.645107	20.149749	23.749622	27.903507	19.845503	23.530189	26.895653	20.128649	23.822114	26.454465	377.338738
29.932375	18.684830	22.337056	25.520158	28.077522	19.389468	23.009691	27.609194	20.119630	23.716451	27.867681	19.815433	23.496854	26.860300	20.098379	23.788525	26.419507	376.810678
29.957381	18.655817	22.304548	25.485544	28.040773	19.359802	22.976784	27.573280	20.089511	23.683279	27.831856	19.785363	23.463519	26.824946	20.068109	23.754936	26.384550	376.282618
29.982387	18.626805	22.272040	25.450931	28.004024	19.330136	22.943878	27.537366	20.059393	23.650107	27.796031	19.755293	23.430184	26.789592	20.037839	23.721347	26.349592	375.754558
30.007393	18.597793	22.239532	25.416317	27.967275	19.300471	22.910972	27.501453	20.029274	23.616935	27.760205	19.725222	23.396849	26.754238	20.007569	23.687758	26.314634	375.226497
30.032400	18.568780	22.207024	25.381704	27.930526	19.270805	22.878066	27.465539	19.999155	23.583764	27.724379	19.695152	23.363514	26.718884	19.977298	23.654169	26.279677	374.698436
30.057406	18.539768	22.174516	25.347090	27.893777	19.241139	22.845160	27.429625	19.969036	23.550592	27.688554	19.665082	23.330179	26.683531	19.947028	23.620580	26.244719	374.170375
30.082412	18.510756	22.142008	25.312476	27.857027	19.211474	22.812254	27.393712	19.938917	23.517420	27.652728	19.635011	23.296844	26.648177	19.916758	23.586991	26.209761	373.642314
30.107418	18.482794	22.110521	25.278778	27.821234	19.182872	22.780295	27.358723	19.909796	23.485160	27.617872	19.605950	23.264484	26.613689	19.887507	23.554432	26.175651	373.129757
30.132424	18.457753	22.081871	25.247625	27.788095	19.157227	22.750970	27.326305	19.883448	23.455434	27.585709	19.579696	23.234834	26.581611	19.861089	23.524739	26.143899	372.660305
30.157430	18.432711	22.053220	25.216473	27.754957	19.131582	22.721645	27.293887	19.857100	23.425708	27.553546	19.553441	23.205185	26.549533	19.834672	23.495046	26.112147	372.190852
30.182437	18.407670	22.024570	25.185320	27.721819	19.105938	22.692319	27.261469	19.830752	23.395981	27.521383	19.527187	23.175536	26.517454	19.808254	23.465352	26.080394	371.721400
30.207443	18.382629	21.995920	25.154167	27.688681	19.080293	22.662994	27.229051	19.804404	23.366255	27.489220	19.500932	23.145886	26.485376	19.781837	23.435659	26.048642	371.251947
30.232449	18.357588	21.967270	25.123014	27.655543	19.054648	22.633669	27.196633	19.778056	23.336529	27.457058	19.474677	23.116237	26.453297	19.755419	23.405966	26.016889	370.782493
30.257455	18.332546	21.938619	25.091861	27.622405	19.029004	22.604344	27.164215	19.751708	23.306803	27.424895	19.448423	23.086588	26.421219	19.729001	23.376272	25.985137	370.313040
30.282461	18.307505	21.909969	25.060708	27.589266	19.003359	22.575018	27.131797	19.725360	23.277077	27.392732	19.422168	23.056938	26.389141	19.702584	23.346579	25.953384	369.843586
30.307467	18.282464	21.881319	25.029555	27.556128	18.977714	22.545693	27.099378	19.699012	23.247351	27.360569	19.395913	23.027289	26.357062	19.676166	23.316886	25.921632	369.374132
30.332474	18.257423	21.852668	24.998403	27.522990	18.952069	22.516368	27.066960	19.672664	23.217624	27.328407	19.369658	22.997639	26.324983	19.649748	23.287192	25.889879	368.904677
30.357480	18.234175	21.825921	24.969055	27.491604	18.928157	22.488958	27.036151	19.648075	23.189778	27.297740	19.345275	22.969955	26.294593	19.625160	23.259409	25.859836	368.463841
30.382486	18.215850	21.804399	24.944662	27.465027	18.908999	22.466804	27.009757	19.628314	23.167091	27.271182	19.326026	22.947669	26.268839	19.605597	23.236869	25.834484	368.101569
30.407492	18.197526	21.782877	24.920269	27.438451	18.889841	22.444651	26.983363	19.608553	23.144405	27.244623	19.306778	22.925382	26.243084	19.586034	23.214330	25.809133	367.739298
30.432498	18.179201	21.761355	24.895876	27.411874	18.870683	22.422497	26.956969	19.588791	23.121718	27.218064	19.287530	22.903095	26.217330	19.566471	23.191791	25.783782	367.377027
30.457504	18.160876	21.739833	24.871483	27.385298	18.851525	22.400344	26.930575	19.569030	23.099031	27.191505	19.268282	22.880808	26.191575	19.546908	23.169251	25.758431	367.014755
30.482511	18.142552	21.718311	24.847090	27.358721	18.832367	22.378190	26.904181	19.549269	23.076345	27.164946	19.249034	22.858521	26.165820	19.527345	23.146712	25.733080	366.652484
30.507517	18.124227	21.696788	24.822698	27.332145	18.813209	22.356037	26.877787	19.529507	23.053658	27.138387	19.229786	22.836235	26.140066	19.507781	23.124173	25.707729	366.290212
30.532523	18.105902	21.675266	24.798305	27.305568	18.794051	22.333883	26.851393	19.509746	23.030972	27.111829	19.210538	22.813948	26.114311	19.488218	23.101634	25.682377	365.927941
30.557529	18.087578	21.653744	24.773912	27.278992	18.774893	22.311730	26.824999	19.489985	23.008285	27.085270	19.191290	22.791661	26.088556	19.468655	23.079094	25.657026	365.565669
30.582535	18.069253	21.632223	24.749520	27.252415	18.755735	22.289576	26.798605	19.470224	22.985598	27.058711	19.172041	22.769375	26.062802	19.449091	23.056555	25.631675	365.203398
30.607541	18.050023	21.609991	24.724535	27.225219	18.735786	22.266808	26.771790	19.449743	22.962404	27.031823	19.151977	22.746493	26.036669	19.428762	23.033435	25.606037	364.831496
30.632548	18.028337	21.585835	24.697945	27.196341	18.713694	22.242374	26.743836	19.427313	22.937834	27.004047	19.129702	22.722000	26.009508	19.406356	23.008739	25.579626	364.433488
30.657554	18.006652	21.561679	24.671355	27.167464	18.691601	22.217940	26.715882	19.404883	22.913264	26.976270	19.107426	22.697507	25.982348	19.383950	22.984044	25.553214	364.035479
30.682560	17.984966	21.537523	24.644765	27.138587	18.669509	22.193506	26.687927	19.382452	22.888694	26.948493	19.085150	22.673014	25.955188	19.361545	22.959349	25.526802	363.637471
30.707566	17.963281	21.513367	24.618175	27.109710	18.647417	22.169072	26.659973	19.360022	22.864123	26.920716	19.062875	22.648520	25.928028	19.339139	22.934653	25.500390	363.239462
30.732572	17.941595	21.489211	24.591585	27.080833	18.625324	22.144638	26.632019	19.337591	22.839553	26.892939	19.040599	22.624027	25.900868	19.316733	22.909958	25.473978	362.841453
30.757578	17.919910	21.465055	24.564995	27.051956	18.603232	22.120204	26.604064	19.315161	22.814983	26.865162	19.018324	22.599533	25.873708	19.294327	22.885262	25.447566	362.443443
30.782584	17.898225	21.440899	24.538405	27.023079	18.581140	22.095770	26.576110	19.292731	22.790412	26.837386	18.996048	22.575040	25.846548	19.271921	22.860566	25.421154	362.045433
30.807591	17.876539	21.416743	24.511815	26.994202	18.559047	22.071336	26.548155	19.270300	22.765842	26.809609	18.973772	22.550547	25.819388	19.249515	22.835871	25.394742	361.647424
30.832597	17.854854	21.392587	24.485225	26.965325	18.536955	22.046902	26.520201	19.247870	22.741271	26.781832	18.951497	22.526053	25.792228	19.227110	22.811175	25.368330	361.249413
30.857603	17.830428	21.365486	24.455939	26.933861	18.512131	22.019543	26.489662	19.222667	22.713756	26.751535	18.926451	22.498554	25.762456	19.201883	22.783469	25.339159	360.806978
30.882609	17.798665	21.330497	24.419434	26.895471	18.479995	21.984351	26.452202	19.190042	22.678356	26.714491	18.893987	22.463008	25.725691	19.169102	22.747703	25.302599	360.245596
30.907615	17.766902	21.295508	24.382930	26.857082	18.447858	21.949160	26.414742	19.157418	22.642957	26.677447	18.861524	22.427461	25.688926	19.136322	22.711937	25.266039	359.684214
30.932621	17.735139	21.260520	24.346426	26.818692	18.415722	21.913968	26.377282	19.124793	22.607557	26.640403	18.829061	22.391915	25.652161	19.103542	22.676171	25.229479	359.122831
30.957628	17.703376	21.225531	24.309922	26.780303	18.383585	21.878776	26.339822	19.092169	22.572157	26.603358	18.796598	22.356369	25.615396	19.070761	22.640405	25.192919	358.561449
30.982634	17.671613	21.190542	24.273418	26.741914	18.351449	21.843585	26.302363	19.059544	22.536757	26.566314	18.764135	22.320822	25.578630	19.037981	22.604640	25.156359	358.000066
31.007640	17.639850	21.155554	24.236914	26.703524	18.319313	21.808393	26.264903	19.026920	22.501358	26.529270	18.731671	22.285276	25.541865	19.005201	22.568874	25.119800	357.438683
31.032646	17.608087	21.120565	24.200410	26.665135	18.287176	21.773201	26.227443	18.994295	22.465958	26.492226	18.699208	22.249729	25.505100	18.972420	22.533108	25.083240	356.877300
31.057652	17.576324	21.085577	24.163906	26.626745	18.255040	21.738010	26.189982	18.961670	22.430558	26.455182	18.666745	22.214183	25.468334	18.939640	22.497342	25.046680	356.315917
31.082658	17.544561	21.050588	24.127402	26.588356	18.222903	21.702818	26.152522	18.929046	22.395158	26.418138	18.634282	22.178636	25.431569	18.906859	22.461576	25.010119	355.754533
31.107665	17.512965	21.015341	24.090509	26.549516	18.190852	21.667315	26.114687	18.896465	22.359332	26.380626	18.601775	22.142686	25.394354	18.874034	22.425395	24.973045	355.188899
31.132671	17.481813	20.979413	24.052588	26.509486	18.159026	21.630990	26.075860	18.864002	22.322378	26.341879	18.569153	22.105669	25.355951	18.841092	22.388116	24.934612	354.612028
31.157677	17.450660	20.943484	24.014667	26.469456	18.127199	21.594664	26.037033	18.831539	22.285425	26.303131	18.536531	22.068652	25.317548	18.808149	22.350838	24.896179	354.035157
31.182683	17.419507	20.907555	23.976746	26.429427	18.095373	21.558339	25.998206	18.799076	22.248471	26.264384	18.503909	22.031635	25.279145	18.775207	22.313559	24.857746	353.458285
31.207689	17.388354	20.871626	23.938826	26.389397	18.063547	21.522013	25.959378	18.766613	22.211517	26.225636	18.471288	21.994618	25.240742	18.742265	22.276281	24.819313	352.881414
31.232695	17.357202	20.835697	23.900905	26.349367	18.031720	21.485687	25.920551	18.734149	22.174563	26.186888	18.438666	21.957601	25.202339	18.709322	22.239002	24.780880	352.304542
31.257702	17.326049	20.799768	23.862984	26.309337	17.999894	21.449362	25.881724	18.701686	22.137610	26.148141	18.406044	21.920584	25.163936	18.676380	22.201724	24.742447	351.727670
31.282708	17.294896	20.763839	23.825063	26.269307	17.968068	21.413036	25.842897	18.669223	22.100656	26.109393	18.373422	21.883567	25.125533	18.643437	22.164446	24.704014	351.150798
31.307714	17.263743	20.727911	23.787143	26.229277	17.936241	21.376710	25.804070	18.636760	22.063702	26.070645	18.340800	21.846550	25.087130	18.610495	22.127167	24.665582	350.573925
31.332720	17.232590	20.691982	23.749222	26.189247	17.904415	21.340384	25.765242	18.604296	22.026748	26.031898	18.308178	21.809533	25.048727	18.577552	22.089889	24.627149	349.997053
31.357726	17.203805	20.658672	23.713567	26.151580	17.874898	21.306584	25.728567	18.574091	21.992316	25.995241	18.278024	21.775065	25.012334	18.547064	22.055131	24.590861	349.457801
31.382732	17.181205	20.632201	23.683831	26.120082	17.851414	21.279381	25.697512	18.549785	21.964473	25.964049	18.254319	21.747255	24.981190	18.522985	22.026959	24.560177	349.016816
31.407738	17.158604	20.605731	23.654095	26.088584	17.827930	21.252177	25.666456	18.525478	21.936630	25.932856	18.230614	21.719445	24.950045	18.498906	21.998786	24.529493	348.575830
31.432745	17.136003	20.579261	23.624359	26.057086	17.804445	21.224973	25.635401	18.501172	21.908787	25.901663	18.206909	21.691634	24.918901	18.474827	21.970613	24.498809	348.134844
31.457751	17.113402	20.552790	23.594623	26.025589	17.780961	21.197770	25.604346	18.476865	21.880944	25.870470	18.183204	21.663824	24.887756	18.450748	21.942440	24.468125	347.693858
31.482757	17.090802	20.526320	23.564887	25.994091	17.757477	21.170566	25.573290	18.452559	21.853101	25.839277	18.159499	21.636014	24.856612	18.426668	21.914267	24.437441	347.252871
31.507763	17.068201	20.499849	23.535151	25.962593	17.733993	21.143362	25.542235	18.428252	21.825258	25.808084	18.135794	21.608204	24.825467	18.402589	21.886094	24.406757	346.811884
31.532769	17.045600	20.473379	23.505415	25.931095	17.710508	21.116159	25.511180	18.403946	21.797415	25.776891	18.112089	21.580394	24.794323	18.378510	21.857921	24.376073	346.370897
31.557775	17.023000	20.446909	23.475678	25.899598	17.687024	21.088955	25.480125	18.379639	21.769572	25.745698	18.088384	21.552584	24.763178	18.354430	21.829747	24.345389	345.929909
31.582782	17.000399	20.420438	23.445942	25.868100	17.663540	21.061751	25.449069	18.355332	21.741729	25.714505	18.064679	21.524773	24.732034	18.330351	21.801574	24.314704	345.488920
31.607788	16.978140	20.394657	23.416996	25.837245	17.640487	21.035229	25.418771	18.331505	21.714657	25.684061	18.041372	21.497839	24.701871	18.306739	21.774308	24.284913	345.058788
31.632794	16.956765	20.370655	23.390088	25.808047	17.618548	21.010464	25.390427	18.308912	21.689574	25.655551	18.019091	21.473163	24.674240	18.284332	21.749384	24.257424	344.656666
31.657800	16.935390	20.346653	23.363180	25.778850	17.596609	20.985700	25.362082	18.286320	21.664492	25.627040	17.996810	21.448487	24.646610	18.261926	21.724460	24.229936	344.254543
31.682806	16.914014	20.322651	23.336272	25.749653	17.574671	20.960936	25.333737	18.263727	21.639409	25.598530	17.974529	21.423811	24.618979	18.239519	21.699536	24.202447	343.852421
31.707812	16.892639	20.298649	23.309364	25.720456	17.552732	20.936171	25.305393	18.241135	21.614327	25.570019	17.952248	21.399135	24.591349	18.217113	21.674611	24.174958	343.450298
31.732819	16.871263	20.274647	23.282457	25.691259	17.530793	20.911407	25.277048	18.218543	21.589245	25.541508	17.929967	21.374460	24.563718	18.194706	21.649687	24.147469	343.048176
31.757825	16.849888	20.250645	23.255549	25.662062	17.508854	20.886642	25.248704	18.195950	21.564162	25.512998	17.907686	21.349784	24.536087	18.172300	21.624763	24.119981	342.646053
31.782831	16.828513	20.226643	23.228641	25.632864	17.486915	20.861878	25.220359	18.173358	21.539080	25.484487	17.885405	21.325108	24.508457	18.149893	21.599838	24.092492	342.243930
31.807837	16.807137	20.202641	23.201733	25.603667	17.464976	20.837114	25.192014	18.150766	21.513997	25.455976	17.863124	21.300432	24.480826	18.127486	21.574914	24.065003	341.841808
31.832843	16.785762	20.178639	23.174826	25.574470	17.443037	20.812349	25.163670	18.128173	21.488915	25.427465	17.840843	21.275756	24.453196	18.105080	21.549990	24.037514	341.439685
31.857849	16.762922	20.153065	23.146588	25.544023	17.419663	20.786208	25.134068	18.104213	21.462425	25.397925	17.817085	21.249521	24.424312	18.081212	21.523601	24.008823	341.015654
31.882856	16.736351	20.123483	23.114961	25.510391	17.392629	20.756558	25.101264	18.076765	21.432348	25.365762	17.789564	21.219308	24.392231	18.053621	21.493480	23.977068	340.535783
31.907862	16.709779	20.093902	23.083335	25.476759	17.365594	20.726907	25.068459	18.049317	21.402270	25.333598	17.762043	21.189096	24.360151	18.026029	21.463359	23.945313	340.055912
31.932868	16.683207	20.064321	23.051708	25.443126	17.338560	20.697257	25.035655	18.021870	21.372192	25.301435	17.734522	21.158884	24.328071	17.998437	21.433238	23.913558	339.576040
31.957874	16.656636	20.034739	23.020081	25.409494	17.311526	20.667606	25.002850	17.994422	21.342115	25.269272	17.707000	21.128672	24.295991	17.970845	21.403117	23.881803	339.096168
31.982880	16.630064	20.005158	22.988454	25.375862	17.284492	20.637955	24.970046	17.966974	21.312037	25.237108	17.679479	21.098460	24.263910	17.943253	21.372996	23.850047	338.616296
32.007886	16.603492	19.975576	22.956827	25.342229	17.257457	20.608305	24.937241	17.939527	21.281960	25.204945	17.651958	21.068247	24.231830	17.915661	21.342875	23.818292	338.136423
32.032893	16.576921	19.945995	22.925200	25.308597	17.230423	20.578654	24.904436	17.912079	21.251882	25.172782	17.624436	21.038035	24.199750	17.888069	21.312754	23.786537	337.656550
32.057899	16.550349	19.916413	22.893573	25.274964	17.203389	20.549004	24.871631	17.884631	21.221804	25.140618	17.596915	21.007823	24.167669	17.860477	21.282633	23.754781	337.176677
32.082905	16.523778	19.886832	22.861946	25.241332	17.176354	20.519353	24.838827	17.857183	21.191726	25.108455	17.569393	20.977611	24.135589	17.832885	21.252512	23.723026	336.696803
32.107911	16.497553	19.857429	22.830454	25.207793	17.149627	20.489750	24.806188	17.830048	21.161796	25.076289	17.542230	20.947560	24.103510	17.805579	21.222450	23.691421	336.219676
32.132917	16.472201	19.828476	22.799301	25.174489	17.123671	20.460265	24.773967	17.803700	21.132237	25.044115	17.515969	20.917914	24.071434	17.778992	21.192538	23.660196	335.749467
32.157923	16.446850	19.799523	22.768148	25.141184	17.097716	20.430780	24.741747	17.777351	21.102679	25.011942	17.489708	20.888268	24.039359	17.752406	21.162626	23.628971	335.279257
32.182929	16.421499	19.770570	22.736996	25.107880	17.071761	20.401296	24.709526	17.751003	21.073120	24.979769	17.463447	20.858621	24.007283	17.725819	21.132713	23.597745	334.809047
32.207936	16.396147	19.741617	22.705843	25.074576	17.045806	20.371811	24.677305	17.724655	21.043561	24.947595	17.437185	20.828975	23.975208	17.699232	21.102801	23.566520	334.338837
32.232942	16.370796	19.712664	22.674690	25.041272	17.019851	20.342326	24.645084	17.698306	21.014003	24.915422	17.410924	20.799329	23.943132	17.672645	21.072889	23.535294	333.868627
32.257948	16.345444	19.683711	22.643537	25.007968	16.993896	20.312841	24.612864	17.671958	20.984444	24.883248	17.384663	20.769683	23.911056	17.646058	21.042976	23.504069	333.398417
32.282954	16.320093	19.654758	22.612384	24.974664	16.967941	20.283357	24.580643	17.645609	20.954885	24.851075	17.358401	20.740037	23.878980	17.619471	21.013064	23.472843	332.928207
32.307960	16.294742	19.625805	22.581231	24.941360	16.941986	20.253872	24.548422	17.619261	20.925327	24.818902	17.332140	20.710390	23.846905	17.592884	20.983152	23.441617	332.457996
32.332966	16.269390	19.596852	22.550079	24.908055	16.916031	20.224387	24.516202	17.592913	20.895768	24.786728	17.305879	20.680744	23.814829	17.566297	20.953239	23.410392	331.987786
32.357973	16.246053	19.569941	22.520775	24.876586	16.892024	20.196956	24.485426	17.568453	20.868131	24.756025	17.281581	20.653102	23.784496	17.541677	20.925318	23.380697	331.547243
32.382979	16.227729	19.548112	22.496073	24.849679	16.872860	20.174637	24.458247	17.548691	20.845275	24.728979	17.262171	20.630448	23.758499	17.521947	20.902349	23.354813	331.180509
32.407985	16.209404	19.526282	22.471371	24.822772	16.853697	20.152317	24.431067	17.528929	20.822419	24.701933	17.242760	20.607793	23.732503	17.502217	20.879381	23.328928	330.813775
32.432991	16.191080	19.504452	22.446670	24.795866	16.834534	20.129997	24.403888	17.509167	20.799563	24.674887	17.223350	20.585139	23.706506	17.482488	20.856412	23.303044	330.447041
32.457997	16.172755	19.482623	22.421968	24.768959	16.815370	20.107678	24.376708	17.489405	20.776706	24.647841	17.203939	20.562484	23.680510	17.462758	20.833443	23.277159	330.080307
32.483003	16.154430	19.460793	22.397266	24.742053	16.796207	20.085358	24.349529	17.469644	20.753850	24.620795	17.184529	20.539829	23.654513	17.443028	20.810475	23.251274	329.713572
32.508010	16.136106	19.438963	22.372564	24.715146	16.777044	20.063039	24.322349	17.449882	20.730994	24.593749	17.165118	20.517174	23.628517	17.423298	20.787506	23.225390	329.346838
32.533016	16.117781	19.417133	22.347862	24.688239	16.757880	20.040719	24.295170	17.430120	20.708137	24.566703	17.145708	20.494520	23.602521	17.403568	20.764537	23.199505	328.980103
32.558022	16.099456	19.395303	22.323160	24.661333	16.738717	20.018400	24.267990	17.410358	20.685281	24.539656	17.126297	20.471865	23.576524	17.383838	20.741568	23.173620	328.613368
32.583028	16.081132	19.373474	22.298459	24.634426	16.719554	19.996080	24.240811	17.390596	20.662425	24.512610	17.106887	20.449210	23.550528	17.364108	20.718598	23.147735	328.246633
32.608034	16.062542	19.351733	22.273938	24.607615	16.700304	19.973857	24.214083	17.370699	20.639717	24.485915	17.087338	20.426715	23.524804	17.344329	20.695879	23.122236	327.881703
32.633040	16.043303	19.330212	22.249863	24.581038	16.680840	19.951869	24.188463	17.350467	20.617375	24.460083	17.067448	20.404615	23.499750	17.324428	20.673773	23.097686	327.521213
32.658047	16.024063	19.308691	22.225787	24.554462	16.661377	19.929880	24.162844	17.330236	20.595033	24.434251	17.047558	20.382514	23.474696	17.304527	20.651667	23.073135	327.160722
32.683053	16.004823	19.287170	22.201712	24.527885	16.641913	19.907892	24.137225	17.310005	20.572691	24.408419	17.027668	20.360414	23.449642	17.284626	20.629562	23.048584	326.800231
32.708059	15.985583	19.265649	22.177637	24.501309	16.622450	19.885904	24.111606	17.289773	20.550349	24.382587	17.007777	20.338313	23.424587	17.264726	20.607456	23.024034	326.439741
32.733065	15.966343	19.244128	22.153561	24.474732	16.602986	19.863916	24.085987	17.269542	20.528007	24.356755	16.987887	20.316213	23.399533	17.244825	20.585350	22.999483	326.079250
32.758071	15.947103	19.222607	22.129486	24.448156	16.583523	19.841928	24.060368	17.249310	20.505665	24.330923	16.967997	20.294112	23.374479	17.224924	20.563245	22.974933	325.718759
32.783077	15.927864	19.201086	22.105410	24.421579	16.564060	19.819940	24.034749	17.229079	20.483323	24.305091	16.948107	20.272012	23.349424	17.205023	20.541139	22.950382	325.358267
32.808084	15.908624	19.179565	22.081335	24.395002	16.544596	19.797951	24.009130	17.208847	20.460981	24.279259	16.928217	20.249911	23.324370	17.185122	20.519033	22.925831	324.997776
32.833090	15.889384	19.158045	22.057259	24.368426	16.525133	19.775963	23.983511	17.188616	20.438639	24.253427	16.908327	20.227811	23.299315	17.165221	20.496927	22.901281	324.637284
32.858096	15.868274	19.134489	22.031349	24.340128	16.503686	19.752025	23.956248	17.166599	20.414343	24.226103	16.886534	20.203668	23.272622	17.143370	20.472736	22.875097	324.247271
32.883102	15.842623	19.105992	22.000981	24.307650	16.477421	19.723349	23.924993	17.140245	20.385299	24.195156	16.860122	20.174566	23.241946	17.116782	20.443479	22.844946	323.785550
32.908108	15.816971	19.077495	21.970613	24.275172	16.451156	19.694674	23.893738	17.113892	20.356256	24.164208	16.833710	20.145464	23.211270	17.090194	20.414222	22.814795	323.323830
32.933114	15.791320	19.048998	21.940245	24.242694	16.424891	19.665998	23.862483	17.087538	20.327213	24.133261	16.807297	20.116362	23.180594	17.063606	20.384966	22.784643	322.862109
32.958120	15.765668	19.020501	21.909877	24.210216	16.398625	19.637323	23.831228	17.061185	20.298170	24.102313	16.780885	20.087260	23.149918	17.037019	20.355709	22.754492	322.400388
32.983127	15.740017	18.992004	21.879509	24.177738	16.372360	19.608647	23.799973	17.034831	20.269127	24.071365	16.754473	20.058157	23.119242	17.010431	20.326452	22.724341	321.938666
33.008133	15.714365	18.963507	21.849141	24.145260	16.346095	19.579972	23.768718	17.008478	20.240083	24.040418	16.728060	20.029055	23.088565	16.983843	20.297195	22.694189	321.476945
33.033139	15.688714	18.935010	21.818773	24.112782	16.319830	19.551296	23.737463	16.982124	20.211040	24.009470	16.701648	19.999953	23.057889	16.957255	20.267938	22.664038	321.015223
33.058145	15.663062	18.906513	21.788405	24.080304	16.293565	19.522621	23.706208	16.955770	20.181997	23.978522	16.675235	19.970851	23.027213	16.930667	20.238681	22.633886	320.553501
33.083151	15.637411	18.878016	21.758037	24.047826	16.267300	19.493945	23.674953	16.929417	20.152953	23.947574	16.648823	19.941748	22.996537	16.904079	20.209423	22.603735	320.091779
33.108157	15.612027	18.849522	21.727622	24.015248	16.241307	19.465176	23.643642	16.903156	20.123860	23.916554	16.622551	19.912539	22.965725	16.877587	20.180037	22.573345	319.629898
33.133164	15.587286	18.821035	21.697094	23.982430	16.215967	19.436180	23.612196	16.877118	20.094646	23.885361	16.596614	19.883073	22.934589	16.851324	20.150340	22.542382	319.167634
33.158170	15.562545	18.792548	21.666567	23.949612	16.190627	19.407185	23.580750	16.851079	20.065432	23.854167	16.570677	19.853606	22.903452	16.825061	20.120642	22.511420	318.705371
33.183176	15.537804	18.764061	21.636039	23.916794	16.165288	19.378189	23.549305	16.825041	20.036218	23.822974	16.544740	19.824139	22.872316	16.798798	20.090945	22.480458	318.243108
33.208182	15.513062	18.735574	21.605512	23.883976	16.139948	19.349194	23.517859	16.799002	20.007005	23.791780	16.518803	19.794673	22.841179	16.772535	20.061248	22.449495	317.780844
33.233188	15.488321	18.707087	21.574984	23.851158	16.114608	19.320198	23.486413	16.772964	19.977791	23.760586	16.492866	19.765206	22.810043	16.746272	20.031550	22.418533	317.318580
33.258194	15.463580	18.678600	21.544457	23.818340	16.089268	19.291203	23.454968	16.746925	19.948577	23.729393	16.466929	19.735739	22.778906	16.720009	20.001853	22.387570	316.856316
33.283201	15.438839	18.650113	21.513929	23.785522	16.063928	19.262207	23.423522	16.720887	19.919363	23.698199	16.440992	19.706272	22.747770	16.693746	19.972155	22.356608	316.394052
33.308207	15.414098	18.621626	21.483402	23.752704	16.038588	19.233211	23.392076	16.694848	19.890149	23.667006	16.415055	19.676806	22.716633	16.667483	19.942458	22.325646	315.931787
33.333213	15.389356	18.593139	21.452874	23.719886	16.013248	19.204216	23.360630	16.668810	19.860935	23.635812	16.389118	19.647339	22.685496	16.641219	19.912760	22.294683	315.469523
33.358219	15.366609	18.566764	21.424262	23.689065	15.989880	19.177297	23.330796	16.644726	19.833656	23.606065	16.365257	19.620001	22.656023	16.617043	19.885121	22.265385	315.037949
33.383225	15.348589	18.545399	21.400191	23.662984	15.971187	19.155303	23.304781	16.625279	19.810963	23.579748	16.346322	19.597715	22.630497	16.597817	19.862365	22.240034	314.679174
33.408231	15.330569	18.524033	21.376120	23.636903	15.952494	19.133310	23.278767	16.605832	19.788271	23.553430	16.327386	19.575429	22.604971	16.578590	19.839609	22.214684	314.320399
33.433238	15.312550	18.502668	21.352049	23.610822	15.933801	19.111316	23.252752	16.586386	19.765579	23.527113	16.308451	19.553143	22.579445	16.559364	19.816853	22.189333	313.961624
33.458244	15.294530	18.481303	21.327979	23.584740	15.915108	19.089322	23.226738	16.566939	19.742887	23.500796	16.289515	19.530857	22.553919	16.540137	19.794097	22.163982	313.602849
33.483250	15.276511	18.459938	21.303908	23.558659	15.896414	19.067329	23.200724	16.547492	19.720194	23.474478	16.270580	19.508571	22.528393	16.520911	19.771341	22.138631	313.244073
33.508256	15.258491	18.438572	21.279837	23.532578	15.877721	19.045335	23.174709	16.528045	19.697502	23.448161	16.251644	19.486285	22.502867	16.501684	19.748585	22.113280	312.885298
33.533262	15.240472	18.417207	21.255766	23.506497	15.859028	19.023341	23.148695	16.508598	19.674810	23.421844	16.232709	19.463999	22.477341	16.482457	19.725829	22.087929	312.526522
33.558268	15.222452	18.395842	21.231695	23.480415	15.840335	19.001347	23.122681	16.489151	19.652118	23.395526	16.213773	19.441713	22.451816	16.463231	19.703072	22.062579	312.167746
33.583275	15.204432	18.374477	21.207624	23.454334	15.821642	18.979354	23.096666	16.469704	19.629425	23.369209	16.194837	19.419427	22.426290	16.444004	19.680316	22.037228	311.808970
33.608281	15.186322	18.353294	21.183787	23.428447	15.802901	18.957554	23.070885	16.450304	19.606994	23.343257	16.175854	19.397363	22.401186	16.424726	19.657949	22.012355	311.453176
33.633287	15.167997	18.332539	21.160496	23.403015	15.784047	18.936210	23.045651	16.431012	19.585172	23.318160	16.156758	19.375817	22.377071	16.405330	19.636493	21.988604	311.104372
33.658293	15.149672	18.311784	21.137205	23.377584	15.765194	18.914866	23.020417	16.411721	19.563350	23.293063	16.137662	19.354272	22.352956	16.385933	19.615037	21.964854	310.755568
33.683299	15.131348	18.291028	21.113914	23.352152	15.746341	18.893522	22.995183	16.392429	19.541528	23.267966	16.118566	19.332727	22.328841	16.366536	19.593581	21.941103	310.406764
33.708305	15.113023	18.270273	21.090623	23.326721	15.727487	18.872179	22.969949	16.373137	19.519706	23.242869	16.099471	19.311181	22.304725	16.347139	19.572125	21.917352	310.057959
33.733311	15.094698	18.249518	21.067332	23.301289	15.708634	18.850835	22.944714	16.353845	19.497884	23.217772	16.080375	19.289636	22.280610	16.327742	19.550669	21.893601	309.709155
33.758318	15.076374	18.228763	21.044042	23.275858	15.689780	18.829491	22.919480	16.334553	19.476062	23.192675	16.061279	19.268090	22.256495	16.308345	19.529212	21.869850	309.360350
33.783324	15.058049	18.208008	21.020751	23.250427	15.670927	18.808147	22.894246	16.315261	19.454240	23.167578	16.042183	19.246544	22.232380	16.288948	19.507756	21.846099	309.011545
33.808330	15.039725	18.187253	20.997460	23.224995	15.652074	18.786804	22.869012	16.295970	19.432417	23.142481	16.023087	19.224999	22.208264	16.269551	19.486300	21.822348	308.662740
33.833336	15.021400	18.166498	20.974169	23.199564	15.633220	18.765460	22.843778	16.276678	19.410595	23.117384	16.003991	19.203453	22.184149	16.250155	19.464844	21.798597	308.313934
