Patient Name: FANTOMARW3, 
Patient ID: 15072016
Plan: Perf Fot Eq4
Course: C1
Date: Thursday, July 21, 2016 6:42:09 PM
Exported by: laldrovandi

Start: (-25.00, 1.60, 0.00)
End:   (25.00, 1.60, 0.00)

	10x10	40x40	10x10w15	30x30w15	10x10w30	30x30w30	10x10w45	20x20w45	10x10w60	15x15w60	Total
0.000000	0.000000	0.000000	0.000000	0.000000	0.000000	0.000000	0.000000	0.000000	0.000000	0.000000	0.000000
0.025000	0.000000	0.000000	0.000000	0.000000	0.000000	0.000000	0.000000	0.000000	0.000000	0.000000	0.000000
0.050000	0.000000	0.000000	0.000000	0.000000	0.000000	0.000000	0.000000	0.000000	0.000000	0.000000	0.000000
0.075000	0.000000	0.000000	0.000000	0.000000	0.000000	0.000000	0.000000	0.000000	0.000000	0.000000	0.000000
0.100000	0.000000	0.000000	0.000000	0.000000	0.000000	0.000000	0.000000	0.000000	0.000000	0.000000	0.000000
0.125001	0.000000	4.805379	0.000000	4.469591	0.000000	6.523197	0.000000	0.000000	0.000000	0.000000	15.798166
0.150001	0.000000	4.832183	0.000000	4.477901	0.000000	6.529867	0.000000	0.000000	0.000000	0.000000	15.839951
0.175001	0.000000	4.858987	0.000000	4.486210	0.000000	6.536538	0.000000	0.000000	0.000000	0.000000	15.881735
0.200001	0.000000	4.885791	0.000000	4.494519	0.000000	6.543209	0.000000	0.000000	0.000000	0.000000	15.923519
0.225001	0.000000	4.912595	0.000000	4.502829	0.000000	6.549879	0.000000	0.000000	0.000000	0.000000	15.965303
0.250001	0.000000	4.939399	0.000000	4.511138	0.000000	6.556550	0.000000	0.000000	0.000000	0.000000	16.007087
0.275001	0.000000	4.966203	0.000000	4.519448	0.000000	6.563221	0.000000	0.000000	0.000000	0.000000	16.048871
0.300001	0.000000	4.993007	0.000000	4.527757	0.000000	6.569891	0.000000	0.000000	0.000000	0.000000	16.090656
0.325001	0.000000	5.019811	0.000000	4.536066	0.000000	6.576562	0.000000	0.000000	0.000000	0.000000	16.132440
0.350001	0.000000	5.046615	0.000000	4.544376	0.000000	6.583233	0.000000	0.000000	0.000000	0.000000	16.174224
0.375002	0.000000	5.072912	0.000000	4.553345	0.000000	6.591296	0.000000	0.000000	0.000000	0.000000	16.217554
0.400002	0.000000	5.096763	0.000000	4.565499	0.000000	6.606084	0.000000	0.000000	0.000000	0.000000	16.268346
0.425002	0.000000	5.120614	0.000000	4.577652	0.000000	6.620871	0.000000	0.000000	0.000000	0.000000	16.319138
0.450002	0.000000	5.144465	0.000000	4.589806	0.000000	6.635659	0.000000	0.000000	0.000000	0.000000	16.369929
0.475002	0.000000	5.168316	0.000000	4.601959	0.000000	6.650446	0.000000	0.000000	0.000000	0.000000	16.420721
0.500002	0.000000	5.192166	0.000000	4.614113	0.000000	6.665234	0.000000	0.000000	0.000000	0.000000	16.471513
0.525002	0.000000	5.216017	0.000000	4.626266	0.000000	6.680021	0.000000	0.000000	0.000000	0.000000	16.522304
0.550002	0.000000	5.239868	0.000000	4.638420	0.000000	6.694809	0.000000	0.000000	0.000000	0.000000	16.573096
0.575002	0.000000	5.263719	0.000000	4.650573	0.000000	6.709596	0.000000	0.000000	0.000000	0.000000	16.623888
0.600003	0.000000	5.287570	0.000000	4.662727	0.000000	6.724383	0.000000	0.000000	0.000000	0.000000	16.674680
0.625003	0.000000	5.311438	0.000000	4.674899	0.000000	6.739266	0.000000	0.000000	0.000000	0.000000	16.725602
0.650003	0.000000	5.335388	0.000000	4.687159	0.000000	6.754610	0.000000	0.000000	0.000000	0.000000	16.777156
0.675003	0.000000	5.359338	0.000000	4.699420	0.000000	6.769953	0.000000	0.000000	0.000000	0.000000	16.828711
0.700003	0.000000	5.383288	0.000000	4.711681	0.000000	6.785296	0.000000	0.000000	0.000000	0.000000	16.880265
0.725003	0.000000	5.407238	0.000000	4.723941	0.000000	6.800640	0.000000	0.000000	0.000000	0.000000	16.931819
0.750003	0.000000	5.431188	0.000000	4.736202	0.000000	6.815983	0.000000	0.000000	0.000000	0.000000	16.983373
0.775003	0.000000	5.455138	0.000000	4.748463	0.000000	6.831327	0.000000	0.000000	0.000000	0.000000	17.034927
0.800003	0.000000	5.479088	0.000000	4.760723	0.000000	6.846670	0.000000	0.000000	0.000000	0.000000	17.086481
0.825004	0.000000	5.503038	0.000000	4.772984	0.000000	6.862013	0.000000	0.000000	0.000000	0.000000	17.138036
0.850004	0.000000	5.526988	0.000000	4.785245	0.000000	6.877357	0.000000	0.000000	0.000000	0.000000	17.189590
0.875004	0.000000	5.551065	0.000000	4.797454	0.000000	6.892440	0.000000	0.000000	0.000000	0.000000	17.240960
0.900004	0.000000	5.575755	0.000000	4.809414	0.000000	6.906272	0.000000	0.000000	0.000000	0.000000	17.291441
0.925004	0.000000	5.600444	0.000000	4.821374	0.000000	6.920103	0.000000	0.000000	0.000000	0.000000	17.341922
0.950004	0.000000	5.625134	0.000000	4.833334	0.000000	6.933935	0.000000	0.000000	0.000000	0.000000	17.392403
0.975004	0.000000	5.649823	0.000000	4.845294	0.000000	6.947766	0.000000	0.000000	0.000000	0.000000	17.442884
1.000004	0.000000	5.674513	0.000000	4.857255	0.000000	6.961597	0.000000	0.000000	0.000000	0.000000	17.493364
1.025004	0.000000	5.699202	0.000000	4.869215	0.000000	6.975429	0.000000	0.000000	0.000000	0.000000	17.543845
1.050004	0.000000	5.723891	0.000000	4.881175	0.000000	6.989260	0.000000	0.000000	0.000000	0.000000	17.594326
1.075005	0.000000	5.748581	0.000000	4.893135	0.000000	7.003092	0.000000	0.000000	0.000000	0.000000	17.644807
1.100005	0.000000	5.773270	0.000000	4.905095	0.000000	7.016923	0.000000	0.000000	0.000000	0.000000	17.695288
1.125005	0.000000	5.797952	0.000000	4.917132	0.000000	7.030900	0.000000	0.000000	0.000000	0.000000	17.745983
1.150005	0.000000	5.822599	0.000000	4.929535	0.000000	7.045576	0.000000	0.000000	0.000000	0.000000	17.797711
1.175005	0.000000	5.847246	0.000000	4.941939	0.000000	7.060253	0.000000	0.000000	0.000000	0.000000	17.849438
1.200005	0.000000	5.871893	0.000000	4.954343	0.000000	7.074930	0.000000	0.000000	0.000000	0.000000	17.901165
1.225005	0.000000	5.896540	0.000000	4.966747	0.000000	7.089606	0.000000	0.000000	0.000000	0.000000	17.952893
1.250005	0.000000	5.921186	0.000000	4.979150	0.000000	7.104283	0.000000	0.000000	0.000000	0.000000	18.004620
1.275005	0.000000	5.945833	0.000000	4.991554	0.000000	7.118960	0.000000	0.000000	0.000000	0.000000	18.056347
1.300006	0.000000	5.970480	0.000000	5.003958	0.000000	7.133637	0.000000	0.000000	0.000000	0.000000	18.108075
1.325006	0.000000	5.995127	0.000000	5.016362	0.000000	7.148313	0.000000	0.000000	0.000000	0.000000	18.159802
1.350006	0.000000	6.019774	0.000000	5.028765	0.000000	7.162990	0.000000	0.000000	0.000000	0.000000	18.211529
1.375006	0.000000	6.044469	0.000000	5.041354	0.000000	7.177902	0.000000	0.000000	0.000000	0.000000	18.263726
1.400006	0.000000	6.069399	0.000000	5.054836	0.000000	7.193949	0.000000	0.000000	0.000000	0.000000	18.318184
1.425006	0.000000	6.094329	0.000000	5.068317	0.000000	7.209996	0.000000	0.000000	0.000000	0.000000	18.372643
1.450006	0.000000	6.119259	0.000000	5.081799	0.000000	7.226043	0.000000	0.000000	0.000000	0.000000	18.427101
1.475006	0.000000	6.144190	0.000000	5.095280	0.000000	7.242089	0.000000	0.000000	0.000000	0.000000	18.481559
1.500006	0.000000	6.169120	0.000000	5.108762	0.000000	7.258136	0.000000	0.000000	0.000000	0.000000	18.536018
1.525007	0.000000	6.194050	0.000000	5.122244	0.000000	7.274183	0.000000	0.000000	0.000000	0.000000	18.590476
1.550007	0.000000	6.218980	0.000000	5.135725	0.000000	7.290229	0.000000	0.000000	0.000000	0.000000	18.644934
1.575007	0.000000	6.243910	0.000000	5.149207	0.000000	7.306276	0.000000	0.000000	0.000000	0.000000	18.699393
1.600007	0.000000	6.268840	0.000000	5.162688	0.000000	7.322323	0.000000	0.000000	0.000000	0.000000	18.753851
1.625007	0.000000	6.293972	0.000000	5.176380	0.000000	7.338625	0.000000	0.000000	0.000000	0.000000	18.808977
1.650007	0.000000	6.320076	0.000000	5.191085	0.000000	7.356159	0.000000	0.000000	0.000000	0.000000	18.867321
1.675007	0.000000	6.346180	0.000000	5.205791	0.000000	7.373693	0.000000	0.000000	0.000000	0.000000	18.925664
1.700007	0.000000	6.372284	0.000000	5.220496	0.000000	7.391227	0.000000	0.000000	0.000000	0.000000	18.984008
1.725007	0.000000	6.398388	0.000000	5.235202	0.000000	7.408762	0.000000	0.000000	0.000000	0.000000	19.042352
1.750007	0.000000	6.424492	0.000000	5.249908	0.000000	7.426296	0.000000	0.000000	0.000000	0.000000	19.100696
1.775008	0.000000	6.450596	0.000000	5.264613	0.000000	7.443830	0.000000	0.000000	0.000000	0.000000	19.159039
1.800008	0.000000	6.476701	0.000000	5.279319	0.000000	7.461364	0.000000	0.000000	0.000000	0.000000	19.217383
1.825008	0.000000	6.502805	0.000000	5.294024	0.000000	7.478898	0.000000	0.000000	0.000000	0.000000	19.275727
1.850008	0.000000	6.528909	0.000000	5.308730	0.000000	7.496432	0.000000	0.000000	0.000000	0.000000	19.334070
1.875008	0.000000	6.555278	0.000000	5.323338	0.000000	7.513792	0.000000	0.000000	0.000000	0.000000	19.392408
1.900008	0.000000	6.582928	0.000000	5.337476	0.000000	7.530311	0.000000	0.000000	0.000000	0.000000	19.450715
1.925008	0.000000	6.610577	0.000000	5.351614	0.000000	7.546830	0.000000	0.000000	0.000000	0.000000	19.509021
1.950008	0.000000	6.638227	0.000000	5.365752	0.000000	7.563350	0.000000	0.000000	0.000000	0.000000	19.567328
1.975008	0.000000	6.665876	0.000000	5.379890	0.000000	7.579869	0.000000	0.000000	0.000000	0.000000	19.625635
2.000009	0.000000	6.693526	0.000000	5.394028	0.000000	7.596389	0.000000	0.000000	0.000000	0.000000	19.683942
2.025009	0.000000	6.721175	0.000000	5.408166	0.000000	7.612908	0.000000	0.000000	0.000000	0.000000	19.742249
2.050009	0.000000	6.748824	0.000000	5.422304	0.000000	7.629427	0.000000	0.000000	0.000000	0.000000	19.800556
2.075009	0.000000	6.776474	0.000000	5.436442	0.000000	7.645947	0.000000	0.000000	0.000000	0.000000	19.858863
2.100009	0.000000	6.804123	0.000000	5.450580	0.000000	7.662466	0.000000	0.000000	0.000000	0.000000	19.917169
2.125009	0.000000	6.831934	0.000000	5.464638	0.000000	7.678862	0.000000	0.000000	0.000000	0.000000	19.975433
2.150009	0.000000	6.860519	0.000000	5.478309	0.000000	7.694663	0.000000	0.000000	0.000000	0.000000	20.033491
2.175009	0.000000	6.889105	0.000000	5.491980	0.000000	7.710465	0.000000	0.000000	0.000000	0.000000	20.091549
2.200009	0.000000	6.917690	0.000000	5.505651	0.000000	7.726266	0.000000	0.000000	0.000000	0.000000	20.149607
2.225009	0.000000	6.946275	0.000000	5.519322	0.000000	7.742068	0.000000	0.000000	0.000000	0.000000	20.207665
2.250010	0.000000	6.974861	0.000000	5.532993	0.000000	7.757869	0.000000	0.000000	0.000000	0.000000	20.265722
2.275010	0.000000	7.003446	0.000000	5.546663	0.000000	7.773670	0.000000	0.000000	0.000000	0.000000	20.323780
2.300010	0.000000	7.032032	0.000000	5.560334	0.000000	7.789472	0.000000	0.000000	0.000000	0.000000	20.381838
2.325010	0.000000	7.060617	0.000000	5.574005	0.000000	7.805273	0.000000	0.000000	0.000000	0.000000	20.439896
2.350010	0.000000	7.089203	0.000000	5.587676	0.000000	7.821075	0.000000	0.000000	0.000000	0.000000	20.497954
2.375010	0.000000	7.118006	0.000000	5.601560	0.000000	7.837082	0.000000	0.049604	0.000000	0.000000	20.606252
2.400010	0.000000	7.147856	0.000000	5.616470	0.000000	7.854084	0.000000	0.338062	0.000000	0.000000	20.956472
2.425010	0.000000	7.177706	0.000000	5.631379	0.000000	7.871087	0.000000	0.626519	0.000000	0.000000	21.306691
2.450010	0.000000	7.207556	0.000000	5.646289	0.000000	7.888089	0.000000	0.914977	0.000000	0.000000	21.656910
2.475011	0.000000	7.237406	0.000000	5.661198	0.000000	7.905091	0.000000	1.203435	0.000000	0.000000	22.007129
2.500011	0.000000	7.267256	0.000000	5.676107	0.000000	7.922093	0.000000	1.491892	0.000000	0.000000	22.357349
2.525011	0.000000	7.297106	0.000000	5.691017	0.000000	7.939095	0.000000	1.780350	0.000000	0.000000	22.707568
2.550011	0.000000	7.326957	0.000000	5.705926	0.000000	7.956097	0.000000	2.068807	0.000000	0.000000	23.057787
2.575011	0.000000	7.356807	0.000000	5.720836	0.000000	7.973099	0.000000	2.357265	0.000000	0.000000	23.408006
2.600011	0.000000	7.386657	0.000000	5.735745	0.000000	7.990101	0.000000	2.645722	0.000000	0.000000	23.758226
2.625011	0.000000	7.416807	0.000000	5.750848	0.000000	8.007473	0.000000	2.885916	0.000000	0.000000	24.061044
2.650011	0.000000	7.448402	0.000000	5.766883	0.000000	8.026621	0.000000	2.893781	0.000000	0.000000	24.135688
2.675011	0.000000	7.479997	0.000000	5.782918	0.000000	8.045770	0.000000	2.901646	0.000000	0.000000	24.210331
2.700012	0.000000	7.511591	0.000000	5.798953	0.000000	8.064919	0.000000	2.909511	0.000000	0.000000	24.284974
2.725012	0.000000	7.543186	0.000000	5.814988	0.000000	8.084068	0.000000	2.917376	0.000000	0.000000	24.359618
2.750012	0.000000	7.574781	0.000000	5.831023	0.000000	8.103216	0.000000	2.925241	0.000000	0.000000	24.434261
2.775012	0.000000	7.606376	0.000000	5.847058	0.000000	8.122365	0.000000	2.933106	0.000000	0.000000	24.508905
2.800012	0.000000	7.637971	0.000000	5.863092	0.000000	8.141514	0.000000	2.940971	0.000000	0.000000	24.583548
2.825012	0.000000	7.669566	0.000000	5.879127	0.000000	8.160663	0.000000	2.948836	0.000000	0.000000	24.658191
2.850012	0.000000	7.701160	0.000000	5.895162	0.000000	8.179812	0.000000	2.956701	0.000000	0.000000	24.732835
2.875012	0.000000	7.733804	0.000000	5.911331	0.000000	8.199058	0.000000	2.964505	0.000000	0.000000	24.808698
2.900012	0.000000	7.771494	0.000000	5.928143	0.000000	8.218774	0.000000	2.972021	0.000000	0.000000	24.890432
2.925012	0.000000	7.809184	0.000000	5.944955	0.000000	8.238490	0.000000	2.979536	0.000000	0.000000	24.972166
2.950013	0.000000	7.846874	0.000000	5.961767	0.000000	8.258206	0.000000	2.987052	0.000000	0.000000	25.053900
2.975013	0.000000	7.884565	0.000000	5.978580	0.000000	8.277922	0.000000	2.994567	0.000000	0.000000	25.135634
3.000013	0.000000	7.922255	0.000000	5.995392	0.000000	8.297638	0.000000	3.002083	0.000000	0.000000	25.217367
3.025013	0.000000	7.959945	0.000000	6.012204	0.000000	8.317354	0.000000	3.009598	0.000000	0.000000	25.299101
3.050013	0.000000	7.997635	0.000000	6.029016	0.000000	8.337070	0.000000	3.017114	0.000000	0.000000	25.380835
3.075013	0.000000	8.035325	0.000000	6.045828	0.000000	8.356786	0.000000	3.024629	0.000000	0.000000	25.462569
3.100013	0.000000	8.073016	0.000000	6.062640	0.000000	8.376503	0.000000	3.032145	0.000000	0.000000	25.544303
3.125013	0.000000	8.112286	0.000000	6.079410	0.000000	8.396114	0.000000	3.039612	0.000000	0.000000	25.627422
3.150013	0.000000	8.159156	0.000000	6.095977	0.000000	8.415221	0.000000	3.046852	0.000000	0.000000	25.717205
3.175014	0.000000	8.206026	0.000000	6.112543	0.000000	8.434327	0.000000	3.054091	0.000000	0.000000	25.806988
3.200014	0.000000	8.252896	0.000000	6.129110	0.000000	8.453434	0.000000	3.061330	0.000000	0.000000	25.896770
3.225014	0.000000	8.299767	0.000000	6.145677	0.000000	8.472541	0.000000	3.068569	0.000000	0.000000	25.986553
3.250014	0.000000	8.346637	0.000000	6.162243	0.000000	8.491648	0.000000	3.075808	0.000000	0.000000	26.076336
3.275014	0.000000	8.393507	0.000000	6.178810	0.000000	8.510754	0.000000	3.083048	0.000000	0.000000	26.166119
3.300014	0.000000	8.440377	0.000000	6.195376	0.000000	8.529861	0.000000	3.090287	0.000000	0.000000	26.255902
3.325014	0.000000	8.487247	0.000000	6.211943	0.000000	8.548968	0.000000	3.097526	0.000000	0.000000	26.345684
3.350014	0.000000	8.534118	0.000000	6.228510	0.000000	8.568075	0.000000	3.104765	0.000000	0.000000	26.435467
3.375014	0.000000	8.583581	0.000000	6.244979	0.000000	8.587048	0.000000	3.112016	0.000000	0.000000	26.527624
3.400014	0.000000	8.645519	0.000000	6.260980	0.000000	8.605376	0.000000	3.119321	0.000000	0.000000	26.631196
3.425015	0.000000	8.707457	0.000000	6.276981	0.000000	8.623705	0.000000	3.126626	0.000000	0.000000	26.734768
3.450015	0.000000	8.769394	0.000000	6.292982	0.000000	8.642034	0.000000	3.133931	0.000000	0.000000	26.838341
3.475015	0.000000	8.831332	0.000000	6.308983	0.000000	8.660362	0.000000	3.141236	0.000000	0.000000	26.941913
3.500015	0.000000	8.893269	0.000000	6.324984	0.000000	8.678691	0.000000	3.148541	0.000000	0.000000	27.045485
3.525015	0.000000	8.955207	0.000000	6.340985	0.000000	8.697020	0.000000	3.155846	0.000000	0.000000	27.149058
3.550015	0.000000	9.017145	0.000000	6.356986	0.000000	8.715349	0.000000	3.163152	0.000000	0.000000	27.252630
3.575015	0.000000	9.079082	0.000000	6.372986	0.000000	8.733677	0.000000	3.170457	0.000000	0.000000	27.356203
3.600015	0.000000	9.141020	0.000000	6.388987	0.000000	8.752006	0.000000	3.177762	0.000000	0.000000	27.459775
3.625015	0.000000	9.208686	0.000000	6.405260	0.000000	8.770665	0.000000	3.185125	0.000000	0.000000	27.569736
3.650016	0.000000	9.303893	0.000000	6.422835	0.000000	8.790913	0.000000	3.192770	0.000000	0.000000	27.710411
3.675016	0.000000	9.399100	0.000000	6.440411	0.000000	8.811160	0.000000	3.200415	0.000000	0.000000	27.851086
3.700016	0.000000	9.494307	0.000000	6.457987	0.000000	8.831407	0.000000	3.208059	0.000000	0.000000	27.991761
3.725016	0.000000	9.589514	0.000000	6.475563	0.000000	8.851655	0.000000	3.215704	0.000000	0.000000	28.132436
3.750016	0.000000	9.684721	0.000000	6.493139	0.000000	8.871902	0.000000	3.223348	0.000000	0.000000	28.273111
3.775016	0.000000	9.779928	0.000000	6.510715	0.000000	8.892150	0.000000	3.230993	0.000000	0.000000	28.413786
3.800016	0.000000	9.875135	0.000000	6.528291	0.000000	8.912397	0.000000	3.238638	0.000000	0.000000	28.554461
3.825016	0.000000	9.970343	0.000000	6.545866	0.000000	8.932644	0.000000	3.246282	0.000000	0.000000	28.695136
3.850016	0.000000	10.065550	0.000000	6.563442	0.000000	8.952892	0.000000	3.253927	0.000000	0.000000	28.835811
3.875017	0.000000	10.174704	0.000000	6.581252	0.000000	8.973509	0.000000	3.261760	0.000000	0.000000	28.991225
3.900017	0.000000	10.350894	0.000000	6.600182	0.000000	8.995905	0.000000	3.270501	0.000000	0.000000	29.217481
3.925017	0.000000	10.527084	0.000000	6.619113	0.000000	9.018300	0.000000	3.279241	0.000000	0.000000	29.443738
3.950017	0.000000	10.703275	0.000000	6.638043	0.000000	9.040695	0.000000	3.287981	0.000000	0.000000	29.669995
3.975017	0.000000	10.879465	0.000000	6.656974	0.000000	9.063091	0.000000	3.296722	0.000000	0.000000	29.896251
4.000017	0.000000	11.055655	0.000000	6.675904	0.000000	9.085486	0.000000	3.305462	0.000000	0.000000	30.122508
4.025017	0.000000	11.231845	0.000000	6.694835	0.000000	9.107882	0.000000	3.314202	0.000000	0.000000	30.348765
4.050017	0.000000	11.408036	0.000000	6.713766	0.000000	9.130277	0.000000	3.322943	0.000000	0.000000	30.575021
4.075017	0.000000	11.584226	0.000000	6.732696	0.000000	9.152673	0.000000	3.331683	0.000000	0.000000	30.801278
4.100017	0.000000	11.760416	0.000000	6.751627	0.000000	9.175068	0.000000	3.340423	0.000000	0.000000	31.027535
4.125018	0.000000	11.991668	0.000000	6.770678	0.000000	9.197471	0.000000	3.349128	0.000000	0.000000	31.308945
4.150018	0.000000	12.487497	0.000000	6.790309	0.000000	9.219909	0.000000	3.357658	0.000000	0.000000	31.855372
4.175018	0.000000	12.983326	0.000000	6.809939	0.000000	9.242347	0.000000	3.366188	0.000000	0.000000	32.401800
4.200018	0.000000	13.479155	0.000000	6.829570	0.000000	9.264785	0.000000	3.374718	0.000000	0.000000	32.948228
4.225018	0.000000	13.974984	0.000000	6.849201	0.000000	9.287223	0.000000	3.383248	0.000000	0.000000	33.494655
4.250018	0.000000	14.470812	0.000000	6.868831	0.000000	9.309661	0.000000	3.391778	0.000000	0.000000	34.041083
4.275018	0.000000	14.966641	0.000000	6.888462	0.000000	9.332100	0.000000	3.400308	0.000000	0.000000	34.587511
4.300018	0.000000	15.462470	0.000000	6.908093	0.000000	9.354538	0.000000	3.408838	0.000000	0.000000	35.133939
4.325018	0.000000	15.958299	0.000000	6.927724	0.000000	9.376976	0.000000	3.417368	0.000000	0.000000	35.680366
4.350019	0.000000	16.454128	0.000000	6.947354	0.000000	9.399414	0.000000	3.425898	0.000000	0.000000	36.226794
4.375019	0.000000	17.300453	0.000000	6.966868	0.000000	9.421715	0.000000	3.434368	0.000000	0.000000	37.123403
4.400019	0.000000	19.830445	0.000000	6.985816	0.000000	9.443358	0.000000	3.442548	0.000000	0.000000	39.702167
4.425019	0.000000	22.360437	0.000000	7.004765	0.000000	9.465000	0.000000	3.450729	0.000000	0.000000	42.280932
4.450019	0.000000	24.890429	0.000000	7.023714	0.000000	9.486643	0.000000	3.458909	0.000000	0.000000	44.859696
4.475019	0.000000	27.420422	0.000000	7.042663	0.000000	9.508286	0.000000	3.467090	0.000000	0.000000	47.438460
4.500019	0.000000	29.950414	0.000000	7.061612	0.000000	9.529929	0.000000	3.475271	0.000000	0.000000	50.017225
4.525019	0.000000	32.480406	0.000000	7.080561	0.000000	9.551571	0.000000	3.483451	0.000000	0.000000	52.595989
4.550019	0.000000	35.010398	0.000000	7.099509	0.000000	9.573214	0.000000	3.491632	0.000000	0.000000	55.174753
4.575020	0.000000	37.540391	0.000000	7.118458	0.000000	9.594857	0.000000	3.499812	0.000000	0.000000	57.753518
4.600020	0.000000	40.070383	0.000000	7.137407	0.000000	9.616500	0.000000	3.507993	0.000000	0.000000	60.332282
4.625020	0.000000	43.026589	0.000000	7.156384	0.000000	9.638166	0.000000	3.516186	0.000000	0.000000	63.337325
4.650020	0.000000	48.029577	0.000000	7.175495	0.000000	9.659944	0.000000	3.524441	0.000000	0.000000	68.389457
4.675020	0.000000	53.032564	0.000000	7.194606	0.000000	9.681723	0.000000	3.532696	0.000000	0.000000	73.441589
4.700020	0.000000	58.035552	0.000000	7.213717	0.000000	9.703502	0.000000	3.540952	0.000000	0.000000	78.493722
4.725020	0.000000	63.038539	0.000000	7.232828	0.000000	9.725281	0.000000	3.549207	0.000000	0.000000	83.545854
4.750020	0.000000	68.041527	0.000000	7.251939	0.000000	9.747059	0.000000	3.557462	0.000000	0.000000	88.597986
4.775020	0.000000	73.044514	0.000000	7.271050	0.000000	9.768838	0.000000	3.565717	0.000000	0.000000	93.650119
4.800020	0.000000	78.047501	0.000000	7.290160	0.000000	9.790617	0.000000	3.573972	0.000000	0.000000	98.702251
4.825021	0.000000	83.050489	0.000000	7.309271	0.000000	9.812396	0.000000	3.582227	0.000000	0.000000	103.754383
4.850021	0.000000	88.053476	0.000000	7.328382	0.000000	9.834174	0.000000	3.590482	0.000000	0.000000	108.806516
4.875021	0.000000	92.336881	0.000000	7.347763	0.000000	9.856284	0.000000	3.598877	0.000000	0.044488	113.184293
4.900021	0.000000	93.165707	0.000000	7.368439	0.000000	9.879981	0.000000	3.607943	0.000000	0.302557	114.324628
4.925021	0.000000	93.994534	0.000000	7.389115	0.000000	9.903679	0.000000	3.617009	0.000000	0.560626	115.464964
4.950021	0.000000	94.823361	0.000000	7.409791	0.000000	9.927376	0.000000	3.626075	0.000000	0.818695	116.605299
4.975021	0.000000	95.652188	0.000000	7.430467	0.000000	9.951074	0.000000	3.635141	0.000000	1.076764	117.745634
5.000021	0.000000	96.481014	0.000000	7.451143	0.000000	9.974771	0.000000	3.644207	0.000000	1.334833	118.885969
5.025021	0.000000	97.309841	0.000000	7.471818	0.000000	9.998468	0.000000	3.653273	0.000000	1.592902	120.026304
5.050022	0.000000	98.138668	0.000000	7.492494	0.000000	10.022166	0.000000	3.662339	0.000000	1.850971	121.166639
5.075022	0.000000	98.967495	0.000000	7.513170	0.000000	10.045863	0.000000	3.671405	0.000000	2.109040	122.306974
5.100022	0.000000	99.796321	0.000000	7.533846	0.000000	10.069561	0.000000	3.680471	0.000000	2.367109	123.447309
5.125022	0.000000	100.521161	0.000000	7.554765	0.000000	10.093566	0.000000	3.689575	0.000000	2.581684	124.440750
5.150022	0.000000	100.746925	0.000000	7.576849	0.000000	10.119047	0.000000	3.698858	0.000000	2.587515	124.729194
5.175022	0.000000	100.972690	0.000000	7.598933	0.000000	10.144529	0.000000	3.708142	0.000000	2.593345	125.017639
5.200022	0.000000	101.198455	0.000000	7.621017	0.000000	10.170010	0.000000	3.717425	0.000000	2.599175	125.306083
5.225022	0.000000	101.424220	0.000000	7.643101	0.000000	10.195492	0.000000	3.726709	0.000000	2.605005	125.594527
5.250022	0.000000	101.649985	0.000000	7.665186	0.000000	10.220973	0.000000	3.735992	0.000000	2.610836	125.882972
5.275022	0.000000	101.875750	0.000000	7.687270	0.000000	10.246454	0.000000	3.745276	0.000000	2.616666	126.171416
5.300023	0.000000	102.101515	0.000000	7.709354	0.000000	10.271936	0.000000	3.754560	0.000000	2.622496	126.459860
5.325023	0.000000	102.327279	0.000000	7.731438	0.000000	10.297417	0.000000	3.763843	0.000000	2.628326	126.748305
5.350023	0.000000	102.553044	0.000000	7.753522	0.000000	10.322899	0.000000	3.773127	0.000000	2.634157	127.036749
5.375023	0.000000	102.756839	0.000000	7.775808	0.000000	10.348646	0.000000	3.782503	0.000000	2.640093	127.303889
5.400023	0.000000	102.855224	0.000000	7.799061	0.000000	10.375666	0.000000	3.792322	0.000000	2.646539	127.468812
5.425023	0.000000	102.953608	0.000000	7.822314	0.000000	10.402686	0.000000	3.802142	0.000000	2.652985	127.633734
5.450023	0.000000	103.051993	0.000000	7.845567	0.000000	10.429706	0.000000	3.811961	0.000000	2.659431	127.798657
5.475023	0.000000	103.150377	0.000000	7.868819	0.000000	10.456726	0.000000	3.821781	0.000000	2.665877	127.963580
5.500023	0.000000	103.248761	0.000000	7.892072	0.000000	10.483747	0.000000	3.831600	0.000000	2.672322	128.128503
5.525024	0.000000	103.347146	0.000000	7.915325	0.000000	10.510767	0.000000	3.841420	0.000000	2.678768	128.293426
5.550024	0.000000	103.445530	0.000000	7.938578	0.000000	10.537787	0.000000	3.851239	0.000000	2.685214	128.458348
5.575024	0.000000	103.543915	0.000000	7.961831	0.000000	10.564807	0.000000	3.861059	0.000000	2.691660	128.623271
5.600024	0.000000	103.642299	0.000000	7.985083	0.000000	10.591827	0.000000	3.870878	0.000000	2.698106	128.788194
5.625024	0.000000	103.734479	0.000000	8.008196	0.000000	10.618576	0.000000	3.880579	0.000000	2.704402	128.946232
5.650024	0.000000	103.796900	0.000000	8.030636	0.000000	10.644023	0.000000	3.889710	0.000000	2.709982	129.071251
5.675024	0.000000	103.859321	0.000000	8.053076	0.000000	10.669469	0.000000	3.898840	0.000000	2.715562	129.196269
5.700024	0.000000	103.921742	0.000000	8.075517	0.000000	10.694916	0.000000	3.907971	0.000000	2.721141	129.321287
5.725024	0.000000	103.984163	0.000000	8.097957	0.000000	10.720363	0.000000	3.917101	0.000000	2.726721	129.446305
5.750025	0.000000	104.046584	0.000000	8.120397	0.000000	10.745809	0.000000	3.926232	0.000000	2.732301	129.571324
5.775025	0.000000	104.109005	0.000000	8.142837	0.000000	10.771256	0.000000	3.935362	0.000000	2.737881	129.696342
5.800025	0.000000	104.171426	0.000000	8.165278	0.000000	10.796703	0.000000	3.944493	0.000000	2.743461	129.821360
5.825025	0.000000	104.233847	0.000000	8.187718	0.000000	10.822150	0.000000	3.953624	0.000000	2.749040	129.946378
5.850025	0.000000	104.296268	0.000000	8.210158	0.000000	10.847596	0.000000	3.962754	0.000000	2.754620	130.071396
5.875025	0.000000	104.355311	0.000000	8.232626	0.000000	10.873100	0.000000	3.971907	0.000000	2.760295	130.193239
5.900025	0.000000	104.398157	0.000000	8.255227	0.000000	10.898878	0.000000	3.981168	0.000000	2.766425	130.299855
5.925025	0.000000	104.441003	0.000000	8.277828	0.000000	10.924655	0.000000	3.990429	0.000000	2.772554	130.406470
5.950025	0.000000	104.483849	0.000000	8.300429	0.000000	10.950433	0.000000	3.999691	0.000000	2.778684	130.513085
5.975025	0.000000	104.526696	0.000000	8.323030	0.000000	10.976210	0.000000	4.008952	0.000000	2.784814	130.619701
6.000026	0.000000	104.569542	0.000000	8.345631	0.000000	11.001987	0.000000	4.018213	0.000000	2.790944	130.726316
6.025026	0.000000	104.612388	0.000000	8.368232	0.000000	11.027765	0.000000	4.027474	0.000000	2.797074	130.832932
6.050026	0.000000	104.655234	0.000000	8.390833	0.000000	11.053542	0.000000	4.036735	0.000000	2.803203	130.939547
6.075026	0.000000	104.698080	0.000000	8.413434	0.000000	11.079320	0.000000	4.045996	0.000000	2.809333	131.046163
6.100026	0.000000	104.740926	0.000000	8.436035	0.000000	11.105097	0.000000	4.055257	0.000000	2.815463	131.152778
6.125026	0.000000	104.780813	0.000000	8.458810	0.000000	11.131072	0.000000	4.064660	0.000000	2.821580	131.256933
6.150026	0.000000	104.806514	0.000000	8.482418	0.000000	11.157990	0.000000	4.074740	0.000000	2.827634	131.349296
6.175026	0.000000	104.832215	0.000000	8.506027	0.000000	11.184908	0.000000	4.084821	0.000000	2.833688	131.441658
6.200026	0.000000	104.857915	0.000000	8.529636	0.000000	11.211826	0.000000	4.094901	0.000000	2.839742	131.534021
6.225027	0.000000	104.883616	0.000000	8.553245	0.000000	11.238744	0.000000	4.104982	0.000000	2.845797	131.626383
6.250027	0.000000	104.909317	0.000000	8.576854	0.000000	11.265662	0.000000	4.115062	0.000000	2.851851	131.718746
6.275027	0.000000	104.935018	0.000000	8.600463	0.000000	11.292580	0.000000	4.125143	0.000000	2.857905	131.811108
6.300027	0.000000	104.960718	0.000000	8.624072	0.000000	11.319498	0.000000	4.135224	0.000000	2.863959	131.903471
6.325027	0.000000	104.986419	0.000000	8.647680	0.000000	11.346416	0.000000	4.145304	0.000000	2.870013	131.995833
6.350027	0.000000	105.012120	0.000000	8.671289	0.000000	11.373335	0.000000	4.155385	0.000000	2.876068	132.088196
6.375027	0.000000	105.035997	0.000000	8.695199	0.000000	11.400647	0.000000	4.165514	0.000000	2.882109	132.179466
6.400027	0.000000	105.051132	0.000000	8.720553	0.000000	11.429849	0.000000	4.175878	0.000000	2.888089	132.265501
6.425027	0.000000	105.066267	0.000000	8.745906	0.000000	11.459051	0.000000	4.186242	0.000000	2.894069	132.351536
6.450027	0.000000	105.081403	0.000000	8.771260	0.000000	11.488253	0.000000	4.196606	0.000000	2.900049	132.437572
6.475028	0.000000	105.096538	0.000000	8.796614	0.000000	11.517456	0.000000	4.206971	0.000000	2.906029	132.523607
6.500028	0.000000	105.111674	0.000000	8.821967	0.000000	11.546658	0.000000	4.217335	0.000000	2.912009	132.609642
6.525028	0.000000	105.126809	0.000000	8.847321	0.000000	11.575860	0.000000	4.227699	0.000000	2.917989	132.695677
6.550028	0.000000	105.141944	0.000000	8.872674	0.000000	11.605062	0.000000	4.238063	0.000000	2.923969	132.781713
6.575028	0.000000	105.157080	0.000000	8.898028	0.000000	11.634264	0.000000	4.248427	0.000000	2.929949	132.867748
6.600028	0.000000	105.172215	0.000000	8.923381	0.000000	11.663466	0.000000	4.258791	0.000000	2.935929	132.953783
6.625028	0.000000	105.186129	0.000000	8.949129	0.000000	11.693084	0.000000	4.269354	0.000000	2.942165	133.039862
6.650028	0.000000	105.194193	0.000000	8.976767	0.000000	11.724695	0.000000	4.280870	0.000000	2.949625	133.126150
6.675028	0.000000	105.202256	0.000000	9.004405	0.000000	11.756306	0.000000	4.292386	0.000000	2.957085	133.212438
6.700029	0.000000	105.210320	0.000000	9.032042	0.000000	11.787917	0.000000	4.303901	0.000000	2.964546	133.298726
6.725029	0.000000	105.218383	0.000000	9.059680	0.000000	11.819528	0.000000	4.315417	0.000000	2.972006	133.385014
6.750029	0.000000	105.226446	0.000000	9.087318	0.000000	11.851138	0.000000	4.326933	0.000000	2.979466	133.471302
6.775029	0.000000	105.234510	0.000000	9.114955	0.000000	11.882749	0.000000	4.338449	0.000000	2.986927	133.557590
6.800029	0.000000	105.242573	0.000000	9.142593	0.000000	11.914360	0.000000	4.349965	0.000000	2.994387	133.643878
6.825029	0.000000	105.250637	0.000000	9.170231	0.000000	11.945971	0.000000	4.361480	0.000000	3.001847	133.730166
6.850029	0.000000	105.258700	0.000000	9.197868	0.000000	11.977582	0.000000	4.372996	0.000000	3.009307	133.816454
6.875029	0.000000	105.267366	0.000000	9.225616	0.000000	12.009406	0.000000	4.384406	0.000000	3.016618	133.903412
6.900029	0.000000	105.278920	0.000000	9.253893	0.000000	12.042250	0.000000	4.395306	0.000000	3.023212	133.993580
6.925030	0.000000	105.290473	0.000000	9.282169	0.000000	12.075094	0.000000	4.406206	0.000000	3.029806	134.083748
6.950030	0.000000	105.302026	0.000000	9.310446	0.000000	12.107938	0.000000	4.417106	0.000000	3.036401	134.173917
6.975030	0.000000	105.313580	0.000000	9.338723	0.000000	12.140782	0.000000	4.428006	0.000000	3.042995	134.264085
7.000030	0.000000	105.325133	0.000000	9.366999	0.000000	12.173626	0.000000	4.438906	0.000000	3.049589	134.354253
7.025030	0.000000	105.336687	0.000000	9.395276	0.000000	12.206470	0.000000	4.449806	0.000000	3.056183	134.444422
7.050030	0.000000	105.348240	0.000000	9.423552	0.000000	12.239314	0.000000	4.460706	0.000000	3.062778	134.534590
7.075030	0.000000	105.359793	0.000000	9.451829	0.000000	12.272158	0.000000	4.471606	0.000000	3.069372	134.624758
7.100030	0.000000	105.371347	0.000000	9.480105	0.000000	12.305003	0.000000	4.482506	0.000000	3.075966	134.714927
7.125030	0.000000	105.383467	0.000000	9.508390	0.000000	12.337783	0.000000	4.493358	0.000000	3.082480	134.805478
7.150030	0.000000	105.398302	0.000000	9.536712	0.000000	12.370257	0.000000	4.503982	0.000000	3.088610	134.897864
7.175031	0.000000	105.413138	0.000000	9.565035	0.000000	12.402731	0.000000	4.514606	0.000000	3.094740	134.990249
7.200031	0.000000	105.427973	0.000000	9.593357	0.000000	12.435205	0.000000	4.525230	0.000000	3.100869	135.082635
7.225031	0.000000	105.442809	0.000000	9.621679	0.000000	12.467679	0.000000	4.535853	0.000000	3.106999	135.175020
7.250031	0.000000	105.457644	0.000000	9.650002	0.000000	12.500154	0.000000	4.546477	0.000000	3.113129	135.267406
7.275031	0.000000	105.472479	0.000000	9.678324	0.000000	12.532628	0.000000	4.557101	0.000000	3.119259	135.359791
7.300031	0.000000	105.487315	0.000000	9.706647	0.000000	12.565102	0.000000	4.567725	0.000000	3.125388	135.452177
7.325031	0.000000	105.502150	0.000000	9.734969	0.000000	12.597576	0.000000	4.578349	0.000000	3.131518	135.544562
7.350031	0.000000	105.516985	0.000000	9.763292	0.000000	12.630050	0.000000	4.588972	0.000000	3.137648	135.636948
7.375031	0.004179	105.531051	0.015124	9.791890	0.022149	12.662875	0.019548	4.599687	0.024315	3.143964	135.814783
7.400032	0.028360	105.541432	0.102642	9.821809	0.150311	12.697376	0.132664	4.610840	0.165013	3.151174	136.401622
7.425032	0.052541	105.551814	0.190160	9.851728	0.278474	12.731878	0.245780	4.621992	0.305712	3.158384	136.988461
7.450032	0.076721	105.562195	0.277677	9.881646	0.406637	12.766379	0.358896	4.633145	0.446410	3.165594	137.575300
7.475032	0.100902	105.572577	0.365195	9.911565	0.534800	12.800881	0.472011	4.644297	0.587108	3.172804	138.162140
7.500032	0.125083	105.582958	0.452712	9.941484	0.662962	12.835382	0.585127	4.655450	0.727806	3.180013	138.748979
7.525032	0.149264	105.593339	0.540230	9.971403	0.791125	12.869883	0.698243	4.666602	0.868505	3.187223	139.335818
7.550032	0.173445	105.603721	0.627748	10.001322	0.919288	12.904385	0.811359	4.677755	1.009203	3.194433	139.922657
7.575032	0.197626	105.614102	0.715265	10.031240	1.047451	12.938886	0.924475	4.688907	1.149901	3.201643	140.509496
7.600032	0.221806	105.624483	0.802783	10.061159	1.175614	12.973388	1.037590	4.700060	1.290600	3.208853	141.096335
7.625033	0.241968	105.634161	0.875629	10.091552	1.282158	13.008416	1.131663	4.711274	1.407437	3.216051	141.600308
7.650033	0.242898	105.640467	0.878275	10.124215	1.285257	13.045962	1.134611	4.722781	1.410097	3.223195	141.707758
7.675033	0.243828	105.646774	0.880920	10.156877	1.288355	13.083508	1.137560	4.734289	1.412758	3.230339	141.815209
7.700033	0.244758	105.653081	0.883565	10.189539	1.291454	13.121054	1.140509	4.745797	1.415418	3.237484	141.922659
7.725033	0.245688	105.659387	0.886211	10.222202	1.294553	13.158600	1.143457	4.757305	1.418079	3.244628	142.030110
7.750033	0.246618	105.665694	0.888856	10.254864	1.297651	13.196147	1.146406	4.768813	1.420739	3.251772	142.137560
7.775033	0.247548	105.672001	0.891501	10.287526	1.300750	13.233693	1.149355	4.780321	1.423400	3.258916	142.245010
7.800033	0.248478	105.678307	0.894147	10.320189	1.303848	13.271239	1.152303	4.791828	1.426060	3.266061	142.352461
7.825033	0.249408	105.684614	0.896792	10.352851	1.306947	13.308785	1.155252	4.803336	1.428720	3.273205	142.459911
7.850033	0.250338	105.690921	0.899437	10.385513	1.310046	13.346331	1.158201	4.814844	1.431381	3.280349	142.567361
7.875034	0.251375	105.696478	0.902181	10.419205	1.313254	13.385257	1.161148	4.826470	1.434181	3.287574	142.677123
7.900034	0.252924	105.698448	0.905396	10.457818	1.316987	13.430783	1.164089	4.838661	1.437651	3.295184	142.797941
7.925034	0.254472	105.700418	0.908611	10.496432	1.320721	13.476308	1.167031	4.850852	1.441121	3.302794	142.918759
7.950034	0.256021	105.702388	0.911825	10.535045	1.324454	13.521834	1.169972	4.863043	1.444591	3.310404	143.039577
7.975034	0.257570	105.704358	0.915040	10.573659	1.328187	13.567359	1.172913	4.875234	1.448061	3.318014	143.160395
8.000034	0.259118	105.706328	0.918255	10.612272	1.331921	13.612885	1.175855	4.887424	1.451531	3.325624	143.281213
8.025034	0.260667	105.708298	0.921469	10.650886	1.335654	13.658410	1.178796	4.899615	1.455001	3.333234	143.402031
8.050034	0.262216	105.710268	0.924684	10.689499	1.339387	13.703936	1.181738	4.911806	1.458472	3.340844	143.522849
8.075034	0.263764	105.712238	0.927899	10.728113	1.343121	13.749461	1.184679	4.923997	1.461942	3.348454	143.643667
8.100035	0.265313	105.714208	0.931113	10.766726	1.346854	13.794987	1.187620	4.936188	1.465412	3.356064	143.764485
8.125035	0.266762	105.715228	0.934328	10.806858	1.350518	13.842586	1.190610	4.948591	1.468795	3.363755	143.888030
8.150035	0.267734	105.711705	0.937543	10.854248	1.353853	13.900101	1.193828	4.962005	1.471766	3.371831	144.024614
8.175035	0.268707	105.708183	0.940757	10.901639	1.357189	13.957616	1.197046	4.975419	1.474737	3.379906	144.161199
8.200035	0.269680	105.704660	0.943972	10.949029	1.360524	14.015131	1.200265	4.988834	1.477708	3.387982	144.297784
8.225035	0.270652	105.701137	0.947187	10.996419	1.363859	14.072646	1.203483	5.002248	1.480679	3.396058	144.434369
8.250035	0.271625	105.697615	0.950401	11.043810	1.367194	14.130161	1.206701	5.015663	1.483650	3.404134	144.570953
8.275035	0.272597	105.694092	0.953616	11.091200	1.370530	14.187676	1.209920	5.029077	1.486621	3.412210	144.707538
8.300035	0.273570	105.690569	0.956831	11.138591	1.373865	14.245191	1.213138	5.042492	1.489592	3.420286	144.844123
8.325035	0.274543	105.687046	0.960045	11.185981	1.377200	14.302705	1.216356	5.055906	1.492563	3.428361	144.980708
8.350036	0.275515	105.683524	0.963260	11.233372	1.380535	14.360220	1.219575	5.069320	1.495534	3.436437	145.117292
8.375036	0.276640	105.681303	0.966538	11.283178	1.384008	14.420748	1.222809	5.082697	1.498601	3.444445	145.260967
8.400036	0.278491	105.685308	0.970118	11.344532	1.388138	14.495679	1.226119	5.095893	1.502130	3.452130	145.438537
8.425036	0.280343	105.689313	0.973698	11.405886	1.392268	14.570610	1.229429	5.109088	1.505659	3.459814	145.616107
8.450036	0.282194	105.693317	0.977278	11.467240	1.396398	14.645541	1.232739	5.122283	1.509188	3.467498	145.793678
8.475036	0.284045	105.697322	0.980858	11.528595	1.400528	14.720472	1.236049	5.135479	1.512717	3.475182	145.971248
8.500036	0.285897	105.701327	0.984438	11.589949	1.404658	14.795403	1.239359	5.148674	1.516247	3.482866	146.148818
8.525036	0.287748	105.705332	0.988018	11.651303	1.408788	14.870334	1.242669	5.161870	1.519776	3.490551	146.326388
8.550036	0.289599	105.709336	0.991598	11.712657	1.412918	14.945265	1.245979	5.175065	1.523305	3.498235	146.503958
8.575037	0.291451	105.713341	0.995178	11.774011	1.417048	15.020196	1.249289	5.188261	1.526834	3.505919	146.681529
8.600037	0.293302	105.717346	0.998758	11.835366	1.421178	15.095127	1.252599	5.201456	1.530363	3.513603	146.859099
8.625037	0.295055	105.721735	1.002241	11.901729	1.425145	15.176654	1.255800	5.214628	1.533818	3.521394	147.048199
8.650037	0.296338	105.727959	1.005262	11.992033	1.428329	15.289704	1.258482	5.227688	1.536917	3.529694	147.292406
8.675037	0.297620	105.734184	1.008283	12.082336	1.431514	15.402755	1.261164	5.240748	1.540016	3.537994	147.536613
8.700037	0.298903	105.740409	1.011303	12.172640	1.434699	15.515805	1.263845	5.253808	1.543115	3.546294	147.780820
8.725037	0.300186	105.746633	1.014324	12.262943	1.437884	15.628856	1.266527	5.266867	1.546214	3.554593	148.025028
8.750037	0.301468	105.752858	1.017345	12.353247	1.441069	15.741906	1.269209	5.279927	1.549313	3.562893	148.269235
8.775037	0.302751	105.759082	1.020365	12.443550	1.444253	15.854957	1.271890	5.292987	1.552412	3.571193	148.513442
8.800038	0.304033	105.765307	1.023386	12.533854	1.447438	15.968008	1.274572	5.306046	1.555511	3.579493	148.757649
8.825038	0.305316	105.771532	1.026407	12.624158	1.450623	16.081058	1.277254	5.319106	1.558610	3.587792	149.001856
8.850038	0.306599	105.777756	1.029428	12.714461	1.453808	16.194109	1.279936	5.332166	1.561709	3.596092	149.246063
8.875038	0.307927	105.783435	1.032505	12.815902	1.457045	16.321943	1.282672	5.345296	1.564807	3.604299	149.515832
8.900038	0.309477	105.786508	1.035854	12.970552	1.460532	16.520417	1.285672	5.358761	1.567898	3.612058	149.907729
8.925038	0.311027	105.789580	1.039204	13.125203	1.464018	16.718890	1.288671	5.372226	1.570988	3.619818	150.299626
8.950038	0.312577	105.792652	1.042553	13.279853	1.467505	16.917364	1.291671	5.385691	1.574078	3.627578	150.691523
8.975038	0.314127	105.795724	1.045902	13.434504	1.470992	17.115838	1.294670	5.399156	1.577169	3.635338	151.083420
9.000038	0.315677	105.798796	1.049252	13.589155	1.474479	17.314311	1.297670	5.412622	1.580259	3.643098	151.475318
9.025038	0.317227	105.801868	1.052601	13.743805	1.477965	17.512785	1.300669	5.426087	1.583350	3.650857	151.867215
9.050039	0.318777	105.804940	1.055950	13.898456	1.481452	17.711258	1.303669	5.439552	1.586440	3.658617	152.259112
9.075039	0.320327	105.808012	1.059300	14.053107	1.484939	17.909732	1.306668	5.453017	1.589531	3.666377	152.651009
9.100039	0.321878	105.811084	1.062649	14.207757	1.488425	18.108205	1.309667	5.466482	1.592621	3.674137	153.042906
9.125039	0.323481	105.813580	1.066095	14.393948	1.492030	18.348533	1.312730	5.479934	1.595862	3.682085	153.508279
9.150039	0.325340	105.813325	1.070005	14.730790	1.496198	18.788776	1.316092	5.493325	1.599821	3.690933	154.324606
9.175039	0.327198	105.813071	1.073915	15.067632	1.500366	19.229020	1.319454	5.506716	1.603780	3.699782	155.140934
9.200039	0.329057	105.812816	1.077825	15.404473	1.504534	19.669263	1.322816	5.520106	1.607739	3.708630	155.957261
9.225039	0.330915	105.812561	1.081735	15.741315	1.508703	20.109506	1.326179	5.533497	1.611699	3.717479	156.773589
9.250039	0.332774	105.812306	1.085645	16.078157	1.512871	20.549750	1.329541	5.546887	1.615658	3.726327	157.589916
9.275040	0.334633	105.812052	1.089555	16.414999	1.517039	20.989993	1.332903	5.560278	1.619617	3.735176	158.406244
9.300040	0.336491	105.811797	1.093466	16.751841	1.521207	21.430236	1.336265	5.573669	1.623576	3.744024	159.222571
9.325040	0.338350	105.811542	1.097376	17.088682	1.525375	21.870480	1.339628	5.587059	1.627535	3.752872	160.038899
9.350040	0.340209	105.811288	1.101286	17.425524	1.529543	22.310723	1.342990	5.600450	1.631494	3.761721	160.855226
9.375040	0.342020	105.810095	1.105146	17.912991	1.533644	22.950057	1.346344	5.614065	1.635368	3.770555	162.020286
9.400040	0.343604	105.804420	1.108772	19.119711	1.537424	24.540069	1.349663	5.628755	1.638838	3.779320	164.850576
9.425040	0.345188	105.798745	1.112397	20.326430	1.541204	26.130081	1.352982	5.643445	1.642308	3.788086	167.680867
9.450040	0.346772	105.793070	1.116022	21.533149	1.544984	27.720093	1.356300	5.658135	1.645778	3.796852	170.511157
9.475040	0.348356	105.787396	1.119648	22.739868	1.548764	29.310105	1.359619	5.672826	1.649248	3.805617	173.341447
9.500040	0.349940	105.781721	1.123273	23.946588	1.552544	30.900117	1.362938	5.687516	1.652718	3.814383	176.171737
9.525041	0.351524	105.776046	1.126898	25.153307	1.556324	32.490130	1.366256	5.702206	1.656188	3.823148	179.002028
9.550041	0.353108	105.770372	1.130524	26.360026	1.560104	34.080142	1.369575	5.716896	1.659658	3.831914	181.832318
9.575041	0.354691	105.764697	1.134149	27.566745	1.563884	35.670154	1.372894	5.731586	1.663129	3.840680	184.662608
9.600041	0.356275	105.759022	1.137774	28.773465	1.567664	37.260166	1.376212	5.746276	1.666599	3.849445	187.492898
9.625041	0.357807	105.752272	1.141441	31.016003	1.571547	40.216000	1.379521	5.761155	1.670069	3.858267	192.724083
9.650041	0.359090	105.740385	1.145306	38.203212	1.575922	49.691835	1.382781	5.776940	1.673539	3.867357	209.416367
9.675041	0.360372	105.728498	1.149171	45.390420	1.580298	59.167670	1.386042	5.792724	1.677009	3.876448	226.108651
9.700041	0.361655	105.716611	1.153035	52.577629	1.584673	68.643505	1.389302	5.808509	1.680479	3.885538	242.800936
9.725041	0.362938	105.704725	1.156900	59.764837	1.589048	78.119340	1.392563	5.824293	1.683949	3.894628	259.493220
9.750042	0.364220	105.692838	1.160765	66.952046	1.593423	87.595174	1.395824	5.840078	1.687419	3.903719	276.185505
9.775042	0.365503	105.680951	1.164629	74.139254	1.597799	97.071009	1.399084	5.855862	1.690889	3.912809	292.877789
9.800042	0.366785	105.669064	1.168494	81.326463	1.602174	106.546844	1.402345	5.871647	1.694359	3.921899	309.570073
9.825042	0.368068	105.657178	1.172359	88.513671	1.606549	116.022679	1.405605	5.887431	1.697829	3.930989	326.262358
9.850042	0.369351	105.645291	1.176223	95.700880	1.610924	125.498514	1.408866	5.903215	1.701299	3.940080	342.954642
9.875042	0.370841	105.634041	1.180201	101.923362	1.615358	133.681945	1.412256	5.919023	1.704907	3.949372	357.391306
9.900042	0.373321	105.625830	1.184715	103.541919	1.620074	135.697695	1.416264	5.934937	1.709178	3.959628	361.063561
9.925042	0.375801	105.617620	1.189230	105.160476	1.624789	137.713444	1.420271	5.950852	1.713449	3.969884	364.735816
9.950042	0.378281	105.609409	1.193745	106.779033	1.629504	139.729193	1.424279	5.966767	1.717720	3.980139	368.408071
9.975043	0.380761	105.601199	1.198259	108.397590	1.634219	141.744942	1.428287	5.982682	1.721991	3.990395	372.080326
10.000043	0.383241	105.592988	1.202774	110.016147	1.638934	143.760691	1.432295	5.998597	1.726262	4.000651	375.752581
10.025043	0.385721	105.584777	1.207289	111.634704	1.643650	145.776440	1.436303	6.014512	1.730533	4.010907	379.424836
10.050043	0.388201	105.576567	1.211803	113.253261	1.648365	147.792190	1.440310	6.030427	1.734804	4.021163	383.097091
10.075043	0.390681	105.568356	1.216318	114.871818	1.653080	149.807939	1.444318	6.046342	1.739075	4.031419	386.769346
10.100043	0.393161	105.560145	1.220833	116.490375	1.657795	151.823688	1.448326	6.062257	1.743346	4.041675	390.441601
10.125043	0.395594	105.552758	1.225307	117.911133	1.662425	153.574097	1.452277	6.078217	1.747499	4.051793	393.651101
10.150043	0.397805	105.549298	1.229591	118.388221	1.666649	154.058614	1.455959	6.094393	1.751087	4.061257	394.652875
10.175043	0.400017	105.545838	1.233875	118.865310	1.670872	154.543130	1.459640	6.110569	1.754675	4.070721	395.654648
10.200043	0.402228	105.542378	1.238159	119.342399	1.675096	155.027646	1.463321	6.126745	1.758263	4.080185	396.656421
10.225044	0.404439	105.538918	1.242443	119.819488	1.679319	155.512162	1.467003	6.142922	1.761851	4.089649	397.658194
10.250044	0.406650	105.535458	1.246727	120.296576	1.683543	155.996678	1.470684	6.159098	1.765439	4.099113	398.659967
10.275044	0.408862	105.531998	1.251011	120.773665	1.687766	156.481195	1.474366	6.175274	1.769028	4.108577	399.661740
10.300044	0.411073	105.528538	1.255295	121.250754	1.691989	156.965711	1.478047	6.191450	1.772616	4.118041	400.663513
10.325044	0.413284	105.525078	1.259579	121.727842	1.696213	157.450227	1.481728	6.207626	1.776204	4.127505	401.665287
10.350044	0.415495	105.521618	1.263863	122.204931	1.700436	157.934743	1.485410	6.223802	1.779792	4.136969	402.667060
10.375044	0.417852	105.518471	1.268259	122.641214	1.704762	158.365113	1.489109	6.239989	1.783521	4.146514	403.574801
10.400044	0.420900	105.516817	1.273185	122.882875	1.709573	158.537234	1.492890	6.256228	1.787920	4.156444	404.034067
10.425044	0.423949	105.515163	1.278112	123.124537	1.714384	158.709355	1.496672	6.272467	1.792319	4.166373	404.493333
10.450045	0.426998	105.513509	1.283039	123.366199	1.719196	158.881477	1.500454	6.288706	1.796718	4.176303	404.952598
10.475045	0.430047	105.511855	1.287966	123.607860	1.724007	159.053598	1.504235	6.304945	1.801117	4.186233	405.411864
10.500045	0.433096	105.510201	1.292892	123.849522	1.728819	159.225719	1.508017	6.321185	1.805516	4.196163	405.871130
10.525045	0.436144	105.508547	1.297819	124.091184	1.733630	159.397841	1.511799	6.337424	1.809915	4.206093	406.330395
10.550045	0.439193	105.506893	1.302746	124.332845	1.738441	159.569962	1.515580	6.353663	1.814314	4.216022	406.789661
10.575045	0.442242	105.505239	1.307673	124.574507	1.743253	159.742083	1.519362	6.369902	1.818714	4.225952	407.248927
10.600045	0.445291	105.503585	1.312599	124.816169	1.748064	159.914204	1.523144	6.386142	1.823113	4.235882	407.708192
10.625045	0.448248	105.501338	1.317422	125.034016	1.752780	160.061687	1.526863	6.402487	1.827436	4.245825	408.118101
10.650045	0.450769	105.496262	1.321750	125.138319	1.757042	160.091692	1.530283	6.419336	1.831396	4.255829	408.292678
10.675046	0.453291	105.491187	1.326078	125.242621	1.761303	160.121696	1.533703	6.436186	1.835357	4.265833	408.467255
10.700046	0.455812	105.486112	1.330406	125.346923	1.765565	160.151701	1.537124	6.453036	1.839317	4.275837	408.641832
10.725046	0.458333	105.481036	1.334734	125.451225	1.769826	160.181706	1.540544	6.469886	1.843278	4.285841	408.816409
10.750046	0.460854	105.475961	1.339062	125.555528	1.774088	160.211711	1.543964	6.486735	1.847238	4.295845	408.990986
10.775046	0.463375	105.470885	1.343390	125.659830	1.778349	160.241715	1.547385	6.503585	1.851199	4.305849	409.165562
10.800046	0.465897	105.465810	1.347718	125.764132	1.782611	160.271720	1.550805	6.520435	1.855159	4.315853	409.340139
10.825046	0.468418	105.460735	1.352046	125.868435	1.786873	160.301725	1.554225	6.537285	1.859119	4.325857	409.514716
10.850046	0.470939	105.455659	1.356374	125.972737	1.791134	160.331729	1.557646	6.554134	1.863080	4.335861	409.689293
10.875046	0.473461	105.449797	1.360750	126.064454	1.795440	160.349268	1.561111	6.571053	1.866976	4.345947	409.838255
10.900046	0.475983	105.440182	1.365355	126.096181	1.799957	160.307386	1.564791	6.588299	1.870564	4.356425	409.865124
10.925047	0.478506	105.430567	1.369961	126.127909	1.804473	160.265504	1.568471	6.605546	1.874152	4.366904	409.891993
10.950047	0.481028	105.420952	1.374566	126.159637	1.808990	160.223622	1.572151	6.622792	1.877740	4.377382	409.918861
10.975047	0.483551	105.411338	1.379171	126.191364	1.813507	160.181739	1.575831	6.640039	1.881329	4.387861	409.945730
11.000047	0.486074	105.401723	1.383777	126.223092	1.818024	160.139857	1.579511	6.657286	1.884917	4.398339	409.972599
11.025047	0.488596	105.392108	1.388382	126.254820	1.822540	160.097975	1.583191	6.674532	1.888505	4.408817	409.999467
11.050047	0.491119	105.382494	1.392987	126.286548	1.827057	160.056093	1.586871	6.691779	1.892093	4.419296	410.026336
11.075047	0.493641	105.372879	1.397593	126.318275	1.831574	160.014211	1.590551	6.709025	1.895681	4.429774	410.053205
11.100047	0.496164	105.363264	1.402198	126.350003	1.836090	159.972329	1.594231	6.726272	1.899269	4.440253	410.080073
11.125047	0.498785	105.353332	1.406916	126.377161	1.840778	159.925808	1.598039	6.743639	1.903063	4.450812	410.098334
11.150048	0.501877	105.341887	1.412172	126.382546	1.846278	159.857184	1.602459	6.761583	1.907833	4.461758	410.075577
11.175048	0.504968	105.330443	1.417427	126.387931	1.851778	159.788561	1.606879	6.779528	1.912603	4.472703	410.052821
11.200048	0.508059	105.318998	1.422682	126.393316	1.857278	159.719937	1.611300	6.797472	1.917373	4.483649	410.030064
11.225048	0.511151	105.307553	1.427938	126.398702	1.862778	159.651313	1.615720	6.815416	1.922143	4.494595	410.007307
11.250048	0.514242	105.296108	1.433193	126.404087	1.868278	159.582690	1.620140	6.833360	1.926913	4.505540	409.984550
11.275048	0.517334	105.284664	1.438448	126.409472	1.873778	159.514066	1.624560	6.851304	1.931683	4.516486	409.961794
11.300048	0.520425	105.273219	1.443704	126.414857	1.879278	159.445443	1.628980	6.869248	1.936453	4.527431	409.939037
11.325048	0.523516	105.261774	1.448959	126.420242	1.884778	159.376819	1.633400	6.887192	1.941223	4.538377	409.916280
11.350048	0.526608	105.250330	1.454214	126.425627	1.890278	159.308195	1.637820	6.905136	1.945993	4.549323	409.893524
11.375048	0.529647	105.237720	1.459454	126.426495	1.895709	159.235101	1.642167	6.923445	1.950753	4.560431	409.860920
11.400049	0.532435	105.219559	1.464619	126.405843	1.900812	159.140707	1.646166	6.943491	1.955464	4.572316	409.781411
11.425049	0.535224	105.201398	1.469783	126.385191	1.905916	159.046313	1.650165	6.963537	1.960174	4.584200	409.701902
11.450049	0.538013	105.183237	1.474948	126.364539	1.911019	158.951919	1.654164	6.983583	1.964885	4.596085	409.622392
11.475049	0.540801	105.165077	1.480113	126.343887	1.916122	158.857526	1.658163	7.003629	1.969596	4.607969	409.542883
11.500049	0.543590	105.146916	1.485277	126.323235	1.921226	158.763132	1.662163	7.023674	1.974307	4.619854	409.463374
11.525049	0.546379	105.128755	1.490442	126.302583	1.926329	158.668738	1.666162	7.043720	1.979018	4.631738	409.383865
11.550049	0.549167	105.110595	1.495607	126.281931	1.931432	158.574345	1.670161	7.063766	1.983729	4.643623	409.304355
11.575049	0.551956	105.092434	1.500772	126.261279	1.936536	158.479951	1.674160	7.083812	1.988440	4.655507	409.224846
11.600049	0.554744	105.074273	1.505936	126.240627	1.941639	158.385557	1.678159	7.103858	1.993151	4.667392	409.145337
11.625050	0.557648	105.056003	1.511263	126.208737	1.946906	158.283041	1.682287	7.124070	1.997947	4.679275	409.047177
11.650050	0.561101	105.037210	1.517364	126.123327	1.952955	158.141846	1.687026	7.145073	2.003147	4.691150	408.860199
11.675050	0.564553	105.018417	1.523465	126.037917	1.959003	158.000651	1.691765	7.166076	2.008347	4.703026	408.673221
11.700050	0.568006	104.999624	1.529566	125.952507	1.965052	157.859456	1.696504	7.187079	2.013547	4.714902	408.486243
11.725050	0.571459	104.980832	1.535666	125.867097	1.971100	157.718260	1.701244	7.208082	2.018747	4.726778	408.299265
11.750050	0.574911	104.962039	1.541767	125.781687	1.977149	157.577065	1.705983	7.229085	2.023947	4.738654	408.112287
11.775050	0.578364	104.943246	1.547868	125.696277	1.983197	157.435870	1.710722	7.250088	2.029147	4.750530	407.925309
11.800050	0.581817	104.924454	1.553968	125.610867	1.989246	157.294675	1.715461	7.271091	2.034347	4.762406	407.738331
11.825050	0.585269	104.905661	1.560069	125.525457	1.995294	157.153479	1.720200	7.292094	2.039547	4.774281	407.551353
11.850051	0.588722	104.886868	1.566170	125.440047	2.001343	157.012284	1.724940	7.313098	2.044747	4.786157	407.364375
11.875051	0.592219	104.870643	1.572230	125.353473	2.007304	156.871632	1.729623	7.334298	2.049883	4.798237	407.179543
11.900051	0.595929	104.866643	1.578099	125.261356	2.012851	156.733565	1.734043	7.356439	2.054712	4.811287	407.004925
11.925051	0.599639	104.862643	1.583968	125.169239	2.018398	156.595499	1.738463	7.378580	2.059541	4.824337	406.830307
11.950051	0.603349	104.858643	1.589836	125.077121	2.023944	156.457432	1.742883	7.400721	2.064370	4.837387	406.655688
11.975051	0.607059	104.854643	1.595705	124.985004	2.029491	156.319366	1.747303	7.422862	2.069199	4.850437	406.481070
12.000051	0.610769	104.850643	1.601574	124.892887	2.035038	156.181299	1.751723	7.445003	2.074028	4.863487	406.306452
12.025051	0.614479	104.846643	1.607442	124.800770	2.040585	156.043233	1.756143	7.467144	2.078857	4.876537	406.131834
12.050051	0.618189	104.842643	1.613311	124.708653	2.046131	155.905166	1.760563	7.489285	2.083686	4.889587	405.957216
12.075051	0.621899	104.838643	1.619179	124.616536	2.051678	155.767100	1.764983	7.511426	2.088515	4.902637	405.782598
12.100052	0.625609	104.834644	1.625048	124.524418	2.057225	155.629033	1.769403	7.533567	2.093345	4.915687	405.607980
12.125052	0.629382	104.832775	1.630874	124.433774	2.062719	155.493187	1.773768	7.555741	2.098108	4.928600	405.438929
12.150052	0.633455	104.841050	1.636494	124.350140	2.067964	155.367910	1.777869	7.578076	2.102557	4.940858	405.296374
12.175052	0.637527	104.849326	1.642115	124.266507	2.073209	155.242633	1.781970	7.600411	2.107007	4.953116	405.153820
12.200052	0.641600	104.857601	1.647736	124.182873	2.078454	155.117356	1.786071	7.622745	2.111456	4.965375	405.011266
12.225052	0.645673	104.865876	1.653357	124.099239	2.083699	154.992078	1.790171	7.645080	2.115906	4.977633	404.868712
12.250052	0.649745	104.874152	1.658977	124.015606	2.088943	154.866801	1.794272	7.667415	2.120356	4.989891	404.726158
12.275052	0.653818	104.882427	1.664598	123.931972	2.094188	154.741524	1.798373	7.689749	2.124805	5.002149	404.583604
12.300052	0.657890	104.890702	1.670219	123.848338	2.099433	154.616247	1.802474	7.712084	2.129255	5.014407	404.441049
12.325053	0.661963	104.898978	1.675839	123.764705	2.104678	154.490969	1.806575	7.734419	2.133704	5.026666	404.298495
12.350053	0.666036	104.907253	1.681460	123.681071	2.109923	154.365692	1.810676	7.756753	2.138154	5.038924	404.155941
12.375053	0.670261	104.915340	1.687245	123.596711	2.115340	154.239484	1.814905	7.779274	2.142744	5.051263	404.012567
12.400053	0.675211	104.922531	1.693810	123.508897	2.121576	154.108848	1.819746	7.802681	2.148005	5.063987	403.865291
12.425053	0.680161	104.929721	1.700376	123.421083	2.127813	153.978212	1.824587	7.826087	2.153265	5.076711	403.718016
12.450053	0.685111	104.936912	1.706941	123.333269	2.134050	153.847577	1.829428	7.849494	2.158526	5.089435	403.570741
12.475053	0.690061	104.944103	1.713506	123.245454	2.140287	153.716941	1.834269	7.872900	2.163786	5.102159	403.423465
12.500053	0.695011	104.951293	1.720072	123.157640	2.146523	153.586305	1.839109	7.896307	2.169046	5.114883	403.276190
12.525053	0.699961	104.958484	1.726637	123.069826	2.152760	153.455669	1.843950	7.919714	2.174307	5.127607	403.128914
12.550053	0.704911	104.965675	1.733202	122.982012	2.158997	153.325033	1.848791	7.943120	2.179567	5.140331	402.981639
12.575054	0.709861	104.972865	1.739768	122.894198	2.165234	153.194397	1.853632	7.966527	2.184828	5.153055	402.834363
12.600054	0.714811	104.980056	1.746333	122.806383	2.171470	153.063761	1.858473	7.989933	2.190088	5.165779	402.687088
12.625054	0.719768	104.986622	1.752799	122.717561	2.177604	152.931844	1.863258	8.013966	2.195361	5.178691	402.537474
12.650054	0.724762	104.990218	1.758794	122.623943	2.183245	152.793836	1.867780	8.040976	2.200689	5.192496	402.376740
12.675054	0.729756	104.993814	1.764789	122.530325	2.188887	152.655827	1.872302	8.067986	2.206017	5.206302	402.216005
12.700054	0.734750	104.997410	1.770783	122.436707	2.194528	152.517819	1.876823	8.094996	2.211345	5.220107	402.055270
12.725054	0.739744	105.001006	1.776778	122.343089	2.200170	152.379810	1.881345	8.122006	2.216673	5.233912	401.894535
12.750054	0.744738	105.004602	1.782773	122.249471	2.205811	152.241801	1.885867	8.149016	2.222002	5.247718	401.733800
12.775054	0.749732	105.008198	1.788767	122.155853	2.211453	152.103793	1.890388	8.176027	2.227330	5.261523	401.573065
12.800055	0.754726	105.011794	1.794762	122.062235	2.217095	151.965784	1.894910	8.203037	2.232658	5.275328	401.412330
12.825055	0.759720	105.015390	1.800757	121.968617	2.222736	151.827776	1.899432	8.230047	2.237986	5.289134	401.251595
12.850055	0.764714	105.018986	1.806751	121.875000	2.228378	151.689767	1.903953	8.257057	2.243314	5.302939	401.090860
12.875055	0.769656	105.022388	1.812788	121.781258	2.234062	151.551432	1.908466	8.284796	2.248565	5.316652	400.930064
12.900055	0.774347	105.024868	1.819022	121.686932	2.239950	151.411549	1.912937	8.316002	2.253446	5.329925	400.768976
12.925055	0.779038	105.027348	1.825256	121.592605	2.245838	151.271665	1.917408	8.347207	2.258327	5.343197	400.607889
12.950055	0.783729	105.029828	1.831490	121.498278	2.251726	151.131781	1.921879	8.378413	2.263208	5.356470	400.446802
12.975055	0.788421	105.032308	1.837724	121.403952	2.257614	150.991897	1.926350	8.409618	2.268088	5.369743	400.285715
13.000055	0.793112	105.034788	1.843958	121.309625	2.263503	150.852013	1.930821	8.440824	2.272969	5.383015	400.124627
13.025056	0.797803	105.037268	1.850192	121.215298	2.269391	150.712129	1.935291	8.472029	2.277850	5.396288	399.963540
13.050056	0.802494	105.039748	1.856426	121.120972	2.275279	150.572245	1.939762	8.503235	2.282731	5.409560	399.802453
13.075056	0.807186	105.042228	1.862660	121.026645	2.281167	150.432361	1.944233	8.534440	2.287612	5.422833	399.641365
13.100056	0.811877	105.044708	1.868894	120.932318	2.287055	150.292477	1.948704	8.565646	2.292493	5.436106	399.480278
13.125056	0.816721	105.047236	1.875298	120.838812	2.293114	150.152802	1.953350	8.598349	2.297580	5.449634	399.322896
13.150056	0.822291	105.049992	1.882512	120.749205	2.299984	150.014116	1.958828	8.638172	2.303649	5.464380	399.183128
13.175056	0.827861	105.052748	1.889726	120.659598	2.306854	149.875430	1.964305	8.677994	2.309718	5.479126	399.043360
13.200056	0.833431	105.055504	1.896940	120.569991	2.313724	149.736744	1.969783	8.717817	2.315786	5.493871	398.903592
13.225056	0.839001	105.058260	1.904154	120.480385	2.320594	149.598058	1.975261	8.757640	2.321855	5.508617	398.763824
13.250056	0.844571	105.061017	1.911368	120.390778	2.327464	149.459372	1.980739	8.797462	2.327924	5.523363	398.624056
13.275057	0.850141	105.063773	1.918582	120.301171	2.334334	149.320686	1.986217	8.837285	2.333992	5.538108	398.484288
13.300057	0.855711	105.066529	1.925796	120.211564	2.341204	149.182000	1.991695	8.877108	2.340061	5.552854	398.344521
13.325057	0.861281	105.069285	1.933010	120.121957	2.348074	149.043314	1.997172	8.916930	2.346130	5.567599	398.204753
13.350057	0.866851	105.072041	1.940224	120.032351	2.354944	148.904628	2.002650	8.956753	2.352198	5.582345	398.064985
13.375057	0.872367	105.073812	1.947470	119.945960	2.361816	148.765631	2.008127	8.999450	2.358267	5.597241	397.930142
13.400057	0.877629	105.070906	1.954871	119.874857	2.368696	148.625154	2.013597	9.055804	2.364337	5.612851	397.818703
13.425057	0.882890	105.068000	1.962272	119.803753	2.375576	148.484678	2.019068	9.112159	2.370407	5.628462	397.707265
13.450057	0.888152	105.065094	1.969672	119.732650	2.382456	148.344201	2.024538	9.168514	2.376477	5.644072	397.595827
13.475057	0.893413	105.062188	1.977073	119.661546	2.389336	148.203725	2.030009	9.224869	2.382547	5.659682	397.484388
13.500058	0.898674	105.059282	1.984474	119.590443	2.396216	148.063248	2.035480	9.281223	2.388617	5.675293	397.372950
13.525058	0.903936	105.056376	1.991875	119.519339	2.403096	147.922771	2.040950	9.337578	2.394687	5.690903	397.261512
13.550058	0.909197	105.053470	1.999275	119.448236	2.409976	147.782295	2.046421	9.393933	2.400757	5.706513	397.150073
13.575058	0.914459	105.050564	2.006676	119.377132	2.416856	147.641818	2.051891	9.450288	2.406827	5.722123	397.038635
13.600058	0.919720	105.047658	2.014077	119.306029	2.423736	147.501342	2.057362	9.506642	2.412897	5.737734	396.927197
13.625058	0.925143	105.043484	2.021592	119.238845	2.430769	147.360187	2.062888	9.568735	2.419044	5.753453	396.824139
13.650058	0.931333	105.033284	2.029653	119.190284	2.438527	147.215813	2.068678	9.658087	2.425554	5.769687	396.760900
13.675058	0.937523	105.023084	2.037714	119.141723	2.446286	147.071438	2.074467	9.747439	2.432064	5.785922	396.697660
13.700058	0.943713	105.012884	2.045775	119.093163	2.454044	146.927064	2.080257	9.836792	2.438574	5.802156	396.634420
13.725059	0.949903	105.002684	2.053835	119.044602	2.461803	146.782689	2.086047	9.926144	2.445084	5.818391	396.571181
13.750059	0.956093	104.992484	2.061896	118.996041	2.469561	146.638314	2.091836	10.015496	2.451594	5.834625	396.507941
13.775059	0.962283	104.982284	2.069957	118.947480	2.477320	146.493940	2.097626	10.104848	2.458104	5.850860	396.444701
13.800059	0.968473	104.972084	2.078017	118.898919	2.485078	146.349565	2.103416	10.194201	2.464614	5.867094	396.381462
13.825059	0.974663	104.961884	2.086078	118.850358	2.492837	146.205191	2.109206	10.283553	2.471124	5.883329	396.318222
13.850059	0.980853	104.951683	2.094139	118.801798	2.500595	146.060816	2.114995	10.372905	2.477634	5.899563	396.254982
13.875059	0.987106	104.941501	2.102156	118.755191	2.508260	145.916612	2.120795	10.475437	2.484142	5.915999	396.207200
13.900059	0.993657	104.931405	2.109968	118.717865	2.515480	145.773219	2.126643	10.640564	2.490643	5.933390	396.232833
13.925059	1.000208	104.921308	2.117779	118.680539	2.522700	145.629826	2.132491	10.805691	2.497143	5.950782	396.258467
13.950059	1.006760	104.911211	2.125590	118.643214	2.529920	145.486432	2.138339	10.970818	2.503643	5.968173	396.284100
13.975060	1.013311	104.901115	2.133402	118.605888	2.537140	145.343039	2.144186	11.135945	2.510143	5.985565	396.309734
14.000060	1.019862	104.891018	2.141213	118.568562	2.544361	145.199646	2.150034	11.301072	2.516643	6.002956	396.335367
14.025060	1.026413	104.880921	2.149025	118.531237	2.551581	145.056253	2.155882	11.466199	2.523143	6.020348	396.361001
14.050060	1.032965	104.870824	2.156836	118.493911	2.558801	144.912859	2.161730	11.631326	2.529643	6.037739	396.386634
14.075060	1.039516	104.860728	2.164648	118.456585	2.566021	144.769466	2.167578	11.796453	2.536143	6.055130	396.412268
14.100060	1.046067	104.850631	2.172459	118.419259	2.573241	144.626073	2.173426	11.961581	2.542643	6.072522	396.437901
14.125060	1.052771	104.841206	2.180272	118.382949	2.580469	144.483539	2.179225	12.162196	2.549153	6.089926	396.501705
14.150060	1.060201	104.834967	2.188090	118.351456	2.587736	144.345082	2.184796	12.531319	2.555714	6.107390	396.746751
14.175060	1.067631	104.828728	2.195909	118.319964	2.595002	144.206625	2.190367	12.900442	2.562274	6.124855	396.991798
14.200061	1.075061	104.822490	2.203728	118.288471	2.602269	144.068169	2.195938	13.269565	2.568835	6.142319	397.236844
14.225061	1.082491	104.816251	2.211546	118.256979	2.609536	143.929712	2.201509	13.638688	2.575395	6.159783	397.481891
14.250061	1.089921	104.810012	2.219365	118.225487	2.616803	143.791256	2.207080	14.007811	2.581956	6.177247	397.726937
14.275061	1.097351	104.803774	2.227184	118.193994	2.624069	143.652799	2.212650	14.376934	2.588516	6.194712	397.971984
14.300061	1.104782	104.797535	2.235002	118.162502	2.631336	143.514342	2.218221	14.746057	2.595077	6.212176	398.217030
14.325061	1.112212	104.791296	2.242821	118.131010	2.638603	143.375886	2.223792	15.115180	2.601637	6.229640	398.462077
14.350061	1.119642	104.785058	2.250640	118.099517	2.645869	143.237429	2.229363	15.484303	2.608198	6.247104	398.707123
14.375061	1.127241	104.779046	2.258637	118.068253	2.653255	143.099152	2.235054	16.003250	2.614845	6.264771	399.103504
14.400061	1.135643	104.774110	2.267481	118.038073	2.661201	142.961727	2.241315	17.233384	2.621903	6.283401	400.218239
14.425061	1.144046	104.769175	2.276325	118.007892	2.669148	142.824301	2.247577	18.463518	2.628961	6.302031	401.332974
14.450062	1.152449	104.764240	2.285169	117.977711	2.677095	142.686876	2.253838	19.693652	2.636019	6.320661	402.447710
14.475062	1.160851	104.759304	2.294013	117.947531	2.685042	142.549451	2.260100	20.923786	2.643077	6.339291	403.562445
14.500062	1.169254	104.754369	2.302857	117.917350	2.692988	142.412026	2.266361	22.153920	2.650136	6.357921	404.677181
14.525062	1.177657	104.749433	2.311701	117.887170	2.700935	142.274600	2.272622	23.384054	2.657194	6.376551	405.791916
14.550062	1.186059	104.744498	2.320545	117.856989	2.708882	142.137175	2.278884	24.614187	2.664252	6.395180	406.906651
14.575062	1.194462	104.739563	2.329389	117.826808	2.716829	141.999750	2.285145	25.844321	2.671310	6.413810	408.021387
14.600062	1.202864	104.734627	2.338233	117.796628	2.724775	141.862324	2.291407	27.074455	2.678368	6.432440	409.136122
14.625062	1.211312	104.729351	2.347027	117.766069	2.732740	141.724443	2.297623	29.283512	2.685425	6.451272	411.228775
14.650062	1.219974	104.722455	2.355588	117.733720	2.740792	141.584397	2.303623	36.137952	2.692475	6.471065	417.962040
14.675063	1.228635	104.715560	2.364149	117.701370	2.748843	141.444351	2.309623	42.992392	2.699524	6.490858	424.695305
14.700063	1.237296	104.708665	2.372709	117.669020	2.756895	141.304305	2.315623	49.846832	2.706574	6.510650	431.428570
14.725063	1.245958	104.701769	2.381270	117.636670	2.764946	141.164259	2.321624	56.701271	2.713623	6.530443	438.161834
14.750063	1.254619	104.694874	2.389831	117.604320	2.772998	141.024213	2.327624	63.555711	2.720673	6.550236	444.895099
14.775063	1.263281	104.687978	2.398392	117.571970	2.781050	140.884168	2.333624	70.410151	2.727722	6.570028	451.628364
14.800063	1.271942	104.681083	2.406952	117.539620	2.789101	140.744122	2.339625	77.264591	2.734772	6.589821	458.361629
14.825063	1.280603	104.674188	2.415513	117.507270	2.797153	140.604076	2.345625	84.119031	2.741822	6.609614	465.094894
14.850063	1.289265	104.667292	2.424074	117.474921	2.805204	140.464030	2.351625	90.973471	2.748871	6.629406	471.828159
14.875063	1.297881	104.659979	2.432634	117.442223	2.813246	140.323778	2.357680	97.439706	2.755922	6.649468	478.172519
14.900064	1.306284	104.650686	2.441194	117.407878	2.821241	140.182549	2.363991	102.064302	2.762982	6.670810	482.671916
14.925064	1.314686	104.641393	2.449753	117.373534	2.829236	140.041319	2.370302	106.688898	2.770042	6.692151	487.171312
14.950064	1.323089	104.632099	2.458312	117.339189	2.837230	139.900090	2.376612	111.313494	2.777101	6.713492	491.670709
14.975064	1.331492	104.622806	2.466872	117.304844	2.845225	139.758861	2.382923	115.938090	2.784161	6.734833	496.170106
15.000064	1.339894	104.613513	2.475431	117.270499	2.853220	139.617631	2.389234	120.562685	2.791220	6.756175	500.669503
15.025064	1.348297	104.604219	2.483990	117.236154	2.861215	139.476402	2.395545	125.187281	2.798280	6.777516	505.168899
15.050064	1.356700	104.594926	2.492550	117.201809	2.869210	139.335173	2.401856	129.811877	2.805339	6.798857	509.668296
15.075064	1.365102	104.585633	2.501109	117.167464	2.877205	139.193944	2.408167	134.436473	2.812399	6.820198	514.167693
15.100064	1.373505	104.576339	2.509668	117.133120	2.885199	139.052714	2.414478	139.061069	2.819458	6.841539	518.667090
15.125064	1.382069	104.566918	2.518397	117.098611	2.893263	138.911878	2.420853	143.029815	2.826593	6.863356	522.511753
15.150065	1.391400	104.556893	2.527928	117.063329	2.901655	138.772907	2.427532	143.888137	2.834081	6.887424	523.251286
15.175065	1.400732	104.546868	2.537458	117.028046	2.910046	138.633936	2.434212	144.746459	2.841569	6.911493	523.990818
15.200065	1.410063	104.536842	2.546989	116.992763	2.918438	138.494965	2.440891	145.604782	2.849057	6.935561	524.730350
15.225065	1.419394	104.526817	2.556520	116.957480	2.926830	138.355993	2.447571	146.463104	2.856545	6.959630	525.469883
15.250065	1.428725	104.516791	2.566050	116.922197	2.935221	138.217022	2.454250	147.321426	2.864034	6.983698	526.209415
15.275065	1.438057	104.506766	2.575581	116.886914	2.943613	138.078051	2.460930	148.179748	2.871522	7.007767	526.948948
15.300065	1.447388	104.496741	2.585112	116.851631	2.952004	137.939080	2.467609	149.038070	2.879010	7.031835	527.688480
15.325065	1.456719	104.486715	2.594643	116.816349	2.960396	137.800108	2.474289	149.896392	2.886498	7.055904	528.428012
15.350065	1.466051	104.476690	2.604173	116.781066	2.968787	137.661137	2.480968	150.754715	2.893986	7.079972	529.167545
15.375066	1.475429	104.466427	2.613698	116.745476	2.977281	137.523553	2.487712	151.504731	2.901550	7.104839	529.800694
15.400066	1.485029	104.455036	2.623192	116.708428	2.986259	137.392543	2.494763	151.741249	2.909469	7.133491	529.929459
15.425066	1.494629	104.443645	2.632686	116.671381	2.995237	137.261534	2.501814	151.977768	2.917389	7.162142	530.058225
15.450066	1.504229	104.432254	2.642180	116.634334	3.004215	137.130525	2.508865	152.214287	2.925308	7.190794	530.186991
15.475066	1.513829	104.420864	2.651674	116.597287	3.013194	136.999516	2.515916	152.450805	2.933228	7.219446	530.315757
15.500066	1.523429	104.409473	2.661168	116.560240	3.022172	136.868506	2.522967	152.687324	2.941148	7.248097	530.444522
15.525066	1.533029	104.398082	2.670662	116.523192	3.031150	136.737497	2.530017	152.923842	2.949067	7.276749	530.573288
15.550066	1.542629	104.386691	2.680156	116.486145	3.040128	136.606488	2.537068	153.160361	2.956987	7.305401	530.702054
15.575066	1.552229	104.375301	2.689650	116.449098	3.049106	136.475479	2.544119	153.396880	2.964906	7.334053	530.830820
15.600066	1.561829	104.363910	2.699144	116.412051	3.058084	136.344469	2.551170	153.633398	2.972826	7.362704	530.959585
15.625067	1.571483	104.352381	2.708801	116.374814	3.067123	136.214467	2.558275	153.840683	2.980876	7.392941	531.061843
15.650067	1.581393	104.340197	2.719229	116.336676	3.076450	136.089234	2.565636	153.909407	2.989546	7.430692	531.038461
15.675067	1.591303	104.328013	2.729658	116.298539	3.085777	135.964002	2.572998	153.978131	2.998216	7.468443	531.015079
15.700067	1.601213	104.315829	2.740087	116.260402	3.095103	135.838769	2.580359	154.046856	3.006886	7.506193	530.991697
15.725067	1.611123	104.303645	2.750515	116.222264	3.104430	135.713537	2.587721	154.115580	3.015556	7.543944	530.968315
15.750067	1.621033	104.291461	2.760944	116.184127	3.113757	135.588304	2.595082	154.184304	3.024226	7.581695	530.944933
15.775067	1.630943	104.279277	2.771373	116.145990	3.123084	135.463072	2.602443	154.253028	3.032896	7.619445	530.921551
15.800067	1.640853	104.267093	2.781801	116.107852	3.132410	135.337839	2.609805	154.321752	3.041566	7.657196	530.898168
15.825067	1.650763	104.254909	2.792230	116.069715	3.141737	135.212607	2.617166	154.390476	3.050236	7.694947	530.874786
15.850068	1.660673	104.242725	2.802659	116.031578	3.151064	135.087374	2.624528	154.459201	3.058906	7.732697	530.851404
15.875068	1.670690	104.230124	2.813086	115.993230	3.160495	134.962144	2.631946	154.509853	3.067576	7.773766	530.812909
15.900068	1.681211	104.215549	2.823507	115.953887	3.170418	134.836926	2.639634	154.474872	3.076247	7.830554	530.702806
15.925068	1.691733	104.200975	2.833929	115.914544	3.180341	134.711708	2.647322	154.439892	3.084917	7.887343	530.592702
15.950068	1.702254	104.186400	2.844350	115.875200	3.190264	134.586491	2.655009	154.404912	3.093587	7.944131	530.482599
15.975068	1.712776	104.171825	2.854772	115.835857	3.200188	134.461273	2.662697	154.369931	3.102257	8.000920	530.372495
16.000068	1.723297	104.157251	2.865193	115.796514	3.210111	134.336055	2.670385	154.334951	3.110927	8.057709	530.262392
16.025068	1.733818	104.142676	2.875614	115.757171	3.220034	134.210837	2.678073	154.299970	3.119597	8.114497	530.152288
16.050068	1.744340	104.128101	2.886036	115.717827	3.229958	134.085619	2.685761	154.264990	3.128267	8.171286	530.042185
16.075069	1.754861	104.113526	2.896457	115.678484	3.239881	133.960401	2.693448	154.230010	3.136937	8.228075	529.932081
16.100069	1.765383	104.098952	2.906879	115.639141	3.249804	133.835183	2.701136	154.195029	3.145607	8.284863	529.821978
16.125069	1.775959	104.083802	2.917384	115.599163	3.259719	133.709419	2.708814	154.143549	3.154278	8.348287	529.700375
16.150069	1.786798	104.065926	2.928284	115.556176	3.269595	133.581066	2.716444	154.013911	3.162957	8.443144	529.524301
16.175069	1.797637	104.048049	2.939184	115.513190	3.279470	133.452714	2.724073	153.884273	3.171636	8.538001	529.348226
16.200069	1.808475	104.030173	2.950084	115.470204	3.289345	133.324362	2.731703	153.754634	3.180314	8.632858	529.172152
16.225069	1.819314	104.012297	2.960984	115.427217	3.299220	133.196009	2.739333	153.624996	3.188993	8.727714	528.996078
16.250069	1.830153	103.994421	2.971884	115.384231	3.309096	133.067657	2.746963	153.495357	3.197672	8.822571	528.820003
16.275069	1.840991	103.976545	2.982784	115.341245	3.318971	132.939304	2.754592	153.365719	3.206350	8.917428	528.643929
16.300069	1.851830	103.958669	2.993684	115.298258	3.328846	132.810952	2.762222	153.236080	3.215029	9.012284	528.467855
16.325070	1.862669	103.940793	3.004584	115.255272	3.338721	132.682599	2.769852	153.106442	3.223708	9.107141	528.291781
16.350070	1.873508	103.922917	3.015484	115.212285	3.348597	132.554247	2.777482	152.976803	3.232386	9.201998	528.115706
16.375070	1.884723	103.905975	3.026569	115.169730	3.358658	132.426290	2.785361	152.839478	3.241355	9.312157	527.950295
16.400070	1.897723	103.893458	3.038530	115.129213	3.369601	132.300210	2.794419	152.665749	3.251697	9.494781	527.835382
16.425070	1.910723	103.880941	3.050491	115.088697	3.380545	132.174131	2.803478	152.492020	3.262040	9.677405	527.720469
16.450070	1.923723	103.868423	3.062451	115.048180	3.391488	132.048051	2.812537	152.318291	3.272382	9.860029	527.605556
16.475070	1.936723	103.855906	3.074412	115.007663	3.402431	131.921971	2.821596	152.144562	3.282724	10.042653	527.490643
16.500070	1.949723	103.843388	3.086373	114.967147	3.413375	131.795891	2.830655	151.970833	3.293067	10.225277	527.375729
16.525070	1.962723	103.830871	3.098334	114.926630	3.424318	131.669811	2.839714	151.797104	3.303409	10.407901	527.260816
16.550071	1.975723	103.818354	3.110294	114.886114	3.435261	131.543731	2.848773	151.623375	3.313751	10.590525	527.145903
16.575071	1.988723	103.805836	3.122255	114.845597	3.446205	131.417652	2.857832	151.449646	3.324094	10.773149	527.030990
16.600071	2.001724	103.793319	3.134216	114.805080	3.457148	131.291572	2.866891	151.275917	3.334436	10.955774	526.916076
16.625071	2.014841	103.783271	3.146250	114.766904	3.468162	131.168168	2.875976	151.103357	3.344799	11.177897	526.849624
16.650071	2.028514	103.784911	3.158630	114.739803	3.479511	131.057434	2.885184	150.936329	3.355258	11.587020	527.012593
16.675071	2.042186	103.786551	3.171010	114.712703	3.490859	130.946699	2.894393	150.769301	3.365717	11.996143	527.175562
16.700071	2.055859	103.788191	3.183390	114.685603	3.502208	130.835965	2.903602	150.602273	3.376176	12.405266	527.338532
16.725071	2.069531	103.789831	3.195770	114.658503	3.513557	130.725230	2.912810	150.435246	3.386635	12.814388	527.501501
16.750071	2.083204	103.791471	3.208150	114.631402	3.524905	130.614496	2.922019	150.268218	3.397094	13.223511	527.664470
16.775072	2.096877	103.793111	3.220530	114.604302	3.536254	130.503761	2.931228	150.101190	3.407554	13.632634	527.827440
16.800072	2.110549	103.794751	3.232910	114.577202	3.547603	130.393027	2.940436	149.934162	3.418013	14.041757	527.990409
16.825072	2.124222	103.796391	3.245290	114.550102	3.558951	130.282292	2.949645	149.767134	3.428472	14.450879	528.153378
16.850072	2.137895	103.798031	3.257670	114.523001	3.570300	130.171558	2.958854	149.600106	3.438931	14.860002	528.316347
16.875072	2.151720	103.800387	3.270156	114.496523	3.581707	130.061428	2.968118	149.432940	3.449533	15.420986	528.633498
16.900072	2.166270	103.806133	3.283140	114.472987	3.593388	129.954159	2.977647	149.265121	3.460812	16.700693	529.680351
16.925072	2.180821	103.811879	3.296125	114.449452	3.605070	129.846890	2.987177	149.097302	3.472090	17.980401	530.727205
16.950072	2.195371	103.817625	3.309110	114.425916	3.616751	129.739620	2.996706	148.929483	3.483369	19.260108	531.774059
16.975072	2.209921	103.823371	3.322095	114.402380	3.628433	129.632351	3.006235	148.761663	3.494648	20.539815	532.820912
17.000072	2.224471	103.829117	3.335079	114.378845	3.640114	129.525082	3.015764	148.593844	3.505926	21.819523	533.867766
17.025073	2.239021	103.834863	3.348064	114.355309	3.651795	129.417813	3.025294	148.426025	3.517205	23.099230	534.914619
17.050073	2.253571	103.840609	3.361049	114.331773	3.663477	129.310544	3.034823	148.258206	3.528484	24.378938	535.961473
17.075073	2.268121	103.846355	3.374033	114.308238	3.675158	129.203275	3.044352	148.090387	3.539762	25.658645	537.008326
17.100073	2.282671	103.852101	3.387018	114.284702	3.686840	129.096006	3.053881	147.922568	3.551041	26.938352	538.055180
17.125073	2.297337	103.856865	3.400075	114.260016	3.698649	128.987954	3.063547	147.752683	3.562404	29.127532	540.007061
17.150073	2.312549	103.856986	3.413472	114.229889	3.711066	128.876197	3.073858	147.573022	3.574164	35.619756	546.240960
17.175073	2.327762	103.857107	3.426868	114.199762	3.723483	128.764441	3.084170	147.393361	3.585925	42.111981	552.474859
17.200073	2.342975	103.857227	3.440265	114.169635	3.735900	128.652684	3.094481	147.213701	3.597685	48.604205	558.708758
17.225073	2.358187	103.857348	3.453662	114.139508	3.748316	128.540928	3.104792	147.034040	3.609446	55.096429	564.942658
17.250074	2.373400	103.857469	3.467059	114.109381	3.760733	128.429171	3.115104	146.854380	3.621206	61.588654	571.176557
17.275074	2.388613	103.857589	3.480455	114.079254	3.773150	128.317415	3.125415	146.674719	3.632967	68.080878	577.410456
17.300074	2.403825	103.857710	3.493852	114.049127	3.785567	128.205658	3.135727	146.495059	3.644727	74.573103	583.644355
17.325074	2.419038	103.857831	3.507249	114.019000	3.797984	128.093902	3.146038	146.315398	3.656488	81.065327	589.878254
17.350074	2.434251	103.857951	3.520646	113.988873	3.810400	127.982145	3.156350	146.135737	3.668248	87.557552	596.112153
17.375074	2.449611	103.857067	3.534149	113.957585	3.822887	127.869689	3.166716	145.954375	3.680086	94.117872	602.410036
17.400074	2.465668	103.851427	3.548158	113.920804	3.835701	127.753924	3.177346	145.764965	3.692286	101.000281	609.010561
17.425074	2.481726	103.845788	3.562167	113.884023	3.848516	127.638159	3.187975	145.575555	3.704487	107.882691	615.611086
17.450074	2.497783	103.840149	3.576175	113.847243	3.861331	127.522394	3.198604	145.386144	3.716687	114.765101	622.211611
17.475074	2.513841	103.834509	3.590184	113.810462	3.874146	127.406629	3.209233	145.196734	3.728888	121.647511	628.812136
17.500075	2.529898	103.828870	3.604193	113.773682	3.886961	127.290863	3.219863	145.007324	3.741088	128.529920	635.412661
17.525075	2.545956	103.823231	3.618201	113.736901	3.899776	127.175098	3.230492	144.817914	3.753289	135.412330	642.013186
17.550075	2.562013	103.817591	3.632210	113.700120	3.912591	127.059333	3.241121	144.628503	3.765489	142.294740	648.613711
17.575075	2.578070	103.811952	3.646219	113.663340	3.925405	126.943568	3.251750	144.439093	3.777690	149.177150	655.214236
17.600075	2.594128	103.806312	3.660227	113.626559	3.938220	126.827803	3.262379	144.249683	3.789890	156.059559	661.814761
17.625075	2.610570	103.800194	3.674577	113.589150	3.951437	126.711767	3.273403	144.059353	3.802609	161.960585	667.433646
17.650075	2.628830	103.791808	3.690538	113.548772	3.966558	126.594455	3.286293	143.864677	3.817779	163.221066	668.410777
17.675075	2.647090	103.783423	3.706500	113.508395	3.981678	126.477142	3.299183	143.670001	3.832949	164.481548	669.387909
17.700075	2.665350	103.775038	3.722461	113.468017	3.996798	126.359830	3.312073	143.475324	3.848119	165.742029	670.365040
17.725076	2.683610	103.766652	3.738423	113.427639	4.011918	126.242517	3.324963	143.280648	3.863289	167.002511	671.342171
17.750076	2.701870	103.758267	3.754384	113.387261	4.027038	126.125205	3.337854	143.085972	3.878459	168.262993	672.319303
17.775076	2.720130	103.749881	3.770346	113.346883	4.042158	126.007892	3.350744	142.891296	3.893629	169.523474	673.296434
17.800076	2.738390	103.741496	3.786307	113.306505	4.057278	125.890580	3.363634	142.696619	3.908800	170.783956	674.273565
17.825076	2.756651	103.733111	3.802269	113.266128	4.072398	125.773267	3.376524	142.501943	3.923970	172.044437	675.250696
17.850076	2.774911	103.724725	3.818230	113.225750	4.087518	125.655955	3.389414	142.307267	3.939140	173.304919	676.227828
17.875076	2.793699	103.716100	3.834689	113.185033	4.103059	125.538298	3.402792	142.112011	3.954830	174.399983	677.040494
17.900076	2.814984	103.706341	3.853498	113.142717	4.120587	125.419016	3.418480	141.914015	3.972980	174.713087	677.075703
17.925076	2.836269	103.696581	3.872308	113.100400	4.138116	125.299733	3.434167	141.716018	3.991129	175.026191	677.110913
17.950077	2.857554	103.686822	3.891117	113.058084	4.155645	125.180451	3.449855	141.518022	4.009279	175.339296	677.146123
17.975077	2.878838	103.677062	3.909926	113.015768	4.173174	125.061168	3.465542	141.320026	4.027428	175.652400	677.181333
18.000077	2.900123	103.667303	3.928736	112.973451	4.190702	124.941886	3.481230	141.122030	4.045578	175.965504	677.216543
18.025077	2.921408	103.657544	3.947545	112.931135	4.208231	124.822603	3.496918	140.924033	4.063728	176.278608	677.251753
18.050077	2.942693	103.647784	3.966355	112.888818	4.225760	124.703321	3.512605	140.726037	4.081877	176.591713	677.286963
18.075077	2.963978	103.638025	3.985164	112.846502	4.243288	124.584038	3.528293	140.528041	4.100027	176.904817	677.322173
18.100077	2.985263	103.628266	4.003973	112.804185	4.260817	124.464756	3.543980	140.330045	4.118177	177.217921	677.357382
18.125077	3.007249	103.618386	4.023506	112.761714	4.279221	124.345278	3.560552	140.131612	4.137441	177.471380	677.336338
18.150077	3.032545	103.607940	4.046456	112.718510	4.301761	124.224881	3.581299	139.931116	4.161972	177.442965	677.049446
18.175077	3.057841	103.597494	4.069406	112.675306	4.324301	124.104484	3.602046	139.730621	4.186504	177.414551	676.762554
18.200078	3.083137	103.587048	4.092356	112.632103	4.346841	123.984087	3.622793	139.530126	4.211035	177.386136	676.475662
18.225078	3.108434	103.576602	4.115306	112.588899	4.369381	123.863690	3.643541	139.329630	4.235567	177.357721	676.188771
18.250078	3.133730	103.566156	4.138256	112.545696	4.391921	123.743292	3.664288	139.129135	4.260098	177.329307	675.901879
18.275078	3.159026	103.555710	4.161207	112.502492	4.414461	123.622895	3.685035	138.928639	4.284630	177.300892	675.614987
18.300078	3.184323	103.545264	4.184157	112.459288	4.437001	123.502498	3.705783	138.728144	4.309161	177.272478	675.328095
18.325078	3.209619	103.534818	4.207107	112.416085	4.459541	123.382101	3.726530	138.527648	4.333693	177.244063	675.041204
18.350078	3.234915	103.524372	4.230057	112.372881	4.482081	123.261704	3.747277	138.327153	4.358224	177.215649	674.754312
18.375078	3.261961	103.513875	4.254788	112.329609	4.506552	123.141306	3.769982	138.127072	4.385203	177.146460	674.436809
18.400078	3.297272	103.503137	4.287936	112.286016	4.540147	123.020908	3.801938	137.928946	4.423747	176.884639	673.974684
18.425079	3.332582	103.492399	4.321084	112.242422	4.573743	122.900509	3.833893	137.730821	4.462290	176.622817	673.512560
18.450079	3.367893	103.481661	4.354231	112.198828	4.607339	122.780111	3.865848	137.532695	4.500834	176.360996	673.050435
18.475079	3.403203	103.470923	4.387379	112.155235	4.640934	122.659712	3.897804	137.334570	4.539377	176.099174	672.588311
18.500079	3.438514	103.460185	4.420526	112.111641	4.674530	122.539314	3.929759	137.136444	4.577921	175.837353	672.126187
18.525079	3.473825	103.449447	4.453674	112.068047	4.708125	122.418915	3.961715	136.938319	4.616464	175.575532	671.664062
18.550079	3.509135	103.438709	4.486821	112.024454	4.741721	122.298517	3.993670	136.740194	4.655007	175.313710	671.201938
18.575079	3.544446	103.427971	4.519969	111.980860	4.775317	122.178118	4.025625	136.542068	4.693551	175.051889	670.739814
18.600079	3.579757	103.417233	4.553117	111.937266	4.808912	122.057719	4.057581	136.343943	4.732094	174.790068	670.277689
18.625079	3.618322	103.406609	4.589795	111.893664	4.846474	121.937554	4.093650	136.147296	4.775725	174.511048	669.820138
18.650079	3.672260	103.396529	4.643151	111.850018	4.902769	121.818493	4.149149	135.957635	4.843383	174.150798	669.384183
18.675080	3.726198	103.386448	4.696507	111.806372	4.959063	121.699431	4.204647	135.767974	4.911040	173.790549	668.948229
18.700080	3.780136	103.376367	4.749863	111.762726	5.015358	121.580369	4.260146	135.578312	4.978698	173.430299	668.512274
18.725080	3.834074	103.366287	4.803218	111.719080	5.071652	121.461307	4.315645	135.388651	5.046356	173.070050	668.076320
18.750080	3.888012	103.356206	4.856574	111.675434	5.127947	121.342245	4.371144	135.198990	5.114013	172.709800	667.640366
18.775080	3.941950	103.346125	4.909930	111.631789	5.184242	121.223184	4.426643	135.009328	5.181671	172.349551	667.204411
18.800080	3.995887	103.336044	4.963286	111.588143	5.240536	121.104122	4.482141	134.819667	5.249329	171.989302	666.768457
18.825080	4.049825	103.325964	5.016642	111.544497	5.296831	120.985060	4.537640	134.630006	5.316986	171.629052	666.332502
18.850080	4.103763	103.315883	5.069997	111.500851	5.353125	120.865998	4.593139	134.440344	5.384644	171.268803	665.896548
18.875080	4.164963	103.305925	5.131370	111.457409	5.418479	120.747465	4.658078	134.251782	5.463988	170.903425	665.502885
18.900081	4.260449	103.296550	5.230598	111.414932	5.526607	120.631429	4.767588	134.068412	5.598510	170.513834	665.308908
18.925081	4.355934	103.287175	5.329825	111.372455	5.634735	120.515394	4.877098	133.885041	5.733031	170.124243	665.114931
18.950081	4.451420	103.277799	5.429053	111.329978	5.742862	120.399358	4.986609	133.701670	5.867553	169.734652	664.920954
18.975081	4.546906	103.268424	5.528280	111.287501	5.850990	120.283322	5.096119	133.518299	6.002075	169.345061	664.726977
19.000081	4.642392	103.259048	5.627508	111.245023	5.959118	120.167286	5.205629	133.334929	6.136597	168.955470	664.532999
19.025081	4.737877	103.249673	5.726735	111.202546	6.067246	120.051250	5.315139	133.151558	6.271118	168.565879	664.339022
19.050081	4.833363	103.240298	5.825962	111.160069	6.175373	119.935214	5.424650	132.968187	6.405640	168.176288	664.145045
19.075081	4.928849	103.230922	5.925190	111.117592	6.283501	119.819178	5.534160	132.784816	6.540162	167.786698	663.951068
19.100081	5.024335	103.221547	6.024417	111.075114	6.391629	119.703143	5.643670	132.601445	6.674683	167.397107	663.757090
19.125082	5.138118	103.212382	6.143961	111.032840	6.522718	119.589062	5.777065	132.418582	6.838383	167.006129	663.679240
19.150082	5.338267	103.204214	6.359403	110.991523	6.762186	119.484212	6.023196	132.238116	7.139810	166.608604	664.149531
19.175082	5.538417	103.196045	6.574844	110.950206	7.001654	119.379361	6.269327	132.057650	7.441237	166.211080	664.619822
19.200082	5.738567	103.187876	6.790286	110.908888	7.241122	119.274511	6.515459	131.877184	7.742664	165.813556	665.090112
19.225082	5.938716	103.179708	7.005728	110.867571	7.480591	119.169660	6.761590	131.696718	8.044090	165.416032	665.560403
19.250082	6.138866	103.171539	7.221169	110.826254	7.720059	119.064810	7.007721	131.516251	8.345517	165.018507	666.030694
19.275082	6.339016	103.163370	7.436611	110.784937	7.959527	118.959959	7.253853	131.335785	8.646944	164.620983	666.500985
19.300082	6.539165	103.155202	7.652052	110.743619	8.198995	118.855109	7.499984	131.155319	8.948371	164.223459	666.971276
19.325082	6.739315	103.147033	7.867494	110.702302	8.438463	118.750259	7.746115	130.974853	9.249797	163.825935	667.441566
19.350082	6.939465	103.138864	8.082936	110.660985	8.677932	118.645408	7.992247	130.794387	9.551224	163.428410	667.911857
19.375083	7.206699	103.130353	8.371773	110.619319	8.998054	118.542808	8.324678	130.614074	9.956967	163.030273	668.794997
19.400083	7.790488	103.120222	9.006947	110.576008	9.698766	118.450825	9.064343	130.434484	10.854954	162.629246	671.626284
19.425083	8.374278	103.110092	9.642122	110.532698	10.399479	118.358842	9.804007	130.254895	11.752941	162.228218	674.457571
19.450083	8.958068	103.099962	10.277296	110.489387	11.100191	118.266858	10.543672	130.075306	12.650928	161.827191	677.288859
19.475083	9.541857	103.089832	10.912471	110.446076	11.800903	118.174875	11.283336	129.895716	13.548915	161.426163	680.120146
19.500083	10.125647	103.079702	11.547646	110.402765	12.501616	118.082892	12.023001	129.716127	14.446902	161.025136	682.951433
19.525083	10.709436	103.069572	12.182820	110.359454	13.202328	117.990909	12.762665	129.536537	15.344889	160.624108	685.782721
19.550083	11.293226	103.059442	12.817995	110.316144	13.903040	117.898926	13.502330	129.356948	16.242876	160.223081	688.614008
19.575083	11.877016	103.049312	13.453169	110.272833	14.603753	117.806943	14.241994	129.177359	17.140863	159.822053	691.445295
19.600084	12.460805	103.039182	14.088344	110.229522	15.304465	117.714960	14.981659	128.997769	18.038850	159.421026	694.276583
19.625084	13.436824	103.027429	15.139500	110.184624	16.444143	117.622107	16.207420	128.817903	19.522493	159.017750	699.420194
19.650084	16.263141	103.008024	18.153007	110.132242	19.654594	117.525153	19.726292	128.636729	23.768911	158.603866	715.471961
19.675084	19.089458	102.988619	21.166514	110.079859	22.865046	117.428199	23.245164	128.455556	28.015329	158.189983	731.523728
19.700084	21.915776	102.969213	24.180021	110.027477	26.075498	117.331244	26.764036	128.274383	32.261747	157.776100	747.575495
19.725084	24.742093	102.949808	27.193528	109.975094	29.285949	117.234290	30.282909	128.093209	36.508165	157.362216	763.627262
19.750084	27.568411	102.930402	30.207036	109.922712	32.496401	117.137335	33.801781	127.912036	40.754583	156.948333	779.679029
19.775084	30.394728	102.910997	33.220543	109.870329	35.706853	117.040381	37.320653	127.730862	45.001001	156.534449	795.730796
19.800084	33.221045	102.891592	36.234050	109.817947	38.917305	116.943427	40.839525	127.549689	49.247418	156.120566	811.782563
19.825085	36.047363	102.872186	39.247557	109.765564	42.127756	116.846472	44.358397	127.368516	53.493836	155.706683	827.834330
19.850085	38.873680	102.852781	42.261064	109.713181	45.338208	116.749518	47.877269	127.187342	57.740254	155.292799	843.886097
19.875085	42.034476	102.832069	45.625270	109.659600	48.913303	116.651744	51.801817	127.007214	62.465868	154.878366	861.869728
19.900085	46.772677	102.805198	50.643376	109.600368	54.208057	116.550106	57.639535	126.832012	69.451373	154.461342	888.964043
19.925085	51.510877	102.778328	55.661481	109.541135	59.502812	116.448469	63.477253	126.656810	76.436878	154.044317	916.058359
19.950085	56.249078	102.751457	60.679587	109.481902	64.797566	116.346831	69.314971	126.481608	83.422383	153.627292	943.152674
19.975085	60.987279	102.724586	65.697692	109.422669	70.092321	116.245193	75.152689	126.306406	90.407888	153.210267	970.246990
20.000085	65.725479	102.697715	70.715798	109.363436	75.387076	116.143555	80.990407	126.131204	97.393392	152.793243	997.341305
20.025085	70.463680	102.670845	75.733903	109.304203	80.681830	116.041918	86.828124	125.956002	104.378897	152.376218	1024.435620
20.050085	75.201880	102.643974	80.752009	109.244971	85.976585	115.940280	92.665842	125.780801	111.364402	151.959193	1051.529936
20.075086	79.940081	102.617103	85.770114	109.185738	91.271339	115.838642	98.503560	125.605599	118.349907	151.542168	1078.624251
20.100086	84.678281	102.590232	90.788220	109.126505	96.566094	115.737004	104.341278	125.430397	125.335412	151.125144	1105.718567
20.125086	88.734030	102.563402	95.081621	109.067196	101.096664	115.635355	109.322741	125.256771	131.270515	150.712290	1128.740584
20.150086	89.572278	102.536762	95.958321	109.007528	102.024398	115.533650	110.267292	125.090578	132.253377	150.319103	1132.563285
20.175086	90.410526	102.510122	96.835020	108.947860	102.952132	115.431945	111.211843	124.924385	133.236238	149.925915	1136.385987
20.200086	91.248774	102.483482	97.711720	108.888192	103.879866	115.330240	112.156395	124.758192	134.219100	149.532728	1140.208688
20.225086	92.087023	102.456842	98.588420	108.828525	104.807599	115.228535	113.100946	124.591999	135.201962	149.139540	1144.031390
20.250086	92.925271	102.430202	99.465120	108.768857	105.735333	115.126830	114.045497	124.425806	136.184824	148.746353	1147.854091
20.275086	93.763519	102.403562	100.341819	108.709189	106.663067	115.025125	114.990048	124.259612	137.167685	148.353165	1151.676793
20.300087	94.601768	102.376922	101.218519	108.649521	107.590801	114.923419	115.934600	124.093419	138.150547	147.959978	1155.499494
20.325087	95.440016	102.350282	102.095219	108.589854	108.518535	114.821714	116.879151	123.927226	139.133409	147.566790	1159.322196
20.350087	96.278264	102.323642	102.971919	108.530186	109.446269	114.720009	117.823702	123.761033	140.116271	147.173603	1163.144897
20.375087	97.010364	102.297468	103.732719	108.470912	110.246898	114.618645	118.630644	123.595820	140.933669	146.786280	1166.323419
20.400087	97.242166	102.273496	103.947258	108.413496	110.448451	114.518883	118.789002	123.435228	140.971200	146.426597	1166.465776
20.425087	97.473968	102.249523	104.161797	108.356079	110.650004	114.419122	118.947360	123.274637	141.008730	146.066914	1166.608134
20.450087	97.705769	102.225550	104.376337	108.298663	110.851556	114.319361	119.105718	123.114045	141.046261	145.707231	1166.750492
20.475087	97.937571	102.201577	104.590876	108.241247	111.053109	114.219600	119.264076	122.953454	141.083792	145.347548	1166.892850
20.500087	98.169372	102.177604	104.805415	108.183831	111.254662	114.119839	119.422434	122.792862	141.121323	144.987865	1167.035208
20.525087	98.401174	102.153632	105.019954	108.126414	111.456215	114.020078	119.580792	122.632270	141.158854	144.628182	1167.177565
20.550088	98.632975	102.129659	105.234494	108.068998	111.657768	113.920317	119.739150	122.471679	141.196384	144.268500	1167.319923
20.575088	98.864777	102.105686	105.449033	108.011582	111.859321	113.820556	119.897508	122.311087	141.233915	143.908817	1167.462281
20.600088	99.096578	102.081713	105.663572	107.954165	112.060873	113.720795	120.055866	122.150496	141.271446	143.549134	1167.604639
20.625088	99.303121	102.057789	105.849768	107.896720	112.230364	113.621243	120.180450	121.990114	141.268178	143.191013	1167.588760
20.650088	99.390649	102.034093	105.902416	107.839135	112.248783	113.522674	120.145898	121.830724	141.072670	142.840256	1166.827297
20.675088	99.478177	102.010398	105.955063	107.781550	112.267201	113.424105	120.111345	121.671333	140.877162	142.489498	1166.065833
20.700088	99.565706	101.986703	106.007710	107.723966	112.285620	113.325536	120.076793	121.511943	140.681654	142.138741	1165.304370
20.725088	99.653234	101.963007	106.060357	107.666381	112.304039	113.226967	120.042240	121.352552	140.486146	141.787983	1164.542906
20.750088	99.740762	101.939312	106.113004	107.608796	112.322458	113.128397	120.007688	121.193162	140.290638	141.437226	1163.781442
20.775089	99.828290	101.915616	106.165652	107.551211	112.340876	113.029828	119.973135	121.033771	140.095130	141.086468	1163.019979
20.800089	99.915818	101.891921	106.218299	107.493627	112.359295	112.931259	119.938583	120.874380	139.899623	140.735711	1162.258515
20.825089	100.003346	101.868226	106.270946	107.436042	112.377714	112.832690	119.904030	120.714990	139.704115	140.384953	1161.497052
20.850089	100.090875	101.844530	106.323593	107.378457	112.396133	112.734121	119.869477	120.555599	139.508607	140.034196	1160.735588
20.875089	100.169052	101.820899	106.366011	107.321076	112.403143	112.635973	119.822916	120.396780	139.299606	139.686075	1159.921530
20.900089	100.203181	101.797570	106.360242	107.264653	112.356413	112.539805	119.719788	120.240652	139.027046	139.350378	1158.859728
20.925089	100.237311	101.774242	106.354473	107.208229	112.309683	112.443637	119.616661	120.084524	138.754486	139.014681	1157.797926
20.950089	100.271441	101.750913	106.348703	107.151806	112.262953	112.347469	119.513533	119.928397	138.481926	138.678984	1156.736124
20.975089	100.305570	101.727584	106.342934	107.095383	112.216223	112.251302	119.410405	119.772269	138.209366	138.343286	1155.674322
21.000090	100.339700	101.704255	106.337165	107.038959	112.169493	112.155134	119.307277	119.616141	137.936806	138.007589	1154.612520
21.025090	100.373830	101.680927	106.331396	106.982536	112.122763	112.058966	119.204149	119.460013	137.664246	137.671892	1153.550718
21.050090	100.407960	101.657598	106.325627	106.926113	112.076033	111.962798	119.101022	119.303885	137.391686	137.336195	1152.488916
21.075090	100.442089	101.634269	106.319858	106.869689	112.029303	111.866631	118.997894	119.147757	137.119126	137.000497	1151.427114
21.100090	100.476219	101.610941	106.314089	106.813266	111.982573	111.770463	118.894766	118.991629	136.846565	136.664800	1150.365311
21.125090	100.507968	101.589178	106.305893	106.758635	111.933727	111.676913	118.789410	118.838365	136.574628	136.336103	1149.310821
21.150090	100.528505	101.574792	106.286271	106.712447	111.874921	111.595693	118.673563	118.698584	136.305623	136.040366	1148.290764
21.175090	100.549042	101.560406	106.266648	106.666258	111.816114	111.514473	118.557717	118.558804	136.036618	135.744629	1147.270707
21.200090	100.569579	101.546020	106.247025	106.620069	111.757307	111.433252	118.441870	118.419023	135.767613	135.448892	1146.250650
21.225090	100.590116	101.531634	106.227403	106.573880	111.698501	111.352032	118.326023	118.279243	135.498608	135.153155	1145.230593
21.250091	100.610653	101.517248	106.207780	106.527691	111.639694	111.270811	118.210176	118.139462	135.229602	134.857418	1144.210536
21.275091	100.631190	101.502862	106.188157	106.481502	111.580887	111.189591	118.094329	117.999681	134.960597	134.561682	1143.190480
21.300091	100.651728	101.488476	106.168535	106.435314	111.522080	111.108371	117.978482	117.859901	134.691592	134.265945	1142.170423
21.325091	100.672265	101.474090	106.148912	106.389125	111.463274	111.027150	117.862635	117.720120	134.422587	133.970208	1141.150366
21.350091	100.692802	101.459704	106.129290	106.342936	111.404467	110.945930	117.746788	117.580340	134.153582	133.674471	1140.130309
21.375091	100.712505	101.446480	106.109084	106.298115	111.345648	110.866603	117.630752	117.442704	133.887380	133.384362	1139.123632
21.400091	100.728283	101.438731	106.086134	106.259730	111.286773	110.796186	117.513823	117.315163	133.634378	133.120744	1138.179946
21.425091	100.744062	101.430981	106.063184	106.221346	111.227898	110.725770	117.396894	117.187623	133.381376	132.857126	1137.236260
21.450091	100.759840	101.423232	106.040234	106.182962	111.169022	110.655354	117.279966	117.060083	133.128373	132.593509	1136.292574
21.475092	100.775618	101.415483	106.017283	106.144578	111.110147	110.584937	117.163037	116.932542	132.875371	132.329891	1135.348887
21.500092	100.791396	101.407733	105.994333	106.106193	111.051272	110.514521	117.046109	116.805002	132.622368	132.066273	1134.405201
21.525092	100.807174	101.399984	105.971383	106.067809	110.992396	110.444105	116.929180	116.677461	132.369366	131.802656	1133.461515
21.550092	100.822953	101.392234	105.948433	106.029425	110.933521	110.373689	116.812252	116.549921	132.116363	131.539038	1132.517829
21.575092	100.838731	101.384485	105.925483	105.991041	110.874646	110.303272	116.695323	116.422381	131.863361	131.275420	1131.574143
21.600092	100.854509	101.376736	105.902533	105.952656	110.815771	110.232856	116.578395	116.294840	131.610358	131.011803	1130.630457
21.625092	100.868948	101.368602	105.878189	105.913836	110.755425	110.162221	116.460131	116.167015	131.356622	130.748882	1129.679869
21.650092	100.877083	101.358657	105.847284	105.872962	110.688159	110.090554	116.335581	116.037850	131.099431	130.489239	1128.696800
21.675092	100.885218	101.348712	105.816379	105.832089	110.620894	110.018887	116.211031	115.908684	130.842241	130.229596	1127.713731
21.700092	100.893354	101.338767	105.785474	105.791215	110.553628	109.947220	116.086481	115.779519	130.585050	129.969953	1126.730661
21.725093	100.901489	101.328823	105.754570	105.750341	110.486363	109.875553	115.961931	115.650353	130.327859	129.710311	1125.747592
21.750093	100.909624	101.318878	105.723665	105.709468	110.419097	109.803886	115.837381	115.521188	130.070669	129.450668	1124.764523
21.775093	100.917759	101.308933	105.692760	105.668594	110.351832	109.732219	115.712831	115.392023	129.813478	129.191025	1123.781454
21.800093	100.925894	101.298989	105.661855	105.627720	110.284566	109.660552	115.588281	115.262857	129.556287	128.931383	1122.798385
21.825093	100.934030	101.289044	105.630950	105.586847	110.217301	109.588885	115.463731	115.133692	129.299097	128.671740	1121.815316
21.850093	100.942165	101.279099	105.600046	105.545973	110.150035	109.517218	115.339181	115.004526	129.041906	128.412097	1120.832246
21.875093	100.949307	101.268786	105.568262	105.504800	110.081842	109.445108	115.213710	114.875007	128.784921	128.153189	1119.844931
21.900093	100.951777	101.256736	105.532341	105.462215	110.009284	109.370912	115.083907	114.743822	128.528902	127.897740	1118.837636
21.925093	100.954247	101.244687	105.496420	105.419631	109.936725	109.296716	114.954104	114.612638	128.272883	127.642290	1117.830341
21.950094	100.956717	101.232637	105.460499	105.377046	109.864167	109.222521	114.824301	114.481453	128.016865	127.386840	1116.823046
21.975094	100.959187	101.220588	105.424578	105.334462	109.791609	109.148325	114.694498	114.350268	127.760846	127.131391	1115.815751
22.000094	100.961657	101.208539	105.388657	105.291878	109.719050	109.074129	114.564695	114.219084	127.504827	126.875941	1114.808457
22.025094	100.964127	101.196489	105.352737	105.249293	109.646492	108.999934	114.434892	114.087899	127.248808	126.620491	1113.801162
22.050094	100.966597	101.184440	105.316816	105.206709	109.573933	108.925738	114.305088	113.956715	126.992790	126.365041	1112.793867
22.075094	100.969067	101.172391	105.280895	105.164125	109.501375	108.851542	114.175285	113.825530	126.736771	126.109592	1111.786572
22.100094	100.971537	101.160341	105.244974	105.121540	109.428817	108.777347	114.045482	113.694345	126.480752	125.854142	1110.779277
22.125094	100.973180	101.148096	105.208310	105.078673	109.355645	108.703041	113.915476	113.563315	126.227394	125.601622	1109.774754
22.150094	100.970935	101.134931	105.168151	105.034476	109.279592	108.628221	113.784513	113.433014	125.986554	125.362879	1108.783267
22.175095	100.968690	101.121765	105.127991	104.990280	109.203538	108.553401	113.653551	113.302712	125.745714	125.124137	1107.791779
22.200095	100.966445	101.108600	105.087832	104.946083	109.127484	108.478580	113.522588	113.172410	125.504874	124.885395	1106.800292
22.225095	100.964200	101.095435	105.047672	104.901887	109.051430	108.403760	113.391626	113.042108	125.264034	124.646653	1105.808804
22.250095	100.961954	101.082269	105.007513	104.857690	108.975377	108.328940	113.260663	112.911806	125.023194	124.407911	1104.817317
22.275095	100.959709	101.069104	104.967353	104.813493	108.899323	108.254120	113.129701	112.781504	124.782354	124.169169	1103.825829
22.300095	100.957464	101.055938	104.927194	104.769297	108.823269	108.179299	112.998738	112.651202	124.541514	123.930427	1102.834342
22.325095	100.955219	101.042773	104.887034	104.725100	108.747215	108.104479	112.867776	112.520900	124.300674	123.691684	1101.842855
22.350095	100.952974	101.029608	104.846875	104.680904	108.671162	108.029659	112.736813	112.390598	124.059834	123.452942	1100.851367
22.375095	100.950292	101.016328	104.806422	104.636572	108.594697	107.954677	112.606691	112.261270	123.820132	123.215439	1099.862518
22.400095	100.945557	101.002513	104.764588	104.591605	108.516298	107.878935	112.480517	112.136520	123.585783	122.983759	1098.886076
22.425096	100.940821	100.988697	104.722755	104.546639	108.437900	107.803193	112.354343	112.011771	123.351435	122.752080	1097.909634
22.450096	100.936086	100.974882	104.680921	104.501672	108.359501	107.727452	112.228169	111.887021	123.117086	122.520401	1096.933191
22.475096	100.931351	100.961067	104.639088	104.456706	108.281103	107.651710	112.101995	111.762271	122.882737	122.288721	1095.956749
22.500096	100.926616	100.947251	104.597254	104.411739	108.202705	107.575969	111.975821	111.637522	122.648389	122.057042	1094.980307
22.525096	100.921881	100.933436	104.555421	104.366772	108.124306	107.500227	111.849647	111.512772	122.414040	121.825363	1094.003864
22.550096	100.917145	100.919620	104.513588	104.321806	108.045908	107.424485	111.723473	111.388022	122.179691	121.593683	1093.027422
22.575096	100.912410	100.905805	104.471754	104.276839	107.967509	107.348744	111.597299	111.263272	121.945342	121.362004	1092.050980
22.600096	100.907675	100.891990	104.429921	104.231873	107.889111	107.273002	111.471126	111.138523	121.710994	121.130324	1091.074537
22.625096	100.902514	100.878057	104.387697	104.186769	107.810341	107.197076	111.345477	111.014378	121.476343	120.898549	1090.097200
22.650097	100.895351	100.863571	104.343636	104.141022	107.729826	107.120284	111.222297	110.893078	121.240273	120.666319	1089.115658
22.675097	100.888189	100.849086	104.299575	104.095276	107.649311	107.043493	111.099116	110.771777	121.004203	120.434090	1088.134115
22.700097	100.881026	100.834600	104.255514	104.049529	107.568796	106.966701	110.975936	110.650477	120.768133	120.201860	1087.152572
22.725097	100.873863	100.820115	104.211453	104.003783	107.488281	106.889909	110.852756	110.529176	120.532063	119.969631	1086.171030
22.750097	100.866701	100.805630	104.167392	103.958036	107.407765	106.813118	110.729575	110.407876	120.295993	119.737402	1085.189487
22.775097	100.859538	100.791144	104.123331	103.912289	107.327250	106.736326	110.606395	110.286575	120.059923	119.505172	1084.207945
22.800097	100.852376	100.776659	104.079270	103.866543	107.246735	106.659534	110.483215	110.165275	119.823853	119.272943	1083.226402
22.825097	100.845213	100.762173	104.035210	103.820796	107.166220	106.582743	110.360035	110.043974	119.587783	119.040714	1082.244860
22.850097	100.838050	100.747688	103.991149	103.775050	107.085705	106.505951	110.236854	109.922673	119.351713	118.808484	1081.263317
22.875098	100.830655	100.733089	103.946792	103.729157	107.004888	106.429073	110.113545	109.801433	119.115185	118.575957	1080.279775
22.900098	100.822169	100.717955	103.901048	103.682578	106.922654	106.351793	109.989632	109.680471	118.876506	118.342031	1079.286838
22.925098	100.813683	100.702821	103.855303	103.635999	106.840421	106.274513	109.865719	109.559510	118.637827	118.108104	1078.293900
22.950098	100.805196	100.687687	103.809558	103.589420	106.758187	106.197232	109.741806	109.438549	118.399149	117.874178	1077.300963
22.975098	100.796710	100.672553	103.763813	103.542842	106.675953	106.119952	109.617893	109.317588	118.160470	117.640252	1076.308026
23.000098	100.788223	100.657419	103.718068	103.496263	106.593719	106.042672	109.493980	109.196627	117.921791	117.406325	1075.315088
23.025098	100.779737	100.642285	103.672323	103.449684	106.511486	105.965391	109.370067	109.075666	117.683112	117.172399	1074.322151
23.050098	100.771250	100.627151	103.626579	103.403105	106.429252	105.888111	109.246154	108.954705	117.444434	116.938473	1073.329214
23.075098	100.762764	100.612017	103.580834	103.356526	106.347018	105.810831	109.122241	108.833744	117.205755	116.704546	1072.336276
23.100098	100.754278	100.596883	103.535089	103.309948	106.264784	105.733550	108.998328	108.712783	116.967076	116.470620	1071.343339
23.125099	100.745526	100.581634	103.489068	103.263233	106.182197	105.656010	108.874287	108.591751	116.728333	116.236694	1070.348733
23.150099	100.735531	100.565847	103.441748	103.215882	106.097948	105.577250	108.749644	108.470386	116.489283	116.002769	1069.346289
23.175099	100.725536	100.550060	103.394429	103.168530	106.013700	105.498490	108.625001	108.349021	116.250233	115.768844	1068.343844
23.200099	100.715541	100.534274	103.347109	103.121178	105.929451	105.419729	108.500358	108.227656	116.011184	115.534919	1067.341399
23.225099	100.705545	100.518487	103.299790	103.073827	105.845203	105.340969	108.375715	108.106291	115.772134	115.300994	1066.338955
23.250099	100.695550	100.502700	103.252470	103.026475	105.760955	105.262209	108.251072	107.984926	115.533084	115.067069	1065.336510
23.275099	100.685555	100.486913	103.205151	102.979124	105.676706	105.183448	108.126429	107.863561	115.294035	114.833144	1064.334066
23.300099	100.675560	100.471127	103.157831	102.931772	105.592458	105.104688	108.001786	107.742196	115.054985	114.599219	1063.331621
23.325099	100.665564	100.455340	103.110512	102.884420	105.508209	105.025928	107.877143	107.620830	114.815936	114.365294	1062.329176
23.350100	100.655569	100.439553	103.063192	102.837069	105.423961	104.947167	107.752500	107.499465	114.576886	114.131370	1061.326732
23.375100	100.645303	100.423699	103.015585	102.789582	105.339522	104.868320	107.627799	107.378100	114.337914	113.897539	1060.323363
23.400100	100.633767	100.407530	102.966625	102.741462	105.254188	104.789061	107.502828	107.256735	114.099304	113.664154	1059.315654
23.425100	100.622230	100.391360	102.917666	102.693342	105.168854	104.709802	107.377857	107.135370	113.860694	113.430770	1058.307945
23.450100	100.610694	100.375191	102.868706	102.645222	105.083520	104.630543	107.252887	107.014005	113.622085	113.197385	1057.300236
23.475100	100.599157	100.359022	102.819747	102.597102	104.998187	104.551284	107.127916	106.892640	113.383475	112.964000	1056.292527
23.500100	100.587620	100.342852	102.770787	102.548981	104.912853	104.472025	107.002945	106.771275	113.144865	112.730615	1055.284818
23.525100	100.576084	100.326683	102.721828	102.500861	104.827519	104.392766	106.877974	106.649910	112.906256	112.497230	1054.277109
23.550100	100.564547	100.310513	102.672868	102.452741	104.742185	104.313507	106.753003	106.528545	112.667646	112.263845	1053.269401
23.575100	100.553011	100.294344	102.623909	102.404621	104.656852	104.234248	106.628032	106.407180	112.429036	112.030460	1052.261692
23.600101	100.541474	100.278175	102.574949	102.356501	104.571518	104.154989	106.503062	106.285814	112.190427	111.797075	1051.253983
23.625101	100.529773	100.261957	102.525827	102.308379	104.486013	104.075731	106.378462	106.164783	111.952186	111.564084	1050.247195
23.650101	100.517299	100.245511	102.475943	102.260248	104.399706	103.996479	106.255609	106.045316	111.715677	111.332943	1049.244733
23.675101	100.504825	100.229066	102.426059	102.212118	104.313399	103.917228	106.132755	105.925850	111.479169	111.101803	1048.242271
23.700101	100.492351	100.212621	102.376175	102.163988	104.227092	103.837976	106.009901	105.806383	111.242660	110.870662	1047.239808
23.725101	100.479877	100.196175	102.326290	102.115858	104.140785	103.758724	105.887047	105.686917	111.006151	110.639521	1046.237346
23.750101	100.467404	100.179730	102.276406	102.067728	104.054478	103.679473	105.764193	105.567450	110.769643	110.408380	1045.234884
23.775101	100.454930	100.163284	102.226522	102.019597	103.968171	103.600221	105.641339	105.447984	110.533134	110.177240	1044.232422
23.800101	100.442456	100.146839	102.176638	101.971467	103.881863	103.520969	105.518485	105.328518	110.296625	109.946099	1043.229959
23.825102	100.429982	100.130394	102.126754	101.923337	103.795556	103.441717	105.395632	105.209051	110.060117	109.714958	1042.227497
23.850102	100.417508	100.113948	102.076870	101.875207	103.709249	103.362466	105.272778	105.089585	109.823608	109.483817	1041.225035
23.875102	100.404872	100.097503	102.026863	101.827008	103.622882	103.283214	105.150198	104.970521	109.588165	109.253619	1040.224847
23.900102	100.391477	100.081059	101.976282	101.778489	103.536234	103.203964	105.028908	104.853350	109.357725	109.027844	1039.235332
23.925102	100.378082	100.064615	101.925701	101.729971	103.449585	103.124714	104.907617	104.736179	109.127285	108.802069	1038.245818
23.950102	100.364687	100.048171	101.875120	101.681452	103.362937	103.045463	104.786326	104.619008	108.896845	108.576294	1037.256303
23.975102	100.351291	100.031727	101.824539	101.632933	103.276288	102.966213	104.665035	104.501837	108.666405	108.350519	1036.266788
24.000102	100.337896	100.015283	101.773959	101.584414	103.189640	102.886963	104.543744	104.384666	108.435965	108.124744	1035.277274
24.025102	100.324501	99.998839	101.723378	101.535895	103.102992	102.807712	104.422453	104.267495	108.205525	107.898969	1034.287759
24.050103	100.311106	99.982395	101.672797	101.487376	103.016343	102.728462	104.301163	104.150324	107.975085	107.673195	1033.298245
24.075103	100.297710	99.965951	101.622216	101.438858	102.929695	102.649212	104.179872	104.033153	107.744645	107.447420	1032.308730
24.100103	100.284315	99.949507	101.571635	101.390339	102.843046	102.569961	104.058581	103.915982	107.514205	107.221645	1031.319215
24.125103	100.271254	99.933689	101.521511	101.342366	102.756818	102.491229	103.937875	103.799406	107.286213	106.998460	1030.338821
24.150103	100.259760	99.920808	101.473532	101.296956	102.672561	102.414929	103.819913	103.685621	107.069714	106.787431	1029.401223
24.175103	100.248266	99.907927	101.425552	101.251546	102.588304	102.338628	103.701951	103.571836	106.853214	106.576402	1028.463625
24.200103	100.236772	99.895046	101.377573	101.206135	102.504047	102.262328	103.583988	103.458051	106.636715	106.365372	1027.526027
24.225103	100.225278	99.882166	101.329593	101.160725	102.419789	102.186028	103.466026	103.344266	106.420215	106.154343	1026.588430
24.250103	100.213784	99.869285	101.281614	101.115315	102.335532	102.109728	103.348064	103.230481	106.203716	105.943314	1025.650832
24.275103	100.202290	99.856404	101.233634	101.069905	102.251275	102.033427	103.230102	103.116696	105.987216	105.732285	1024.713234
24.300104	100.190796	99.843523	101.185654	101.024495	102.167018	101.957127	103.112140	103.002911	105.770717	105.521255	1023.775636
24.325104	100.179302	99.830643	101.137675	100.979085	102.082761	101.880827	102.994178	102.889125	105.554217	105.310226	1022.838038
24.350104	100.167808	99.817762	101.089695	100.933674	101.998504	101.804526	102.876215	102.775340	105.337718	105.099197	1021.900440
24.375104	100.156810	99.805530	101.042198	100.888801	101.914802	101.728732	102.758898	102.662221	105.122304	104.889123	1020.969420
24.400104	100.148140	99.796340	100.996963	100.846446	101.833701	101.655315	102.644608	102.552226	104.911984	104.683532	1020.069255
24.425104	100.139470	99.787150	100.951729	100.804091	101.752601	101.581897	102.530317	102.442231	104.701664	104.477942	1019.169091
24.450104	100.130800	99.777960	100.906494	100.761736	101.671501	101.508480	102.416026	102.332236	104.491344	104.272351	1018.268926
24.475104	100.122130	99.768770	100.861259	100.719380	101.590400	101.435062	102.301735	102.222241	104.281024	104.066760	1017.368762
24.500104	100.113460	99.759580	100.816024	100.677025	101.509300	101.361644	102.187444	102.112246	104.070704	103.861170	1016.468597
24.525105	100.104790	99.750389	100.770789	100.634670	101.428200	101.288227	102.073154	102.002251	103.860384	103.655579	1015.568433
24.550105	100.096120	99.741199	100.725554	100.592315	101.347099	101.214809	101.958863	101.892256	103.650064	103.449989	1014.668268
24.575105	100.087450	99.732009	100.680319	100.549960	101.265999	101.141391	101.844572	101.782261	103.439744	103.244398	1013.768104
24.600105	100.078780	99.722819	100.635085	100.507605	101.184899	101.067974	101.730281	101.672266	103.229424	103.038807	1012.867939
24.625105	100.070320	99.713977	100.590064	100.465532	101.103969	100.994742	101.616259	101.562522	103.019617	102.833693	1011.970696
24.650105	100.062847	99.706766	100.546048	100.424781	101.023842	100.922382	101.503498	101.453956	102.812216	102.630812	1011.087149
24.675105	100.055375	99.699554	100.502033	100.384031	100.943715	100.850021	101.390737	101.345389	102.604816	102.427932	1010.203603
24.700105	100.047902	99.692343	100.458017	100.343281	100.863588	100.777661	101.277975	101.236823	102.397415	102.225051	1009.320057
24.725105	100.040430	99.685131	100.414002	100.302531	100.783461	100.705301	101.165214	101.128256	102.190014	102.022170	1008.436510
24.750105	100.032957	99.677920	100.369986	100.261781	100.703334	100.632940	101.052453	101.019690	101.982613	101.819290	1007.552964
24.775106	100.025484	99.670709	100.325971	100.221031	100.623207	100.560580	100.939691	100.911123	101.775212	101.616409	1006.669418
24.800106	100.018012	99.663497	100.281955	100.180280	100.543080	100.488220	100.826930	100.802557	101.567811	101.413529	1005.785871
24.825106	100.010539	99.656286	100.237940	100.139530	100.462953	100.415859	100.714169	100.693991	101.360410	101.210648	1004.902325
24.850106	100.003066	99.649074	100.193924	100.098780	100.382826	100.343499	100.601407	100.585424	101.153009	101.007767	1004.018779
24.875106	99.996908	99.643131	100.151167	100.059120	100.304149	100.272436	100.490265	100.478439	100.947370	100.806799	1003.149785
24.900106	99.996908	99.643131	100.114312	100.024571	100.232271	100.207456	100.386714	100.378864	100.749991	100.614799	1002.349016
24.925106	99.996908	99.643131	100.077456	99.990023	100.160392	100.142476	100.283163	100.279289	100.552612	100.422798	1001.548247
24.950106	99.996908	99.643131	100.040601	99.955474	100.088514	100.077495	100.179611	100.179714	100.355233	100.230798	1000.747478
24.975106	99.996908	99.643131	100.003745	99.920925	100.016635	100.012515	100.076060	100.080139	100.157854	100.038797	999.946710
25.000107	99.996908	99.643131	99.966890	99.886376	99.944757	99.947535	99.972509	99.980564	99.960475	99.846797	999.145941
25.025107	99.996908	99.643131	99.930034	99.851827	99.872879	99.882555	99.868958	99.880989	99.763096	99.654796	998.345172
25.050107	99.996908	99.643131	99.893179	99.817279	99.801000	99.817574	99.765406	99.781414	99.565717	99.462795	997.544403
25.075107	99.996908	99.643131	99.856323	99.782730	99.729122	99.752594	99.661855	99.681839	99.368338	99.270795	996.743634
25.100107	99.996908	99.643131	99.819468	99.748181	99.657243	99.687614	99.558304	99.582264	99.170959	99.078794	995.942866
25.125107	99.998058	99.644399	99.783651	99.714776	99.586583	99.623835	99.456242	99.484035	98.975117	98.888143	995.154839
25.150107	100.004602	99.651610	99.752701	99.686728	99.521633	99.565687	99.361161	99.392114	98.786477	98.703818	994.426532
25.175107	100.011146	99.658822	99.721751	99.658681	99.456683	99.507540	99.266079	99.300194	98.597837	98.519493	993.698226
25.200107	100.017690	99.666033	99.690801	99.630634	99.391732	99.449392	99.170998	99.208273	98.409197	98.335168	992.969920
25.225108	100.024234	99.673244	99.659850	99.602586	99.326782	99.391245	99.075917	99.116353	98.220558	98.150843	992.241613
25.250108	100.030778	99.680456	99.628900	99.574539	99.261832	99.333097	98.980836	99.024433	98.031918	97.966519	991.513307
25.275108	100.037322	99.687667	99.597950	99.546492	99.196882	99.274950	98.885754	98.932512	97.843278	97.782194	990.785001
25.300108	100.043866	99.694879	99.567000	99.518445	99.131931	99.216802	98.790673	98.840592	97.654638	97.597869	990.056694
25.325108	100.050410	99.702090	99.536050	99.490397	99.066981	99.158654	98.695592	98.748671	97.465998	97.413544	989.328388
25.350108	100.056954	99.709302	99.505100	99.462350	99.002031	99.100507	98.600511	98.656751	97.277358	97.229219	988.600082
25.375108	100.063818	99.716861	99.474371	99.434466	98.937313	99.042542	98.505624	98.565152	97.089014	97.045251	987.874411
25.400108	100.072178	99.726051	99.444676	99.407348	98.873685	98.985433	98.411652	98.475057	96.902053	96.862956	987.161089
25.425108	100.080538	99.735241	99.414982	99.380230	98.810056	98.928324	98.317679	98.384962	96.715093	96.680661	986.447767
25.450108	100.088898	99.744431	99.385288	99.353113	98.746428	98.871215	98.223707	98.294867	96.528133	96.498367	985.734445
25.475109	100.097258	99.753621	99.355594	99.325995	98.682800	98.814106	98.129734	98.204772	96.341172	96.316072	985.021124
25.500109	100.105618	99.762811	99.325900	99.298877	98.619171	98.756998	98.035761	98.114677	96.154212	96.133777	984.307802
25.525109	100.113978	99.772001	99.296206	99.271759	98.555543	98.699889	97.941789	98.024582	95.967252	95.951482	983.594480
25.550109	100.122338	99.781191	99.266512	99.244641	98.491914	98.642780	97.847816	97.934487	95.780291	95.769188	982.881158
25.575109	100.130698	99.790381	99.236818	99.217523	98.428286	98.585671	97.753844	97.844392	95.593331	95.586893	982.167837
25.600109	100.139058	99.799571	99.207124	99.190405	98.364658	98.528562	97.659871	97.754297	95.406371	95.404598	981.454515
25.625109	100.147969	99.809411	99.177906	99.163884	98.301460	98.471963	97.566536	97.664786	95.220477	95.223382	980.747773
25.650109	100.159462	99.822291	99.150920	99.140161	98.240281	98.417753	97.476187	97.578010	95.039576	95.047215	980.071855
25.675109	100.170954	99.835172	99.123934	99.116437	98.179103	98.363543	97.385837	97.491233	94.858676	94.871049	979.395938
25.700110	100.182447	99.848053	99.096948	99.092713	98.117924	98.309332	97.295488	97.404457	94.677776	94.694883	978.720020
25.725110	100.193940	99.860934	99.069961	99.068990	98.056745	98.255122	97.205139	97.317681	94.496875	94.518716	978.044102
25.750110	100.205432	99.873814	99.042975	99.045266	97.995566	98.200912	97.114789	97.230904	94.315975	94.342550	977.368184
25.775110	100.216925	99.886695	99.015989	99.021542	97.934387	98.146701	97.024440	97.144128	94.135075	94.166384	976.692266
25.800110	100.228418	99.899576	98.989003	98.997819	97.873208	98.092491	96.934091	97.057352	93.954174	93.990217	976.016348
25.825110	100.239910	99.912456	98.962017	98.974095	97.812029	98.038281	96.843741	96.970575	93.773274	93.814051	975.340430
25.850110	100.251403	99.925337	98.935031	98.950371	97.750850	97.984070	96.753392	96.883799	93.592374	93.637885	974.664512
25.875110	100.263395	99.938845	98.908501	98.927124	97.690165	97.930292	96.663525	96.797534	93.413173	93.463248	973.995803
25.900110	100.277729	99.955289	98.884107	98.906111	97.631792	97.878536	96.575914	96.713664	93.241933	93.295773	973.360847
25.925111	100.292063	99.971733	98.859714	98.885097	97.573418	97.826780	96.488303	96.629793	93.070692	93.128298	972.725891
25.950111	100.306397	99.988177	98.835321	98.864083	97.515044	97.775023	96.400692	96.545923	92.899451	92.960823	972.090935
25.975111	100.320731	100.004621	98.810927	98.843070	97.456671	97.723267	96.313081	96.462053	92.728210	92.793348	971.455980
26.000111	100.335065	100.021065	98.786534	98.822056	97.398297	97.671511	96.225470	96.378182	92.556970	92.625873	970.821024
26.025111	100.349399	100.037509	98.762140	98.801042	97.339924	97.619755	96.137859	96.294312	92.385729	92.458398	970.186068
26.050111	100.363733	100.053953	98.737747	98.780029	97.281550	97.567999	96.050248	96.210442	92.214488	92.290924	969.551112
26.075111	100.378066	100.070397	98.713354	98.759015	97.223177	97.516243	95.962637	96.126571	92.043247	92.123449	968.916156
26.100111	100.392400	100.086841	98.688960	98.738001	97.164803	97.464486	95.875026	96.042701	91.872007	91.955974	968.281201
26.125111	100.406522	100.103286	98.664512	98.716988	97.106360	97.412668	95.787407	95.958821	91.701071	91.789060	967.646692
26.150111	100.419650	100.119731	98.639804	98.695976	97.047590	97.360555	95.699746	95.874894	91.531560	91.624770	967.014276
26.175112	100.432778	100.136176	98.615097	98.674963	96.988819	97.308442	95.612086	95.790968	91.362049	91.460481	966.381859
26.200112	100.445905	100.152622	98.590389	98.653951	96.930049	97.256329	95.524426	95.707042	91.192538	91.296192	965.749443
26.225112	100.459033	100.169067	98.565681	98.632939	96.871279	97.204216	95.436765	95.623115	91.023028	91.131903	965.117027
26.250112	100.472161	100.185513	98.540974	98.611926	96.812509	97.152103	95.349105	95.539189	90.853517	90.967614	964.484611
26.275112	100.485289	100.201958	98.516266	98.590914	96.753738	97.099990	95.261445	95.455263	90.684006	90.803325	963.852195
26.300112	100.498417	100.218403	98.491559	98.569902	96.694968	97.047877	95.173784	95.371337	90.514495	90.639036	963.219778
26.325112	100.511545	100.234849	98.466851	98.548889	96.636198	96.995764	95.086124	95.287410	90.344985	90.474747	962.587362
26.350112	100.524672	100.251294	98.442144	98.527877	96.577428	96.943651	94.998463	95.203484	90.175474	90.310458	961.954946
26.375112	100.537513	100.267741	98.417206	98.506737	96.518363	96.891503	94.910534	95.119389	90.005954	90.145991	961.320931
26.400113	100.549007	100.284195	98.391191	98.484997	96.457921	96.839188	94.821342	95.034504	89.836393	89.980695	960.679434
26.425113	100.560501	100.300649	98.365177	98.463257	96.397479	96.786873	94.732151	94.949619	89.666832	89.815399	960.037936
26.450113	100.571995	100.317103	98.339162	98.441516	96.337037	96.734558	94.642960	94.864734	89.497271	89.650103	959.396439
26.475113	100.583489	100.333557	98.313147	98.419776	96.276594	96.682243	94.553769	94.779849	89.327710	89.484806	958.754941
26.500113	100.594983	100.350011	98.287132	98.398036	96.216152	96.629929	94.464577	94.694964	89.158149	89.319510	958.113444
26.525113	100.606477	100.366465	98.261118	98.376296	96.155710	96.577614	94.375386	94.610079	88.988587	89.154214	957.471946
26.550113	100.617971	100.382919	98.235103	98.354556	96.095268	96.525299	94.286195	94.525194	88.819026	88.988917	956.830449
26.575113	100.629465	100.399373	98.209088	98.332816	96.034826	96.472984	94.197004	94.440309	88.649465	88.823621	956.188951
26.600113	100.640959	100.415828	98.183073	98.311076	95.974384	96.420669	94.107813	94.355424	88.479904	88.658325	955.547454
26.625113	100.652189	100.432114	98.156772	98.289250	95.913813	96.368193	94.018437	94.270374	88.310581	88.493316	954.905038
26.650114	100.662182	100.447616	98.129127	98.267023	95.852641	96.314964	93.928196	94.184549	88.142371	88.329651	954.258321
26.675114	100.672176	100.463118	98.101482	98.244795	95.791470	96.261735	93.837956	94.098724	87.974162	88.165986	953.611605
26.700114	100.682170	100.478620	98.073837	98.222568	95.730298	96.208507	93.747715	94.012899	87.805953	88.002321	952.964889
26.725114	100.692164	100.494122	98.046192	98.200341	95.669126	96.155278	93.657475	93.927074	87.637743	87.838656	952.318173
26.750114	100.702158	100.509625	98.018548	98.178114	95.607955	96.102049	93.567235	93.841249	87.469534	87.674991	951.671457
26.775114	100.712152	100.525127	97.990903	98.155886	95.546783	96.048820	93.476994	93.755424	87.301325	87.511327	951.024740
26.800114	100.722146	100.540629	97.963258	98.133659	95.485611	95.995591	93.386754	93.669599	87.133115	87.347662	950.378024
26.825114	100.732139	100.556131	97.935613	98.111432	95.424440	95.942362	93.296514	93.583774	86.964906	87.183997	949.731308
26.850114	100.742133	100.571633	97.907969	98.089205	95.363268	95.889133	93.206273	93.497949	86.796697	87.020332	949.084592
26.875115	100.751909	100.587070	97.880438	98.067123	95.302165	95.836002	93.115772	93.411884	86.630463	86.858498	948.441325
26.900115	100.760664	100.602204	97.853442	98.045720	95.241383	95.783332	93.024052	93.324694	86.473472	86.705227	947.814191
26.925115	100.769419	100.617338	97.826446	98.024318	95.180601	95.730662	92.932331	93.237503	86.316481	86.551957	947.187057
26.950115	100.778175	100.632472	97.799450	98.002916	95.119819	95.677992	92.840611	93.150313	86.159490	86.398686	946.559922
26.975115	100.786930	100.647606	97.772453	97.981514	95.059036	95.625322	92.748891	93.063123	86.002499	86.245415	945.932788
27.000115	100.795685	100.662740	97.745457	97.960111	94.998254	95.572651	92.657170	92.975932	85.845508	86.092145	945.305654
27.025115	100.804440	100.677874	97.718461	97.938709	94.937472	95.519981	92.565450	92.888742	85.688517	85.938874	944.678520
27.050115	100.813195	100.693009	97.691465	97.917307	94.876690	95.467311	92.473729	92.801551	85.531525	85.785603	944.051386
27.075115	100.821951	100.708143	97.664469	97.895904	94.815908	95.414641	92.382009	92.714361	85.374534	85.632333	943.424252
27.100116	100.830706	100.723277	97.637473	97.874502	94.755126	95.361970	92.290289	92.627171	85.217543	85.479062	942.797118
27.125116	100.839079	100.738304	97.610141	97.852964	94.694092	95.309276	92.198246	92.539803	85.060857	85.326244	942.169006
27.150116	100.845664	100.752833	97.581240	97.830790	94.631882	95.256470	92.104695	92.451608	84.905597	85.175544	941.536324
27.175116	100.852249	100.767363	97.552339	97.808616	94.569671	95.203664	92.011145	92.363413	84.750338	85.024843	940.903642
27.200116	100.858834	100.781892	97.523438	97.786443	94.507461	95.150858	91.917595	92.275218	84.595078	84.874143	940.270960
27.225116	100.865420	100.796422	97.494538	97.764269	94.445251	95.098051	91.824044	92.187024	84.439818	84.723443	939.638278
27.250116	100.872005	100.810951	97.465637	97.742095	94.383041	95.045245	91.730494	92.098829	84.284558	84.572742	939.005597
27.275116	100.878590	100.825480	97.436736	97.719922	94.320830	94.992439	91.636943	92.010634	84.129299	84.422042	938.372915
27.300116	100.885175	100.840010	97.407835	97.697748	94.258620	94.939633	91.543393	91.922439	83.974039	84.271341	937.740233
27.325116	100.891760	100.854539	97.378934	97.675574	94.196410	94.886826	91.449843	91.834244	83.818779	84.120641	937.107551
27.350117	100.898346	100.869068	97.350034	97.653401	94.134199	94.834020	91.356292	91.746049	83.663519	83.969941	936.474869
27.375117	100.904612	100.883522	97.320952	97.631090	94.071748	94.781052	91.262610	91.657769	83.508422	83.819432	935.841209
27.400117	100.909390	100.897624	97.291028	97.608136	94.008167	94.727326	91.168309	91.569094	83.354081	83.669822	935.202977
27.425117	100.914168	100.911725	97.261103	97.585182	93.944587	94.673599	91.074009	91.480419	83.199740	83.520211	934.564745
27.450117	100.918946	100.925827	97.231178	97.562229	93.881007	94.619873	90.979708	91.391744	83.045400	83.370601	933.926513
27.475117	100.923724	100.939928	97.201253	97.539275	93.817427	94.566147	90.885408	91.303069	82.891059	83.220991	933.288280
27.500117	100.928501	100.954029	97.171328	97.516321	93.753846	94.512421	90.791108	91.214394	82.736718	83.071380	932.650048
27.525117	100.933279	100.968131	97.141404	97.493367	93.690266	94.458695	90.696807	91.125720	82.582378	82.921770	932.011816
27.550117	100.938057	100.982232	97.111479	97.470414	93.626686	94.404968	90.602507	91.037045	82.428037	82.772160	931.373584
27.575118	100.942835	100.996334	97.081554	97.447460	93.563106	94.351242	90.508206	90.948370	82.273696	82.622549	930.735352
27.600118	100.947613	101.010435	97.051629	97.424506	93.499525	94.297516	90.413906	90.859695	82.119356	82.472939	930.097120
27.625118	100.951991	101.024364	97.021252	97.401465	93.435590	94.243617	90.319357	90.770938	81.965782	82.324191	929.458547
27.650118	100.954504	101.037484	96.988763	97.378016	93.369997	94.188908	90.223648	90.681800	81.815791	82.179472	928.818381
27.675118	100.957016	101.050604	96.956273	97.354566	93.304403	94.134199	90.127938	90.592663	81.665801	82.034753	928.178216
27.700118	100.959529	101.063724	96.923784	97.331117	93.238809	94.079490	90.032228	90.503525	81.515810	81.890034	927.538050
27.725118	100.962041	101.076844	96.891295	97.307667	93.173216	94.024781	89.936519	90.414387	81.365819	81.745315	926.897884
27.750118	100.964554	101.089964	96.858805	97.284218	93.107622	93.970072	89.840809	90.325250	81.215829	81.600596	926.257719
27.775118	100.967067	101.103084	96.826316	97.260769	93.042029	93.915363	89.745100	90.236112	81.065838	81.455877	925.617553
27.800118	100.969579	101.116204	96.793826	97.237319	92.976435	93.860654	89.649390	90.146974	80.915847	81.311158	924.977387
27.825119	100.972092	101.129324	96.761337	97.213870	92.910842	93.805945	89.553681	90.057837	80.765857	81.166439	924.337222
27.850119	100.974604	101.142444	96.728847	97.190420	92.845248	93.751236	89.457971	89.968699	80.615866	81.021720	923.697056
27.875119	100.976510	101.155383	96.695891	97.166697	92.779221	93.696267	89.361983	89.879296	80.467632	80.878642	923.057523
27.900119	100.975580	101.167478	96.660755	97.141698	92.711171	93.640079	89.264691	89.788657	80.327601	80.743236	922.420947
27.925119	100.974650	101.179573	96.625619	97.116698	92.643121	93.583892	89.167400	89.698017	80.187570	80.607830	921.784370
27.950119	100.973720	101.191668	96.590483	97.091699	92.575070	93.527704	89.070109	89.607378	80.047540	80.472424	921.147794
27.975119	100.972790	101.203762	96.555346	97.066699	92.507020	93.471516	88.972818	89.516738	79.907509	80.337018	920.511218
28.000119	100.971860	101.215857	96.520210	97.041700	92.438970	93.415329	88.875526	89.426099	79.767479	80.201612	919.874641
28.025119	100.970930	101.227952	96.485074	97.016700	92.370920	93.359141	88.778235	89.335459	79.627448	80.066206	919.238065
28.050120	100.970000	101.240046	96.449938	96.991701	92.302869	93.302954	88.680944	89.244820	79.487417	79.930799	918.601489
28.075120	100.969070	101.252141	96.414802	96.966701	92.234819	93.246766	88.583653	89.154180	79.347387	79.795393	917.964912
28.100120	100.968140	101.264236	96.379665	96.941702	92.166769	93.190579	88.486361	89.063541	79.207356	79.659987	917.328336
28.125120	100.966041	101.275951	96.343694	96.916341	92.097907	93.134096	88.388345	88.972558	79.067601	79.525212	916.687746
28.150120	100.958483	101.285896	96.303819	96.889293	92.025255	93.076235	88.286945	88.879971	78.929132	79.393383	916.028412
28.175120	100.950926	101.295841	96.263944	96.862245	91.952603	93.018374	88.185544	88.787384	78.790663	79.261555	915.369078
28.200120	100.943368	101.305786	96.224069	96.835197	91.879951	92.960513	88.084143	88.694797	78.652193	79.129726	914.709744
28.225120	100.935810	101.315730	96.184194	96.808149	91.807300	92.902652	87.982742	88.602210	78.513724	78.997897	914.050410
28.250120	100.928252	101.325675	96.144320	96.781101	91.734648	92.844791	87.881342	88.509623	78.375255	78.866068	913.391075
28.275121	100.920694	101.335620	96.104445	96.754053	91.661996	92.786931	87.779941	88.417036	78.236786	78.734240	912.731741
28.300121	100.913137	101.345564	96.064570	96.727005	91.589344	92.729070	87.678540	88.324449	78.098317	78.602411	912.072407
28.325121	100.905579	101.355509	96.024695	96.699957	91.516692	92.671209	87.577140	88.231863	77.959847	78.470582	911.413073
28.350121	100.898021	101.365454	95.984820	96.672909	91.444041	92.613348	87.475739	88.139276	77.821378	78.338754	910.753739
28.375121	100.888741	101.374945	95.943443	96.645355	91.370028	92.555027	87.373143	88.046391	77.682055	78.206790	910.085920
28.400121	100.871423	101.382319	95.895053	96.615437	91.289665	92.494562	87.264969	87.952116	77.538747	78.074197	909.378489
28.425121	100.854105	101.389693	95.846663	96.585520	91.209302	92.434096	87.156794	87.857841	77.395439	77.941605	908.671057
28.450121	100.836787	101.397067	95.798273	96.555603	91.128938	92.373631	87.048619	87.763566	77.252130	77.809012	907.963626
28.475121	100.819469	101.404441	95.749883	96.525685	91.048575	92.313165	86.940445	87.669290	77.108822	77.676419	907.256194
28.500121	100.802150	101.411815	95.701492	96.495768	90.968212	92.252700	86.832270	87.575015	76.965514	77.543827	906.548763
28.525122	100.784832	101.419189	95.653102	96.465850	90.887848	92.192234	86.724095	87.480740	76.822206	77.411234	905.841331
28.550122	100.767514	101.426563	95.604712	96.435933	90.807485	92.131768	86.615921	87.386465	76.678897	77.278642	905.133900
28.575122	100.750196	101.433937	95.556322	96.406015	90.727121	92.071303	86.507746	87.292190	76.535589	77.146049	904.426468
28.600122	100.732878	101.441312	95.507932	96.376098	90.646758	92.010837	86.399571	87.197915	76.392281	77.013456	903.719037
28.625122	100.714773	101.449866	95.458881	96.347203	90.565776	91.951388	86.291040	87.104627	76.249190	76.882285	903.015029
28.650122	100.692997	101.463931	95.406745	96.323081	90.481905	91.896680	86.180843	87.015953	76.107118	76.757749	902.327002
28.675122	100.671221	101.477996	95.354609	96.298958	90.398035	91.841973	86.070646	86.927278	75.965045	76.633213	901.638974
28.700122	100.649446	101.492060	95.302474	96.274836	90.314164	91.787265	85.960450	86.838603	75.822973	76.508677	900.950947
28.725122	100.627670	101.506125	95.250338	96.250714	90.230293	91.732557	85.850253	86.749928	75.680901	76.384141	900.262919
28.750123	100.605894	101.520190	95.198203	96.226592	90.146423	91.677850	85.740056	86.661253	75.538828	76.259605	899.574892
28.775123	100.584118	101.534254	95.146067	96.202469	90.062552	91.623142	85.629859	86.572578	75.396756	76.135068	898.886864
28.800123	100.562342	101.548319	95.093931	96.178347	89.978682	91.568435	85.519662	86.483903	75.254683	76.010532	898.198837
28.825123	100.540567	101.562384	95.041796	96.154225	89.894811	91.513727	85.409465	86.395228	75.112611	75.885996	897.510809
28.850123	100.518791	101.576449	94.989660	96.130102	89.810940	91.459020	85.299269	86.306553	74.970538	75.761460	896.822782
28.875123	100.494397	101.592097	94.934900	96.107171	89.724638	91.405537	85.186913	86.219309	74.826887	75.638634	896.130485
28.900123	100.457788	101.615133	94.867893	96.089801	89.626991	91.357769	85.064484	86.138744	74.675871	75.523787	895.418262
28.925123	100.421178	101.638170	94.800886	96.072430	89.529344	91.310002	84.942055	86.058178	74.524855	75.408940	894.706039
28.950123	100.384568	101.661207	94.733878	96.055060	89.431697	91.262234	84.819627	85.977612	74.373839	75.294094	893.993817
28.975124	100.347959	101.684244	94.666871	96.037689	89.334050	91.214467	84.697198	85.897047	74.222823	75.179247	893.281594
29.000124	100.311349	101.707281	94.599864	96.020319	89.236403	91.166699	84.574769	85.816481	74.071806	75.064400	892.569371
29.025124	100.274739	101.730317	94.532857	96.002948	89.138756	91.118932	84.452340	85.735916	73.920790	74.949553	891.857148
29.050124	100.238129	101.753354	94.465849	95.985577	89.041109	91.071164	84.329912	85.655350	73.769774	74.834707	891.144926
29.075124	100.201520	101.776391	94.398842	95.968207	88.943462	91.023396	84.207483	85.574785	73.618758	74.719860	890.432703
29.100124	100.164910	101.799428	94.331835	95.950836	88.845815	90.975629	84.085054	85.494219	73.467742	74.605013	889.720480
29.125124	100.119211	101.822581	94.255879	95.933592	88.739163	90.927960	83.954450	85.413737	73.309598	74.490428	888.966598
29.150124	100.031113	101.846276	94.138179	95.916940	88.590502	90.880751	83.785712	85.333642	73.118202	74.377061	888.018378
29.175124	99.943015	101.869972	94.020479	95.900287	88.441842	90.833542	83.616973	85.253548	72.926807	74.263694	887.070159
29.200124	99.854916	101.893667	93.902779	95.883634	88.293181	90.786333	83.448234	85.173454	72.735411	74.150328	886.121939
29.225125	99.766818	101.917362	93.785079	95.866981	88.144521	90.739124	83.279496	85.093360	72.544016	74.036961	885.173719
29.250125	99.678720	101.941058	93.667379	95.850329	87.995861	90.691915	83.110757	85.013266	72.352620	73.923595	884.225499
29.275125	99.590621	101.964753	93.549679	95.833676	87.847200	90.644707	82.942018	84.933171	72.161225	73.810228	883.277279
29.300125	99.502523	101.988449	93.431979	95.817023	87.698540	90.597498	82.773280	84.853077	71.969829	73.696862	882.329059
29.325125	99.414425	102.012144	93.314279	95.800370	87.549879	90.550289	82.604541	84.772983	71.778434	73.583495	881.380839
29.350125	99.326326	102.035839	93.196578	95.783717	87.401219	90.503080	82.435802	84.692889	71.587038	73.470129	880.432619
29.375125	99.212689	102.059593	93.053580	95.767035	87.227445	90.455809	82.243836	84.612721	71.374955	73.356884	879.364547
29.400125	98.979951	102.083619	92.792601	95.750214	86.936550	90.408246	81.943548	84.532212	71.066391	73.244207	877.737537
29.425125	98.747212	102.107644	92.531621	95.733393	86.645656	90.360683	81.643259	84.451702	70.757827	73.131530	876.110526
29.450126	98.514473	102.131669	92.270642	95.716571	86.354762	90.313120	81.342970	84.371192	70.449263	73.018854	874.483516
29.475126	98.281734	102.155695	92.009662	95.699750	86.063867	90.265557	81.042682	84.290683	70.140698	72.906177	872.856506
29.500126	98.048995	102.179720	91.748683	95.682929	85.772973	90.217994	80.742393	84.210173	69.832134	72.793500	871.229495
29.525126	97.816257	102.203746	91.487703	95.666108	85.482079	90.170431	80.442104	84.129664	69.523570	72.680823	869.602485
29.550126	97.583518	102.227771	91.226724	95.649287	85.191184	90.122869	80.141816	84.049154	69.215006	72.568147	867.975474
29.575126	97.350779	102.251796	90.965744	95.632465	84.900290	90.075306	79.841527	83.968644	68.906442	72.455470	866.348464
29.600126	97.118040	102.275822	90.704765	95.615644	84.609396	90.027743	79.541238	83.888135	68.597878	72.342793	864.721453
29.625126	96.777260	102.300233	90.342305	95.599006	84.222662	89.980316	79.151411	83.807924	68.213028	72.230143	862.624287
29.650126	95.932765	102.326446	89.506723	95.583223	83.389107	89.933521	78.344137	83.729105	67.472517	72.117614	858.335159
29.675126	95.088271	102.352658	88.671140	95.567440	82.555553	89.886726	77.536864	83.650287	66.732007	72.005086	854.046030
29.700127	94.243777	102.378870	87.835558	95.551656	81.721998	89.839931	76.729590	83.571468	65.991496	71.892557	849.756901
29.725127	93.399283	102.405082	86.999975	95.535873	80.888443	89.793136	75.922317	83.492649	65.250985	71.780029	845.467773
29.750127	92.554789	102.431294	86.164393	95.520090	80.054888	89.746341	75.115043	83.413831	64.510475	71.667501	841.178644
29.775127	91.710295	102.457506	85.328811	95.504307	79.221333	89.699546	74.307769	83.335012	63.769964	71.554972	836.889515
29.800127	90.865801	102.483718	84.493228	95.488523	78.387778	89.652751	73.500496	83.256194	63.029453	71.442444	832.600386
29.825127	90.021306	102.509930	83.657646	95.472740	77.554223	89.605956	72.693222	83.177375	62.288943	71.329915	828.311258
29.850127	89.176812	102.536142	82.822063	95.456957	76.720668	89.559161	71.885949	83.098557	61.548432	71.217387	824.022129
29.875127	87.644714	102.562531	81.373937	95.441026	75.342937	89.512091	70.563960	83.019726	60.389829	71.104558	816.955310
29.900127	82.907805	102.589740	77.070840	95.424409	71.428889	89.463741	66.842966	82.940840	57.282566	70.990327	796.942123
29.925128	78.170896	102.616950	72.767744	95.407793	67.514840	89.415390	63.121972	82.861954	54.175303	70.876095	776.928936
29.950128	73.433986	102.644159	68.464648	95.391176	63.600791	89.367039	59.400978	82.783068	51.068040	70.761864	756.915748
29.975128	68.697077	102.671368	64.161551	95.374559	59.686742	89.318688	55.679984	82.704183	47.960776	70.647633	736.902561
30.000128	63.960168	102.698578	59.858455	95.357942	55.772693	89.270337	51.958990	82.625297	44.853513	70.533402	716.889374
30.025128	59.223258	102.725787	55.555358	95.341325	51.858644	89.221986	48.237996	82.546411	41.746250	70.419171	696.876187
30.050128	54.486349	102.752996	51.252262	95.324708	47.944595	89.173635	44.517003	82.467525	38.638986	70.304939	676.862999
30.075128	49.749440	102.780206	46.949166	95.308091	44.030546	89.125284	40.796009	82.388639	35.531723	70.190708	656.849812
30.100128	45.012530	102.807415	42.646069	95.291475	40.116497	89.076933	37.075015	82.309753	32.424460	70.076477	636.836625
30.125128	40.614377	102.833368	38.647101	95.273737	36.474738	89.027618	33.614993	82.230009	29.532474	69.961315	618.209730
30.150129	37.794648	102.853469	36.065207	95.250775	34.101705	88.973807	31.370961	82.146270	27.643568	69.841819	606.042229
30.175129	34.974919	102.873570	33.483314	95.227814	31.728672	88.919996	29.126930	82.062530	25.754661	69.722323	593.874728
30.200129	32.155190	102.893671	30.901421	95.204853	29.355639	88.866185	26.882898	81.978790	23.865754	69.602826	581.707228
30.225129	29.335461	102.913772	28.319528	95.181891	26.982605	88.812374	24.638867	81.895050	21.976848	69.483330	569.539727
30.250129	26.515732	102.933872	25.737635	95.158930	24.609572	88.758563	22.394835	81.811310	20.087941	69.363834	557.372226
30.275129	23.696003	102.953973	23.155742	95.135969	22.236539	88.704753	20.150804	81.727570	18.199035	69.244337	545.204725
30.300129	20.876274	102.974074	20.573848	95.113007	19.863506	88.650942	17.906772	81.643831	16.310128	69.124841	533.037224
30.325129	18.056545	102.994175	17.991955	95.090046	17.490473	88.597131	15.662741	81.560091	14.421222	69.005345	520.869724
30.350129	15.236816	103.014275	15.410062	95.067085	15.117440	88.543320	13.418710	81.476351	12.532315	68.885849	508.702223
30.375129	12.812090	103.032614	13.185352	95.042647	13.067377	88.488109	11.481560	81.391347	10.897673	68.765121	498.163890
30.400130	12.227328	103.042744	12.624443	95.011330	12.521742	88.426375	10.973903	81.300457	10.447423	68.638656	495.214402
30.425130	11.642565	103.052874	12.063534	94.980013	11.976108	88.364642	10.466245	81.209566	9.997174	68.512192	492.264913
30.450130	11.057803	103.063004	11.502624	94.948696	11.430474	88.302908	9.958587	81.118676	9.546924	68.385728	489.315425
30.475130	10.473041	103.073134	10.941715	94.917380	10.884840	88.241174	9.450930	81.027785	9.096674	68.259264	486.365936
30.500130	9.888279	103.083264	10.380806	94.886063	10.339205	88.179441	8.943272	80.936894	8.646424	68.132799	483.416447
30.525130	9.303516	103.093394	9.819896	94.854746	9.793571	88.117707	8.435614	80.846004	8.196174	68.006335	480.466959
30.550130	8.718754	103.103524	9.258987	94.823430	9.247937	88.055974	7.927956	80.755113	7.745924	67.879871	477.517470
30.575130	8.133992	103.113655	8.698077	94.792113	8.702303	87.994240	7.420299	80.664223	7.295674	67.753407	474.567982
30.600130	7.549230	103.123785	8.137168	94.760796	8.156668	87.932506	6.912641	80.573332	6.845424	67.626942	471.618493
30.625131	7.032468	103.133576	7.641323	94.729204	7.673728	87.870523	6.463820	80.482129	6.446565	67.499915	468.973253
30.650131	6.832370	103.141790	7.448468	94.696329	7.482739	87.807377	6.288987	80.389469	6.287022	67.370267	467.744816
30.675131	6.632272	103.150004	7.255612	94.663454	7.291750	87.744230	6.114153	80.296809	6.127478	67.240618	466.516380
30.700131	6.432173	103.158218	7.062757	94.630578	7.100762	87.681084	5.939320	80.204148	5.967935	67.110969	465.287944
30.725131	6.232075	103.166432	6.869901	94.597703	6.909773	87.617938	5.764487	80.111488	5.808391	66.981321	464.059508
30.750131	6.031976	103.174646	6.677046	94.564828	6.718784	87.554792	5.589653	80.018828	5.648847	66.851672	462.831072
30.775131	5.831878	103.182860	6.484190	94.531952	6.527795	87.491645	5.414820	79.926168	5.489304	66.722023	461.602636
30.800131	5.631779	103.191074	6.291335	94.499077	6.336806	87.428499	5.239987	79.833508	5.329760	66.592374	460.374200
30.825131	5.431681	103.199288	6.098479	94.466202	6.145817	87.365353	5.065153	79.740848	5.170216	66.462726	459.145764
30.850131	5.231582	103.207502	5.905624	94.433326	5.954828	87.302206	4.890320	79.648188	5.010673	66.333077	457.917328
30.875132	5.050130	103.215914	5.731243	94.400600	5.782323	87.239385	4.732725	79.555864	4.866675	66.202768	456.777625
30.900132	4.955480	103.225244	5.642871	94.368565	5.695864	87.178075	4.655379	79.465102	4.795049	66.069383	456.051013
30.925132	4.860830	103.234574	5.554498	94.336531	5.609405	87.116766	4.578033	79.374341	4.723424	65.935999	455.324400
30.950132	4.766181	103.243904	5.466125	94.304496	5.522946	87.055456	4.500687	79.283579	4.651799	65.802614	454.597788
30.975132	4.671531	103.253234	5.377753	94.272462	5.436487	86.994147	4.423341	79.192818	4.580173	65.669230	453.871176
31.000132	4.576882	103.262564	5.289380	94.240427	5.350029	86.932837	4.345994	79.102057	4.508548	65.535845	453.144563
31.025132	4.482232	103.271894	5.201007	94.208393	5.263570	86.871528	4.268648	79.011295	4.436922	65.402461	452.417951
31.050132	4.387583	103.281224	5.112635	94.176359	5.177111	86.810218	4.191302	78.920534	4.365297	65.269076	451.691338
31.075132	4.292933	103.290554	5.024262	94.144324	5.090652	86.748909	4.113956	78.829772	4.293672	65.135692	450.964726
31.100133	4.198283	103.299884	4.935889	94.112290	5.004194	86.687599	4.036610	78.739011	4.222046	65.002307	450.238113
31.125133	4.110835	103.309405	4.854721	94.080451	4.924982	86.626301	3.966007	78.648669	4.156635	64.866520	449.544525
31.150133	4.056898	103.319814	4.807083	94.049524	4.879498	86.565058	3.926783	78.560277	4.120142	64.719555	449.004632
31.175133	4.002962	103.330224	4.759446	94.018598	4.834013	86.503814	3.887559	78.471886	4.083649	64.572589	448.464738
31.200133	3.949025	103.340633	4.711808	93.987671	4.788529	86.442570	3.848335	78.383494	4.047156	64.425623	447.924845
31.225133	3.895088	103.351043	4.664171	93.956744	4.743045	86.381327	3.809112	78.295103	4.010663	64.278657	447.384952
31.250133	3.841152	103.361452	4.616533	93.925818	4.697561	86.320083	3.769888	78.206711	3.974170	64.131691	446.845059
31.275133	3.787215	103.371861	4.568895	93.894891	4.652077	86.258840	3.730664	78.118320	3.937677	63.984725	446.305165
31.300133	3.733279	103.382271	4.521258	93.863964	4.606593	86.197596	3.691441	78.029929	3.901184	63.837759	445.765272
31.325134	3.679342	103.392680	4.473620	93.833038	4.561109	86.136352	3.652217	77.941537	3.864691	63.690793	445.225379
31.350134	3.625406	103.403089	4.425982	93.802111	4.515625	86.075109	3.612993	77.853146	3.828198	63.543827	444.685485
31.375134	3.574813	103.413507	4.381477	93.771173	4.473312	86.014016	3.576601	77.765184	3.794347	63.389390	444.153819
31.400134	3.539777	103.423961	4.351544	93.740184	4.445755	85.953627	3.553384	77.679220	3.772788	63.200193	443.660432
31.425134	3.504741	103.434416	4.321611	93.709196	4.418198	85.893237	3.530167	77.593256	3.751229	63.010996	443.167045
31.450134	3.469705	103.444871	4.291678	93.678207	4.390641	85.832847	3.506950	77.507291	3.729670	62.821799	442.673658
31.475134	3.434669	103.455326	4.261745	93.647218	4.363083	85.772458	3.483733	77.421327	3.708110	62.632602	442.180271
31.500134	3.399633	103.465780	4.231812	93.616229	4.335526	85.712068	3.460516	77.335363	3.686551	62.443405	441.686884
31.525134	3.364597	103.476235	4.201879	93.585240	4.307969	85.651678	3.437299	77.249399	3.664992	62.254207	441.193497
31.550134	3.329561	103.486690	4.171946	93.554251	4.280412	85.591289	3.414082	77.163435	3.643433	62.065010	440.700110
31.575135	3.294525	103.497144	4.142013	93.523262	4.252855	85.530899	3.390865	77.077471	3.621874	61.875813	440.206722
31.600135	3.259489	103.507599	4.112081	93.492273	4.225298	85.470510	3.367648	76.991507	3.600314	61.686616	439.713335
31.625135	3.225963	103.518103	4.083605	93.461277	4.199167	85.410107	3.345754	76.905773	3.579962	61.479811	439.209521
31.650135	3.199461	103.528833	4.061910	93.430243	4.179672	85.349641	3.330016	76.821107	3.565222	61.191104	438.657209
31.675135	3.172959	103.539564	4.040214	93.399209	4.160177	85.289175	3.314278	76.736441	3.550482	60.902398	438.104896
31.700135	3.146456	103.550295	4.018519	93.368175	4.140682	85.228710	3.298539	76.651775	3.535742	60.613691	437.552583
31.725135	3.119954	103.561026	3.996823	93.337141	4.121186	85.168244	3.282801	76.567109	3.521002	60.324985	437.000270
31.750135	3.093451	103.571756	3.975128	93.306107	4.101691	85.107779	3.267062	76.482443	3.506262	60.036278	436.447958
31.775135	3.066949	103.582487	3.953433	93.275073	4.082196	85.047313	3.251324	76.397777	3.491521	59.747571	435.895645
31.800136	3.040447	103.593218	3.931737	93.244040	4.062701	84.986848	3.235586	76.313111	3.476781	59.458865	435.343332
31.825136	3.013944	103.603949	3.910042	93.213006	4.043205	84.926382	3.219847	76.228445	3.462041	59.170158	434.791019
31.850136	2.987442	103.614679	3.888346	93.181972	4.023710	84.865916	3.204109	76.143779	3.447301	58.881452	434.238707
31.875136	2.961865	103.625237	3.867393	93.150869	4.004981	84.805366	3.189022	76.059041	3.433099	58.571693	433.668565
31.900136	2.940590	103.634987	3.849894	93.119447	3.989814	84.744419	3.176963	75.973970	3.421398	58.164040	433.015521
31.925136	2.919315	103.644738	3.832395	93.088024	3.974647	84.683472	3.164905	75.888898	3.409696	57.756387	432.362478
31.950136	2.898040	103.654489	3.814895	93.056602	3.959480	84.622525	3.152847	75.803827	3.397995	57.348734	431.709434
31.975136	2.876765	103.664240	3.797396	93.025179	3.944314	84.561578	3.140788	75.718755	3.386293	56.941081	431.056390
32.000136	2.855490	103.673990	3.779896	92.993757	3.929147	84.500631	3.128730	75.633684	3.374592	56.533428	430.403346
32.025137	2.834216	103.683741	3.762397	92.962335	3.913980	84.439684	3.116672	75.548613	3.362891	56.125775	429.750302
32.050137	2.812941	103.693492	3.744898	92.930912	3.898813	84.378737	3.104613	75.463541	3.351189	55.718123	429.097258
32.075137	2.791666	103.703242	3.727398	92.899490	3.883647	84.317790	3.092555	75.378470	3.339488	55.310470	428.444215
32.100137	2.770391	103.712993	3.709899	92.868067	3.868480	84.256843	3.080496	75.293398	3.327786	54.902817	427.791171
32.125137	2.749648	103.722512	3.692845	92.836430	3.853677	84.195808	3.068813	75.208146	3.316457	54.451222	427.095558
32.150137	2.731378	103.730951	3.677864	92.803792	3.840569	84.134362	3.058873	75.122051	3.306858	53.795362	426.202061
32.175137	2.713108	103.739390	3.662882	92.771155	3.827461	84.072917	3.048933	75.035957	3.297259	53.139502	425.308564
32.200137	2.694838	103.747830	3.647901	92.738517	3.814353	84.011471	3.038993	74.949862	3.287660	52.483642	424.415066
32.225137	2.676568	103.756269	3.632920	92.705880	3.801245	83.950026	3.029053	74.863767	3.278061	51.827782	423.521569
32.250137	2.658298	103.764709	3.617938	92.673242	3.788137	83.888580	3.019113	74.777673	3.268461	51.171921	422.628072
32.275138	2.640027	103.773148	3.602957	92.640605	3.775029	83.827135	3.009173	74.691578	3.258862	50.516061	421.734574
32.300138	2.621757	103.781587	3.587975	92.607968	3.761920	83.765689	2.999233	74.605483	3.249263	49.860201	420.841077
32.325138	2.603487	103.790027	3.572994	92.575330	3.748812	83.704243	2.989293	74.519389	3.239664	49.204341	419.947580
32.350138	2.585217	103.798466	3.558012	92.542693	3.735704	83.642798	2.979353	74.433294	3.230065	48.548481	419.054083
32.375138	2.567284	103.806401	3.543260	92.509848	3.722840	83.581177	2.969607	74.346781	3.220609	47.673466	417.941274
32.400138	2.550917	103.811996	3.529571	92.476041	3.711112	83.518741	2.960767	74.258324	3.211820	45.779992	415.809280
32.425138	2.534549	103.817590	3.515882	92.442233	3.699384	83.456306	2.951927	74.169866	3.203030	43.886518	413.677286
32.450138	2.518182	103.823184	3.502194	92.408426	3.687656	83.393870	2.943087	74.081409	3.194240	41.993044	411.545292
32.475138	2.501814	103.828778	3.488505	92.374618	3.675928	83.331435	2.934247	73.992952	3.185451	40.099570	409.413297
32.500139	2.485447	103.834372	3.474816	92.340811	3.664200	83.268999	2.925407	73.904494	3.176661	38.206096	407.281303
32.525139	2.469079	103.839966	3.461128	92.307003	3.652472	83.206564	2.916567	73.816037	3.167872	36.312622	405.149309
32.550139	2.452712	103.845560	3.447439	92.273196	3.640743	83.144128	2.907727	73.727580	3.159082	34.419148	403.017315
32.575139	2.436344	103.851154	3.433750	92.239389	3.629015	83.081692	2.898887	73.639122	3.150293	32.525674	400.885320
32.600139	2.419977	103.856748	3.420062	92.205581	3.617287	83.019257	2.890047	73.550665	3.141503	30.632200	398.753326
32.625139	2.403924	103.861279	3.406598	92.171284	3.605740	82.956549	2.881338	73.461440	3.132878	28.775835	396.656866
32.650139	2.389331	103.860872	3.394181	92.134713	3.595035	82.892576	2.873238	73.368649	3.125019	27.091874	394.725489
32.675139	2.374738	103.860465	3.381765	92.098142	3.584329	82.828603	2.865138	73.275859	3.117160	25.407913	392.794113
32.700139	2.360146	103.860059	3.369348	92.061571	3.573624	82.764630	2.857038	73.183068	3.109301	23.723951	390.862736
32.725139	2.345553	103.859652	3.356931	92.025000	3.562919	82.700657	2.848938	73.090278	3.101442	22.039990	388.931360
32.750140	2.330960	103.859245	3.344514	91.988429	3.552213	82.636684	2.840838	72.997487	3.093583	20.356029	386.999983
32.775140	2.316368	103.858839	3.332098	91.951858	3.541508	82.572711	2.832738	72.904696	3.085724	18.672067	385.068607
32.800140	2.301775	103.858432	3.319681	91.915287	3.530802	82.508739	2.824638	72.811906	3.077864	16.988106	383.137230
32.825140	2.287182	103.858025	3.307264	91.878716	3.520097	82.444766	2.816538	72.719115	3.070005	15.304145	381.205854
32.850140	2.272590	103.857619	3.294847	91.842145	3.509392	82.380793	2.808438	72.626325	3.062146	13.620184	379.274477
32.875140	2.258114	103.856250	3.282494	91.804894	3.498748	82.316244	2.800402	72.532636	3.054285	12.164703	377.568771
32.900140	2.244184	103.850415	3.270435	91.764488	3.488390	82.249023	2.792661	72.434774	3.046416	11.770402	376.911190
32.925140	2.230254	103.844580	3.258377	91.724082	3.478032	82.181803	2.784921	72.336913	3.038547	11.376100	376.253608
32.950140	2.216324	103.838744	3.246318	91.683676	3.467673	82.114582	2.777181	72.239051	3.030678	10.981799	375.596027
32.975141	2.202394	103.832909	3.234259	91.643270	3.457315	82.047361	2.769441	72.141190	3.022809	10.587497	374.938446
33.000141	2.188464	103.827074	3.222201	91.602864	3.446957	81.980140	2.761701	72.043328	3.014940	10.193195	374.280864
33.025141	2.174534	103.821238	3.210142	91.562458	3.436599	81.912919	2.753961	71.945467	3.007071	9.798894	373.623283
33.050141	2.160604	103.815403	3.198083	91.522052	3.426241	81.845698	2.746221	71.847605	2.999202	9.404592	372.965702
33.075141	2.146674	103.809568	3.186025	91.481646	3.415883	81.778477	2.738481	71.749744	2.991332	9.010291	372.308120
33.100141	2.132744	103.803732	3.173966	91.441240	3.405525	81.711256	2.730741	71.651883	2.983463	8.615989	371.650539
33.125141	2.118971	103.798649	3.162024	91.401369	3.395184	81.644481	2.723067	71.553859	2.975672	8.266771	371.040046
33.150141	2.105928	103.797054	3.150624	91.363987	3.384922	81.579780	2.715697	71.455081	2.968243	8.126878	370.648194
33.175141	2.092886	103.795459	3.139224	91.326605	3.374660	81.515080	2.708327	71.356303	2.960814	7.986985	370.256342
33.200142	2.079843	103.793865	3.127824	91.289223	3.364398	81.450379	2.700957	71.257525	2.953385	7.847093	369.864489
33.225142	2.066801	103.792270	3.116424	91.251840	3.354136	81.385678	2.693587	71.158747	2.945956	7.707200	369.472637
33.250142	2.053758	103.790675	3.105024	91.214458	3.343874	81.320977	2.686217	71.059969	2.938527	7.567307	369.080784
33.275142	2.040715	103.789081	3.093624	91.177076	3.333612	81.256276	2.678847	70.961191	2.931098	7.427414	368.688932
33.300142	2.027673	103.787486	3.082224	91.139694	3.323350	81.191575	2.671477	70.862413	2.923668	7.287522	368.297080
33.325142	2.014630	103.785891	3.070824	91.102311	3.313088	81.126874	2.664106	70.763635	2.916239	7.147629	367.905227
33.350142	2.001587	103.784297	3.059424	91.064929	3.302826	81.062173	2.656736	70.664857	2.908810	7.007736	367.513375
33.375142	1.988660	103.785195	3.048039	91.029466	3.292678	80.999071	2.649386	70.565800	2.901402	6.881032	367.140729
33.400142	1.976270	103.797667	3.036729	91.002911	3.283056	80.943391	2.642126	70.465450	2.894091	6.815545	366.857236
33.425142	1.963880	103.810139	3.025418	90.976356	3.273435	80.887711	2.634867	70.365099	2.886780	6.750057	366.573742
33.450143	1.951490	103.822611	3.014107	90.949800	3.263813	80.832032	2.627607	70.264749	2.879469	6.684570	366.290249
33.475143	1.939100	103.835083	3.002796	90.923245	3.254192	80.776352	2.620347	70.164398	2.872158	6.619083	366.006756
33.500143	1.926710	103.847555	2.991486	90.896690	3.244570	80.720673	2.613087	70.064048	2.864847	6.553595	365.723262
33.525143	1.914320	103.860027	2.980175	90.870135	3.234949	80.664993	2.605828	69.963698	2.857536	6.488108	365.439769
33.550143	1.901930	103.872499	2.968864	90.843580	3.225328	80.609313	2.598568	69.863347	2.850225	6.422621	365.156276
33.575143	1.889540	103.884971	2.957553	90.817024	3.215706	80.553634	2.591308	69.762997	2.842914	6.357134	364.872782
33.600143	1.877150	103.897443	2.946243	90.790469	3.206085	80.497954	2.584048	69.662647	2.835603	6.291646	364.589289
33.625143	1.864879	103.910758	2.935055	90.764162	3.196541	80.442352	2.576853	69.555652	2.828360	6.231489	364.306102
33.650143	1.853162	103.927984	2.924440	90.739007	3.187355	80.387112	2.569954	69.417828	2.821428	6.196067	364.024337
33.675144	1.841444	103.945210	2.913824	90.713851	3.178170	80.331871	2.563056	69.280003	2.814497	6.160645	363.742572
33.700144	1.829727	103.962436	2.903209	90.688696	3.168985	80.276630	2.556158	69.142179	2.807566	6.125222	363.460807
33.725144	1.818009	103.979663	2.892594	90.663540	3.159800	80.221389	2.549259	69.004354	2.800634	6.089800	363.179042
33.750144	1.806292	103.996889	2.881978	90.638385	3.150615	80.166148	2.542361	68.866529	2.793703	6.054378	362.897277
33.775144	1.794574	104.014115	2.871363	90.613229	3.141429	80.110907	2.535463	68.728705	2.786771	6.018956	362.615511
33.800144	1.782857	104.031341	2.860747	90.588074	3.132244	80.055666	2.528564	68.590880	2.779840	5.983533	362.333746
33.825144	1.771139	104.048567	2.850132	90.562918	3.123059	80.000425	2.521666	68.453055	2.772909	5.948111	362.051981
33.850144	1.759422	104.065793	2.839517	90.537763	3.113874	79.945184	2.514767	68.315231	2.765977	5.912689	361.770216
33.875144	1.747860	104.082440	2.829000	90.512110	3.104740	79.889510	2.507926	68.165299	2.759122	5.879539	361.477547
33.900144	1.737020	104.096398	2.818944	90.484152	3.095848	79.831827	2.501347	67.959202	2.752622	5.856933	361.134294
33.925145	1.726180	104.110357	2.808888	90.456195	3.086956	79.774143	2.494767	67.753105	2.746122	5.834327	360.791041
33.950145	1.715340	104.124316	2.798832	90.428237	3.078065	79.716459	2.488188	67.547008	2.739622	5.811721	360.447788
33.975145	1.704500	104.138274	2.788776	90.400279	3.069173	79.658776	2.481609	67.340911	2.733122	5.789115	360.104534
34.000145	1.693660	104.152233	2.778720	90.372321	3.060281	79.601092	2.475030	67.134814	2.726622	5.766509	359.761281
34.025145	1.682820	104.166192	2.768664	90.344363	3.051389	79.543409	2.468451	66.928717	2.720122	5.743903	359.418028
34.050145	1.671980	104.180150	2.758608	90.316406	3.042497	79.485725	2.461871	66.722620	2.713622	5.721296	359.074775
34.075145	1.661140	104.194109	2.748552	90.288448	3.033605	79.428042	2.455292	66.516523	2.707122	5.698690	358.731522
34.100145	1.650300	104.208068	2.738496	90.260490	3.024713	79.370358	2.448713	66.310426	2.700622	5.676084	358.388269
34.125145	1.639617	104.221753	2.728539	90.232663	3.015926	79.312865	2.442256	66.093365	2.694188	5.654597	358.035768
34.150146	1.629664	104.234169	2.719045	90.205440	3.007630	79.256255	2.436366	65.825457	2.688059	5.638296	357.640382
34.175146	1.619712	104.246585	2.709551	90.178218	2.999333	79.199644	2.430476	65.557550	2.681930	5.621996	357.244995
34.200146	1.609759	104.259001	2.700057	90.150996	2.991036	79.143034	2.424586	65.289642	2.675800	5.605696	356.849608
34.225146	1.599806	104.271417	2.690563	90.123773	2.982739	79.086424	2.418696	65.021735	2.669671	5.589396	356.454222
34.250146	1.589854	104.283833	2.681069	90.096551	2.974443	79.029814	2.412806	64.753827	2.663542	5.573096	356.058835
34.275146	1.579901	104.296249	2.671575	90.069329	2.966146	78.973203	2.406916	64.485919	2.657413	5.556796	355.663448
34.300146	1.569949	104.308665	2.662081	90.042106	2.957849	78.916593	2.401026	64.218012	2.651284	5.540496	355.268062
34.325146	1.559996	104.321081	2.652587	90.014884	2.949552	78.859983	2.395136	63.950104	2.645155	5.524196	354.872675
34.350146	1.550043	104.333497	2.643093	89.987662	2.941256	78.803373	2.389246	63.682196	2.639026	5.507896	354.477288
34.375147	1.540265	104.345739	2.633609	89.961670	2.933012	78.748411	2.383345	63.401875	2.632962	5.492063	354.072952
34.400147	1.531295	104.357174	2.624167	89.941383	2.925018	78.701092	2.377396	63.063998	2.627203	5.478398	353.627123
34.425147	1.522325	104.368609	2.614726	89.921095	2.917023	78.653773	2.371446	62.726121	2.621443	5.464732	353.181293
34.450147	1.513355	104.380043	2.605284	89.900808	2.909028	78.606454	2.365497	62.388244	2.615684	5.451066	352.735464
34.475147	1.504385	104.391478	2.595843	89.880521	2.901033	78.559135	2.359547	62.050367	2.609924	5.437401	352.289635
34.500147	1.495415	104.402913	2.586401	89.860234	2.893038	78.511816	2.353598	61.712490	2.604165	5.423735	351.843805
34.525147	1.486445	104.414348	2.576960	89.839946	2.885043	78.464498	2.347648	61.374613	2.598405	5.410070	351.397976
34.550147	1.477475	104.425782	2.567519	89.819659	2.877049	78.417179	2.341699	61.036736	2.592645	5.396404	350.952147
34.575147	1.468505	104.437217	2.558077	89.799372	2.869054	78.369860	2.335749	60.698860	2.586886	5.382738	350.506317
34.600147	1.459535	104.448652	2.548636	89.779085	2.861059	78.322541	2.329800	60.360983	2.581126	5.369073	350.060488
34.625148	1.450665	104.459905	2.539351	89.760471	2.853124	78.277244	2.323917	59.983806	2.575378	5.355683	349.579546
34.650148	1.442263	104.470315	2.530792	89.749618	2.845470	78.241322	2.318345	59.424476	2.569680	5.343575	348.935855
34.675148	1.433860	104.480726	2.522232	89.738764	2.837815	78.205399	2.312773	58.865146	2.563982	5.331466	348.292164
34.700148	1.425457	104.491137	2.513673	89.727910	2.830160	78.169476	2.307201	58.305816	2.558285	5.319358	347.648473
34.725148	1.417055	104.501548	2.505114	89.717056	2.822505	78.133553	2.301628	57.746487	2.552587	5.307250	347.004782
34.750148	1.408652	104.511958	2.496554	89.706203	2.814850	78.097630	2.296056	57.187157	2.546889	5.295141	346.361091
34.775148	1.400250	104.522369	2.487995	89.695349	2.807195	78.061708	2.290484	56.627827	2.541191	5.283033	345.717400
34.800148	1.391847	104.532780	2.479436	89.684495	2.799541	78.025785	2.284912	56.068497	2.535494	5.270924	345.073709
34.825148	1.383444	104.543191	2.470876	89.673641	2.791886	77.989862	2.279339	55.509167	2.529796	5.258816	344.430019
34.850149	1.375042	104.553601	2.462317	89.662788	2.784231	77.953939	2.273767	54.949837	2.524098	5.246707	343.786328
34.875149	1.366647	104.563689	2.453758	89.652044	2.776576	77.918257	2.268194	54.189520	2.518457	5.234779	342.941919
34.900149	1.358287	104.572277	2.445198	89.641811	2.768921	77.883688	2.262614	52.497899	2.513077	5.223685	341.167457
34.925149	1.349927	104.580865	2.436639	89.631578	2.761266	77.849119	2.257035	50.806278	2.507697	5.212591	339.392994
34.950149	1.341566	104.589453	2.428079	89.621345	2.753612	77.814550	2.251455	49.114656	2.502317	5.201497	337.618531
34.975149	1.333206	104.598041	2.419520	89.611112	2.745957	77.779982	2.245876	47.423035	2.496937	5.190403	335.844068
35.000149	1.324846	104.606629	2.410961	89.600878	2.738302	77.745413	2.240296	45.731414	2.491557	5.179309	334.069605
35.025149	1.316486	104.615217	2.402401	89.590645	2.730647	77.710844	2.234717	44.039793	2.486177	5.168215	332.295142
35.050149	1.308126	104.623805	2.393842	89.580412	2.722992	77.676275	2.229137	42.348172	2.480797	5.157121	330.520679
35.075150	1.299766	104.632393	2.385283	89.570179	2.715337	77.641706	2.223558	40.656550	2.475417	5.146027	328.746217
35.100150	1.291406	104.640981	2.376723	89.559946	2.707683	77.607138	2.217978	38.964929	2.470037	5.134933	326.971754
35.125150	1.283094	104.649217	2.368221	89.549417	2.700140	77.572393	2.212457	37.169683	2.464602	5.123936	325.093161
35.150150	1.275001	104.655828	2.359983	89.537516	2.693119	77.536834	2.207205	34.894415	2.458911	5.113391	322.732204
35.175150	1.266908	104.662439	2.351745	89.525616	2.686097	77.501275	2.201954	32.619146	2.453221	5.102846	320.371248
35.200150	1.258816	104.669050	2.343507	89.513716	2.679076	77.465717	2.196702	30.343878	2.447530	5.092300	318.010292
35.225150	1.250723	104.675660	2.335269	89.501816	2.672054	77.430158	2.191450	28.068610	2.441840	5.081755	315.649335
35.250150	1.242631	104.682271	2.327031	89.489915	2.665033	77.394599	2.186199	25.793342	2.436149	5.071210	313.288379
35.275150	1.234538	104.688882	2.318793	89.478015	2.658011	77.359040	2.180947	23.518073	2.430459	5.060664	310.927423
35.300150	1.226445	104.695493	2.310555	89.466115	2.650989	77.323481	2.175695	21.242805	2.424768	5.050119	308.566467
35.325151	1.218353	104.702103	2.302317	89.454214	2.643968	77.287923	2.170444	18.967537	2.419078	5.039574	306.205510
35.350151	1.210260	104.708714	2.294079	89.442314	2.636946	77.252364	2.165192	16.692269	2.413387	5.029028	303.844554
35.375151	1.202278	104.715203	2.285901	89.430246	2.629943	77.216754	2.159956	14.734299	2.407839	5.018495	301.800914
35.400151	1.194805	104.721127	2.278001	89.417400	2.623027	77.180907	2.154796	14.245721	2.402951	5.008016	301.226751
35.425151	1.187332	104.727051	2.270100	89.404554	2.616110	77.145060	2.149636	13.757143	2.398063	4.997538	300.652588
35.450151	1.179860	104.732975	2.262199	89.391708	2.609193	77.109213	2.144476	13.268565	2.393175	4.987059	300.078424
35.475151	1.172387	104.738899	2.254299	89.378862	2.602276	77.073367	2.139316	12.779987	2.388287	4.976581	299.504261
35.500151	1.164914	104.744823	2.246398	89.366016	2.595360	77.037520	2.134156	12.291410	2.383398	4.966103	298.930098
35.525151	1.157442	104.750747	2.238497	89.353170	2.588443	77.001673	2.128996	11.802832	2.378510	4.955624	298.355934
35.550152	1.149969	104.756671	2.230596	89.340324	2.581526	76.965826	2.123836	11.314254	2.373622	4.945146	297.781771
35.575152	1.142497	104.762595	2.222696	89.327478	2.574609	76.929979	2.118676	10.825676	2.368734	4.934667	297.207608
35.600152	1.135024	104.768519	2.214795	89.314632	2.567693	76.894132	2.113516	10.337098	2.363846	4.924189	296.633444
35.625152	1.127504	104.774490	2.206901	89.301921	2.560714	76.858368	2.108347	9.906159	2.358881	4.913808	296.117092
35.650152	1.119764	104.780676	2.199035	89.289838	2.553447	76.822987	2.103136	9.742062	2.353561	4.903878	295.868384
35.675152	1.112024	104.786862	2.191170	89.277754	2.546180	76.787605	2.097925	9.577964	2.348242	4.893948	295.619675
35.700152	1.104284	104.793048	2.183304	89.265671	2.538914	76.752224	2.092715	9.413867	2.342922	4.884018	295.370966
35.725152	1.096544	104.799234	2.175439	89.253587	2.531647	76.716842	2.087504	9.249770	2.337603	4.874089	295.122257
35.750152	1.088804	104.805420	2.167574	89.241503	2.524380	76.681461	2.082293	9.085672	2.332283	4.864159	294.873549
35.775152	1.081064	104.811606	2.159708	89.229420	2.517113	76.646079	2.077082	8.921575	2.326964	4.854229	294.624840
35.800153	1.073324	104.817792	2.151843	89.217336	2.509847	76.610698	2.071871	8.757478	2.321644	4.844299	294.376131
35.825153	1.065584	104.823978	2.143978	89.205252	2.502580	76.575317	2.066660	8.593380	2.316324	4.834369	294.127423
35.850153	1.057844	104.830164	2.136112	89.193169	2.495313	76.539935	2.061449	8.429283	2.311005	4.824440	293.878714
35.875153	1.050206	104.836986	2.128263	89.181334	2.488125	76.504875	2.056258	8.280912	2.305639	4.814452	293.647051
35.900153	1.043043	104.846752	2.120488	89.170653	2.481302	76.471303	2.051159	8.205323	2.300060	4.804198	293.494281
35.925153	1.035881	104.856517	2.112714	89.159972	2.474479	76.437731	2.046060	8.129735	2.294480	4.793943	293.341511
35.950153	1.028718	104.866282	2.104939	89.149291	2.467655	76.404159	2.040961	8.054147	2.288900	4.783689	293.188741
35.975153	1.021556	104.876048	2.097164	89.138610	2.460832	76.370586	2.035862	7.978558	2.283321	4.773434	293.035971
36.000153	1.014393	104.885813	2.089389	89.127929	2.454009	76.337014	2.030762	7.902970	2.277741	4.763180	292.883201
36.025154	1.007230	104.895578	2.081615	89.117248	2.447185	76.303442	2.025663	7.827381	2.272162	4.752925	292.730430
36.050154	1.000068	104.905344	2.073840	89.106567	2.440362	76.269870	2.020564	7.751793	2.266582	4.742671	292.577660
36.075154	0.992905	104.915109	2.066065	89.095886	2.433539	76.236297	2.015465	7.676205	2.261003	4.732416	292.424890
36.100154	0.985742	104.924874	2.058291	89.085205	2.426715	76.202725	2.010366	7.600616	2.255423	4.722162	292.272120
36.125154	0.978751	104.934792	2.050582	89.074219	2.419900	76.168901	2.005331	7.531094	2.249987	4.712005	292.125562
36.150154	0.972553	104.945412	2.043182	89.061820	2.413124	76.133909	2.000591	7.489640	2.245217	4.702299	292.007746
36.175154	0.966354	104.956033	2.035781	89.049420	2.406347	76.098916	1.995852	7.448186	2.240447	4.692593	291.889930
36.200154	0.960155	104.966654	2.028380	89.037021	2.399570	76.063924	1.991113	7.406731	2.235677	4.682887	291.772114
36.225154	0.953957	104.977274	2.020980	89.024622	2.392794	76.028932	1.986374	7.365277	2.230907	4.673181	291.654298
36.250155	0.947758	104.987895	2.013579	89.012223	2.386017	75.993940	1.981635	7.323822	2.226137	4.663476	291.536482
36.275155	0.941559	104.998516	2.006178	88.999824	2.379241	75.958948	1.976895	7.282368	2.221367	4.653770	291.418667
36.300155	0.935361	105.009136	1.998777	88.987425	2.372464	75.923956	1.972156	7.240914	2.216597	4.644064	291.300851
36.325155	0.929162	105.019757	1.991377	88.975026	2.365687	75.888964	1.967417	7.199459	2.211827	4.634358	291.183035
36.350155	0.922963	105.030378	1.983976	88.962627	2.358911	75.853971	1.962678	7.158005	2.207057	4.624652	291.065219
36.375155	0.916931	105.039736	1.976624	88.948883	2.352186	75.818423	1.957882	7.119116	2.202287	4.614946	290.947015
36.400155	0.911670	105.043257	1.969500	88.928916	2.345703	75.780302	1.952824	7.092090	2.197517	4.605241	290.827019
36.425155	0.906408	105.046778	1.962375	88.908949	2.339220	75.742181	1.947765	7.065065	2.192747	4.595535	290.707023
36.450155	0.901147	105.050299	1.955250	88.888981	2.332736	75.704061	1.942707	7.038040	2.187977	4.585829	290.587027
36.475155	0.895886	105.053819	1.948125	88.869014	2.326253	75.665940	1.937649	7.011014	2.183207	4.576123	290.467030
36.500156	0.890624	105.057340	1.941001	88.849047	2.319770	75.627819	1.932590	6.983989	2.178437	4.566417	290.347034
36.525156	0.885363	105.060861	1.933876	88.829080	2.313287	75.589698	1.927532	6.956964	2.173667	4.556711	290.227038
36.550156	0.880101	105.064381	1.926751	88.809113	2.306803	75.551577	1.922473	6.929938	2.168897	4.547005	290.107042
36.575156	0.874840	105.067902	1.919627	88.789146	2.300320	75.513456	1.917415	6.902913	2.164127	4.537300	289.987045
36.600156	0.869579	105.071423	1.912502	88.769179	2.293837	75.475335	1.912357	6.875887	2.159357	4.527594	289.867049
36.625156	0.864373	105.073886	1.905486	88.748504	2.287458	75.437030	1.907412	6.850079	2.154665	4.518054	289.746946
36.650156	0.859423	105.071460	1.898975	88.724557	2.281562	75.397869	1.902992	6.829895	2.150334	4.509279	289.626346
36.675156	0.854473	105.069034	1.892464	88.700611	2.275667	75.358708	1.898572	6.809711	2.146002	4.500505	289.505746
36.700156	0.849523	105.066608	1.885952	88.676664	2.269772	75.319547	1.894152	6.789528	2.141671	4.491731	289.385147
36.725157	0.844573	105.064182	1.879441	88.652717	2.263876	75.280386	1.889732	6.769344	2.137339	4.482957	289.264547
36.750157	0.839623	105.061756	1.872929	88.628771	2.257981	75.241225	1.885312	6.749161	2.133008	4.474182	289.143948
36.775157	0.834673	105.059330	1.866418	88.604824	2.252086	75.202065	1.880892	6.728977	2.128677	4.465408	289.023348
36.800157	0.829723	105.056904	1.859907	88.580877	2.246190	75.162904	1.876472	6.708793	2.124345	4.456634	288.902749
36.825157	0.824772	105.054478	1.853395	88.556931	2.240295	75.123743	1.872052	6.688610	2.120014	4.447860	288.782149
36.850157	0.819822	105.052052	1.846884	88.532984	2.234400	75.084582	1.867632	6.668426	2.115682	4.439085	288.661550
36.875157	0.814918	105.049624	1.840363	88.509198	2.228505	75.045712	1.863259	6.648872	2.111328	4.430382	288.542163
36.900157	0.810227	105.047190	1.833799	88.486155	2.222617	75.008184	1.859108	6.632226	2.106870	4.422008	288.428385
36.925157	0.805536	105.044755	1.827235	88.463112	2.216729	74.970657	1.854956	6.615580	2.102412	4.413634	288.314606
36.950157	0.800845	105.042320	1.820671	88.440069	2.210841	74.933129	1.850804	6.598934	2.097954	4.405260	288.200828
36.975158	0.796154	105.039886	1.814107	88.417025	2.204953	74.895602	1.846653	6.582288	2.093496	4.396886	288.087049
37.000158	0.791462	105.037451	1.807543	88.393982	2.199065	74.858075	1.842501	6.565642	2.089038	4.388512	287.973271
37.025158	0.786771	105.035016	1.800979	88.370939	2.193177	74.820547	1.838349	6.548996	2.084579	4.380139	287.859492
37.050158	0.782080	105.032582	1.794415	88.347896	2.187289	74.783020	1.834198	6.532349	2.080121	4.371765	287.745714
37.075158	0.777389	105.030147	1.787851	88.324853	2.181401	74.745492	1.830046	6.515703	2.075663	4.363391	287.631935
37.100158	0.772697	105.027712	1.781287	88.301810	2.175512	74.707965	1.825894	6.499057	2.071205	4.355017	287.518157
37.125158	0.768007	105.025063	1.774774	88.278590	2.169677	74.670401	1.821686	6.482725	2.066759	4.346656	287.404337
37.150158	0.763323	105.021422	1.768494	88.254554	2.164083	74.632669	1.817215	6.467839	2.062368	4.338356	287.290324
37.175158	0.758639	105.017780	1.762215	88.230517	2.158490	74.594937	1.812744	6.452954	2.057978	4.330056	287.176311
37.200159	0.753955	105.014139	1.755936	88.206481	2.152896	74.557205	1.808273	6.438069	2.053587	4.321756	287.062298
37.225159	0.749271	105.010498	1.749656	88.182445	2.147303	74.519472	1.803802	6.423184	2.049197	4.313457	286.948286
37.250159	0.744587	105.006856	1.743377	88.158409	2.141709	74.481740	1.799332	6.408299	2.044806	4.305157	286.834273
37.275159	0.739903	105.003215	1.737098	88.134373	2.136116	74.444008	1.794861	6.393414	2.040416	4.296857	286.720260
37.300159	0.735219	104.999574	1.730818	88.110337	2.130523	74.406276	1.790390	6.378529	2.036025	4.288557	286.606248
37.325159	0.730535	104.995932	1.724539	88.086301	2.124929	74.368544	1.785919	6.363643	2.031635	4.280257	286.492235
37.350159	0.725852	104.992291	1.718260	88.062264	2.119336	74.330812	1.781448	6.348758	2.027244	4.271958	286.378222
37.375159	0.721229	104.987959	1.712088	88.037639	2.113804	74.292792	1.777100	6.334042	2.022918	4.263656	286.263228
37.400159	0.716890	104.980439	1.706415	88.010288	2.108558	74.253445	1.773318	6.320107	2.018890	4.255348	286.143698
37.425160	0.712552	104.972918	1.700742	87.982938	2.103312	74.214099	1.769537	6.306172	2.014862	4.247039	286.024169
37.450160	0.708213	104.965397	1.695068	87.955587	2.098065	74.174752	1.765755	6.292237	2.010834	4.238731	285.904639
37.475160	0.703874	104.957877	1.689395	87.928237	2.092819	74.135405	1.761973	6.278301	2.006806	4.230423	285.785110
37.500160	0.699536	104.950356	1.683722	87.900886	2.087573	74.096058	1.758191	6.264366	2.002778	4.222114	285.665580
37.525160	0.695197	104.942835	1.678048	87.873536	2.082327	74.056711	1.754410	6.250431	1.998749	4.213806	285.546051
37.550160	0.690858	104.935315	1.672375	87.846185	2.077081	74.017364	1.750628	6.236496	1.994721	4.205497	285.426521
37.575160	0.686520	104.927794	1.666702	87.818835	2.071834	73.978018	1.746846	6.222561	1.990693	4.197189	285.306992
37.600160	0.682181	104.920273	1.661029	87.791484	2.066588	73.938671	1.743065	6.208626	1.986665	4.188881	285.187462
37.625160	0.677836	104.912568	1.655314	87.763864	2.061289	73.899135	1.739225	6.194786	1.982649	4.180657	285.067321
37.650160	0.673462	104.904008	1.649409	87.735001	2.055742	73.858723	1.735115	6.181385	1.978690	4.172823	284.944357
37.675161	0.669088	104.895448	1.643503	87.706138	2.050195	73.818312	1.731006	6.167984	1.974731	4.164989	284.821393
37.700161	0.664714	104.886888	1.637598	87.677275	2.044648	73.777900	1.726896	6.154584	1.970772	4.157155	284.698429
37.725161	0.660340	104.878328	1.631693	87.648412	2.039102	73.737489	1.722787	6.141183	1.966813	4.149321	284.575466
37.750161	0.655966	104.869768	1.625787	87.619548	2.033555	73.697077	1.718677	6.127783	1.962854	4.141487	284.452502
37.775161	0.651592	104.861208	1.619882	87.590685	2.028008	73.656666	1.714568	6.114382	1.958894	4.133653	284.329538
37.800161	0.647218	104.852648	1.613976	87.561822	2.022461	73.616254	1.710458	6.100982	1.954935	4.125819	284.206574
37.825161	0.642844	104.844088	1.608071	87.532959	2.016915	73.575843	1.706349	6.087581	1.950976	4.117985	284.083610
37.850161	0.638470	104.835528	1.602166	87.504095	2.011368	73.535431	1.702239	6.074180	1.947017	4.110151	283.960646
37.875161	0.634150	104.829246	1.596325	87.476832	2.005890	73.496088	1.698140	6.060731	1.943058	4.102260	283.842722
37.900162	0.630079	104.833487	1.590785	87.456954	2.000732	73.461679	1.694090	6.047057	1.939097	4.094109	283.748070
37.925162	0.626008	104.837728	1.585245	87.437077	1.995573	73.427271	1.690040	6.033383	1.935137	4.085957	283.653419
37.950162	0.621937	104.841968	1.579705	87.417199	1.990414	73.392862	1.685990	6.019709	1.931176	4.077806	283.558767
37.975162	0.617865	104.846209	1.574165	87.397321	1.985256	73.358453	1.681940	6.006035	1.927216	4.069655	283.464115
38.000162	0.613794	104.850450	1.568625	87.377444	1.980097	73.324044	1.677890	5.992361	1.923255	4.061503	283.369463
38.025162	0.609723	104.854690	1.563085	87.357566	1.974938	73.289635	1.673840	5.978686	1.919295	4.053352	283.274812
38.050162	0.605652	104.858931	1.557545	87.337689	1.969780	73.255226	1.669790	5.965012	1.915335	4.045200	283.180160
38.075162	0.601580	104.863172	1.552005	87.317811	1.964621	73.220818	1.665740	5.951338	1.911374	4.037049	283.085508
38.100162	0.597509	104.867412	1.546465	87.297933	1.959462	73.186409	1.661690	5.937664	1.907414	4.028898	282.990857
38.125163	0.593502	104.874136	1.540933	87.279422	1.954261	73.152296	1.657649	5.924013	1.903398	4.020663	282.900274
38.150163	0.589791	104.892321	1.535439	87.267220	1.948863	73.119552	1.653649	5.910468	1.899127	4.012048	282.828477
38.175163	0.586079	104.910506	1.529944	87.255018	1.943465	73.086808	1.649648	5.896923	1.894856	4.003432	282.756679
38.200163	0.582368	104.928692	1.524449	87.242815	1.938067	73.054064	1.645647	5.883378	1.890585	3.994816	282.684881
38.225163	0.578656	104.946877	1.518954	87.230613	1.932669	73.021320	1.641647	5.869833	1.886314	3.986200	282.613084
38.250163	0.574945	104.965062	1.513460	87.218410	1.927271	72.988575	1.637646	5.856288	1.882043	3.977584	282.541286
38.275163	0.571234	104.983248	1.507965	87.206208	1.921873	72.955831	1.633646	5.842743	1.877772	3.968968	282.469489
38.300163	0.567522	105.001433	1.502470	87.194006	1.916475	72.923087	1.629645	5.829198	1.873501	3.960352	282.397691
38.325163	0.563811	105.019618	1.496976	87.181803	1.911077	72.890343	1.625645	5.815653	1.869230	3.951737	282.325893
38.350163	0.560099	105.037804	1.491481	87.169601	1.905679	72.857598	1.621644	5.802108	1.864959	3.943121	282.254096
38.375164	0.556497	105.055867	1.485996	87.155973	1.900332	72.822215	1.617644	5.788731	1.860753	3.934698	282.178706
38.400164	0.553399	105.073370	1.480554	87.135768	1.895220	72.774652	1.613645	5.776126	1.856844	3.927163	282.086740
38.425164	0.550300	105.090872	1.475112	87.115562	1.890109	72.727089	1.609645	5.763521	1.852936	3.919629	281.994774
38.450164	0.547201	105.108374	1.469669	87.095357	1.884997	72.679526	1.605646	5.750916	1.849027	3.912094	281.902808
38.475164	0.544103	105.125876	1.464227	87.075151	1.879885	72.631964	1.601647	5.738311	1.845118	3.904560	281.810842
38.500164	0.541004	105.143378	1.458785	87.054946	1.874773	72.584401	1.597648	5.725706	1.841210	3.897025	281.718876
38.525164	0.537905	105.160880	1.453343	87.034741	1.869661	72.536838	1.593649	5.713101	1.837301	3.889491	281.626910
38.550164	0.534807	105.178382	1.447901	87.014535	1.864549	72.489275	1.589650	5.700496	1.833392	3.881956	281.534944
38.575164	0.531708	105.195884	1.442459	86.994330	1.859437	72.441712	1.585650	5.687891	1.829484	3.874422	281.442977
38.600165	0.528609	105.213386	1.437017	86.974124	1.854325	72.394149	1.581651	5.675286	1.825575	3.866887	281.351011
38.625165	0.525623	105.229984	1.431673	86.951820	1.849328	72.344225	1.577709	5.662732	1.821746	3.859422	281.254261
38.650165	0.523151	105.242409	1.426783	86.919830	1.844859	72.283404	1.574029	5.650412	1.818285	3.852278	281.135440
38.675165	0.520680	105.254833	1.421893	86.887841	1.840390	72.222583	1.570349	5.638092	1.814823	3.845134	281.016618
38.700165	0.518208	105.267258	1.417003	86.855851	1.835922	72.161762	1.566669	5.625772	1.811362	3.837990	280.897797
38.725165	0.515737	105.279683	1.412113	86.823862	1.831453	72.100941	1.562989	5.613452	1.807901	3.830846	280.778975
38.750165	0.513266	105.292107	1.407223	86.791872	1.826984	72.040120	1.559309	5.601132	1.804439	3.823701	280.660154
38.775165	0.510794	105.304532	1.402333	86.759883	1.822516	71.979299	1.555629	5.588812	1.800978	3.816557	280.541332
38.800165	0.508323	105.316957	1.397443	86.727893	1.818047	71.918478	1.551949	5.576492	1.797517	3.809413	280.422511
38.825165	0.505852	105.329382	1.392553	86.695904	1.813579	71.857657	1.548269	5.564172	1.794055	3.802269	280.303690
38.850166	0.503380	105.341806	1.387663	86.663914	1.809110	71.796836	1.544589	5.551852	1.790594	3.795124	280.184868
38.875166	0.500900	105.353722	1.382816	86.627764	1.804624	71.731101	1.540907	5.539678	1.787110	3.787968	280.056590
38.900166	0.498377	105.363292	1.378167	86.572428	1.800059	71.642702	1.537217	5.528177	1.783522	3.780757	279.884697
38.925166	0.495854	105.372861	1.373517	86.517091	1.795494	71.554303	1.533527	5.516676	1.779933	3.773546	279.712804
38.950166	0.493332	105.382430	1.368868	86.461755	1.790930	71.465904	1.529837	5.505176	1.776345	3.766335	279.540911
38.975166	0.490809	105.392000	1.364219	86.406418	1.786365	71.377505	1.526147	5.493675	1.772757	3.759124	279.369019
39.000166	0.488287	105.401569	1.359569	86.351082	1.781800	71.289106	1.522457	5.482175	1.769169	3.751912	279.197126
39.025166	0.485764	105.411138	1.354920	86.295745	1.777235	71.200707	1.518767	5.470674	1.765581	3.744701	279.025233
39.050166	0.483241	105.420708	1.350271	86.240409	1.772670	71.112308	1.515077	5.459174	1.761993	3.737490	278.853340
39.075167	0.480719	105.430277	1.345621	86.185072	1.768106	71.023909	1.511387	5.447673	1.758404	3.730279	278.681447
39.100167	0.478196	105.439847	1.340972	86.129736	1.763541	70.935510	1.507697	5.436172	1.754816	3.723068	278.509555
39.125167	0.475626	105.448390	1.336323	86.060704	1.758986	70.831194	1.504056	5.424733	1.751238	3.715869	278.307118
39.150167	0.472838	105.452200	1.331673	85.928531	1.754478	70.653484	1.500645	5.413573	1.747708	3.708726	277.963855
39.175167	0.470049	105.456011	1.327024	85.796357	1.749970	70.475775	1.497233	5.402413	1.744177	3.701583	277.620592
39.200167	0.467260	105.459822	1.322375	85.664183	1.745462	70.298066	1.493821	5.391253	1.740647	3.694440	277.277329
39.225167	0.464472	105.463633	1.317725	85.532009	1.740954	70.120356	1.490410	5.380094	1.737116	3.687297	276.934065
39.250167	0.461683	105.467443	1.313076	85.399835	1.736445	69.942647	1.486998	5.368934	1.733586	3.680155	276.590802
39.275167	0.458894	105.471254	1.308427	85.267661	1.731937	69.764938	1.483586	5.357774	1.730055	3.673012	276.247539
39.300168	0.456106	105.475065	1.303777	85.135487	1.727429	69.587228	1.480175	5.346615	1.726525	3.665869	275.904276
39.325168	0.453317	105.478876	1.299128	85.003313	1.722921	69.409519	1.476763	5.335455	1.722995	3.658726	275.561012
39.350168	0.450528	105.482686	1.294479	84.871139	1.718413	69.231810	1.473351	5.324295	1.719464	3.651583	275.217749
39.375168	0.447844	105.486163	1.289945	84.714062	1.713956	69.026061	1.469947	5.313148	1.716012	3.644525	274.821664
39.400168	0.445640	105.488102	1.285946	84.442195	1.709732	68.691067	1.466578	5.302062	1.712923	3.637855	274.182099
39.425168	0.443436	105.490041	1.281947	84.170328	1.705509	68.356073	1.463208	5.290975	1.709834	3.631185	273.542535
39.450168	0.441232	105.491979	1.277947	83.898460	1.701285	68.021079	1.459839	5.279889	1.706745	3.624515	272.902971
39.475168	0.439028	105.493918	1.273948	83.626593	1.697062	67.686085	1.456469	5.268802	1.703656	3.617845	272.263407
39.500168	0.436824	105.495857	1.269949	83.354726	1.692838	67.351091	1.453100	5.257716	1.700567	3.611176	271.623842
39.525168	0.434620	105.497795	1.265949	83.082859	1.688615	67.016097	1.449730	5.246629	1.697478	3.604506	270.984278
39.550169	0.432416	105.499734	1.261950	82.810992	1.684392	66.681102	1.446361	5.235543	1.694389	3.597836	270.344714
39.575169	0.430212	105.501673	1.257951	82.539124	1.680168	66.346108	1.442991	5.224456	1.691300	3.591166	269.705150
39.600169	0.428008	105.503611	1.253951	82.267257	1.675945	66.011114	1.439622	5.213370	1.688210	3.584497	269.065586
39.625169	0.425700	105.505712	1.249852	81.965772	1.671731	65.651964	1.436254	5.202305	1.685043	3.577827	268.372159
39.650169	0.422910	105.508557	1.245292	81.527805	1.667563	65.181498	1.432893	5.191340	1.681514	3.571157	267.430529
39.675169	0.420120	105.511402	1.240732	81.089839	1.663395	64.711032	1.429532	5.180376	1.677985	3.564487	266.488899
39.700169	0.417330	105.514248	1.236172	80.651872	1.659227	64.240566	1.426171	5.169411	1.674456	3.557817	265.547270
39.725169	0.414540	105.517093	1.231612	80.213905	1.655059	63.770100	1.422810	5.158446	1.670927	3.551148	264.605640
39.750169	0.411750	105.519938	1.227052	79.775939	1.650891	63.299634	1.419450	5.147482	1.667397	3.544478	263.664010
39.775170	0.408960	105.522784	1.222492	79.337972	1.646722	62.829169	1.416089	5.136517	1.663868	3.537808	262.722381
39.800170	0.406170	105.525629	1.217932	78.900005	1.642554	62.358703	1.412728	5.125553	1.660339	3.531138	261.780751
39.825170	0.403380	105.528474	1.213372	78.462039	1.638386	61.888237	1.409367	5.114588	1.656810	3.524468	260.839121
39.850170	0.400590	105.531320	1.208812	78.024072	1.634218	61.417771	1.406006	5.103623	1.653281	3.517799	259.897491
39.875170	0.397910	105.535356	1.204317	77.460140	1.630013	60.860460	1.402662	5.092536	1.649773	3.511071	258.744239
39.900170	0.395742	105.544878	1.200122	76.315923	1.625638	59.903079	1.399392	5.080882	1.646362	3.504077	256.616095
39.925170	0.393573	105.554400	1.195928	75.171706	1.621263	58.945697	1.396123	5.069229	1.642951	3.497082	254.487952
39.950170	0.391405	105.563922	1.191733	74.027489	1.616887	57.988315	1.392854	5.057575	1.639540	3.490088	252.359808
39.975170	0.389236	105.573444	1.187538	72.883271	1.612512	57.030934	1.389585	5.045922	1.636129	3.483093	250.231665
40.000170	0.387067	105.582966	1.183344	71.739054	1.608137	56.073552	1.386316	5.034268	1.632718	3.476099	248.103521
40.025171	0.384899	105.592488	1.179149	70.594837	1.603762	55.116171	1.383047	5.022614	1.629307	3.469104	245.975378
40.050171	0.382730	105.602010	1.174954	69.450620	1.599387	54.158789	1.379777	5.010961	1.625897	3.462110	243.847234
40.075171	0.380561	105.611532	1.170760	68.306402	1.595011	53.201408	1.376508	4.999307	1.622486	3.455115	241.719091
40.100171	0.378393	105.621054	1.166565	67.162185	1.590636	52.244026	1.373239	4.987654	1.619075	3.448121	239.590947
40.125171	0.376272	105.630998	1.162421	65.438859	1.586323	50.918477	1.369914	4.976085	1.615664	3.441128	236.516140
40.150171	0.374369	105.642883	1.158511	61.048509	1.582297	47.897374	1.366335	4.964911	1.612254	3.434140	229.081583
40.175171	0.372466	105.654768	1.154601	56.658159	1.578270	44.876271	1.362755	4.953736	1.608845	3.427153	221.647025
40.200171	0.370564	105.666654	1.150691	52.267809	1.574243	41.855169	1.359175	4.942561	1.605435	3.420166	214.212467
40.225171	0.368661	105.678539	1.146781	47.877459	1.570217	38.834066	1.355596	4.931386	1.602026	3.413179	206.777909
40.250172	0.366759	105.690424	1.142871	43.487110	1.566190	35.812963	1.352016	4.920211	1.598616	3.406192	199.343351
40.275172	0.364856	105.702310	1.138961	39.096760	1.562164	32.791860	1.348436	4.909036	1.595207	3.399204	191.908793
40.300172	0.362953	105.714195	1.135051	34.706410	1.558137	29.770758	1.344856	4.897861	1.591797	3.392217	184.474235
40.325172	0.361051	105.726081	1.131141	30.316060	1.554110	26.749655	1.341277	4.886686	1.588387	3.385230	177.039678
40.350172	0.359148	105.737966	1.127231	25.925710	1.550084	23.728552	1.337697	4.875511	1.584978	3.378243	169.605120
40.375172	0.357255	105.748452	1.123322	22.175678	1.546039	21.136385	1.334221	4.864470	1.581625	3.371422	163.238870
40.400172	0.355403	105.752497	1.119421	21.373697	1.541910	20.519060	1.331221	4.854049	1.578535	3.365368	161.791161
40.425172	0.353552	105.756542	1.115520	20.571716	1.537782	19.901734	1.328222	4.843628	1.575444	3.359314	160.343452
40.450172	0.351701	105.760586	1.111618	19.769734	1.533653	19.284409	1.325222	4.833206	1.572354	3.353259	158.895743
40.475173	0.349849	105.764631	1.107717	18.967753	1.529524	18.667083	1.322223	4.822785	1.569263	3.347205	157.448034
40.500173	0.347998	105.768676	1.103815	18.165772	1.525396	18.049758	1.319223	4.812363	1.566173	3.341151	156.000325
40.525173	0.346146	105.772720	1.099914	17.363791	1.521267	17.432432	1.316224	4.801942	1.563082	3.335097	154.552616
40.550173	0.344295	105.776765	1.096013	16.561810	1.517139	16.815106	1.313225	4.791521	1.559992	3.329043	153.104907
40.575173	0.342444	105.780810	1.092111	15.759829	1.513010	16.197781	1.310225	4.781099	1.556902	3.322988	151.657199
40.600173	0.340592	105.784854	1.088210	14.957848	1.508881	15.580455	1.307226	4.770678	1.553811	3.316934	150.209490
40.625173	0.338842	105.788464	1.084415	14.256306	1.504869	15.037889	1.304227	4.760389	1.550719	3.310880	148.937001
40.650173	0.337560	105.790073	1.081111	14.017057	1.501391	14.839415	1.301235	4.750714	1.547620	3.304826	148.471002
40.675173	0.336277	105.791682	1.077807	13.777808	1.497912	14.640942	1.298243	4.741039	1.544521	3.298771	148.005003
40.700173	0.334995	105.793290	1.074503	13.538559	1.494434	14.442468	1.295251	4.731364	1.541422	3.292717	147.539003
40.725174	0.333712	105.794899	1.071199	13.299310	1.490956	14.243994	1.292258	4.721689	1.538323	3.286663	147.073004
40.750174	0.332429	105.796508	1.067895	13.060061	1.487478	14.045521	1.289266	4.712014	1.535224	3.280609	146.607005
40.775174	0.331147	105.798116	1.064591	12.820812	1.484000	13.847047	1.286274	4.702339	1.532125	3.274555	146.141005
40.800174	0.329864	105.799725	1.061287	12.581563	1.480522	13.648574	1.283282	4.692664	1.529025	3.268500	145.675006
40.825174	0.328582	105.801334	1.057983	12.342314	1.477044	13.450100	1.280290	4.682988	1.525926	3.262446	145.209007
40.850174	0.327299	105.802942	1.054679	12.103065	1.473566	13.251627	1.277297	4.673313	1.522827	3.256392	144.743007
40.875174	0.325914	105.803647	1.051308	11.886693	1.470025	13.072009	1.274304	4.663638	1.519730	3.250324	144.317592
40.900174	0.324055	105.800192	1.047629	11.775589	1.466197	12.979155	1.271304	4.653963	1.516639	3.244194	144.078918
40.925174	0.322196	105.796738	1.043950	11.664485	1.462369	12.886300	1.268305	4.644288	1.513549	3.238065	143.840243
40.950175	0.320338	105.793283	1.040270	11.553380	1.458541	12.793446	1.265305	4.634613	1.510458	3.231935	143.601569
40.975175	0.318479	105.789828	1.036591	11.442276	1.454713	12.700591	1.262306	4.624938	1.507368	3.225805	143.362895
41.000175	0.316620	105.786374	1.032912	11.331172	1.450885	12.607737	1.259306	4.615262	1.504277	3.219675	143.124221
41.025175	0.314762	105.782919	1.029232	11.220067	1.447057	12.514882	1.256307	4.605587	1.501187	3.213545	142.885546
41.050175	0.312903	105.779465	1.025553	11.108963	1.443228	12.422028	1.253308	4.595912	1.498096	3.207416	142.646872
41.075175	0.311045	105.776010	1.021874	10.997859	1.439400	12.329174	1.250308	4.586237	1.495006	3.201286	142.408198
41.100175	0.309186	105.772555	1.018194	10.886754	1.435572	12.236319	1.247309	4.576562	1.491915	3.195156	142.169523
41.125175	0.307430	105.768490	1.014584	10.783794	1.431857	12.150238	1.244309	4.566888	1.488902	3.189040	141.945531
41.150175	0.306148	105.761614	1.011288	10.718294	1.428664	12.095311	1.241308	4.557223	1.486243	3.182986	141.789078
41.175176	0.304865	105.754738	1.007993	10.652795	1.425471	12.040384	1.238307	4.547558	1.483584	3.176931	141.632625
41.200176	0.303582	105.747862	1.004698	10.587296	1.422277	11.985457	1.235306	4.537893	1.480925	3.170877	141.476172
41.225176	0.302300	105.740986	1.001402	10.521796	1.419084	11.930530	1.232305	4.528228	1.478266	3.164823	141.319719
41.250176	0.301017	105.734110	0.998107	10.456297	1.415890	11.875603	1.229305	4.518563	1.475607	3.158769	141.163266
41.275176	0.299735	105.727233	0.994811	10.390797	1.412697	11.820676	1.226304	4.508898	1.472948	3.152715	141.006813
41.300176	0.298452	105.720357	0.991516	10.325298	1.409503	11.765749	1.223303	4.499233	1.470288	3.146660	140.850360
41.325176	0.297169	105.713481	0.988221	10.259799	1.406310	11.710822	1.220302	4.489567	1.467629	3.140606	140.693907
41.350176	0.295887	105.706605	0.984925	10.194299	1.403117	11.655895	1.217301	4.479902	1.464970	3.134552	140.537454
41.375176	0.294556	105.700184	0.981687	10.132474	1.399881	11.603993	1.214367	4.470198	1.462311	3.128596	140.388245
41.400176	0.293006	105.695850	0.978712	10.087543	1.396451	11.565998	1.211737	4.460312	1.459650	3.123090	140.272350
41.425177	0.291456	105.691517	0.975737	10.042612	1.393021	11.528003	1.209108	4.450427	1.456990	3.117584	140.156455
41.450177	0.289906	105.687183	0.972761	9.997682	1.389591	11.490008	1.206478	4.440541	1.454330	3.112079	140.040560
41.475177	0.288356	105.682850	0.969786	9.952751	1.386161	11.452013	1.203849	4.430656	1.451669	3.106573	139.924664
41.500177	0.286806	105.678517	0.966810	9.907820	1.382731	11.414019	1.201219	4.420770	1.449009	3.101068	139.808769
41.525177	0.285256	105.674183	0.963835	9.862889	1.379301	11.376024	1.198590	4.410885	1.446348	3.095562	139.692874
41.550177	0.283706	105.669850	0.960860	9.817959	1.375871	11.338029	1.195960	4.400999	1.443688	3.090057	139.576979
41.575177	0.282156	105.665517	0.957884	9.773028	1.372441	11.300034	1.193331	4.391114	1.441027	3.084551	139.461083
41.600177	0.280606	105.661183	0.954909	9.728097	1.369011	11.262039	1.190701	4.381229	1.438367	3.079045	139.345188
41.625177	0.279106	105.658078	0.951840	9.684837	1.365535	11.225298	1.187968	4.371366	1.435649	3.073384	139.233061
41.650178	0.277832	105.660620	0.948341	9.649253	1.361848	11.194322	1.184759	4.361611	1.432670	3.067005	139.138260
41.675178	0.276558	105.663161	0.944841	9.613670	1.358162	11.163346	1.181549	4.351856	1.429690	3.060626	139.043459
41.700178	0.275284	105.665702	0.941342	9.578087	1.354475	11.132370	1.178339	4.342102	1.426711	3.054247	138.948658
41.725178	0.274010	105.668243	0.937843	9.542503	1.350788	11.101394	1.175129	4.332347	1.423731	3.047868	138.853856
41.750178	0.272736	105.670785	0.934343	9.506920	1.347102	11.070417	1.171920	4.322592	1.420751	3.041489	138.759055
41.775178	0.271462	105.673326	0.930844	9.471336	1.343415	11.039441	1.168710	4.312837	1.417772	3.035110	138.664254
41.800178	0.270188	105.675867	0.927345	9.435753	1.339729	11.008465	1.165500	4.303082	1.414792	3.028731	138.569453
41.825178	0.268914	105.678409	0.923845	9.400170	1.336042	10.977489	1.162291	4.293327	1.411813	3.022353	138.474652
41.850178	0.267640	105.680950	0.920346	9.364586	1.332356	10.946513	1.159081	4.283572	1.408833	3.015974	138.379850
41.875178	0.266372	105.682921	0.916957	9.330038	1.328730	10.916494	1.155927	4.273878	1.405855	3.009764	138.286936
41.900179	0.265132	105.682269	0.914072	9.300248	1.325385	10.890878	1.153027	4.264464	1.402884	3.004333	138.202692
41.925179	0.263892	105.681618	0.911187	9.270457	1.322040	10.865262	1.150128	4.255050	1.399913	2.998901	138.118448
41.950179	0.262652	105.680967	0.908303	9.240666	1.318694	10.839646	1.147229	4.245636	1.396942	2.993470	138.034205
41.975179	0.261412	105.680315	0.905418	9.210876	1.315349	10.814030	1.144330	4.236221	1.393971	2.988039	137.949961
42.000179	0.260172	105.679664	0.902533	9.181085	1.312004	10.788414	1.141431	4.226807	1.391001	2.982607	137.865718
42.025179	0.258932	105.679013	0.899649	9.151294	1.308659	10.762798	1.138532	4.217393	1.388030	2.977176	137.781474
42.050179	0.257692	105.678361	0.896764	9.121504	1.305313	10.737182	1.135632	4.207979	1.385059	2.971744	137.697231
42.075179	0.256452	105.677710	0.893879	9.091713	1.301968	10.711566	1.132733	4.198565	1.382088	2.966313	137.612987
42.100179	0.255212	105.677058	0.890995	9.061923	1.298623	10.685949	1.129834	4.189151	1.379117	2.960882	137.528743
42.125180	0.253972	105.675395	0.888151	9.032909	1.295315	10.660904	1.126983	4.179799	1.376211	2.955436	137.445074
42.150180	0.252734	105.669079	0.885495	9.007466	1.292178	10.638484	1.124352	4.170733	1.373602	2.949923	137.364046
42.175180	0.251495	105.662764	0.882840	8.982023	1.289042	10.616063	1.121721	4.161667	1.370993	2.944410	137.283018
42.200180	0.250256	105.656449	0.880185	8.956580	1.285905	10.593642	1.119090	4.152601	1.368385	2.938897	137.201990
42.225180	0.249018	105.650133	0.877529	8.931137	1.282768	10.571221	1.116459	4.143535	1.365776	2.933384	137.120962
42.250180	0.247779	105.643818	0.874874	8.905694	1.279631	10.548801	1.113829	4.134469	1.363167	2.927871	137.039934
42.275180	0.246540	105.637503	0.872219	8.880251	1.276495	10.526380	1.111198	4.125403	1.360559	2.922359	136.958905
42.300180	0.245302	105.631187	0.869563	8.854808	1.273358	10.503959	1.108567	4.116337	1.357950	2.916846	136.877877
42.325180	0.244063	105.624872	0.866908	8.829364	1.270221	10.481538	1.105936	4.107271	1.355342	2.911333	136.796849
42.350181	0.242825	105.618557	0.864253	8.803921	1.267085	10.459118	1.103305	4.098205	1.352733	2.905820	136.715821
42.375181	0.237484	105.611331	0.846660	8.778798	1.241901	10.437088	1.081458	4.089273	1.326444	2.900308	136.550746
42.400181	0.213303	105.599924	0.760452	8.755144	1.115450	10.416857	0.971343	4.080953	1.191385	2.894803	135.999614
42.425181	0.189123	105.588518	0.674244	8.731491	0.988998	10.396625	0.861228	4.072633	1.056325	2.889297	135.448483
42.450181	0.164942	105.577111	0.588037	8.707837	0.862547	10.376394	0.751113	4.064314	0.921265	2.883792	134.897351
42.475181	0.140761	105.565704	0.501829	8.684183	0.736096	10.356163	0.640998	4.055994	0.786206	2.878286	134.346219
42.500181	0.116580	105.554297	0.415622	8.660529	0.609644	10.335931	0.530883	4.047674	0.651146	2.872780	133.795088
42.525181	0.092399	105.542891	0.329414	8.636875	0.483193	10.315700	0.420768	4.039354	0.516086	2.867275	133.243956
42.550181	0.068218	105.531484	0.243207	8.613222	0.356741	10.295468	0.310653	4.031035	0.381027	2.861769	132.692824
42.575181	0.044038	105.520077	0.156999	8.589568	0.230290	10.275237	0.200538	4.022715	0.245967	2.856264	132.141693
42.600182	0.019857	105.508671	0.070791	8.565914	0.103839	10.255006	0.090424	4.014395	0.110907	2.850758	131.590561
42.625182	0.000000	105.496657	0.000000	8.542466	0.000000	10.234786	0.000000	4.006015	0.000000	2.845336	131.125260
42.650182	0.000000	105.481859	0.000000	8.519964	0.000000	10.214622	0.000000	3.997356	0.000000	2.840296	131.054096
42.675182	0.000000	105.467060	0.000000	8.497461	0.000000	10.194458	0.000000	3.988697	0.000000	2.835256	130.982932
42.700182	0.000000	105.452261	0.000000	8.474959	0.000000	10.174294	0.000000	3.980037	0.000000	2.830217	130.911768
42.725182	0.000000	105.437463	0.000000	8.452456	0.000000	10.154130	0.000000	3.971378	0.000000	2.825177	130.840604
42.750182	0.000000	105.422664	0.000000	8.429954	0.000000	10.133966	0.000000	3.962719	0.000000	2.820137	130.769440
42.775182	0.000000	105.407865	0.000000	8.407451	0.000000	10.113802	0.000000	3.954060	0.000000	2.815097	130.698275
42.800182	0.000000	105.393067	0.000000	8.384949	0.000000	10.093638	0.000000	3.945401	0.000000	2.810057	130.627111
42.825183	0.000000	105.378268	0.000000	8.362447	0.000000	10.073473	0.000000	3.936741	0.000000	2.805018	130.555947
42.850183	0.000000	105.363469	0.000000	8.339944	0.000000	10.053309	0.000000	3.928082	0.000000	2.799978	130.484783
42.875183	0.000000	105.348951	0.000000	8.317440	0.000000	10.033053	0.000000	3.919446	0.000000	2.794866	130.413757
42.900183	0.000000	105.335721	0.000000	8.294930	0.000000	10.012375	0.000000	3.910916	0.000000	2.789426	130.343368
42.925183	0.000000	105.322491	0.000000	8.272420	0.000000	9.991696	0.000000	3.902386	0.000000	2.783986	130.272980
42.950183	0.000000	105.309261	0.000000	8.249910	0.000000	9.971017	0.000000	3.893856	0.000000	2.778546	130.202591
42.975183	0.000000	105.296031	0.000000	8.227400	0.000000	9.950338	0.000000	3.885326	0.000000	2.773106	130.132202
43.000183	0.000000	105.282801	0.000000	8.204890	0.000000	9.929660	0.000000	3.876796	0.000000	2.767666	130.061813
43.025183	0.000000	105.269571	0.000000	8.182380	0.000000	9.908981	0.000000	3.868266	0.000000	2.762226	129.991424
43.050183	0.000000	105.256341	0.000000	8.159870	0.000000	9.888302	0.000000	3.859736	0.000000	2.756786	129.921035
43.075184	0.000000	105.243110	0.000000	8.137360	0.000000	9.867624	0.000000	3.851206	0.000000	2.751346	129.850646
43.100184	0.000000	105.229880	0.000000	8.114849	0.000000	9.846945	0.000000	3.842676	0.000000	2.745906	129.780257
43.125184	0.000000	105.217817	0.000000	8.092375	0.000000	9.826236	0.000000	3.834096	0.000000	2.740481	129.711005
43.150184	0.000000	105.211109	0.000000	8.070061	0.000000	9.805388	0.000000	3.825290	0.000000	2.735125	129.646973
43.175184	0.000000	105.204401	0.000000	8.047748	0.000000	9.784540	0.000000	3.816484	0.000000	2.729770	129.582942
43.200184	0.000000	105.197693	0.000000	8.025434	0.000000	9.763691	0.000000	3.807677	0.000000	2.724414	129.518910
43.225184	0.000000	105.190985	0.000000	8.003121	0.000000	9.742843	0.000000	3.798871	0.000000	2.719058	129.454878
43.250184	0.000000	105.184277	0.000000	7.980807	0.000000	9.721995	0.000000	3.790065	0.000000	2.713702	129.390846
43.275184	0.000000	105.177569	0.000000	7.958494	0.000000	9.701147	0.000000	3.781258	0.000000	2.708346	129.326815
43.300185	0.000000	105.170861	0.000000	7.936181	0.000000	9.680299	0.000000	3.772452	0.000000	2.702990	129.262783
43.325185	0.000000	105.164153	0.000000	7.913867	0.000000	9.659451	0.000000	3.763646	0.000000	2.697635	129.198751
43.350185	0.000000	105.157444	0.000000	7.891554	0.000000	9.638603	0.000000	3.754840	0.000000	2.692279	129.134719
43.375185	0.000000	105.149279	0.000000	7.869453	0.000000	9.618010	0.000000	3.746094	0.000000	2.686921	129.069758
43.400185	0.000000	105.134429	0.000000	7.848325	0.000000	9.598589	0.000000	3.737630	0.000000	2.681557	129.000531
43.425185	0.000000	105.119578	0.000000	7.827198	0.000000	9.579169	0.000000	3.729166	0.000000	2.676193	128.931304
43.450185	0.000000	105.104727	0.000000	7.806071	0.000000	9.559748	0.000000	3.720702	0.000000	2.670828	128.862076
43.475185	0.000000	105.089876	0.000000	7.784944	0.000000	9.540327	0.000000	3.712238	0.000000	2.665464	128.792849
43.500185	0.000000	105.075026	0.000000	7.763817	0.000000	9.520906	0.000000	3.703774	0.000000	2.660099	128.723622
43.525186	0.000000	105.060175	0.000000	7.742690	0.000000	9.501485	0.000000	3.695310	0.000000	2.654735	128.654395
43.550186	0.000000	105.045324	0.000000	7.721563	0.000000	9.482065	0.000000	3.686846	0.000000	2.649370	128.585168
43.575186	0.000000	105.030473	0.000000	7.700436	0.000000	9.462644	0.000000	3.678382	0.000000	2.644006	128.515940
43.600186	0.000000	105.015623	0.000000	7.679308	0.000000	9.443223	0.000000	3.669918	0.000000	2.638641	128.446713
43.625186	0.000000	104.998586	0.000000	7.658501	0.000000	9.424046	0.000000	3.661588	0.000000	2.633349	128.376070
43.650186	0.000000	104.971521	0.000000	7.639161	0.000000	9.405988	0.000000	3.653878	0.000000	2.628384	128.298932
43.675186	0.000000	104.944456	0.000000	7.619821	0.000000	9.387930	0.000000	3.646167	0.000000	2.623420	128.221794
43.700186	0.000000	104.917391	0.000000	7.600481	0.000000	9.369872	0.000000	3.638457	0.000000	2.618456	128.144657
43.725186	0.000000	104.890327	0.000000	7.581140	0.000000	9.351814	0.000000	3.630746	0.000000	2.613492	128.067519
43.750186	0.000000	104.863262	0.000000	7.561800	0.000000	9.333756	0.000000	3.623036	0.000000	2.608527	127.990381
43.775187	0.000000	104.836197	0.000000	7.542460	0.000000	9.315698	0.000000	3.615325	0.000000	2.603563	127.913243
43.800187	0.000000	104.809132	0.000000	7.523120	0.000000	9.297640	0.000000	3.607615	0.000000	2.598599	127.836106
43.825187	0.000000	104.782068	0.000000	7.503779	0.000000	9.279582	0.000000	3.599904	0.000000	2.593635	127.758968
43.850187	0.000000	104.755003	0.000000	7.484439	0.000000	9.261524	0.000000	3.592193	0.000000	2.588671	127.681830
43.875187	0.000000	104.725439	0.000000	7.465278	0.000000	9.243682	0.000000	3.584471	0.000000	2.583790	127.602660
43.900187	0.000000	104.684412	0.000000	7.446939	0.000000	9.226833	0.000000	3.576696	0.000000	2.579290	127.514170
43.925187	0.000000	104.643386	0.000000	7.428599	0.000000	9.209985	0.000000	3.568921	0.000000	2.574790	127.425681
43.950187	0.000000	104.602360	0.000000	7.410259	0.000000	9.193136	0.000000	3.561146	0.000000	2.570290	127.337192
43.975187	0.000000	104.561334	0.000000	7.391920	0.000000	9.176287	0.000000	3.553371	0.000000	2.565790	127.248702
44.000188	0.000000	104.520308	0.000000	7.373580	0.000000	9.159439	0.000000	3.545596	0.000000	2.561291	127.160213
44.025188	0.000000	104.479282	0.000000	7.355241	0.000000	9.142590	0.000000	3.537821	0.000000	2.556791	127.071724
44.050188	0.000000	104.438256	0.000000	7.336901	0.000000	9.125741	0.000000	3.530045	0.000000	2.552291	126.983234
44.075188	0.000000	104.397229	0.000000	7.318562	0.000000	9.108892	0.000000	3.522270	0.000000	2.547791	126.894745
44.100188	0.000000	104.356203	0.000000	7.300222	0.000000	9.092044	0.000000	3.514495	0.000000	2.543292	126.806256
44.125188	0.000000	104.311499	0.000000	7.281792	0.000000	9.075066	0.000000	3.506743	0.000000	2.538807	126.713907
44.150188	0.000000	104.249933	0.000000	7.262949	0.000000	9.057498	0.000000	3.499097	0.000000	2.534391	126.603869
44.175188	0.000000	104.188368	0.000000	7.244106	0.000000	9.039930	0.000000	3.491451	0.000000	2.529976	126.493831
44.200188	0.000000	104.126802	0.000000	7.225263	0.000000	9.022362	0.000000	3.483805	0.000000	2.525560	126.383792
44.225189	0.000000	104.065237	0.000000	7.206420	0.000000	9.004794	0.000000	3.476159	0.000000	2.521144	126.273754
44.250189	0.000000	104.003671	0.000000	7.187577	0.000000	8.987226	0.000000	3.468513	0.000000	2.516729	126.163716
44.275189	0.000000	103.942105	0.000000	7.168734	0.000000	8.969658	0.000000	3.460867	0.000000	2.512313	126.053678
44.300189	0.000000	103.880540	0.000000	7.149891	0.000000	8.952090	0.000000	3.453221	0.000000	2.507898	125.943639
44.325189	0.000000	103.818974	0.000000	7.131048	0.000000	8.934522	0.000000	3.445575	0.000000	2.503482	125.833601
44.350189	0.000000	103.757409	0.000000	7.112205	0.000000	8.916954	0.000000	3.437929	0.000000	2.499067	125.723563
44.375189	0.000000	103.688836	0.000000	7.093310	0.000000	8.899178	0.000000	3.430307	0.000000	2.494494	125.606125
44.400189	0.000000	103.588151	0.000000	7.074175	0.000000	8.880452	0.000000	3.422793	0.000000	2.489204	125.454775
44.425189	0.000000	103.487467	0.000000	7.055040	0.000000	8.861726	0.000000	3.415279	0.000000	2.483914	125.303425
44.450189	0.000000	103.386783	0.000000	7.035905	0.000000	8.843000	0.000000	3.407765	0.000000	2.478624	125.152075
44.475190	0.000000	103.286098	0.000000	7.016770	0.000000	8.824274	0.000000	3.400251	0.000000	2.473333	125.000726
44.500190	0.000000	103.185414	0.000000	6.997635	0.000000	8.805548	0.000000	3.392737	0.000000	2.468043	124.849376
44.525190	0.000000	103.084729	0.000000	6.978500	0.000000	8.786822	0.000000	3.385222	0.000000	2.462753	124.698026
44.550190	0.000000	102.984045	0.000000	6.959365	0.000000	8.768096	0.000000	3.377708	0.000000	2.457462	124.546676
44.575190	0.000000	102.883360	0.000000	6.940230	0.000000	8.749369	0.000000	3.370194	0.000000	2.452172	124.395326
44.600190	0.000000	102.782676	0.000000	6.921095	0.000000	8.730643	0.000000	3.362680	0.000000	2.446882	124.243977
44.625190	0.000000	102.659252	0.000000	6.902058	0.000000	8.712017	0.000000	3.355092	0.000000	2.441677	124.070095
44.650190	0.000000	102.431652	0.000000	6.883465	0.000000	8.693848	0.000000	3.347162	0.000000	2.436861	123.792988
44.675190	0.000000	102.204052	0.000000	6.864872	0.000000	8.675680	0.000000	3.339233	0.000000	2.432045	123.515881
44.700191	0.000000	101.976452	0.000000	6.846279	0.000000	8.657511	0.000000	3.331303	0.000000	2.427229	123.238774
44.725191	0.000000	101.748851	0.000000	6.827686	0.000000	8.639342	0.000000	3.323374	0.000000	2.422413	122.961667
44.750191	0.000000	101.521251	0.000000	6.809094	0.000000	8.621173	0.000000	3.315444	0.000000	2.417598	122.684560
44.775191	0.000000	101.293651	0.000000	6.790501	0.000000	8.603005	0.000000	3.307515	0.000000	2.412782	122.407453
44.800191	0.000000	101.066051	0.000000	6.771908	0.000000	8.584836	0.000000	3.299585	0.000000	2.407966	122.130346
44.825191	0.000000	100.838450	0.000000	6.753315	0.000000	8.566667	0.000000	3.291656	0.000000	2.403150	121.853239
44.850191	0.000000	100.610850	0.000000	6.734723	0.000000	8.548498	0.000000	3.283726	0.000000	2.398334	121.576131
44.875191	0.000000	100.274220	0.000000	6.716382	0.000000	8.530727	0.000000	3.275943	0.000000	2.351472	121.148744
44.900191	0.000000	99.438227	0.000000	6.699196	0.000000	8.514773	0.000000	3.268833	0.000000	2.112032	120.033063
44.925191	0.000000	98.602235	0.000000	6.682010	0.000000	8.498820	0.000000	3.261723	0.000000	1.872593	118.917381
44.950192	0.000000	97.766242	0.000000	6.664824	0.000000	8.482866	0.000000	3.254613	0.000000	1.633154	117.801700
44.975192	0.000000	96.930249	0.000000	6.647638	0.000000	8.466913	0.000000	3.247503	0.000000	1.393715	116.686019
45.000192	0.000000	96.094256	0.000000	6.630453	0.000000	8.450960	0.000000	3.240393	0.000000	1.154276	115.570337
45.025192	0.000000	95.258263	0.000000	6.613267	0.000000	8.435006	0.000000	3.233283	0.000000	0.914837	114.454656
45.050192	0.000000	94.422271	0.000000	6.596081	0.000000	8.419053	0.000000	3.226173	0.000000	0.675397	113.338975
45.075192	0.000000	93.586278	0.000000	6.578895	0.000000	8.403099	0.000000	3.219063	0.000000	0.435958	112.223294
45.100192	0.000000	92.750285	0.000000	6.561709	0.000000	8.387146	0.000000	3.211953	0.000000	0.196519	111.107612
45.125192	0.000000	91.167448	0.000000	6.544736	0.000000	8.371308	0.000000	3.204894	0.000000	0.000000	109.288386
45.150192	0.000000	86.165016	0.000000	6.528735	0.000000	8.355996	0.000000	3.198069	0.000000	0.000000	104.247816
45.175193	0.000000	81.162584	0.000000	6.512734	0.000000	8.340685	0.000000	3.191244	0.000000	0.000000	99.207247
45.200193	0.000000	76.160152	0.000000	6.496733	0.000000	8.325373	0.000000	3.184419	0.000000	0.000000	94.166677
45.225193	0.000000	71.157720	0.000000	6.480732	0.000000	8.310062	0.000000	3.177594	0.000000	0.000000	89.126108
45.250193	0.000000	66.155288	0.000000	6.464731	0.000000	8.294751	0.000000	3.170769	0.000000	0.000000	84.085538
45.275193	0.000000	61.152856	0.000000	6.448730	0.000000	8.279439	0.000000	3.163943	0.000000	0.000000	79.044968
45.300193	0.000000	56.150423	0.000000	6.432729	0.000000	8.264128	0.000000	3.157118	0.000000	0.000000	74.004399
45.325193	0.000000	51.147991	0.000000	6.416728	0.000000	8.248816	0.000000	3.150293	0.000000	0.000000	68.963829
45.350193	0.000000	46.145559	0.000000	6.400727	0.000000	8.233505	0.000000	3.143468	0.000000	0.000000	63.923259
45.375193	0.000000	41.587708	0.000000	6.384695	0.000000	8.218130	0.000000	3.136654	0.000000	0.000000	59.327187
45.400194	0.000000	39.064882	0.000000	6.368518	0.000000	8.202465	0.000000	3.129892	0.000000	0.000000	56.765757
45.425194	0.000000	36.542055	0.000000	6.352341	0.000000	8.186799	0.000000	3.123130	0.000000	0.000000	54.204327
45.450194	0.000000	34.019229	0.000000	6.336165	0.000000	8.171134	0.000000	3.116369	0.000000	0.000000	51.642897
45.475194	0.000000	31.496403	0.000000	6.319988	0.000000	8.155469	0.000000	3.109607	0.000000	0.000000	49.081466
45.500194	0.000000	28.973577	0.000000	6.303812	0.000000	8.139803	0.000000	3.102845	0.000000	0.000000	46.520036
45.525194	0.000000	26.450751	0.000000	6.287635	0.000000	8.124138	0.000000	3.096083	0.000000	0.000000	43.958606
45.550194	0.000000	23.927924	0.000000	6.271458	0.000000	8.108473	0.000000	3.089321	0.000000	0.000000	41.397176
45.575194	0.000000	21.405098	0.000000	6.255282	0.000000	8.092807	0.000000	3.082559	0.000000	0.000000	38.835746
45.600194	0.000000	18.882272	0.000000	6.239105	0.000000	8.077142	0.000000	3.075797	0.000000	0.000000	36.274316
45.625194	0.000000	16.723133	0.000000	6.222865	0.000000	8.061322	0.000000	3.068984	0.000000	0.000000	34.076304
45.650195	0.000000	16.228252	0.000000	6.206334	0.000000	8.044794	0.000000	3.061940	0.000000	0.000000	33.541321
45.675195	0.000000	15.733372	0.000000	6.189804	0.000000	8.028266	0.000000	3.054896	0.000000	0.000000	33.006338
45.700195	0.000000	15.238492	0.000000	6.173273	0.000000	8.011737	0.000000	3.047852	0.000000	0.000000	32.471355
45.725195	0.000000	14.743612	0.000000	6.156742	0.000000	7.995209	0.000000	3.040808	0.000000	0.000000	31.936372
45.750195	0.000000	14.248732	0.000000	6.140212	0.000000	7.978681	0.000000	3.033764	0.000000	0.000000	31.401388
45.775195	0.000000	13.753851	0.000000	6.123681	0.000000	7.962153	0.000000	3.026720	0.000000	0.000000	30.866405
45.800195	0.000000	13.258971	0.000000	6.107150	0.000000	7.945625	0.000000	3.019676	0.000000	0.000000	30.331422
45.825195	0.000000	12.764091	0.000000	6.090619	0.000000	7.929097	0.000000	3.012632	0.000000	0.000000	29.796439
45.850195	0.000000	12.269211	0.000000	6.074089	0.000000	7.912569	0.000000	3.005588	0.000000	0.000000	29.261456
45.875196	0.000000	11.831824	0.000000	6.057606	0.000000	7.896036	0.000000	2.998555	0.000000	0.000000	28.784021
45.900196	0.000000	11.657455	0.000000	6.041343	0.000000	7.879482	0.000000	2.991576	0.000000	0.000000	28.569856
45.925196	0.000000	11.483086	0.000000	6.025081	0.000000	7.862928	0.000000	2.984596	0.000000	0.000000	28.355691
45.950196	0.000000	11.308717	0.000000	6.008818	0.000000	7.846374	0.000000	2.977617	0.000000	0.000000	28.141526
45.975196	0.000000	11.134348	0.000000	5.992555	0.000000	7.829820	0.000000	2.970637	0.000000	0.000000	27.927360
46.000196	0.000000	10.959979	0.000000	5.976292	0.000000	7.813266	0.000000	2.963658	0.000000	0.000000	27.713195
46.025196	0.000000	10.785610	0.000000	5.960029	0.000000	7.796711	0.000000	2.956678	0.000000	0.000000	27.499030
46.050196	0.000000	10.611242	0.000000	5.943767	0.000000	7.780157	0.000000	2.949699	0.000000	0.000000	27.284864
46.075196	0.000000	10.436873	0.000000	5.927504	0.000000	7.763603	0.000000	2.942719	0.000000	0.000000	27.070699
46.100196	0.000000	10.262504	0.000000	5.911241	0.000000	7.747049	0.000000	2.935740	0.000000	0.000000	26.856534
46.125197	0.000000	10.102794	0.000000	5.895231	0.000000	7.730803	0.000000	2.928823	0.000000	0.000000	26.657650
46.150197	0.000000	10.010126	0.000000	5.880373	0.000000	7.715966	0.000000	2.922193	0.000000	0.000000	26.528658
46.175197	0.000000	9.917458	0.000000	5.865516	0.000000	7.701128	0.000000	2.915563	0.000000	0.000000	26.399665
46.200197	0.000000	9.824790	0.000000	5.850659	0.000000	7.686291	0.000000	2.908933	0.000000	0.000000	26.270673
46.225197	0.000000	9.732123	0.000000	5.835802	0.000000	7.671454	0.000000	2.902303	0.000000	0.000000	26.141681
46.250197	0.000000	9.639455	0.000000	5.820944	0.000000	7.656616	0.000000	2.895673	0.000000	0.000000	26.012688
46.275197	0.000000	9.546787	0.000000	5.806087	0.000000	7.641779	0.000000	2.889043	0.000000	0.000000	25.883696
46.300197	0.000000	9.454119	0.000000	5.791230	0.000000	7.626941	0.000000	2.882413	0.000000	0.000000	25.754703
46.325197	0.000000	9.361451	0.000000	5.776373	0.000000	7.612104	0.000000	2.875783	0.000000	0.000000	25.625711
46.350198	0.000000	9.268784	0.000000	5.761516	0.000000	7.597267	0.000000	2.869153	0.000000	0.000000	25.496718
46.375198	0.000000	9.181757	0.000000	5.746870	0.000000	7.582610	0.000000	2.862656	0.000000	0.000000	25.373893
46.400198	0.000000	9.120524	0.000000	5.733190	0.000000	7.568778	0.000000	2.856771	0.000000	0.000000	25.279263
46.425198	0.000000	9.059290	0.000000	5.719511	0.000000	7.554947	0.000000	2.850886	0.000000	0.000000	25.184633
46.450198	0.000000	8.998056	0.000000	5.705831	0.000000	7.541116	0.000000	2.845001	0.000000	0.000000	25.090004
46.475198	0.000000	8.936823	0.000000	5.692151	0.000000	7.527284	0.000000	2.839116	0.000000	0.000000	24.995374
46.500198	0.000000	8.875589	0.000000	5.678472	0.000000	7.513453	0.000000	2.833231	0.000000	0.000000	24.900744
46.525198	0.000000	8.814355	0.000000	5.664792	0.000000	7.499621	0.000000	2.827346	0.000000	0.000000	24.806115
46.550198	0.000000	8.753122	0.000000	5.651113	0.000000	7.485790	0.000000	2.821460	0.000000	0.000000	24.711485
46.575199	0.000000	8.691888	0.000000	5.637433	0.000000	7.471959	0.000000	2.815575	0.000000	0.000000	24.616855
46.600199	0.000000	8.630655	0.000000	5.623754	0.000000	7.458127	0.000000	2.809690	0.000000	0.000000	24.522226
46.625199	0.000000	8.572100	0.000000	5.610044	0.000000	7.444308	0.000000	2.803732	0.000000	0.000000	24.430185
46.650199	0.000000	8.525791	0.000000	5.596197	0.000000	7.430546	0.000000	2.797442	0.000000	0.000000	24.349975
46.675199	0.000000	8.479481	0.000000	5.582351	0.000000	7.416783	0.000000	2.791151	0.000000	0.000000	24.269766
46.700199	0.000000	8.433171	0.000000	5.568504	0.000000	7.403020	0.000000	2.784861	0.000000	0.000000	24.189556
46.725199	0.000000	8.386862	0.000000	5.554658	0.000000	7.389257	0.000000	2.778570	0.000000	0.000000	24.109347
46.750199	0.000000	8.340552	0.000000	5.540811	0.000000	7.375495	0.000000	2.772279	0.000000	0.000000	24.029138
46.775199	0.000000	8.294243	0.000000	5.526964	0.000000	7.361732	0.000000	2.765989	0.000000	0.000000	23.948928
46.800199	0.000000	8.247933	0.000000	5.513118	0.000000	7.347969	0.000000	2.759698	0.000000	0.000000	23.868719
46.825200	0.000000	8.201624	0.000000	5.499271	0.000000	7.334207	0.000000	2.753408	0.000000	0.000000	23.788510
46.850200	0.000000	8.155314	0.000000	5.485425	0.000000	7.320444	0.000000	2.747117	0.000000	0.000000	23.708300
46.875200	0.000000	8.110426	0.000000	5.471454	0.000000	7.306409	0.000000	2.740789	0.000000	0.000000	23.629079
46.900200	0.000000	8.072032	0.000000	5.456917	0.000000	7.291132	0.000000	2.734290	0.000000	0.000000	23.554370
46.925200	0.000000	8.033638	0.000000	5.442380	0.000000	7.275855	0.000000	2.727790	0.000000	0.000000	23.479662
46.950200	0.000000	7.995243	0.000000	5.427843	0.000000	7.260577	0.000000	2.721291	0.000000	0.000000	23.404954
46.975200	0.000000	7.956849	0.000000	5.413306	0.000000	7.245300	0.000000	2.714791	0.000000	0.000000	23.330246
47.000200	0.000000	7.918455	0.000000	5.398769	0.000000	7.230022	0.000000	2.708292	0.000000	0.000000	23.255538
47.025200	0.000000	7.880061	0.000000	5.384231	0.000000	7.214745	0.000000	2.701792	0.000000	0.000000	23.180829
47.050201	0.000000	7.841667	0.000000	5.369694	0.000000	7.199467	0.000000	2.695293	0.000000	0.000000	23.106121
47.075201	0.000000	7.803273	0.000000	5.355157	0.000000	7.184190	0.000000	2.688793	0.000000	0.000000	23.031413
47.100201	0.000000	7.764878	0.000000	5.340620	0.000000	7.168912	0.000000	2.682294	0.000000	0.000000	22.956705
47.125201	0.000000	7.727537	0.000000	5.326172	0.000000	7.153799	0.000000	2.675867	0.000000	0.000000	22.883376
47.150201	0.000000	7.695006	0.000000	5.312132	0.000000	7.139436	0.000000	2.669771	0.000000	0.000000	22.816346
47.175201	0.000000	7.662476	0.000000	5.298092	0.000000	7.125072	0.000000	2.663676	0.000000	0.000000	22.749316
47.200201	0.000000	7.629945	0.000000	5.284053	0.000000	7.110709	0.000000	2.657580	0.000000	0.000000	22.682287
47.225201	0.000000	7.597414	0.000000	5.270013	0.000000	7.096346	0.000000	2.651485	0.000000	0.000000	22.615257
47.250201	0.000000	7.564883	0.000000	5.255973	0.000000	7.081982	0.000000	2.645389	0.000000	0.000000	22.548228
47.275202	0.000000	7.532352	0.000000	5.241933	0.000000	7.067619	0.000000	2.639294	0.000000	0.000000	22.481198
47.300202	0.000000	7.499821	0.000000	5.227893	0.000000	7.053256	0.000000	2.633199	0.000000	0.000000	22.414168
47.325202	0.000000	7.467291	0.000000	5.213853	0.000000	7.038892	0.000000	2.627103	0.000000	0.000000	22.347139
47.350202	0.000000	7.434760	0.000000	5.199813	0.000000	7.024529	0.000000	2.621008	0.000000	0.000000	22.280109
47.375202	0.000000	7.402710	0.000000	5.186026	0.000000	7.010334	0.000000	2.569014	0.000000	0.000000	22.168084
47.400202	0.000000	7.372860	0.000000	5.173393	0.000000	6.996908	0.000000	2.307412	0.000000	0.000000	21.850573
47.425202	0.000000	7.343010	0.000000	5.160760	0.000000	6.983482	0.000000	2.045810	0.000000	0.000000	21.533062
47.450202	0.000000	7.313160	0.000000	5.148127	0.000000	6.970056	0.000000	1.784209	0.000000	0.000000	21.215551
47.475202	0.000000	7.283310	0.000000	5.135494	0.000000	6.956629	0.000000	1.522607	0.000000	0.000000	20.898040
47.500202	0.000000	7.253460	0.000000	5.122861	0.000000	6.943203	0.000000	1.261005	0.000000	0.000000	20.580529
47.525203	0.000000	7.223610	0.000000	5.110228	0.000000	6.929777	0.000000	0.999403	0.000000	0.000000	20.263018
47.550203	0.000000	7.193760	0.000000	5.097595	0.000000	6.916351	0.000000	0.737801	0.000000	0.000000	19.945507
47.575203	0.000000	7.163909	0.000000	5.084962	0.000000	6.902925	0.000000	0.476199	0.000000	0.000000	19.627996
47.600203	0.000000	7.134059	0.000000	5.072329	0.000000	6.889499	0.000000	0.214598	0.000000	0.000000	19.310485
47.625203	0.000000	7.104377	0.000000	5.059807	0.000000	6.876342	0.000000	0.000000	0.000000	0.000000	19.040526
47.650203	0.000000	7.075463	0.000000	5.047793	0.000000	6.864413	0.000000	0.000000	0.000000	0.000000	18.987670
47.675203	0.000000	7.046549	0.000000	5.035779	0.000000	6.852485	0.000000	0.000000	0.000000	0.000000	18.934813
47.700203	0.000000	7.017635	0.000000	5.023766	0.000000	6.840556	0.000000	0.000000	0.000000	0.000000	18.881957
47.725203	0.000000	6.988721	0.000000	5.011752	0.000000	6.828627	0.000000	0.000000	0.000000	0.000000	18.829100
47.750204	0.000000	6.959807	0.000000	4.999738	0.000000	6.816699	0.000000	0.000000	0.000000	0.000000	18.776243
47.775204	0.000000	6.930893	0.000000	4.987724	0.000000	6.804770	0.000000	0.000000	0.000000	0.000000	18.723387
47.800204	0.000000	6.901979	0.000000	4.975711	0.000000	6.792841	0.000000	0.000000	0.000000	0.000000	18.670530
47.825204	0.000000	6.873065	0.000000	4.963697	0.000000	6.780912	0.000000	0.000000	0.000000	0.000000	18.617674
47.850204	0.000000	6.844151	0.000000	4.951683	0.000000	6.768984	0.000000	0.000000	0.000000	0.000000	18.564817
47.875204	0.000000	6.815414	0.000000	4.939636	0.000000	6.756850	0.000000	0.000000	0.000000	0.000000	18.511900
47.900204	0.000000	6.787489	0.000000	4.927436	0.000000	6.743779	0.000000	0.000000	0.000000	0.000000	18.458704
47.925204	0.000000	6.759563	0.000000	4.915237	0.000000	6.730708	0.000000	0.000000	0.000000	0.000000	18.405509
47.950204	0.000000	6.731638	0.000000	4.903038	0.000000	6.717638	0.000000	0.000000	0.000000	0.000000	18.352313
47.975204	0.000000	6.703712	0.000000	4.890838	0.000000	6.704567	0.000000	0.000000	0.000000	0.000000	18.299117
48.000205	0.000000	6.675787	0.000000	4.878639	0.000000	6.691496	0.000000	0.000000	0.000000	0.000000	18.245922
48.025205	0.000000	6.647861	0.000000	4.866439	0.000000	6.678426	0.000000	0.000000	0.000000	0.000000	18.192726
48.050205	0.000000	6.619936	0.000000	4.854240	0.000000	6.665355	0.000000	0.000000	0.000000	0.000000	18.139531
48.075205	0.000000	6.592010	0.000000	4.842040	0.000000	6.652284	0.000000	0.000000	0.000000	0.000000	18.086335
48.100205	0.000000	6.564085	0.000000	4.829841	0.000000	6.639213	0.000000	0.000000	0.000000	0.000000	18.033139
48.125205	0.000000	6.536596	0.000000	4.817601	0.000000	6.626047	0.000000	0.000000	0.000000	0.000000	17.980243
48.150205	0.000000	6.511096	0.000000	4.805173	0.000000	6.612444	0.000000	0.000000	0.000000	0.000000	17.928713
48.175205	0.000000	6.485597	0.000000	4.792745	0.000000	6.598842	0.000000	0.000000	0.000000	0.000000	17.877183
48.200205	0.000000	6.460097	0.000000	4.780317	0.000000	6.585239	0.000000	0.000000	0.000000	0.000000	17.825654
48.225206	0.000000	6.434598	0.000000	4.767890	0.000000	6.571636	0.000000	0.000000	0.000000	0.000000	17.774124
48.250206	0.000000	6.409098	0.000000	4.755462	0.000000	6.558033	0.000000	0.000000	0.000000	0.000000	17.722594
48.275206	0.000000	6.383599	0.000000	4.743034	0.000000	6.544431	0.000000	0.000000	0.000000	0.000000	17.671064
48.300206	0.000000	6.358100	0.000000	4.730607	0.000000	6.530828	0.000000	0.000000	0.000000	0.000000	17.619534
48.325206	0.000000	6.332600	0.000000	4.718179	0.000000	6.517225	0.000000	0.000000	0.000000	0.000000	17.568004
48.350206	0.000000	6.307101	0.000000	4.705751	0.000000	6.503623	0.000000	0.000000	0.000000	0.000000	17.516474
48.375206	0.000000	6.281771	0.000000	4.693412	0.000000	6.490189	0.000000	0.000000	0.000000	0.000000	17.465372
48.400206	0.000000	6.257215	0.000000	4.681479	0.000000	6.477525	0.000000	0.000000	0.000000	0.000000	17.416219
48.425206	0.000000	6.232659	0.000000	4.669547	0.000000	6.464861	0.000000	0.000000	0.000000	0.000000	17.367066
48.450207	0.000000	6.208103	0.000000	4.657614	0.000000	6.452197	0.000000	0.000000	0.000000	0.000000	17.317913
48.475207	0.000000	6.183546	0.000000	4.645681	0.000000	6.439533	0.000000	0.000000	0.000000	0.000000	17.268760
48.500207	0.000000	6.158990	0.000000	4.633748	0.000000	6.426868	0.000000	0.000000	0.000000	0.000000	17.219607
48.525207	0.000000	6.134434	0.000000	4.621815	0.000000	6.414204	0.000000	0.000000	0.000000	0.000000	17.170454
48.550207	0.000000	6.109878	0.000000	4.609882	0.000000	6.401540	0.000000	0.000000	0.000000	0.000000	17.121301
48.575207	0.000000	6.085322	0.000000	4.597949	0.000000	6.388876	0.000000	0.000000	0.000000	0.000000	17.072147
48.600207	0.000000	6.060766	0.000000	4.586016	0.000000	6.376212	0.000000	0.000000	0.000000	0.000000	17.022994
48.625207	0.000000	6.036185	0.000000	4.574287	0.000000	6.363729	0.000000	0.000000	0.000000	0.000000	16.974202
48.650207	0.000000	6.011495	0.000000	4.563489	0.000000	6.352070	0.000000	0.000000	0.000000	0.000000	16.927053
48.675207	0.000000	5.986804	0.000000	4.552690	0.000000	6.340410	0.000000	0.000000	0.000000	0.000000	16.879904
48.700208	0.000000	5.962113	0.000000	4.541891	0.000000	6.328751	0.000000	0.000000	0.000000	0.000000	16.832755
48.725208	0.000000	5.937422	0.000000	4.531092	0.000000	6.317091	0.000000	0.000000	0.000000	0.000000	16.785606
48.750208	0.000000	5.912731	0.000000	4.520293	0.000000	6.305432	0.000000	0.000000	0.000000	0.000000	16.738457
48.775208	0.000000	5.888041	0.000000	4.509495	0.000000	6.293773	0.000000	0.000000	0.000000	0.000000	16.691308
48.800208	0.000000	5.863350	0.000000	4.498696	0.000000	6.282113	0.000000	0.000000	0.000000	0.000000	16.644159
48.825208	0.000000	5.838659	0.000000	4.487897	0.000000	6.270454	0.000000	0.000000	0.000000	0.000000	16.597010
48.850208	0.000000	5.813968	0.000000	4.477098	0.000000	6.258794	0.000000	0.000000	0.000000	0.000000	16.549861
48.875208	0.000000	5.789278	0.000000	4.466430	0.000000	6.247277	0.000000	0.000000	0.000000	0.000000	16.502984
48.900208	0.000000	5.764588	0.000000	4.456356	0.000000	6.236405	0.000000	0.000000	0.000000	0.000000	16.457350
48.925209	0.000000	5.739899	0.000000	4.446282	0.000000	6.225534	0.000000	0.000000	0.000000	0.000000	16.411715
48.950209	0.000000	5.715210	0.000000	4.436209	0.000000	6.214663	0.000000	0.000000	0.000000	0.000000	16.366081
48.975209	0.000000	5.690520	0.000000	4.426135	0.000000	6.203791	0.000000	0.000000	0.000000	0.000000	16.320446
49.000209	0.000000	5.665831	0.000000	4.416061	0.000000	6.192920	0.000000	0.000000	0.000000	0.000000	16.274812
49.025209	0.000000	5.641141	0.000000	4.405987	0.000000	6.182048	0.000000	0.000000	0.000000	0.000000	16.229177
49.050209	0.000000	5.616452	0.000000	4.395914	0.000000	6.171177	0.000000	0.000000	0.000000	0.000000	16.183543
49.075209	0.000000	5.591762	0.000000	4.385840	0.000000	6.160306	0.000000	0.000000	0.000000	0.000000	16.137908
49.100209	0.000000	5.567073	0.000000	4.375766	0.000000	6.149434	0.000000	0.000000	0.000000	0.000000	16.092273
49.125209	0.000000	5.542416	0.000000	4.365519	0.000000	6.138277	0.000000	0.000000	0.000000	0.000000	16.046211
49.150209	0.000000	5.517905	0.000000	4.354480	0.000000	6.125815	0.000000	0.000000	0.000000	0.000000	15.998200
49.175210	0.000000	5.493394	0.000000	4.343442	0.000000	6.113353	0.000000	0.000000	0.000000	0.000000	15.950189
49.200210	0.000000	5.468883	0.000000	4.332403	0.000000	6.100890	0.000000	0.000000	0.000000	0.000000	15.902177
49.225210	0.000000	5.444373	0.000000	4.321365	0.000000	6.088428	0.000000	0.000000	0.000000	0.000000	15.854166
49.250210	0.000000	5.419862	0.000000	4.310327	0.000000	6.075966	0.000000	0.000000	0.000000	0.000000	15.806155
49.275210	0.000000	5.395351	0.000000	4.299288	0.000000	6.063504	0.000000	0.000000	0.000000	0.000000	15.758143
49.300210	0.000000	5.370840	0.000000	4.288250	0.000000	6.051042	0.000000	0.000000	0.000000	0.000000	15.710132
49.325210	0.000000	5.346329	0.000000	4.277211	0.000000	6.038580	0.000000	0.000000	0.000000	0.000000	15.662121
49.350210	0.000000	5.321819	0.000000	4.266173	0.000000	6.026118	0.000000	0.000000	0.000000	0.000000	15.614109
49.375210	0.000000	5.297468	0.000000	4.255213	0.000000	6.013757	0.000000	0.000000	0.000000	0.000000	15.566437
49.400211	0.000000	5.273848	0.000000	4.244611	0.000000	6.001853	0.000000	0.000000	0.000000	0.000000	15.520312
49.425211	0.000000	5.250228	0.000000	4.234008	0.000000	5.989950	0.000000	0.000000	0.000000	0.000000	15.474186
49.450211	0.000000	5.226608	0.000000	4.223406	0.000000	5.978046	0.000000	0.000000	0.000000	0.000000	15.428061
49.475211	0.000000	5.202988	0.000000	4.212804	0.000000	5.966143	0.000000	0.000000	0.000000	0.000000	15.381935
49.500211	0.000000	5.179368	0.000000	4.202202	0.000000	5.954240	0.000000	0.000000	0.000000	0.000000	15.335809
49.525211	0.000000	5.155747	0.000000	4.191600	0.000000	5.942336	0.000000	0.000000	0.000000	0.000000	15.289684
49.550211	0.000000	5.132127	0.000000	4.180998	0.000000	5.930433	0.000000	0.000000	0.000000	0.000000	15.243558
49.575211	0.000000	5.108507	0.000000	4.170396	0.000000	5.918530	0.000000	0.000000	0.000000	0.000000	15.197433
49.600211	0.000000	5.084887	0.000000	4.159794	0.000000	5.906626	0.000000	0.000000	0.000000	0.000000	15.151307
49.625212	0.000000	5.060753	0.000000	4.149743	0.000000	5.896032	0.000000	0.000000	0.000000	0.000000	15.106528
49.650212	0.000000	5.034279	0.000000	4.142203	0.000000	5.891398	0.000000	0.000000	0.000000	0.000000	15.067881
49.675212	0.000000	5.007805	0.000000	4.134664	0.000000	5.886765	0.000000	0.000000	0.000000	0.000000	15.029234
49.700212	0.000000	4.981331	0.000000	4.127125	0.000000	5.882132	0.000000	0.000000	0.000000	0.000000	14.990587
49.725212	0.000000	4.954857	0.000000	4.119585	0.000000	5.877498	0.000000	0.000000	0.000000	0.000000	14.951940
49.750212	0.000000	4.928383	0.000000	4.112046	0.000000	5.872865	0.000000	0.000000	0.000000	0.000000	14.913294
49.775212	0.000000	4.901909	0.000000	4.104506	0.000000	5.868231	0.000000	0.000000	0.000000	0.000000	14.874647
49.800212	0.000000	4.875435	0.000000	4.096967	0.000000	5.863598	0.000000	0.000000	0.000000	0.000000	14.836000
49.825212	0.000000	4.848961	0.000000	4.089428	0.000000	5.858965	0.000000	0.000000	0.000000	0.000000	14.797353
49.850212	0.000000	4.822487	0.000000	4.081888	0.000000	5.854331	0.000000	0.000000	0.000000	0.000000	14.758706
49.875213	0.000000	0.000000	0.000000	0.000000	0.000000	0.000000	0.000000	0.000000	0.000000	0.000000	0.000000
49.900213	0.000000	0.000000	0.000000	0.000000	0.000000	0.000000	0.000000	0.000000	0.000000	0.000000	0.000000
49.925213	0.000000	0.000000	0.000000	0.000000	0.000000	0.000000	0.000000	0.000000	0.000000	0.000000	0.000000
49.950213	0.000000	0.000000	0.000000	0.000000	0.000000	0.000000	0.000000	0.000000	0.000000	0.000000	0.000000
49.975213	0.000000	0.000000	0.000000	0.000000	0.000000	0.000000	0.000000	0.000000	0.000000	0.000000	0.000000
50.000213	0.000000	0.000000	0.000000	0.000000	0.000000	0.000000	0.000000	0.000000	0.000000	0.000000	0.000000
