Patient Name: FANTOMARW3, 
Patient ID: 15072016
Plan: Perf Fot Eq4
Course: C1
Date: Thursday, July 21, 2016 6:35:36 PM
Exported by: laldrovandi

Start: (-25.00, 20.00, -0.75)
End:   (25.00, 20.00, -0.75)

	10x10	40x40	10x10w15	30x30w15	10x10w30	30x30w30	10x10w45	20x20w45	10x10w60	15x15w60	Total
0.000000	0.000000	0.000000	0.000000	0.000000	0.000000	0.000000	0.000000	0.000000	0.000000	0.000000	0.000000
0.025000	0.000000	0.000000	0.000000	0.000000	0.000000	0.000000	0.000000	0.000000	0.000000	0.000000	0.000000
0.050000	0.000000	0.000000	0.000000	0.000000	0.000000	0.000000	0.000000	0.000000	0.000000	0.000000	0.000000
0.075000	0.000000	0.000000	0.000000	0.000000	0.000000	0.000000	0.000000	0.000000	0.000000	0.000000	0.000000
0.100000	0.000000	0.000000	0.000000	0.000000	0.000000	0.000000	0.000000	0.000000	0.000000	0.000000	0.000000
0.125001	0.000000	9.817555	0.000000	4.481099	0.000000	5.611892	0.000000	1.803784	0.000000	0.000000	21.714329
0.150001	0.000000	9.893469	0.000000	4.493912	0.000000	5.627156	0.000000	1.808519	0.000000	0.000000	21.823056
0.175001	0.000000	9.969382	0.000000	4.506726	0.000000	5.642421	0.000000	1.813254	0.000000	0.000000	21.931783
0.200001	0.000000	10.045295	0.000000	4.519540	0.000000	5.657686	0.000000	1.817989	0.000000	0.000000	22.040510
0.225001	0.000000	10.121208	0.000000	4.532353	0.000000	5.672950	0.000000	1.822725	0.000000	0.000000	22.149236
0.250001	0.000000	10.197121	0.000000	4.545167	0.000000	5.688215	0.000000	1.827460	0.000000	0.000000	22.257963
0.275001	0.000000	10.273033	0.000000	4.557981	0.000000	5.703480	0.000000	1.832195	0.000000	0.000000	22.366689
0.300001	0.000000	10.348945	0.000000	4.570795	0.000000	5.718745	0.000000	1.836930	0.000000	0.000000	22.475415
0.325001	0.000000	10.424857	0.000000	4.583609	0.000000	5.734010	0.000000	1.841665	0.000000	0.000000	22.584141
0.350001	0.000000	10.500769	0.000000	4.596422	0.000000	5.749275	0.000000	1.846400	0.000000	0.000000	22.692867
0.375002	0.000000	10.588651	0.000000	4.609435	0.000000	5.764750	0.000000	1.851177	0.000000	0.000000	22.814012
0.400002	0.000000	10.734307	0.000000	4.623405	0.000000	5.781238	0.000000	1.856154	0.000000	0.000000	22.995104
0.425002	0.000000	10.879961	0.000000	4.637375	0.000000	5.797726	0.000000	1.861132	0.000000	0.000000	23.176194
0.450002	0.000000	11.025615	0.000000	4.651345	0.000000	5.814214	0.000000	1.866109	0.000000	0.000000	23.357284
0.475002	0.000000	11.171267	0.000000	4.665316	0.000000	5.830702	0.000000	1.871087	0.000000	0.000000	23.538371
0.500002	0.000000	11.316918	0.000000	4.679286	0.000000	5.847190	0.000000	1.876064	0.000000	0.000000	23.719458
0.525002	0.000000	11.462568	0.000000	4.693256	0.000000	5.863678	0.000000	1.881042	0.000000	0.000000	23.900544
0.550002	0.000000	11.608217	0.000000	4.707226	0.000000	5.880166	0.000000	1.886019	0.000000	0.000000	24.081628
0.575002	0.000000	11.753865	0.000000	4.721196	0.000000	5.896654	0.000000	1.890997	0.000000	0.000000	24.262711
0.600003	0.000000	11.899511	0.000000	4.735167	0.000000	5.913142	0.000000	1.895974	0.000000	0.000000	24.443793
0.625003	0.000000	12.085619	0.000000	4.749372	0.000000	5.929842	0.000000	1.900911	0.000000	0.000000	24.665744
0.650003	0.000000	12.466969	0.000000	4.764709	0.000000	5.947567	0.000000	1.905651	0.000000	0.000000	25.084895
0.675003	0.000000	12.848309	0.000000	4.780046	0.000000	5.965292	0.000000	1.910391	0.000000	0.000000	25.504039
0.700003	0.000000	13.229642	0.000000	4.795383	0.000000	5.983017	0.000000	1.915131	0.000000	0.000000	25.923174
0.725003	0.000000	13.610966	0.000000	4.810720	0.000000	6.000743	0.000000	1.919872	0.000000	0.000000	26.342300
0.750003	0.000000	13.992281	0.000000	4.826057	0.000000	6.018468	0.000000	1.924612	0.000000	0.000000	26.761418
0.775003	0.000000	14.373587	0.000000	4.841395	0.000000	6.036193	0.000000	1.929352	0.000000	0.000000	27.180527
0.800003	0.000000	14.754886	0.000000	4.856732	0.000000	6.053919	0.000000	1.934092	0.000000	0.000000	27.599628
0.825004	0.000000	15.136175	0.000000	4.872069	0.000000	6.071644	0.000000	1.938832	0.000000	0.000000	28.018721
0.850004	0.000000	15.517457	0.000000	4.887406	0.000000	6.089369	0.000000	1.943573	0.000000	0.000000	28.437805
0.875004	0.000000	16.079305	0.000000	4.902975	0.000000	6.107432	0.000000	1.948354	0.000000	0.000000	29.038066
0.900004	0.000000	17.512221	0.000000	4.919660	0.000000	6.127123	0.000000	1.953331	0.000000	0.000000	30.512336
0.925004	0.000000	18.945138	0.000000	4.936346	0.000000	6.146813	0.000000	1.958309	0.000000	0.000000	31.986606
0.950004	0.000000	20.378056	0.000000	4.953031	0.000000	6.166504	0.000000	1.963287	0.000000	0.000000	33.460877
0.975004	0.000000	21.810974	0.000000	4.969716	0.000000	6.186194	0.000000	1.968264	0.000000	0.000000	34.935149
1.000004	0.000000	23.243894	0.000000	4.986401	0.000000	6.205885	0.000000	1.973242	0.000000	0.000000	36.409422
1.025004	0.000000	24.676814	0.000000	5.003087	0.000000	6.225575	0.000000	1.978220	0.000000	0.000000	37.883695
1.050004	0.000000	26.109735	0.000000	5.019772	0.000000	6.245266	0.000000	1.983197	0.000000	0.000000	39.357970
1.075005	0.000000	27.542658	0.000000	5.036457	0.000000	6.264956	0.000000	1.988175	0.000000	0.000000	40.832246
1.100005	0.000000	28.975581	0.000000	5.053142	0.000000	6.284646	0.000000	1.993153	0.000000	0.000000	42.306523
1.125005	0.000000	30.229710	0.000000	5.069828	0.000000	6.304379	0.000000	1.998293	0.000000	0.022265	43.624475
1.150005	0.000000	30.621625	0.000000	5.086519	0.000000	6.324311	0.000000	2.004216	0.000000	0.151899	44.188570
1.175005	0.000000	31.013549	0.000000	5.103209	0.000000	6.344244	0.000000	2.010139	0.000000	0.281533	44.752674
1.200005	0.000000	31.405482	0.000000	5.119899	0.000000	6.364177	0.000000	2.016061	0.000000	0.411168	45.316788
1.225005	0.000000	31.797425	0.000000	5.136590	0.000000	6.384110	0.000000	2.021984	0.000000	0.540802	45.880910
1.250005	0.000000	32.189376	0.000000	5.153280	0.000000	6.404043	0.000000	2.027907	0.000000	0.670437	46.445042
1.275005	0.000000	32.581336	0.000000	5.169970	0.000000	6.423975	0.000000	2.033829	0.000000	0.800071	47.009182
1.300006	0.000000	32.973305	0.000000	5.186660	0.000000	6.443908	0.000000	2.039752	0.000000	0.929706	47.573332
1.325006	0.000000	33.365283	0.000000	5.203351	0.000000	6.463841	0.000000	2.045675	0.000000	1.059341	48.137490
1.350006	0.000000	33.757270	0.000000	5.220041	0.000000	6.483773	0.000000	2.051597	0.000000	1.188976	48.701658
1.375006	0.000000	34.108331	0.000000	5.236898	0.000000	6.503877	0.000000	2.057478	0.000000	1.296666	49.203250
1.400006	0.000000	34.262045	0.000000	5.254556	0.000000	6.524805	0.000000	2.063158	0.000000	1.298563	49.403128
1.425006	0.000000	34.415762	0.000000	5.272214	0.000000	6.545733	0.000000	2.068839	0.000000	1.300461	49.603008
1.450006	0.000000	34.569479	0.000000	5.289872	0.000000	6.566661	0.000000	2.074519	0.000000	1.302358	49.802889
1.475006	0.000000	34.723198	0.000000	5.307530	0.000000	6.587589	0.000000	2.080199	0.000000	1.304255	50.002772
1.500006	0.000000	34.876918	0.000000	5.325188	0.000000	6.608518	0.000000	2.085879	0.000000	1.306152	50.202656
1.525007	0.000000	35.030639	0.000000	5.342847	0.000000	6.629446	0.000000	2.091559	0.000000	1.308050	50.402541
1.550007	0.000000	35.184362	0.000000	5.360505	0.000000	6.650374	0.000000	2.097240	0.000000	1.309947	50.602427
1.575007	0.000000	35.338087	0.000000	5.378163	0.000000	6.671302	0.000000	2.102920	0.000000	1.311844	50.802315
1.600007	0.000000	35.491812	0.000000	5.395821	0.000000	6.692230	0.000000	2.108600	0.000000	1.313741	51.002205
1.625007	0.000000	35.633366	0.000000	5.413713	0.000000	6.713410	0.000000	2.114363	0.000000	1.315872	51.190725
1.650007	0.000000	35.716253	0.000000	5.432733	0.000000	6.735803	0.000000	2.120523	0.000000	1.319133	51.324445
1.675007	0.000000	35.799140	0.000000	5.451753	0.000000	6.758196	0.000000	2.126683	0.000000	1.322393	51.458165
1.700007	0.000000	35.882028	0.000000	5.470774	0.000000	6.780588	0.000000	2.132843	0.000000	1.325653	51.591886
1.725007	0.000000	35.964916	0.000000	5.489794	0.000000	6.802981	0.000000	2.139004	0.000000	1.328913	51.725607
1.750007	0.000000	36.047804	0.000000	5.508814	0.000000	6.825373	0.000000	2.145164	0.000000	1.332174	51.859329
1.775008	0.000000	36.130692	0.000000	5.527834	0.000000	6.847766	0.000000	2.151324	0.000000	1.335434	51.993051
1.800008	0.000000	36.213581	0.000000	5.546854	0.000000	6.870159	0.000000	2.157484	0.000000	1.338694	52.126773
1.825008	0.000000	36.296471	0.000000	5.565875	0.000000	6.892551	0.000000	2.163644	0.000000	1.341954	52.260495
1.850008	0.000000	36.379360	0.000000	5.584895	0.000000	6.914944	0.000000	2.169805	0.000000	1.345214	52.394218
1.875008	0.000000	36.458157	0.000000	5.604148	0.000000	6.937591	0.000000	2.176007	0.000000	1.348521	52.524425
1.900008	0.000000	36.517233	0.000000	5.624526	0.000000	6.961470	0.000000	2.182410	0.000000	1.352053	52.637691
1.925008	0.000000	36.576309	0.000000	5.644904	0.000000	6.985348	0.000000	2.188813	0.000000	1.355585	52.750958
1.950008	0.000000	36.635385	0.000000	5.665281	0.000000	7.009226	0.000000	2.195216	0.000000	1.359117	52.864225
1.975008	0.000000	36.694461	0.000000	5.685659	0.000000	7.033105	0.000000	2.201619	0.000000	1.362649	52.977493
2.000009	0.000000	36.753538	0.000000	5.706036	0.000000	7.056983	0.000000	2.208022	0.000000	1.366181	53.090760
2.025009	0.000000	36.812614	0.000000	5.726414	0.000000	7.080861	0.000000	2.214425	0.000000	1.369713	53.204028
2.050009	0.000000	36.871691	0.000000	5.746792	0.000000	7.104740	0.000000	2.220828	0.000000	1.373245	53.317296
2.075009	0.000000	36.930768	0.000000	5.767169	0.000000	7.128618	0.000000	2.227231	0.000000	1.376776	53.430564
2.100009	0.000000	36.989845	0.000000	5.787547	0.000000	7.152497	0.000000	2.233635	0.000000	1.380308	53.543832
2.125009	0.000000	37.047004	0.000000	5.807925	0.000000	7.176417	0.000000	2.239995	0.000000	1.383748	53.655089
2.150009	0.000000	37.094924	0.000000	5.828308	0.000000	7.200537	0.000000	2.246151	0.000000	1.386741	53.756660
2.175009	0.000000	37.142843	0.000000	5.848691	0.000000	7.224658	0.000000	2.252306	0.000000	1.389734	53.858232
2.200009	0.000000	37.190763	0.000000	5.869073	0.000000	7.248778	0.000000	2.258461	0.000000	1.392728	53.959803
2.225010	0.000000	37.238682	0.000000	5.889456	0.000000	7.272899	0.000000	2.264616	0.000000	1.395721	54.061374
2.250010	0.000000	37.286602	0.000000	5.909839	0.000000	7.297019	0.000000	2.270771	0.000000	1.398715	54.162946
2.275010	0.000000	37.334522	0.000000	5.930221	0.000000	7.321140	0.000000	2.276927	0.000000	1.401708	54.264518
2.300010	0.000000	37.382442	0.000000	5.950604	0.000000	7.345260	0.000000	2.283082	0.000000	1.404702	54.366090
2.325010	0.000000	37.430362	0.000000	5.970987	0.000000	7.369381	0.000000	2.289237	0.000000	1.407695	54.467662
2.350010	0.000000	37.478282	0.000000	5.991370	0.000000	7.393501	0.000000	2.295392	0.000000	1.410689	54.569234
2.375010	0.000000	37.525155	0.000000	6.012151	0.000000	7.418129	0.000000	2.301631	0.000000	1.413915	54.670981
2.400010	0.000000	37.566986	0.000000	6.034849	0.000000	7.445199	0.000000	2.308271	0.000000	1.418260	54.773565
2.425010	0.000000	37.608817	0.000000	6.057546	0.000000	7.472270	0.000000	2.314912	0.000000	1.422606	54.876150
2.450010	0.000000	37.650648	0.000000	6.080244	0.000000	7.499340	0.000000	2.321552	0.000000	1.426951	54.978735
2.475011	0.000000	37.692479	0.000000	6.102942	0.000000	7.526411	0.000000	2.328192	0.000000	1.431296	55.081320
2.500011	0.000000	37.734309	0.000000	6.125640	0.000000	7.553481	0.000000	2.334832	0.000000	1.435641	55.183905
2.525011	0.000000	37.776140	0.000000	6.148338	0.000000	7.580552	0.000000	2.341473	0.000000	1.439987	55.286490
2.550011	0.000000	37.817971	0.000000	6.171036	0.000000	7.607622	0.000000	2.348113	0.000000	1.444332	55.389075
2.575011	0.000000	37.859802	0.000000	6.193734	0.000000	7.634693	0.000000	2.354753	0.000000	1.448677	55.491659
2.600011	0.000000	37.901633	0.000000	6.216432	0.000000	7.661763	0.000000	2.361394	0.000000	1.453023	55.594244
2.625011	0.000000	37.942958	0.000000	6.239132	0.000000	7.688835	0.000000	2.368155	0.000000	1.457182	55.696263
2.650011	0.000000	37.981848	0.000000	6.261845	0.000000	7.715916	0.000000	2.375497	0.000000	1.460447	55.795553
2.675011	0.000000	38.020739	0.000000	6.284558	0.000000	7.742996	0.000000	2.382839	0.000000	1.463712	55.894844
2.700012	0.000000	38.059629	0.000000	6.307271	0.000000	7.770077	0.000000	2.390181	0.000000	1.466978	55.994135
2.725012	0.000000	38.098519	0.000000	6.329984	0.000000	7.797157	0.000000	2.397524	0.000000	1.470243	56.093426
2.750012	0.000000	38.137410	0.000000	6.352696	0.000000	7.824238	0.000000	2.404866	0.000000	1.473508	56.192718
2.775012	0.000000	38.176300	0.000000	6.375409	0.000000	7.851318	0.000000	2.412208	0.000000	1.476773	56.292009
2.800012	0.000000	38.215191	0.000000	6.398122	0.000000	7.878399	0.000000	2.419550	0.000000	1.480038	56.391300
2.825012	0.000000	38.254081	0.000000	6.420835	0.000000	7.905479	0.000000	2.426892	0.000000	1.483303	56.490591
2.850012	0.000000	38.292972	0.000000	6.443548	0.000000	7.932560	0.000000	2.434234	0.000000	1.486568	56.589882
2.875012	0.000000	38.331354	0.000000	6.466459	0.000000	7.959809	0.000000	2.441536	0.000000	1.489833	56.688990
2.900012	0.000000	38.367289	0.000000	6.490321	0.000000	7.987869	0.000000	2.448641	0.000000	1.493093	56.787214
2.925013	0.000000	38.403225	0.000000	6.514184	0.000000	8.015930	0.000000	2.455746	0.000000	1.496353	56.885438
2.950013	0.000000	38.439161	0.000000	6.538047	0.000000	8.043990	0.000000	2.462851	0.000000	1.499613	56.983662
2.975013	0.000000	38.475096	0.000000	6.561910	0.000000	8.072051	0.000000	2.469956	0.000000	1.502874	57.081887
3.000013	0.000000	38.511032	0.000000	6.585772	0.000000	8.100111	0.000000	2.477061	0.000000	1.506134	57.180111
3.025013	0.000000	38.546968	0.000000	6.609635	0.000000	8.128172	0.000000	2.484166	0.000000	1.509394	57.278335
3.050013	0.000000	38.582903	0.000000	6.633498	0.000000	8.156232	0.000000	2.491272	0.000000	1.512654	57.376559
3.075013	0.000000	38.618839	0.000000	6.657361	0.000000	8.184293	0.000000	2.498377	0.000000	1.515915	57.474784
3.100013	0.000000	38.654775	0.000000	6.681223	0.000000	8.212353	0.000000	2.505482	0.000000	1.519175	57.573008
3.125013	0.000000	38.690399	0.000000	6.705388	0.000000	8.240837	0.000000	2.512669	0.000000	1.522575	57.671867
3.150013	0.000000	38.724523	0.000000	6.731003	0.000000	8.271358	0.000000	2.520249	0.000000	1.526646	57.773778
3.175014	0.000000	38.758646	0.000000	6.756618	0.000000	8.301878	0.000000	2.527829	0.000000	1.530718	57.875690
3.200014	0.000000	38.792770	0.000000	6.782234	0.000000	8.332399	0.000000	2.535409	0.000000	1.534789	57.977601
3.225014	0.000000	38.826894	0.000000	6.807849	0.000000	8.362919	0.000000	2.542990	0.000000	1.538861	58.079513
3.250014	0.000000	38.861018	0.000000	6.833465	0.000000	8.393440	0.000000	2.550570	0.000000	1.542932	58.181424
3.275014	0.000000	38.895142	0.000000	6.859080	0.000000	8.423960	0.000000	2.558150	0.000000	1.547004	58.283336
3.300014	0.000000	38.929266	0.000000	6.884695	0.000000	8.454481	0.000000	2.565730	0.000000	1.551075	58.385247
3.325014	0.000000	38.963389	0.000000	6.910311	0.000000	8.485001	0.000000	2.573310	0.000000	1.555147	58.487158
3.350014	0.000000	38.997513	0.000000	6.935926	0.000000	8.515522	0.000000	2.580891	0.000000	1.559218	58.589070
3.375014	0.000000	39.031272	0.000000	6.961843	0.000000	8.546380	0.000000	2.588594	0.000000	1.563339	58.691428
3.400015	0.000000	39.063273	0.000000	6.989211	0.000000	8.578866	0.000000	2.596887	0.000000	1.567697	58.795934
3.425015	0.000000	39.095274	0.000000	7.016579	0.000000	8.611351	0.000000	2.605181	0.000000	1.572054	58.900440
3.450015	0.000000	39.127276	0.000000	7.043948	0.000000	8.643837	0.000000	2.613475	0.000000	1.576412	59.004947
3.475015	0.000000	39.159277	0.000000	7.071316	0.000000	8.676322	0.000000	2.621768	0.000000	1.580770	59.109453
3.500015	0.000000	39.191279	0.000000	7.098684	0.000000	8.708808	0.000000	2.630062	0.000000	1.585128	59.213960
3.525015	0.000000	39.223280	0.000000	7.126052	0.000000	8.741293	0.000000	2.638356	0.000000	1.589486	59.318466
3.550015	0.000000	39.255282	0.000000	7.153420	0.000000	8.773778	0.000000	2.646649	0.000000	1.593844	59.422973
3.575015	0.000000	39.287283	0.000000	7.180788	0.000000	8.806264	0.000000	2.654943	0.000000	1.598202	59.527480
3.600015	0.000000	39.319285	0.000000	7.208157	0.000000	8.838749	0.000000	2.663237	0.000000	1.602560	59.631987
3.625016	0.000000	39.351060	0.000000	7.235524	0.000000	8.871278	0.000000	2.671490	0.000000	1.606822	59.736175
3.650016	0.000000	39.381746	0.000000	7.262887	0.000000	8.904018	0.000000	2.679551	0.000000	1.610622	59.838824
3.675016	0.000000	39.412433	0.000000	7.290250	0.000000	8.936757	0.000000	2.687611	0.000000	1.614423	59.941474
3.700016	0.000000	39.443120	0.000000	7.317613	0.000000	8.969496	0.000000	2.695671	0.000000	1.618223	60.044123
3.725016	0.000000	39.473806	0.000000	7.344977	0.000000	9.002235	0.000000	2.703732	0.000000	1.622023	60.146773
3.750016	0.000000	39.504493	0.000000	7.372340	0.000000	9.034975	0.000000	2.711792	0.000000	1.625824	60.249423
3.775016	0.000000	39.535180	0.000000	7.399703	0.000000	9.067714	0.000000	2.719852	0.000000	1.629624	60.352073
3.800016	0.000000	39.565867	0.000000	7.427066	0.000000	9.100453	0.000000	2.727912	0.000000	1.633424	60.454723
3.825016	0.000000	39.596554	0.000000	7.454430	0.000000	9.133193	0.000000	2.735973	0.000000	1.637225	60.557373
3.850016	0.000000	39.627240	0.000000	7.481793	0.000000	9.165932	0.000000	2.744033	0.000000	1.641025	60.660023
3.875017	0.000000	39.657644	0.000000	7.509457	0.000000	9.199011	0.000000	2.752134	0.000000	1.644873	60.763118
3.900017	0.000000	39.686686	0.000000	7.538568	0.000000	9.233720	0.000000	2.760427	0.000000	1.648949	60.868350
3.925017	0.000000	39.715728	0.000000	7.567678	0.000000	9.268429	0.000000	2.768721	0.000000	1.653025	60.973582
3.950017	0.000000	39.744770	0.000000	7.596789	0.000000	9.303138	0.000000	2.777015	0.000000	1.657102	61.078814
3.975017	0.000000	39.773812	0.000000	7.625899	0.000000	9.337848	0.000000	2.785309	0.000000	1.661178	61.184046
4.000017	0.000000	39.802854	0.000000	7.655010	0.000000	9.372557	0.000000	2.793603	0.000000	1.665254	61.289278
4.025017	0.000000	39.831896	0.000000	7.684120	0.000000	9.407266	0.000000	2.801897	0.000000	1.669330	61.394510
4.050017	0.000000	39.860938	0.000000	7.713231	0.000000	9.441976	0.000000	2.810191	0.000000	1.673407	61.499742
4.075017	0.000000	39.889981	0.000000	7.742341	0.000000	9.476685	0.000000	2.818485	0.000000	1.677483	61.604974
4.100018	0.000000	39.919023	0.000000	7.771452	0.000000	9.511395	0.000000	2.826779	0.000000	1.681559	61.710207
4.125018	0.005066	39.947812	0.009063	7.801229	0.011487	9.546907	0.009931	2.835275	0.011800	1.685822	61.864392
4.150018	0.034476	39.975387	0.061676	7.834214	0.078167	9.586275	0.067579	2.844743	0.080302	1.690983	62.253802
4.175018	0.063886	40.002962	0.114289	7.867198	0.144848	9.625643	0.125227	2.854212	0.148804	1.696144	62.643212
4.200018	0.093297	40.030536	0.166901	7.900183	0.211528	9.665011	0.182875	2.863680	0.217306	1.701305	63.032622
4.225018	0.122707	40.058111	0.219514	7.933167	0.278209	9.704379	0.240523	2.873148	0.285808	1.706466	63.422032
4.250018	0.152117	40.085686	0.272127	7.966152	0.344890	9.743747	0.298171	2.882616	0.354310	1.711627	63.811442
4.275018	0.181527	40.113261	0.324739	7.999136	0.411570	9.783115	0.355819	2.892084	0.422812	1.716788	64.200852
4.300018	0.210937	40.140836	0.377352	8.032121	0.478251	9.822483	0.413467	2.901552	0.491314	1.721949	64.590262
4.325019	0.240347	40.168411	0.429965	8.065105	0.544932	9.861851	0.471115	2.911020	0.559817	1.727110	64.979671
4.350019	0.269757	40.195986	0.482578	8.098089	0.611612	9.901219	0.528764	2.920487	0.628319	1.732270	65.369081
4.375019	0.294207	40.223361	0.526321	8.131109	0.667010	9.940633	0.576669	2.929957	0.685204	1.737338	65.711809
4.400019	0.294827	40.249779	0.527458	8.164297	0.668208	9.980267	0.577774	2.939438	0.686286	1.741957	65.830291
4.425019	0.295447	40.276196	0.528596	8.197486	0.669405	10.019901	0.578879	2.948918	0.687368	1.746577	65.948773
4.450019	0.296067	40.302613	0.529734	8.230674	0.670602	10.059536	0.579984	2.958398	0.688450	1.751196	66.067254
4.475019	0.296687	40.329031	0.530871	8.263863	0.671800	10.099170	0.581089	2.967878	0.689531	1.755816	66.185736
4.500019	0.297307	40.355448	0.532009	8.297051	0.672997	10.138805	0.582194	2.977359	0.690613	1.760435	66.304218
4.525019	0.297927	40.381866	0.533146	8.330239	0.674195	10.178440	0.583299	2.986839	0.691695	1.765055	66.422700
4.550019	0.298547	40.408283	0.534284	8.363428	0.675392	10.218074	0.584404	2.996319	0.692776	1.769674	66.541182
4.575020	0.299167	40.434701	0.535421	8.396616	0.676590	10.257709	0.585509	3.005799	0.693858	1.774294	66.659664
4.600020	0.299787	40.461118	0.536559	8.429805	0.677787	10.297343	0.586614	3.015279	0.694940	1.778913	66.778146
4.625020	0.300540	40.487253	0.537836	8.463460	0.679104	10.337526	0.587783	3.024759	0.696134	1.783626	66.898022
4.650020	0.301933	40.512031	0.539786	8.499358	0.680996	10.380344	0.589258	3.034234	0.697869	1.788787	67.024596
4.675020	0.303325	40.536808	0.541736	8.535255	0.682889	10.423162	0.590733	3.043709	0.699604	1.793948	67.151169
4.700020	0.304718	40.561586	0.543686	8.571153	0.684781	10.465980	0.592208	3.053184	0.701339	1.799109	67.277743
4.725020	0.306110	40.586363	0.545636	8.607050	0.686673	10.508797	0.593684	3.062659	0.703074	1.804270	67.404316
4.750020	0.307503	40.611141	0.547586	8.642947	0.688565	10.551615	0.595159	3.072134	0.704809	1.809430	67.530889
4.775020	0.308895	40.635918	0.549536	8.678845	0.690457	10.594432	0.596634	3.081610	0.706544	1.814591	67.657463
4.800021	0.310287	40.660696	0.551486	8.714742	0.692350	10.637250	0.598109	3.091085	0.708279	1.819752	67.784036
4.825021	0.311680	40.685474	0.553436	8.750639	0.694242	10.680067	0.599584	3.100560	0.710014	1.824912	67.910609
4.850021	0.313072	40.710251	0.555386	8.786537	0.696134	10.722885	0.601059	3.110035	0.711749	1.830073	68.037182
4.875021	0.314492	40.734859	0.557338	8.822904	0.698055	10.766341	0.602597	3.119674	0.713522	1.835328	68.165111
4.900021	0.316042	40.758652	0.559298	8.861527	0.700116	10.812866	0.604437	3.130099	0.715476	1.841038	68.299550
4.925021	0.317592	40.782444	0.561258	8.900151	0.702177	10.859390	0.606278	3.140525	0.717429	1.846748	68.433990
4.950021	0.319142	40.806237	0.563218	8.938774	0.704237	10.905914	0.608118	3.150950	0.719383	1.852457	68.568430
4.975021	0.320692	40.830029	0.565178	8.977398	0.706298	10.952439	0.609958	3.161375	0.721337	1.858167	68.702870
5.000021	0.322242	40.853822	0.567138	9.016021	0.708359	10.998963	0.611798	3.171800	0.723291	1.863877	68.837311
5.025022	0.323792	40.877615	0.569098	9.054645	0.710420	11.045488	0.613638	3.182226	0.725244	1.869586	68.971751
5.050022	0.325342	40.901407	0.571058	9.093269	0.712480	11.092012	0.615478	3.192651	0.727198	1.875296	69.106191
5.075022	0.326891	40.925200	0.573018	9.131892	0.714541	11.138537	0.617318	3.203076	0.729152	1.881006	69.240632
5.100022	0.328441	40.948992	0.574978	9.170516	0.716602	11.185061	0.619158	3.213502	0.731106	1.886716	69.375072
5.125022	0.329938	40.972644	0.576909	9.209239	0.718634	11.231712	0.620967	3.224091	0.732984	1.892285	69.509403
5.150022	0.331178	40.995620	0.578702	9.248439	0.720526	11.278968	0.622625	3.235469	0.734501	1.897180	69.643208
5.175022	0.332418	41.018595	0.580495	9.287640	0.722418	11.326223	0.624283	3.246848	0.736017	1.902075	69.777012
5.200022	0.333658	41.041571	0.582287	9.326840	0.724310	11.373479	0.625941	3.258226	0.737534	1.906971	69.910817
5.225022	0.334898	41.064546	0.584080	9.366041	0.726203	11.420735	0.627600	3.269604	0.739050	1.911866	70.044621
5.250022	0.336138	41.087522	0.585873	9.405241	0.728095	11.467990	0.629258	3.280982	0.740566	1.916761	70.178426
5.275023	0.337378	41.110498	0.587665	9.444442	0.729987	11.515246	0.630916	3.292360	0.742083	1.921656	70.312231
5.300023	0.338618	41.133473	0.589458	9.483642	0.731879	11.562502	0.632574	3.303739	0.743599	1.926551	70.446035
5.325023	0.339857	41.156449	0.591251	9.522843	0.733771	11.609757	0.634233	3.315117	0.745116	1.931446	70.579840
5.350023	0.341097	41.179425	0.593044	9.562043	0.735663	11.657013	0.635891	3.326495	0.746632	1.936341	70.713645
5.375023	0.342443	41.202232	0.594948	9.602014	0.737644	11.705246	0.637676	3.337831	0.748298	1.941284	70.849614
5.400023	0.344293	41.224227	0.597385	9.645683	0.740049	11.758165	0.640068	3.348963	0.750682	1.946454	70.995968
5.425023	0.346142	41.246223	0.599822	9.689352	0.742454	11.811085	0.642460	3.360094	0.753066	1.951624	71.142322
5.450023	0.347992	41.268219	0.602260	9.733021	0.744859	11.864005	0.644852	3.371225	0.755450	1.956794	71.288676
5.475023	0.349842	41.290215	0.604697	9.776690	0.747265	11.916925	0.647244	3.382357	0.757833	1.961964	71.435031
5.500024	0.351692	41.312211	0.607134	9.820358	0.749670	11.969845	0.649636	3.393488	0.760217	1.967134	71.581385
5.525024	0.353542	41.334207	0.609572	9.864027	0.752075	12.022765	0.652027	3.404619	0.762601	1.972304	71.727739
5.550024	0.355392	41.356202	0.612009	9.907696	0.754480	12.075685	0.654419	3.415751	0.764985	1.977474	71.874093
5.575024	0.357242	41.378198	0.614446	9.951365	0.756885	12.128604	0.656811	3.426882	0.767369	1.982644	72.020448
5.600024	0.359092	41.400194	0.616883	9.995034	0.759290	12.181524	0.659203	3.438013	0.769753	1.987814	72.166802
5.625024	0.360864	41.421935	0.619210	10.040441	0.761607	12.236693	0.661437	3.449268	0.772062	1.993263	72.316781
5.650024	0.362262	41.442454	0.621008	10.094187	0.763500	12.302651	0.662912	3.461119	0.774008	2.000049	72.484148
5.675024	0.363659	41.462972	0.622806	10.147932	0.765393	12.368608	0.664387	3.472969	0.775954	2.006834	72.651514
5.700024	0.365057	41.483490	0.624604	10.201677	0.767286	12.434565	0.665862	3.484819	0.777901	2.013620	72.818880
5.725025	0.366455	41.504008	0.626402	10.255423	0.769179	12.500522	0.667337	3.496670	0.779847	2.020405	72.986247
5.750025	0.367852	41.524526	0.628200	10.309168	0.771073	12.566479	0.668812	3.508520	0.781793	2.027191	73.153613
5.775025	0.369250	41.545044	0.629998	10.362913	0.772966	12.632435	0.670287	3.520370	0.783739	2.033976	73.320979
5.800025	0.370648	41.565563	0.631796	10.416658	0.774859	12.698392	0.671762	3.532221	0.785686	2.040762	73.488345
5.825025	0.372046	41.586081	0.633594	10.470403	0.776752	12.764349	0.673237	3.544071	0.787632	2.047547	73.655711
5.850025	0.373443	41.606599	0.635392	10.524148	0.778645	12.830306	0.674712	3.555921	0.789578	2.054333	73.823076
5.875025	0.374840	41.626946	0.637217	10.579968	0.780537	12.898936	0.676251	3.567974	0.791488	2.060979	73.995135
5.900025	0.376232	41.646475	0.639172	10.645736	0.782424	12.980385	0.678096	3.580995	0.793223	2.066959	74.189696
5.925025	0.377625	41.666003	0.641127	10.711504	0.784311	13.061833	0.679941	3.594016	0.794958	2.072940	74.384257
5.950025	0.379017	41.685531	0.643082	10.777272	0.786198	13.143281	0.681786	3.607037	0.796693	2.078920	74.578818
5.975026	0.380409	41.705059	0.645037	10.843040	0.788085	13.224730	0.683631	3.620058	0.798428	2.084900	74.773378
6.000026	0.381801	41.724588	0.646992	10.908808	0.789973	13.306178	0.685476	3.633079	0.800164	2.090880	74.967938
6.025026	0.383193	41.744116	0.648947	10.974576	0.791860	13.387626	0.687321	3.646100	0.801899	2.096861	75.162498
6.050026	0.384586	41.763644	0.650902	11.040343	0.793747	13.469074	0.689167	3.659121	0.803634	2.102841	75.357058
6.075026	0.385978	41.783173	0.652857	11.106111	0.795634	13.550522	0.691012	3.672142	0.805369	2.108821	75.551618
6.100026	0.387370	41.802701	0.654812	11.171879	0.797521	13.631970	0.692857	3.685163	0.807104	2.114801	75.746177
6.125026	0.388843	41.822088	0.656850	11.242797	0.799497	13.720247	0.694733	3.698227	0.808915	2.120921	75.953118
6.150026	0.390703	41.840799	0.659287	11.338407	0.801902	13.841262	0.696754	3.711497	0.811085	2.127711	76.219407
6.175026	0.392563	41.859509	0.661724	11.434017	0.804307	13.962276	0.698776	3.724767	0.813255	2.134502	76.485695
6.200027	0.394423	41.878219	0.664161	11.529626	0.806712	14.083290	0.700798	3.738038	0.815425	2.141292	76.751983
6.225027	0.396283	41.896930	0.666598	11.625235	0.809117	14.204303	0.702819	3.751308	0.817595	2.148082	77.018270
6.250027	0.398143	41.915640	0.669035	11.720844	0.811522	14.325317	0.704841	3.764578	0.819765	2.154872	77.284557
6.275027	0.400003	41.934350	0.671473	11.816453	0.813927	14.446329	0.706863	3.777848	0.821935	2.161662	77.550843
6.300027	0.401862	41.953061	0.673910	11.912061	0.816332	14.567342	0.708884	3.791119	0.824105	2.168452	77.817128
6.325027	0.403722	41.971771	0.676347	12.007669	0.818737	14.688354	0.710906	3.804389	0.826275	2.175242	78.083413
6.350027	0.405582	41.990481	0.678784	12.103277	0.821142	14.809366	0.712927	3.817659	0.828445	2.182032	78.349697
6.375027	0.407470	42.008937	0.681251	12.214295	0.823547	14.950810	0.715014	3.831010	0.830690	2.188917	78.651940
6.400027	0.409487	42.026170	0.683861	12.399159	0.825952	15.190167	0.717413	3.844751	0.833290	2.196258	79.126507
6.425027	0.411505	42.043403	0.686471	12.584023	0.828357	15.429522	0.719811	3.858491	0.835890	2.203598	79.601071
6.450028	0.413523	42.060637	0.689081	12.768885	0.830762	15.668876	0.722209	3.872231	0.838490	2.210938	80.075633
6.475028	0.415541	42.077870	0.691691	12.953746	0.833168	15.908229	0.724608	3.885971	0.841090	2.218279	80.550192
6.500028	0.417559	42.095103	0.694301	13.138606	0.835573	16.147580	0.727007	3.899712	0.843690	2.225619	81.024749
6.525028	0.419577	42.112337	0.696911	13.323465	0.837978	16.386930	0.729405	3.913452	0.846290	2.232959	81.499303
6.550028	0.421595	42.129570	0.699521	13.508322	0.840383	16.626278	0.731804	3.927192	0.848890	2.240300	81.973855
6.575028	0.423613	42.146804	0.702131	13.693179	0.842788	16.865625	0.734202	3.940932	0.851491	2.247640	82.448404
6.600028	0.425631	42.164037	0.704741	13.878035	0.845193	17.104970	0.736601	3.954673	0.854091	2.254981	82.922951
6.625028	0.427592	42.181071	0.707266	14.112768	0.847599	17.410452	0.738903	3.968658	0.856579	2.262179	83.513067
6.650028	0.429284	42.197152	0.709384	14.586459	0.850003	18.032781	0.740743	3.983818	0.858533	2.268700	84.656858
6.675029	0.430976	42.213232	0.711502	15.060141	0.852408	18.655101	0.742583	3.998979	0.860487	2.275220	85.800630
6.700029	0.432668	42.229313	0.713620	15.533816	0.854813	19.277410	0.744423	4.014139	0.862441	2.281740	86.944384
6.725029	0.434360	42.245393	0.715738	16.007483	0.857218	19.899709	0.746263	4.029299	0.864396	2.288260	88.088120
6.750029	0.436052	42.261473	0.717857	16.481142	0.859623	20.521997	0.748103	4.044459	0.866350	2.294780	89.231838
6.775029	0.437744	42.277554	0.719975	16.954794	0.862028	21.144276	0.749943	4.059620	0.868304	2.301301	90.375539
6.800029	0.439436	42.293634	0.722093	17.428438	0.864433	21.766544	0.751783	4.074780	0.870258	2.307821	91.519221
6.825029	0.441128	42.309715	0.724211	17.902074	0.866838	22.388802	0.753623	4.089940	0.872212	2.314341	92.662886
6.850029	0.442820	42.325795	0.726330	18.375703	0.869243	23.011049	0.755464	4.105100	0.874167	2.320861	93.806532
6.875029	0.444515	42.341878	0.728476	19.069980	0.871590	23.925285	0.757336	4.120263	0.876158	2.327477	95.462958
6.900030	0.446223	42.357975	0.730756	20.821058	0.873655	26.238001	0.759365	4.135437	0.878328	2.334547	99.575345
6.925030	0.447931	42.374072	0.733036	22.572137	0.875720	28.550718	0.761394	4.150612	0.880498	2.341617	103.687735
6.950030	0.449639	42.390169	0.735316	24.323218	0.877785	30.863437	0.763422	4.165786	0.882669	2.348687	107.800128
6.975030	0.451347	42.406266	0.737596	26.074299	0.879850	33.176157	0.765451	4.180961	0.884839	2.355758	111.912523
7.000030	0.453055	42.422362	0.739876	27.825382	0.881915	35.488879	0.767480	4.196136	0.887009	2.362828	116.024922
7.025030	0.454763	42.438459	0.742156	29.576466	0.883981	37.801602	0.769508	4.211310	0.889179	2.369898	120.137323
7.050030	0.456471	42.454556	0.744436	31.327551	0.886046	40.114327	0.771537	4.226485	0.891349	2.376968	124.249727
7.075030	0.458179	42.470653	0.746716	33.078637	0.888111	42.427053	0.773566	4.241660	0.893519	2.384039	128.362133
7.100030	0.459887	42.486750	0.748996	34.829724	0.890176	44.739781	0.775595	4.256834	0.895690	2.391109	132.474543
7.125030	0.461755	42.502646	0.751417	36.364803	0.892419	46.762111	0.777750	4.272129	0.898009	2.398460	136.081499
7.150031	0.464387	42.517580	0.754509	36.865649	0.895514	47.394037	0.780512	4.287994	0.901044	2.407155	137.268380
7.175031	0.467019	42.532514	0.757600	37.366503	0.898609	48.025973	0.783273	4.303860	0.904080	2.415850	138.455281
7.200031	0.469651	42.547447	0.760692	37.867365	0.901704	48.657921	0.786035	4.319725	0.907115	2.424545	139.642200
7.225031	0.472282	42.562381	0.763784	38.368236	0.904799	49.289879	0.788796	4.335591	0.910150	2.433240	140.829139
7.250031	0.474914	42.577315	0.766876	38.869114	0.907894	49.921849	0.791557	4.351457	0.913186	2.441935	142.016097
7.275031	0.477546	42.592249	0.769967	39.370001	0.910989	50.553829	0.794319	4.367322	0.916221	2.450631	143.203075
7.300031	0.480178	42.607182	0.773059	39.870896	0.914084	51.185821	0.797080	4.383188	0.919256	2.459326	144.390071
7.325031	0.482810	42.622116	0.776151	40.371800	0.917179	51.817824	0.799842	4.399053	0.922291	2.468021	145.577087
7.350031	0.485442	42.637050	0.779243	40.872711	0.920274	52.449837	0.802603	4.414919	0.925327	2.476716	146.764121
7.375032	0.487992	42.651901	0.782279	41.323477	0.923309	53.014275	0.805332	4.431114	0.928287	2.485317	147.833283
7.400032	0.490152	42.666359	0.785052	41.534186	0.926054	53.255214	0.807907	4.448884	0.930887	2.493467	148.338163
7.425032	0.492312	42.680816	0.787826	41.744896	0.928799	53.496155	0.810482	4.466655	0.933487	2.501617	148.843046
7.450032	0.494472	42.695273	0.790599	41.955608	0.931544	53.737098	0.813057	4.484426	0.936087	2.509768	149.347932
7.475032	0.496632	42.709730	0.793372	42.166321	0.934289	53.978043	0.815632	4.502196	0.938687	2.517918	149.852821
7.500032	0.498792	42.724188	0.796146	42.377035	0.937034	54.218989	0.818207	4.519967	0.941288	2.526068	150.357714
7.525032	0.500952	42.738645	0.798919	42.587751	0.939780	54.459938	0.820782	4.537737	0.943888	2.534218	150.862609
7.550032	0.503112	42.753102	0.801692	42.798468	0.942525	54.700888	0.823357	4.555508	0.946488	2.542369	151.367508
7.575032	0.505272	42.767560	0.804465	43.009186	0.945270	54.941839	0.825932	4.573278	0.949088	2.550519	151.872410
7.600033	0.507432	42.782017	0.807239	43.219906	0.948015	55.182793	0.828507	4.591049	0.951688	2.558669	152.377314
7.625033	0.509647	42.796358	0.810068	43.414917	0.950821	55.402754	0.831146	4.608901	0.954326	2.566866	152.845803
7.650033	0.512127	42.810138	0.813165	43.534757	0.953916	55.522257	0.834091	4.627146	0.957141	2.575286	153.140024
7.675033	0.514607	42.823919	0.816262	43.654597	0.957011	55.641760	0.837036	4.645391	0.959957	2.583706	153.434246
7.700033	0.517087	42.837700	0.819358	43.774437	0.960106	55.761264	0.839982	4.663637	0.962773	2.592125	153.728468
7.725033	0.519567	42.851481	0.822455	43.894278	0.963201	55.880768	0.842927	4.681882	0.965588	2.600545	154.022691
7.750033	0.522047	42.865261	0.825552	44.014120	0.966296	56.000272	0.845872	4.700127	0.968404	2.608965	154.316915
7.775033	0.524527	42.879042	0.828649	44.133961	0.969391	56.119777	0.848817	4.718372	0.971219	2.617385	154.611140
7.800033	0.527007	42.892823	0.831745	44.253803	0.972486	56.239283	0.851762	4.736618	0.974035	2.625804	154.905365
7.825033	0.529487	42.906603	0.834842	44.373645	0.975581	56.358788	0.854707	4.754863	0.976851	2.634224	155.199591
7.850034	0.531967	42.920384	0.837939	44.493488	0.978676	56.478295	0.857653	4.773108	0.979666	2.642643	155.493818
7.875034	0.534527	42.934024	0.841091	44.607050	0.981829	56.590045	0.860599	4.791556	0.982594	2.651205	155.774520
7.900034	0.537476	42.946992	0.844510	44.690567	0.985265	56.664690	0.863549	4.810971	0.986059	2.660445	155.990522
7.925034	0.540424	42.959959	0.847928	44.774083	0.988700	56.739335	0.866499	4.830387	0.989524	2.669685	156.206524
7.950034	0.543372	42.972926	0.851346	44.857601	0.992135	56.813980	0.869449	4.849802	0.992990	2.678925	156.422527
7.975034	0.546320	42.985893	0.854765	44.941118	0.995570	56.888626	0.872399	4.869218	0.996455	2.688166	156.638530
8.000034	0.549269	42.998861	0.858183	45.024635	0.999005	56.963272	0.875349	4.888633	0.999920	2.697406	156.854533
8.025034	0.552217	43.011828	0.861602	45.108153	1.002441	57.037918	0.878299	4.908048	1.003385	2.706646	157.070537
8.050034	0.555165	43.024795	0.865021	45.191671	1.005876	57.112564	0.881249	4.927463	1.006850	2.715886	157.286541
8.075035	0.558113	43.037763	0.868439	45.275189	1.009311	57.187211	0.884199	4.946878	1.010316	2.725126	157.502545
8.100035	0.561062	43.050730	0.871858	45.358708	1.012746	57.261857	0.887149	4.966294	1.013781	2.734366	157.718550
8.125035	0.563901	43.063527	0.875192	45.437992	1.016063	57.332199	0.890035	4.985998	1.017096	2.743748	157.925752
8.150035	0.566217	43.075511	0.878122	45.497026	1.018813	57.381955	0.892616	5.007089	1.019696	2.753809	158.090853
8.175035	0.568534	43.087495	0.881052	45.556059	1.021563	57.431710	0.895196	5.028179	1.022297	2.763870	158.255955
8.200035	0.570851	43.099479	0.883982	45.615093	1.024313	57.481465	0.897776	5.049269	1.024897	2.773931	158.421056
8.225035	0.573168	43.111463	0.886912	45.674128	1.027063	57.531221	0.900356	5.070359	1.027497	2.783992	158.586158
8.250035	0.575485	43.123447	0.889842	45.733162	1.029813	57.580977	0.902936	5.091449	1.030097	2.794052	158.751260
8.275035	0.577801	43.135431	0.892772	45.792196	1.032563	57.630732	0.905516	5.112540	1.032697	2.804113	158.916363
8.300036	0.580118	43.147416	0.895702	45.851231	1.035313	57.680488	0.908096	5.133630	1.035297	2.814174	159.081465
8.325036	0.582435	43.159400	0.898632	45.910265	1.038063	57.730244	0.910676	5.154720	1.037897	2.824235	159.246568
8.350036	0.584752	43.171384	0.901562	45.969300	1.040813	57.780000	0.913256	5.175811	1.040497	2.834296	159.411671
8.375036	0.587123	43.183311	0.904493	46.025611	1.043564	57.826985	0.915835	5.196859	1.043173	2.844309	159.571264
8.400036	0.589756	43.194963	0.907428	46.068902	1.046314	57.860725	0.918410	5.217710	1.046208	2.854095	159.704510
8.425036	0.592390	43.206615	0.910363	46.112192	1.049064	57.894465	0.920985	5.238560	1.049243	2.863880	159.837757
8.450036	0.595023	43.218267	0.913298	46.155483	1.051814	57.928205	0.923560	5.259410	1.052278	2.873665	159.971003
8.475036	0.597656	43.229919	0.916233	46.198773	1.054564	57.961946	0.926135	5.280261	1.055312	2.883451	160.104250
8.500036	0.600289	43.241571	0.919168	46.242064	1.057314	57.995686	0.928710	5.301111	1.058347	2.893236	160.237497
8.525036	0.602922	43.253223	0.922103	46.285355	1.060064	58.029426	0.931285	5.321961	1.061382	2.903022	160.370744
8.550037	0.605556	43.264875	0.925038	46.328645	1.062814	58.063166	0.933860	5.342811	1.064417	2.912807	160.503990
8.575037	0.608189	43.276527	0.927973	46.371936	1.065564	58.096907	0.936435	5.363662	1.067452	2.922592	160.637237
8.600037	0.610822	43.288179	0.930908	46.415227	1.068314	58.130647	0.939010	5.384512	1.070487	2.932378	160.770484
8.625037	0.613616	43.299776	0.934039	46.457379	1.071302	58.163070	0.941841	5.405649	1.073672	2.942444	160.902789
8.650037	0.617178	43.311111	0.938105	46.494092	1.075427	58.189196	0.945896	5.428160	1.077572	2.953854	161.030592
8.675037	0.620739	43.322445	0.942172	46.530805	1.079552	58.215323	0.949952	5.450670	1.081472	2.965265	161.158394
8.700037	0.624301	43.333779	0.946238	46.567517	1.083677	58.241449	0.954007	5.473181	1.085372	2.976675	161.286197
8.725037	0.627863	43.345114	0.950305	46.604230	1.087802	58.267576	0.958062	5.495691	1.089272	2.988085	161.414000
8.750037	0.631424	43.356448	0.954371	46.640943	1.091927	58.293702	0.962117	5.518202	1.093173	2.999495	161.541804
8.775038	0.634986	43.367783	0.958438	46.677657	1.096052	58.319829	0.966172	5.540712	1.097073	3.010906	161.669607
8.800038	0.638547	43.379117	0.962504	46.714370	1.100177	58.345956	0.970228	5.563223	1.100973	3.022316	161.797410
8.825038	0.642109	43.390452	0.966571	46.751083	1.104302	58.372083	0.974283	5.585734	1.104873	3.033726	161.925214
8.850038	0.645670	43.401786	0.970637	46.787796	1.108427	58.398210	0.978338	5.608244	1.108773	3.045136	162.053018
8.875038	0.649178	43.412949	0.974649	46.823636	1.112463	58.423441	0.982264	5.631166	1.112638	3.056548	162.178930
8.900038	0.652426	43.423293	0.978398	46.855299	1.116072	58.444393	0.985574	5.656052	1.116333	3.067963	162.295801
8.925038	0.655674	43.433638	0.982146	46.886963	1.119681	58.465345	0.988884	5.680937	1.120028	3.079378	162.412673
8.950038	0.658923	43.443982	0.985895	46.918626	1.123290	58.486296	0.992194	5.705823	1.123723	3.090793	162.529545
8.975038	0.662171	43.454326	0.989644	46.950290	1.126899	58.507248	0.995505	5.730709	1.127418	3.102208	162.646417
9.000039	0.665420	43.464671	0.993392	46.981954	1.130508	58.528200	0.998815	5.755595	1.131113	3.113623	162.763290
9.025039	0.668668	43.475015	0.997141	47.013617	1.134117	58.549152	1.002125	5.780481	1.134808	3.125038	162.880163
9.050039	0.671917	43.485359	1.000890	47.045281	1.137726	58.570104	1.005435	5.805366	1.138503	3.136453	162.997035
9.075039	0.675165	43.495704	1.004639	47.076945	1.141335	58.591056	1.008745	5.830252	1.142198	3.147869	163.113908
9.100039	0.678414	43.506048	1.008388	47.108609	1.144944	58.612008	1.012055	5.855138	1.145893	3.159284	163.230782
9.125039	0.681717	43.516336	1.012192	47.138293	1.148612	58.631344	1.015430	5.880227	1.149660	3.170699	163.344511
9.150039	0.685278	43.526356	1.016264	47.158516	1.152564	58.642957	1.019115	5.906288	1.153771	3.182114	163.443223
9.175039	0.688839	43.536375	1.020335	47.178740	1.156515	58.654571	1.022800	5.932348	1.157881	3.193530	163.541934
9.200039	0.692401	43.546395	1.024406	47.198964	1.160466	58.666184	1.026485	5.958409	1.161991	3.204945	163.640646
9.225039	0.695962	43.556414	1.028478	47.219188	1.164417	58.677798	1.030170	5.984469	1.166101	3.216360	163.739358
9.250040	0.699524	43.566434	1.032549	47.239411	1.168368	58.689412	1.033855	6.010530	1.170212	3.227776	163.838070
9.275040	0.703085	43.576453	1.036620	47.259635	1.172319	58.701026	1.037540	6.036590	1.174322	3.239191	163.936782
9.300040	0.706647	43.586473	1.040691	47.279860	1.176270	58.712640	1.041225	6.062651	1.178432	3.250607	164.035495
9.325040	0.710208	43.596493	1.044763	47.300084	1.180221	58.724254	1.044910	6.088711	1.182542	3.262022	164.134207
9.350040	0.713769	43.606512	1.048834	47.320308	1.184172	58.735868	1.048595	6.114772	1.186652	3.273437	164.232920
9.375040	0.717438	43.616503	1.052962	47.338579	1.188184	58.745900	1.052344	6.140914	1.190801	3.285040	164.328665
9.400040	0.721616	43.626359	1.057361	47.347520	1.192483	58.748376	1.056399	6.167450	1.195136	3.297541	164.410240
9.425040	0.725795	43.636215	1.061759	47.356462	1.196782	58.750851	1.060454	6.193985	1.199471	3.310041	164.491816
9.450040	0.729973	43.646070	1.066158	47.365403	1.201081	58.753327	1.064509	6.220520	1.203806	3.322541	164.573391
9.475041	0.734152	43.655926	1.070557	47.374345	1.205380	58.755803	1.068565	6.247056	1.208141	3.335042	164.654966
9.500041	0.738331	43.665782	1.074956	47.383286	1.209680	58.758279	1.072620	6.273591	1.212476	3.347542	164.736542
9.525041	0.742509	43.675638	1.079355	47.392228	1.213979	58.760755	1.076675	6.300127	1.216811	3.360042	164.818118
9.550041	0.746688	43.685493	1.083754	47.401169	1.218278	58.763230	1.080730	6.326662	1.221146	3.372542	164.899693
9.575041	0.750866	43.695349	1.088153	47.410111	1.222577	58.765706	1.084785	6.353197	1.225481	3.385043	164.981269
9.600041	0.755045	43.705205	1.092552	47.419053	1.226876	58.768182	1.088841	6.379733	1.229816	3.397543	165.062845
9.625041	0.759063	43.715059	1.096866	47.427423	1.231056	58.770061	1.092831	6.406594	1.234040	3.410419	165.143412
9.650041	0.762315	43.724910	1.100776	47.433066	1.234662	58.769092	1.096511	6.435014	1.237730	3.425089	165.219164
9.675041	0.765566	43.734761	1.104686	47.438709	1.238268	58.768123	1.100191	6.463433	1.241420	3.439759	165.294916
9.700042	0.768817	43.744612	1.108596	47.444352	1.241874	58.767154	1.103871	6.491852	1.245110	3.454430	165.370668
9.725042	0.772069	43.754463	1.112506	47.449995	1.245480	58.766185	1.107551	6.520272	1.248800	3.469100	165.446420
9.750042	0.775320	43.764314	1.116416	47.455638	1.249086	58.765216	1.111231	6.548691	1.252491	3.483770	165.522172
9.775042	0.778571	43.774164	1.120326	47.461281	1.252692	58.764246	1.114911	6.577110	1.256181	3.498441	165.597924
9.800042	0.781822	43.784015	1.124237	47.466923	1.256298	58.763277	1.118591	6.605529	1.259871	3.513111	165.673676
9.825042	0.785074	43.793866	1.128147	47.472566	1.259904	58.762308	1.122272	6.633949	1.263561	3.527781	165.749428
9.850042	0.788325	43.803717	1.132057	47.478209	1.263510	58.761339	1.125952	6.662368	1.267252	3.542451	165.825179
9.875042	0.791656	43.813625	1.135995	47.483379	1.267206	58.759942	1.129632	6.691445	1.271016	3.556934	165.900829
9.900042	0.795366	43.823806	1.140066	47.486292	1.271331	58.756501	1.133312	6.723666	1.275131	3.570525	165.975994
9.925042	0.799076	43.833986	1.144137	47.489205	1.275456	58.753060	1.136992	6.755886	1.279246	3.584115	166.051158
9.950043	0.802786	43.844167	1.148208	47.492117	1.279581	58.749618	1.140672	6.788106	1.283361	3.597705	166.126322
9.975043	0.806496	43.854348	1.152279	47.495030	1.283706	58.746177	1.144352	6.820327	1.287476	3.611296	166.201486
10.000043	0.810206	43.864529	1.156350	47.497943	1.287831	58.742736	1.148032	6.852547	1.291591	3.624886	166.276650
10.025043	0.813915	43.874710	1.160421	47.500855	1.291956	58.739295	1.151712	6.884767	1.295706	3.638476	166.351814
10.050043	0.817625	43.884890	1.164492	47.503768	1.296081	58.735853	1.155392	6.916988	1.299821	3.652066	166.426978
10.075043	0.821335	43.895071	1.168563	47.506681	1.300206	58.732412	1.159072	6.949208	1.303936	3.665657	166.502142
10.100043	0.825045	43.905252	1.172634	47.509594	1.304331	58.728971	1.162752	6.981428	1.308051	3.679247	166.577306
10.125043	0.829026	43.915376	1.176960	47.512172	1.308635	58.724932	1.166656	7.013609	1.312392	3.693071	166.652826
10.150043	0.834296	43.925226	1.182500	47.513154	1.313790	58.718040	1.171627	7.045600	1.317806	3.708009	166.730049
10.175044	0.839566	43.935077	1.188040	47.514137	1.318945	58.711149	1.176597	7.077591	1.323221	3.722948	166.807271
10.200044	0.844836	43.944928	1.193580	47.515120	1.324100	58.704257	1.181568	7.109582	1.328636	3.737886	166.884493
10.225044	0.850105	43.954779	1.199120	47.516102	1.329255	58.697365	1.186538	7.141573	1.334051	3.752825	166.961714
10.250044	0.855375	43.964630	1.204660	47.517085	1.334411	58.690474	1.191509	7.173564	1.339465	3.767764	167.038936
10.275044	0.860645	43.974480	1.210200	47.518067	1.339566	58.683582	1.196480	7.205555	1.344880	3.782702	167.116158
10.300044	0.865915	43.984331	1.215740	47.519050	1.344721	58.676691	1.201450	7.237546	1.350295	3.797640	167.193380
10.325044	0.871185	43.994182	1.221280	47.520032	1.349876	58.669799	1.206421	7.269537	1.355709	3.812579	167.270601
10.350044	0.876455	44.004033	1.226820	47.521015	1.355031	58.662907	1.211391	7.301529	1.361124	3.827517	167.347823
10.375044	0.881590	44.013798	1.232246	47.521727	1.360127	58.655718	1.216299	7.334256	1.366465	3.842741	167.424967
10.400045	0.886079	44.023155	1.237126	47.521150	1.364937	58.647113	1.220909	7.370496	1.371455	3.859323	167.501741
10.425045	0.890567	44.032512	1.242006	47.520572	1.369747	58.638507	1.225518	7.406735	1.376446	3.875905	167.578515
10.450045	0.895056	44.041869	1.246886	47.519994	1.374557	58.629901	1.230128	7.442975	1.381436	3.892487	167.655289
10.475045	0.899545	44.051225	1.251766	47.519417	1.379367	58.621295	1.234737	7.479215	1.386426	3.909069	167.732063
10.500045	0.904034	44.060582	1.256646	47.518839	1.384177	58.612690	1.239347	7.515454	1.391417	3.925651	167.808837
10.525045	0.908523	44.069939	1.261526	47.518262	1.388987	58.604084	1.243957	7.551694	1.396407	3.942233	167.885611
10.550045	0.913012	44.079296	1.266406	47.517684	1.393797	58.595478	1.248566	7.587933	1.401398	3.958815	167.962385
10.575045	0.917500	44.088653	1.271286	47.517107	1.398608	58.586872	1.253176	7.624173	1.406388	3.975397	168.039159
10.600045	0.921989	44.098009	1.276166	47.516529	1.403418	58.578267	1.257786	7.660412	1.411378	3.991979	168.115933
10.625045	0.926452	44.107367	1.281020	47.515752	1.408168	58.569407	1.262363	7.696983	1.416331	4.008608	168.192450
10.650046	0.930792	44.116726	1.285749	47.514024	1.412633	58.559339	1.266783	7.735134	1.421101	4.025458	168.267739
10.675046	0.935132	44.126086	1.290478	47.512296	1.417098	58.549270	1.271203	7.773286	1.425871	4.042308	168.343028
10.700046	0.939472	44.135446	1.295207	47.510568	1.421563	58.539202	1.275623	7.811437	1.430641	4.059158	168.418318
10.725046	0.943813	44.144806	1.299937	47.508840	1.426028	58.529133	1.280043	7.849588	1.435411	4.076009	168.493607
10.750046	0.948153	44.154166	1.304666	47.507112	1.430493	58.519065	1.284463	7.887739	1.440181	4.092859	168.568897
10.775046	0.952493	44.163526	1.309395	47.505385	1.434958	58.508997	1.288883	7.925891	1.444951	4.109709	168.644187
10.800046	0.956833	44.172886	1.314124	47.503657	1.439423	58.498928	1.293303	7.964042	1.449721	4.126560	168.719477
10.825046	0.961173	44.182246	1.318853	47.501929	1.443888	58.488860	1.297723	8.002193	1.454492	4.143410	168.794766
10.850046	0.965513	44.191606	1.323583	47.500201	1.448352	58.478792	1.302143	8.040345	1.459262	4.160260	168.870056
10.875047	0.969985	44.200938	1.328453	47.498371	1.452997	58.468382	1.306692	8.078660	1.464143	4.177299	168.945919
10.900047	0.975086	44.210139	1.333993	47.496053	1.458497	58.456343	1.311852	8.117757	1.469552	4.195240	169.024511
10.925047	0.980187	44.219340	1.339533	47.493736	1.463997	58.444305	1.317012	8.156853	1.474962	4.213180	169.103104
10.950047	0.985288	44.228541	1.345073	47.491418	1.469497	58.432266	1.322172	8.195950	1.480372	4.231120	169.181696
10.975047	0.990389	44.237742	1.350613	47.489100	1.474997	58.420228	1.327332	8.235046	1.485781	4.249061	169.260289
11.000047	0.995490	44.246942	1.356153	47.486783	1.480497	58.408189	1.332492	8.274143	1.491191	4.267001	169.338881
11.025047	1.000591	44.256143	1.361693	47.484465	1.485997	58.396151	1.337652	8.313240	1.496600	4.284941	169.417473
11.050047	1.005692	44.265344	1.367233	47.482147	1.491498	58.384112	1.342812	8.352336	1.502010	4.302881	169.496066
11.075047	1.010793	44.274545	1.372773	47.479829	1.496998	58.372074	1.347973	8.391433	1.507419	4.320822	169.574658
11.100048	1.015894	44.283746	1.378313	47.477512	1.502498	58.360035	1.353133	8.430530	1.512829	4.338762	169.653251
11.125048	1.021211	44.292918	1.384023	47.475262	1.508148	58.347697	1.358483	8.470281	1.518467	4.357127	169.733616
11.150048	1.027560	44.301953	1.390538	47.473334	1.514512	58.333927	1.364744	8.513156	1.525192	4.377514	169.822430
11.175048	1.033909	44.310987	1.397052	47.471406	1.520877	58.320158	1.371004	8.556030	1.531918	4.397901	169.911243
11.200048	1.040258	44.320022	1.403567	47.469479	1.527241	58.306389	1.377264	8.598904	1.538644	4.418288	170.000057
11.225048	1.046607	44.329057	1.410082	47.467551	1.533606	58.292619	1.383524	8.641779	1.545370	4.438676	170.088871
11.250048	1.052956	44.338092	1.416597	47.465623	1.539970	58.278850	1.389784	8.684653	1.552095	4.459063	170.177685
11.275048	1.059305	44.347127	1.423112	47.463695	1.546335	58.265080	1.396044	8.727527	1.558821	4.479451	170.266499
11.300048	1.065654	44.356162	1.429627	47.461768	1.552699	58.251311	1.402304	8.770402	1.565547	4.499838	170.355312
11.325048	1.072003	44.365197	1.436142	47.459840	1.559064	58.237541	1.408564	8.813276	1.572273	4.520225	170.444126
11.350049	1.078352	44.374232	1.442657	47.457912	1.565429	58.223772	1.414824	8.856150	1.578999	4.540613	170.532941
11.375049	1.084513	44.383183	1.449002	47.456895	1.571583	58.209962	1.420893	8.900591	1.585535	4.560857	170.623013
11.400049	1.089773	44.391733	1.454537	47.460212	1.576739	58.195959	1.426048	8.952495	1.591170	4.580417	170.719082
11.425049	1.095033	44.400282	1.460073	47.463530	1.581894	58.181956	1.431203	9.004399	1.596805	4.599977	170.815151
11.450049	1.100293	44.408832	1.465608	47.466847	1.587049	58.167953	1.436358	9.056304	1.602440	4.619538	170.911221
11.475049	1.105553	44.417381	1.471143	47.470165	1.592204	58.153950	1.441513	9.108208	1.608075	4.639098	171.007290
11.500049	1.110813	44.425931	1.476678	47.473483	1.597360	58.139947	1.446668	9.160112	1.613710	4.658659	171.103359
11.525049	1.116073	44.434481	1.482213	47.476800	1.602515	58.125944	1.451822	9.212017	1.619345	4.678219	171.199429
11.550049	1.121333	44.443030	1.487749	47.480118	1.607670	58.111940	1.456977	9.263921	1.624980	4.697779	171.295498
11.575050	1.126593	44.451580	1.493284	47.483435	1.612826	58.097937	1.462132	9.315826	1.630615	4.717340	171.391568
11.600050	1.131853	44.460130	1.498819	47.486753	1.617981	58.083934	1.467287	9.367731	1.636250	4.736900	171.487638
11.625050	1.137463	44.468535	1.504694	47.490945	1.623523	58.069757	1.472826	9.420782	1.642262	4.756745	171.587533
11.650050	1.144739	44.476256	1.512189	47.499297	1.630909	58.054751	1.480191	9.479297	1.650067	4.777946	171.705641
11.675050	1.152015	44.483976	1.519684	47.507649	1.638294	58.039745	1.487556	9.537811	1.657872	4.799146	171.823750
11.700050	1.159291	44.491697	1.527179	47.516001	1.645680	58.024739	1.494922	9.596326	1.665677	4.820346	171.941858
11.725050	1.166567	44.499417	1.534674	47.524353	1.653066	58.009733	1.502287	9.654840	1.673483	4.841547	172.059967
11.750050	1.173843	44.507137	1.542169	47.532705	1.660451	57.994727	1.509652	9.713354	1.681288	4.862747	172.178075
11.775050	1.181119	44.514858	1.549664	47.541058	1.667837	57.979721	1.517017	9.771869	1.689093	4.883948	172.296183
11.800051	1.188395	44.522578	1.557159	47.549410	1.675222	57.964715	1.524383	9.830383	1.696898	4.905148	172.414291
11.825051	1.195671	44.530299	1.564654	47.557762	1.682608	57.949709	1.531748	9.888897	1.704704	4.926348	172.532399
11.850051	1.202947	44.538019	1.572149	47.566114	1.689994	57.934703	1.539113	9.947411	1.712509	4.947549	172.650507
11.875051	1.210063	44.545597	1.579530	47.574500	1.697261	57.919399	1.546286	10.009705	1.720202	4.969315	172.771858
11.900051	1.216417	44.552498	1.586370	47.583047	1.703966	57.902674	1.552546	10.089988	1.727363	4.993775	172.908646
11.925051	1.222771	44.559400	1.593211	47.591594	1.710670	57.885949	1.558807	10.170272	1.734524	5.018236	173.045433
11.950051	1.229125	44.566301	1.600051	47.600142	1.717375	57.869225	1.565067	10.250556	1.741685	5.042696	173.182221
11.975051	1.235479	44.573202	1.606891	47.608689	1.724080	57.852500	1.571327	10.330839	1.748846	5.067157	173.319009
12.000051	1.241833	44.580103	1.613731	47.617236	1.730784	57.835776	1.577587	10.411123	1.756007	5.091617	173.455796
12.025051	1.248187	44.587004	1.620571	47.625783	1.737489	57.819051	1.583847	10.491406	1.763168	5.116078	173.592584
12.050052	1.254541	44.593905	1.627411	47.634330	1.744194	57.802327	1.590107	10.571690	1.770329	5.140538	173.729371
12.075052	1.260895	44.600806	1.634251	47.642878	1.750899	57.785602	1.596367	10.651973	1.777490	5.164998	173.866158
12.100052	1.267249	44.607707	1.641091	47.651425	1.757603	57.768877	1.602627	10.732256	1.784651	5.189459	174.002946
12.125052	1.273629	44.614580	1.647903	47.659871	1.764248	57.751895	1.608952	10.819689	1.791773	5.214059	174.146598
12.150052	1.280129	44.621321	1.654583	47.667838	1.770603	57.733687	1.615582	10.941154	1.798708	5.239322	174.322926
12.175052	1.286629	44.628061	1.661263	47.675806	1.776959	57.715479	1.622212	11.062618	1.805643	5.264585	174.499253
12.200052	1.293129	44.634802	1.667942	47.683773	1.783314	57.697271	1.628842	11.184082	1.812578	5.289848	174.675580
12.225052	1.299629	44.641542	1.674622	47.691740	1.789670	57.679063	1.635472	11.305546	1.819513	5.315111	174.851907
12.250052	1.306129	44.648283	1.681301	47.699707	1.796025	57.660855	1.642102	11.427009	1.826448	5.340374	175.028233
12.275053	1.312629	44.655023	1.687981	47.707674	1.802380	57.642647	1.648732	11.548473	1.833383	5.365636	175.204559
12.300053	1.319129	44.661764	1.694661	47.715641	1.808736	57.624439	1.655362	11.669936	1.840318	5.390899	175.380885
12.325053	1.325629	44.668505	1.701340	47.723608	1.815091	57.606231	1.661992	11.791399	1.847253	5.416162	175.557211
12.350053	1.332129	44.675245	1.708020	47.731575	1.821447	57.588022	1.668622	11.912862	1.854188	5.441425	175.733536
12.375053	1.338817	44.681984	1.714869	47.739473	1.828011	57.569642	1.675348	12.055463	1.861311	5.466877	175.931797
12.400053	1.346397	44.688716	1.722525	47.747045	1.835571	57.550444	1.682528	12.298646	1.869325	5.493230	176.234428
12.425053	1.353978	44.695447	1.730181	47.754617	1.843132	57.531245	1.689708	12.541827	1.877339	5.519583	176.537058
12.450053	1.361559	44.702179	1.737837	47.762189	1.850692	57.512046	1.696888	12.785008	1.885354	5.545936	176.839687
12.475053	1.369139	44.708911	1.745492	47.769761	1.858252	57.492848	1.704068	13.028188	1.893368	5.572289	177.142314
12.500054	1.376720	44.715642	1.753148	47.777333	1.865812	57.473649	1.711248	13.271366	1.901382	5.598641	177.444941
12.525054	1.384301	44.722373	1.760804	47.784904	1.873372	57.454450	1.718428	13.514544	1.909397	5.624994	177.747566
12.550054	1.391881	44.729105	1.768459	47.792476	1.880932	57.435251	1.725608	13.757720	1.917411	5.651347	178.050191
12.575054	1.399462	44.735836	1.776115	47.800048	1.888492	57.416052	1.732788	14.000896	1.925425	5.677699	178.352814
12.600054	1.407043	44.742568	1.783770	47.807620	1.896052	57.396853	1.739967	14.244070	1.933440	5.704052	178.655436
12.625054	1.414840	44.749242	1.791653	47.815023	1.903791	57.377313	1.747436	14.555806	1.941718	5.731068	179.027890
12.650054	1.423670	44.755643	1.800618	47.821624	1.912381	57.356150	1.756276	15.193662	1.951253	5.761241	179.732518
12.675054	1.432499	44.762045	1.809583	47.828225	1.920971	57.334986	1.765116	15.831512	1.960788	5.791414	180.437138
12.700054	1.441328	44.768446	1.818547	47.834826	1.929562	57.313822	1.773956	16.469355	1.970323	5.821586	181.141752
12.725054	1.450158	44.774847	1.827512	47.841428	1.938152	57.292659	1.782796	17.107191	1.979858	5.851759	181.846358
12.750055	1.458987	44.781249	1.836477	47.848029	1.946742	57.271495	1.791636	17.745020	1.989393	5.881932	182.550958
12.775055	1.467816	44.787650	1.845441	47.854630	1.955332	57.250331	1.800476	18.382843	1.998928	5.912105	183.255552
12.800055	1.476646	44.794051	1.854406	47.861231	1.963922	57.229167	1.809316	19.020658	2.008463	5.942277	183.960138
12.825055	1.485475	44.800453	1.863371	47.867832	1.972512	57.208004	1.818156	19.658467	2.017998	5.972450	184.664717
12.850055	1.494305	44.806854	1.872335	47.874433	1.981102	57.186840	1.826996	20.296270	2.027533	6.002623	185.369290
12.875055	1.502945	44.813198	1.881100	47.880832	1.989545	57.165504	1.835614	21.230793	2.036843	6.032607	186.368980
12.900055	1.510685	44.819269	1.888916	47.886274	1.997284	57.143349	1.843174	23.576336	2.045083	6.061690	188.772061
12.925055	1.518425	44.825341	1.896731	47.891716	2.005024	57.121195	1.850734	25.921881	2.053323	6.090773	191.175144
12.950055	1.526165	44.831412	1.904546	47.897158	2.012764	57.099041	1.858295	28.267427	2.061563	6.119856	193.578228
12.975056	1.533905	44.837483	1.912361	47.902601	2.020504	57.076887	1.865855	30.612975	2.069803	6.148939	195.981313
13.000056	1.541645	44.843554	1.920177	47.908043	2.028244	57.054732	1.873415	32.958525	2.078043	6.178023	198.384401
13.025056	1.549385	44.849626	1.927992	47.913485	2.035983	57.032578	1.880976	35.304076	2.086283	6.207106	200.787490
13.050056	1.557125	44.855697	1.935807	47.918927	2.043723	57.010423	1.888536	37.649629	2.094524	6.236189	203.190580
13.075056	1.564865	44.861768	1.943623	47.924369	2.051463	56.988269	1.896096	39.995183	2.102764	6.265272	205.593672
13.100056	1.572605	44.867839	1.951438	47.929811	2.059203	56.966114	1.903657	42.340739	2.111004	6.294356	207.996766
13.125056	1.580481	44.873914	1.959423	47.935187	2.067031	56.943707	1.911375	44.390683	2.119433	6.323863	210.105096
13.150056	1.589000	44.880004	1.968219	47.940249	2.075276	56.920096	1.919845	45.035329	2.128759	6.355383	210.812160
13.175056	1.597520	44.886095	1.977014	47.945311	2.083521	56.896486	1.928316	45.679982	2.138086	6.386904	211.519233
13.200056	1.606039	44.892186	1.985809	47.950373	2.091767	56.872875	1.936786	46.324642	2.147412	6.418424	212.226312
13.225057	1.614559	44.898276	1.994604	47.955435	2.100012	56.849265	1.945256	46.969310	2.156739	6.449944	212.933400
13.250057	1.623078	44.904367	2.003399	47.960497	2.108257	56.825654	1.953726	47.613986	2.166065	6.481465	213.640495
13.275057	1.631598	44.910458	2.012194	47.965559	2.116503	56.802044	1.962196	48.258669	2.175392	6.512985	214.347597
13.300057	1.640117	44.916549	2.020989	47.970621	2.124748	56.778433	1.970666	48.903360	2.184718	6.544506	215.054707
13.325057	1.648637	44.922639	2.029784	47.975683	2.132993	56.754823	1.979136	49.548058	2.194045	6.576026	215.761825
13.350057	1.657157	44.928730	2.038579	47.980745	2.141239	56.731212	1.987606	50.192764	2.203372	6.607547	216.468950
13.375057	1.665942	44.934732	2.047628	47.985503	2.149843	56.707345	1.996396	50.767866	2.212998	6.639919	217.108172
13.400057	1.675993	44.940313	2.057883	47.988816	2.160153	56.682254	2.006706	51.012149	2.224046	6.676339	217.424654
13.425057	1.686044	44.945894	2.068139	47.992128	2.170463	56.657164	2.017016	51.256434	2.235095	6.712760	217.741137
13.450058	1.696094	44.951475	2.078394	47.995441	2.180773	56.632074	2.027327	51.500719	2.246144	6.749180	218.057622
13.475058	1.706145	44.957056	2.088649	47.998754	2.191084	56.606984	2.037637	51.745006	2.257193	6.785601	218.374108
13.500058	1.716195	44.962637	2.098905	48.002067	2.201394	56.581894	2.047947	51.989294	2.268242	6.822021	218.690595
13.525058	1.726246	44.968218	2.109160	48.005379	2.211704	56.556803	2.058257	52.233583	2.279291	6.858442	219.007084
13.550058	1.736296	44.973799	2.119416	48.008692	2.222014	56.531713	2.068567	52.477874	2.290340	6.894862	219.323573
13.575058	1.746347	44.979380	2.129671	48.012005	2.232324	56.506623	2.078877	52.722166	2.301389	6.931283	219.640064
13.600058	1.756397	44.984961	2.139927	48.015318	2.242634	56.481533	2.089187	52.966459	2.312437	6.967703	219.956556
13.625058	1.766559	44.990486	2.150241	48.018532	2.252976	56.456570	2.099531	53.188939	2.323563	7.004454	220.251852
13.650058	1.777248	44.995747	2.160836	48.021275	2.263466	56.432212	2.110037	53.307779	2.335055	7.042778	220.446434
13.675059	1.787938	45.001008	2.171431	48.024019	2.273957	56.407855	2.120542	53.426620	2.346546	7.081102	220.641018
13.700059	1.798628	45.006269	2.182026	48.026763	2.284447	56.383497	2.131048	53.545461	2.358038	7.119425	220.835601
13.725059	1.809317	45.011530	2.192620	48.029506	2.294937	56.359140	2.141553	53.664303	2.369529	7.157749	221.030185
13.750059	1.820007	45.016791	2.203215	48.032250	2.305428	56.334782	2.152059	53.783145	2.381021	7.196073	221.224770
13.775059	1.830697	45.022052	2.213810	48.034994	2.315918	56.310424	2.162564	53.901987	2.392512	7.234396	221.419355
13.800059	1.841386	45.027313	2.224405	48.037738	2.326409	56.286067	2.173070	54.020829	2.404004	7.272720	221.613940
13.825059	1.852076	45.032574	2.235000	48.040481	2.336899	56.261709	2.183575	54.139672	2.415496	7.311044	221.808526
13.850059	1.862766	45.037835	2.245595	48.043225	2.347390	56.237351	2.194081	54.258515	2.426987	7.349368	222.003113
13.875059	1.873508	45.043126	2.256273	48.045866	2.357937	56.213208	2.204681	54.369681	2.438592	7.388116	222.190989
13.900059	1.884498	45.048557	2.267349	48.048020	2.368757	56.190082	2.215731	54.444384	2.450732	7.428881	222.346992
13.925060	1.895489	45.053988	2.278424	48.050173	2.379577	56.166957	2.226781	54.519087	2.462872	7.469647	222.502995
13.950060	1.906479	45.059419	2.289499	48.052326	2.390397	56.143831	2.237832	54.593791	2.475012	7.510412	222.658999
13.975060	1.917470	45.064850	2.300575	48.054479	2.401217	56.120706	2.248882	54.668494	2.487152	7.551178	222.815002
14.000060	1.928460	45.070280	2.311650	48.056632	2.412037	56.097581	2.259932	54.743198	2.499293	7.591943	222.971006
14.025060	1.939450	45.075711	2.322725	48.058785	2.422857	56.074455	2.270982	54.817902	2.511433	7.632709	223.127010
14.050060	1.950441	45.081142	2.333801	48.060938	2.433677	56.051330	2.282032	54.892605	2.523573	7.673474	223.283014
14.075060	1.961431	45.086573	2.344876	48.063091	2.444497	56.028204	2.293083	54.967310	2.535713	7.714240	223.439018
14.100060	1.972422	45.092004	2.355951	48.065245	2.455317	56.005079	2.304133	55.042014	2.547854	7.755005	223.595023
14.125060	1.983682	45.097349	2.367282	48.067296	2.466378	55.981869	2.315375	55.112348	2.560220	7.796810	223.748608
14.150061	1.996221	45.102280	2.379827	48.068863	2.478583	55.958258	2.327530	55.161933	2.573660	7.843550	223.890707
14.175061	2.008761	45.107211	2.392372	48.070430	2.490788	55.934648	2.339686	55.211518	2.587100	7.890291	224.032806
14.200061	2.021301	45.112142	2.404917	48.071997	2.502994	55.911037	2.351841	55.261104	2.600541	7.937032	224.174905
14.225061	2.033841	45.117073	2.417463	48.073565	2.515199	55.887427	2.363997	55.310689	2.613981	7.983772	224.317005
14.250061	2.046380	45.122004	2.430008	48.075132	2.527405	55.863816	2.376152	55.360275	2.627421	8.030513	224.459104
14.275061	2.058920	45.126935	2.442553	48.076699	2.539610	55.840205	2.388307	55.409860	2.640861	8.077254	224.601204
14.300061	2.071460	45.131866	2.455098	48.078266	2.551815	55.816595	2.400463	55.459446	2.654301	8.123994	224.743304
14.325061	2.084000	45.136797	2.467643	48.079833	2.564021	55.792984	2.412618	55.509032	2.667742	8.170735	224.885404
14.350061	2.096540	45.141728	2.480188	48.081400	2.576226	55.769374	2.424773	55.558618	2.681182	8.217475	225.027504
14.375062	2.108919	45.146603	2.492534	48.082729	2.588281	55.745547	2.436864	55.604030	2.694471	8.264975	225.164953
14.400062	2.120533	45.151214	2.503934	48.082925	2.599621	55.720694	2.448649	55.629630	2.707041	8.316077	225.280321
14.425062	2.132148	45.155826	2.515334	48.083122	2.610962	55.695841	2.460434	55.655231	2.719611	8.367180	225.395688
14.450062	2.143763	45.160437	2.526735	48.083318	2.622302	55.670989	2.472219	55.680831	2.732181	8.418282	225.511056
14.475062	2.155378	45.165048	2.538135	48.083515	2.633642	55.646136	2.484004	55.706431	2.744752	8.469385	225.626424
14.500062	2.166992	45.169659	2.549535	48.083711	2.644982	55.621283	2.495789	55.732031	2.757322	8.520487	225.741792
14.525062	2.178607	45.174271	2.560935	48.083907	2.656323	55.596430	2.507574	55.757631	2.769892	8.571590	225.857160
14.550062	2.190222	45.178882	2.572336	48.084104	2.667663	55.571577	2.519359	55.783231	2.782462	8.622692	225.972528
14.575062	2.201837	45.183493	2.583736	48.084300	2.679003	55.546724	2.531144	55.808831	2.795032	8.673795	226.087896
14.600062	2.213451	45.188105	2.595136	48.084497	2.690343	55.521871	2.542929	55.834431	2.807603	8.724898	226.203264
14.625063	2.225362	45.192742	2.606848	48.084729	2.701952	55.496974	2.554939	55.856243	2.820551	8.778077	226.318417
14.650063	2.238678	45.197503	2.620038	48.085131	2.714837	55.471868	2.568014	55.860077	2.835291	8.841111	226.432548
14.675063	2.251993	45.202264	2.633228	48.085533	2.727722	55.446762	2.581088	55.863912	2.850031	8.904145	226.546679
14.700063	2.265308	45.207025	2.646418	48.085935	2.740607	55.421656	2.594163	55.867747	2.864771	8.967179	226.660810
14.725063	2.278624	45.211786	2.659608	48.086338	2.753492	55.396550	2.607237	55.871582	2.879511	9.030213	226.774942
14.750063	2.291939	45.216547	2.672798	48.086740	2.766377	55.371444	2.620312	55.875417	2.894252	9.093247	226.889073
14.775063	2.305254	45.221308	2.685988	48.087142	2.779262	55.346338	2.633386	55.879252	2.908992	9.156281	227.003204
14.800063	2.318570	45.226069	2.699178	48.087544	2.792147	55.321232	2.646461	55.883087	2.923732	9.219315	227.117335
14.825063	2.331885	45.230830	2.712368	48.087947	2.805032	55.296126	2.659535	55.886922	2.938472	9.282349	227.231466
14.850064	2.345200	45.235591	2.725558	48.088349	2.817917	55.271019	2.672610	55.890757	2.953213	9.345383	227.345596
14.875064	2.358838	45.240409	2.739034	48.088580	2.831132	55.245828	2.686006	55.893390	2.968255	9.413192	227.464664
14.900064	2.374009	45.245500	2.753864	48.088001	2.845912	55.220232	2.700927	55.890318	2.984730	9.503657	227.607149
14.925064	2.389179	45.250591	2.768695	48.087422	2.860692	55.194635	2.715848	55.887246	3.001205	9.594122	227.749634
14.950064	2.404349	45.255682	2.783525	48.086843	2.875472	55.169039	2.730769	55.884173	3.017680	9.684587	227.892119
14.975064	2.419519	45.260773	2.798356	48.086264	2.890252	55.143443	2.745690	55.881101	3.034155	9.775052	228.034604
15.000064	2.434689	45.265864	2.813186	48.085685	2.905032	55.117846	2.760611	55.878029	3.050630	9.865516	228.177089
15.025064	2.449860	45.270954	2.828016	48.085107	2.919813	55.092250	2.775532	55.874957	3.067105	9.955981	228.319574
15.050064	2.465030	45.276045	2.842847	48.084528	2.934593	55.066653	2.790453	55.871885	3.083580	10.046446	228.462059
15.075065	2.480200	45.281136	2.857677	48.083948	2.949373	55.041057	2.805374	55.868812	3.100055	10.136910	228.604543
15.100065	2.495370	45.286227	2.872508	48.083369	2.964153	55.015460	2.820295	55.865740	3.116531	10.227375	228.747028
15.125065	2.510540	45.291347	2.887364	48.082891	2.978933	54.989862	2.835312	55.861843	3.133006	10.327060	228.898159
15.150065	2.525710	45.296608	2.902345	48.082891	2.993714	54.964261	2.850782	55.854031	3.149481	10.470476	229.090299
15.175065	2.540881	45.301869	2.917325	48.082891	3.008494	54.938659	2.866252	55.846219	3.165956	10.613893	229.282439
15.200065	2.556051	45.307130	2.932305	48.082890	3.023274	54.913058	2.881722	55.838407	3.182432	10.757309	229.474578
15.225065	2.571221	45.312391	2.947285	48.082890	3.038054	54.887456	2.897192	55.830595	3.198907	10.900725	229.666717
15.250065	2.586391	45.317653	2.962266	48.082890	3.052834	54.861855	2.912663	55.822782	3.215383	11.044141	229.858856
15.275065	2.601561	45.322914	2.977246	48.082889	3.067615	54.836253	2.928133	55.814970	3.231858	11.187556	230.050995
15.300065	2.616732	45.328175	2.992226	48.082889	3.082395	54.810651	2.943603	55.807158	3.248333	11.330972	230.243133
15.325066	2.631902	45.333436	3.007206	48.082888	3.097175	54.785049	2.959073	55.799346	3.264809	11.474387	230.435272
15.350066	2.647072	45.338697	3.022187	48.082888	3.111955	54.759448	2.974543	55.791534	3.281284	11.617802	230.627410
15.375066	2.662430	45.344015	3.037365	48.082822	3.126914	54.733891	2.990140	55.783062	3.298062	11.787573	230.846275
15.400066	2.678680	45.349606	3.053485	48.082450	3.142719	54.708546	3.006339	55.771459	3.316272	12.082304	231.191861
15.425066	2.694931	45.355197	3.069605	48.082077	3.158524	54.683202	3.022537	55.759857	3.334482	12.377033	231.537445
15.450066	2.711181	45.360788	3.085725	48.081704	3.174329	54.657858	3.038735	55.748254	3.352693	12.671762	231.883029
15.475066	2.727431	45.366379	3.101845	48.081331	3.190134	54.632514	3.054933	55.736652	3.370903	12.966490	232.228612
15.500066	2.743681	45.371970	3.117965	48.080958	3.205939	54.607170	3.071132	55.725049	3.389113	13.261216	232.574193
15.525066	2.759931	45.377561	3.134085	48.080585	3.221744	54.581825	3.087330	55.713446	3.407323	13.555942	232.919774
15.550067	2.776181	45.383152	3.150205	48.080213	3.237549	54.556481	3.103528	55.701844	3.425533	13.850667	233.265354
15.575067	2.792431	45.388743	3.166325	48.079840	3.253354	54.531137	3.119726	55.690241	3.443744	14.145391	233.610932
15.600067	2.808681	45.394334	3.182444	48.079467	3.269159	54.505793	3.135924	55.678639	3.461954	14.440114	233.956510
15.625067	2.825446	45.399781	3.199049	48.078923	3.285535	54.480318	3.152670	55.666419	3.480692	14.818965	234.387797
15.650067	2.844646	45.404542	3.217949	48.077568	3.304616	54.454226	3.172011	55.651274	3.501932	15.596563	235.225326
15.675067	2.863846	45.409302	3.236849	48.076214	3.323697	54.428134	3.191352	55.636129	3.523173	16.374154	236.062850
15.700067	2.883046	45.414063	3.255749	48.074859	3.342778	54.402041	3.210693	55.620984	3.544413	17.151740	236.900367
15.725067	2.902247	45.418823	3.274649	48.073505	3.361859	54.375949	3.230034	55.605839	3.565653	17.929320	237.737879
15.750067	2.921447	45.423584	3.293550	48.072150	3.380940	54.349857	3.249375	55.590694	3.586893	18.706893	238.575384
15.775068	2.940647	45.428345	3.312450	48.070796	3.400021	54.323765	3.268717	55.575550	3.608134	19.484461	239.412883
15.800068	2.959848	45.433105	3.331350	48.069441	3.419102	54.297672	3.288058	55.560405	3.629374	20.262023	240.250377
15.825068	2.979048	45.437866	3.350250	48.068086	3.438183	54.271580	3.307399	55.545260	3.650614	21.039578	241.087864
15.850068	2.998249	45.442626	3.369150	48.066732	3.457264	54.245487	3.326740	55.530115	3.671854	21.817128	241.925345
15.875068	3.017179	45.447188	3.387795	48.065039	3.476045	54.219010	3.345858	55.514224	3.692868	22.954047	243.119253
15.900068	3.034829	45.450809	3.405225	48.061745	3.493406	54.190711	3.363915	55.494799	3.712808	25.793822	246.002069
15.925068	3.052479	45.454430	3.422656	48.058450	3.510767	54.162411	3.381972	55.475373	3.732749	28.633599	248.884887
15.950068	3.070130	45.458051	3.440087	48.055156	3.528128	54.134112	3.400029	55.455947	3.752689	31.473378	251.767707
15.975068	3.087780	45.461672	3.457517	48.051862	3.545489	54.105812	3.418087	55.436522	3.772629	34.313159	254.650529
16.000068	3.105430	45.465293	3.474948	48.048567	3.562850	54.077513	3.436144	55.417096	3.792569	37.152942	257.533353
16.025069	3.123080	45.468914	3.492379	48.045273	3.580211	54.049213	3.454201	55.397670	3.812510	39.992727	260.416179
16.050069	3.140731	45.472535	3.509809	48.041978	3.597573	54.020914	3.472258	55.378245	3.832450	42.832514	263.299006
16.075069	3.158381	45.476156	3.527240	48.038684	3.614934	53.992614	3.490316	55.358819	3.852390	45.672302	266.181835
16.100069	3.176031	45.479777	3.544671	48.035389	3.632295	53.964314	3.508373	55.339393	3.872330	48.512093	269.064667
16.125069	3.194167	45.483340	3.562640	48.031995	3.650193	53.936100	3.526974	55.319266	3.892914	50.992225	271.589814
16.150069	3.214602	45.486631	3.583160	48.028127	3.670632	53.908291	3.548148	55.295818	3.916547	51.768661	272.420617
16.175069	3.235037	45.489922	3.603681	48.024259	3.691072	53.880481	3.569323	55.272370	3.940179	52.545104	273.251426
16.200069	3.255472	45.493213	3.624201	48.020391	3.711511	53.852671	3.590497	55.248922	3.963812	53.321554	274.082243
16.225069	3.275907	45.496504	3.644721	48.016522	3.731951	53.824862	3.611671	55.225474	3.987444	54.098010	274.913066
16.250070	3.296342	45.499795	3.665241	48.012654	3.752390	53.797052	3.632845	55.202026	4.011077	54.874474	275.743897
16.275070	3.316777	45.503086	3.685762	48.008786	3.772829	53.769242	3.654020	55.178578	4.034709	55.650945	276.574734
16.300070	3.337213	45.506377	3.706282	48.004918	3.793269	53.741432	3.675194	55.155130	4.058342	56.427422	277.405578
16.325070	3.357648	45.509668	3.726802	48.001050	3.813708	53.713623	3.696368	55.131682	4.081974	57.203907	278.236429
16.350070	3.378083	45.512959	3.747322	47.997182	3.834148	53.685813	3.717542	55.108234	4.105607	57.980398	279.067287
16.375070	3.398842	45.516193	3.768158	47.993213	3.854918	53.657963	3.739039	55.084455	4.129540	58.671027	279.813348
16.400070	3.421138	45.519153	3.790483	47.988772	3.877259	53.629921	3.762066	55.059112	4.154898	58.955017	280.157819
16.425070	3.443433	45.522114	3.812809	47.984330	3.899599	53.601879	3.785092	55.033769	4.180256	59.239009	280.502291
16.450070	3.465728	45.525075	3.835135	47.979888	3.921939	53.573837	3.808118	55.008426	4.205614	59.523003	280.846764
16.475071	3.488024	45.528036	3.857460	47.975447	3.944280	53.545796	3.831145	54.983082	4.230972	59.806997	281.191238
16.500071	3.510319	45.530997	3.879786	47.971005	3.966620	53.517754	3.854171	54.957739	4.256330	60.090993	281.535714
16.525071	3.532615	45.533958	3.902112	47.966563	3.988960	53.489712	3.877197	54.932396	4.281688	60.374989	281.880191
16.550071	3.554910	45.536919	3.924437	47.962121	4.011301	53.461670	3.900224	54.907052	4.307046	60.658987	282.224669
16.575071	3.577206	45.539880	3.946763	47.957680	4.033641	53.433629	3.923250	54.881709	4.332404	60.942987	282.569148
16.600071	3.599501	45.542841	3.969089	47.953238	4.055981	53.405587	3.946277	54.856365	4.357762	61.226987	282.913629
16.625071	3.621906	45.545719	3.991527	47.948693	4.078504	53.377414	3.969463	54.830569	4.383313	61.482910	283.230017
16.650071	3.644826	45.548200	4.014498	47.943654	4.101891	53.348619	3.993409	54.802629	4.409773	61.605904	283.413404
16.675071	3.667747	45.550682	4.037469	47.938616	4.125278	53.319824	4.017354	54.774689	4.436233	61.728898	283.596791
16.700071	3.690668	45.553163	4.060440	47.933578	4.148665	53.291030	4.041300	54.746749	4.462693	61.851893	283.780179
16.725072	3.713589	45.555645	4.083411	47.928540	4.172052	53.262235	4.065245	54.718809	4.489153	61.974887	283.963567
16.750072	3.736510	45.558127	4.106382	47.923502	4.195439	53.233440	4.089191	54.690868	4.515613	62.097883	284.146956
16.775072	3.759431	45.560608	4.129353	47.918464	4.218827	53.204645	4.113136	54.662928	4.542074	62.220878	284.330345
16.800072	3.782352	45.563090	4.152324	47.913426	4.242214	53.175850	4.137082	54.634988	4.568534	62.343874	284.513734
16.825072	3.805273	45.565572	4.175295	47.908388	4.265601	53.147055	4.161027	54.607048	4.594994	62.466870	284.697124
16.850072	3.828194	45.568053	4.198267	47.903350	4.288988	53.118260	4.184973	54.579108	4.621455	62.589866	284.880514
16.875072	3.851409	45.570474	4.221549	47.898213	4.312701	53.089381	4.209303	54.550876	4.648402	62.700009	285.052316
16.900072	3.876014	45.572604	4.246304	47.892606	4.337956	53.060101	4.235453	54.521262	4.677655	62.749313	285.169269
16.925072	3.900619	45.574734	4.271059	47.887000	4.363211	53.030821	4.261603	54.491649	4.706908	62.798618	285.286222
16.950073	3.925223	45.576865	4.295815	47.881393	4.388465	53.001540	4.287754	54.462035	4.736161	62.847924	285.403175
16.975073	3.949828	45.578995	4.320570	47.875787	4.413720	52.972260	4.313904	54.432422	4.765414	62.897229	285.520128
17.000073	3.974433	45.581125	4.345325	47.870181	4.438974	52.942980	4.340054	54.402808	4.794666	62.946535	285.637082
17.025073	3.999038	45.583255	4.370080	47.864575	4.464229	52.913700	4.366205	54.373194	4.823919	62.995841	285.754035
17.050073	4.023643	45.585386	4.394835	47.858968	4.489483	52.884420	4.392355	54.343581	4.853172	63.045147	285.870989
17.075073	4.048248	45.587516	4.419591	47.853362	4.514738	52.855139	4.418505	54.313967	4.882425	63.094453	285.987943
17.100073	4.072852	45.589646	4.444346	47.847756	4.539992	52.825859	4.444656	54.284353	4.911678	63.143759	286.104897
17.125073	4.098162	45.591780	4.469870	47.842114	4.566029	52.796622	4.471642	54.254576	4.941841	63.182435	286.215071
17.150073	4.126808	45.593932	4.499031	47.836306	4.595765	52.767590	4.502582	54.224028	4.976314	63.170810	286.293166
17.175074	4.155454	45.596084	4.528192	47.830498	4.625501	52.738558	4.533522	54.193479	5.010787	63.159185	286.371261
17.200074	4.184100	45.598235	4.557354	47.824690	4.655237	52.709526	4.564463	54.162931	5.045260	63.147561	286.449357
17.225074	4.212746	45.600387	4.586515	47.818882	4.684974	52.680495	4.595403	54.132382	5.079733	63.135936	286.527452
17.250074	4.241392	45.602539	4.615676	47.813074	4.714710	52.651463	4.626343	54.101833	5.114206	63.124311	286.605548
17.275074	4.270038	45.604691	4.644837	47.807266	4.744447	52.622431	4.657284	54.071285	5.148679	63.112687	286.683643
17.300074	4.298684	45.606842	4.673998	47.801458	4.774183	52.593399	4.688224	54.040736	5.183152	63.101063	286.761739
17.325074	4.327330	45.608994	4.703160	47.795650	4.803919	52.564367	4.719164	54.010187	5.217625	63.089439	286.839835
17.350074	4.355976	45.611146	4.732321	47.789842	4.833656	52.535335	4.750105	53.979639	5.252098	63.077814	286.917931
17.375074	4.385270	45.613268	4.762165	47.783865	4.864202	52.506087	4.781819	53.948922	5.287403	63.060252	286.993253
17.400074	4.417631	45.615249	4.795236	47.777089	4.898580	52.475816	4.817192	53.917414	5.326646	63.014601	287.055454
17.425075	4.449992	45.617230	4.828307	47.770313	4.932957	52.445546	4.852566	53.885905	5.365889	62.968950	287.117656
17.450075	4.482353	45.619211	4.861379	47.763537	4.967335	52.415276	4.887939	53.854396	5.405132	62.923299	287.179857
17.475075	4.514714	45.621192	4.894450	47.756761	5.001713	52.385005	4.923312	53.822887	5.444375	62.877648	287.242058
17.500075	4.547075	45.623173	4.927521	47.749985	5.036091	52.354735	4.958686	53.791378	5.483619	62.831997	287.304259
17.525075	4.579436	45.625154	4.960593	47.743208	5.070468	52.324464	4.994059	53.759869	5.522862	62.786346	287.366460
17.550075	4.611797	45.627135	4.993664	47.736432	5.104846	52.294194	5.029433	53.728361	5.562105	62.740694	287.428661
17.575075	4.644158	45.629116	5.026736	47.729656	5.139224	52.263923	5.064807	53.696852	5.601348	62.695043	287.490863
17.600075	4.676519	45.631097	5.059807	47.722880	5.173602	52.233653	5.100180	53.665343	5.640591	62.649392	287.553064
17.625075	4.709932	45.633051	5.094073	47.716137	5.209357	52.203514	5.136935	53.633919	5.681575	62.601276	287.619769
17.650076	4.748323	45.634872	5.133984	47.709549	5.251628	52.173997	5.180222	53.602894	5.730789	62.541509	287.707767
17.675076	4.786713	45.636694	5.173895	47.702961	5.293899	52.144480	5.223509	53.571870	5.780002	62.481742	287.795766
17.700076	4.825104	45.638516	5.213807	47.696373	5.336169	52.114963	5.266796	53.540846	5.829216	62.421974	287.883765
17.725076	4.863494	45.640338	5.253718	47.689785	5.378440	52.085446	5.310083	53.509822	5.878430	62.362207	287.971764
17.750076	4.901885	45.642160	5.293630	47.683197	5.420711	52.055929	5.353370	53.478798	5.927643	62.302439	288.059763
17.775076	4.940275	45.643982	5.333542	47.676609	5.462981	52.026413	5.396657	53.447774	5.976857	62.242672	288.147762
17.800076	4.978666	45.645804	5.373453	47.670021	5.505252	51.996896	5.439944	53.416749	6.026071	62.182905	288.235761
17.825076	5.017056	45.647626	5.413365	47.663433	5.547523	51.967379	5.483231	53.385725	6.075285	62.123137	288.323760
17.850076	5.055447	45.649448	5.453276	47.656846	5.589793	51.937862	5.526518	53.354701	6.124498	62.063370	288.411759
17.875077	5.096703	45.651240	5.496398	47.650158	5.635603	51.908385	5.573534	53.323510	6.178021	62.002320	288.515871
17.900077	5.151503	45.652891	5.554697	47.643002	5.698141	51.879094	5.638173	53.291531	6.251913	61.935208	288.696154
17.925077	5.206304	45.654542	5.612996	47.635847	5.760679	51.849803	5.702812	53.259552	6.325805	61.868096	288.876436
17.950077	5.261105	45.656193	5.671295	47.628691	5.823217	51.820513	5.767451	53.227572	6.399698	61.800984	289.056718
17.975077	5.315905	45.657845	5.729594	47.621535	5.885755	51.791222	5.832090	53.195593	6.473590	61.733872	289.237000
18.000077	5.370706	45.659496	5.787892	47.614379	5.948293	51.761931	5.896729	53.163614	6.547482	61.666760	289.417281
18.025077	5.425506	45.661147	5.846191	47.607223	6.010831	51.732640	5.961368	53.131635	6.621374	61.599648	289.597563
18.050077	5.480307	45.662798	5.904490	47.600067	6.073369	51.703350	6.026006	53.099656	6.695266	61.532536	289.777844
18.075077	5.535107	45.664449	5.962789	47.592911	6.135907	51.674059	6.090645	53.067676	6.769158	61.465424	289.958125
18.100077	5.589908	45.666100	6.021087	47.585756	6.198445	51.644768	6.155284	53.035697	6.843049	61.398312	290.138406
18.125078	5.650004	45.667723	6.085358	47.578495	6.267792	51.615823	6.226896	53.003389	6.925306	61.330435	290.351222
18.150078	5.735122	45.669215	6.177850	47.570742	6.369316	51.588512	6.331462	52.969527	7.047096	61.258948	290.717791
18.175078	5.820240	45.670707	6.270342	47.562989	6.470841	51.561201	6.436028	52.935665	7.168885	61.187461	291.084359
18.200078	5.905358	45.672200	6.362835	47.555236	6.572365	51.533890	6.540593	52.901803	7.290674	61.115974	291.450927
18.225078	5.990476	45.673692	6.455327	47.547483	6.673890	51.506579	6.645158	52.867940	7.412463	61.044487	291.817495
18.250078	6.075594	45.675184	6.547819	47.539730	6.775414	51.479269	6.749724	52.834078	7.534251	60.973000	292.184062
18.275078	6.160712	45.676676	6.640311	47.531977	6.876939	51.451958	6.854289	52.800216	7.656040	60.901512	292.550629
18.300078	6.245830	45.678168	6.732803	47.524224	6.978463	51.424647	6.958854	52.766354	7.777829	60.830025	292.917196
18.325078	6.330948	45.679660	6.825295	47.516471	7.079987	51.397336	7.063419	52.732492	7.899618	60.758538	293.283762
18.350079	6.416065	45.681152	6.917787	47.508718	7.181511	51.370025	7.167984	52.698630	8.021406	60.687050	293.650328
18.375079	6.516090	45.682530	7.026843	47.500829	7.301532	51.343056	7.292020	52.664393	8.166636	60.614903	294.108832
18.400079	6.686538	45.683367	7.214157	47.492302	7.508936	51.317705	7.508047	52.628385	8.422608	60.539640	295.001684
18.425079	6.856985	45.684204	7.401471	47.483774	7.716340	51.292354	7.724073	52.592377	8.678579	60.464378	295.894534
18.450079	7.027433	45.685041	7.588784	47.475246	7.923743	51.267003	7.940098	52.556368	8.934551	60.389115	296.787383
18.475079	7.197880	45.685878	7.776098	47.466718	8.131146	51.241652	8.156124	52.520360	9.190521	60.313853	297.680229
18.500079	7.368326	45.686715	7.963410	47.458190	8.338549	51.216301	8.372148	52.484352	9.446491	60.238590	298.573073
18.525079	7.538773	45.687552	8.150723	47.449662	8.545951	51.190950	8.588173	52.448344	9.702461	60.163327	299.465916
18.550079	7.709219	45.688390	8.338035	47.441134	8.753353	51.165599	8.804197	52.412335	9.958430	60.088064	300.358756
18.575080	7.879665	45.689227	8.525346	47.432606	8.960755	51.140247	9.020221	52.376327	10.214399	60.012802	301.251595
18.600080	8.050110	45.690064	8.712658	47.424078	9.168156	51.114896	9.236244	52.340318	10.470367	59.937539	302.144431
18.625080	8.267974	45.690813	8.951764	47.415380	9.432299	51.089505	9.513172	52.304143	10.799797	59.861276	303.326122
18.650080	8.709791	45.691150	9.435495	47.405875	9.964434	51.063922	10.077752	52.267180	11.476181	59.780288	305.872067
18.675080	9.151606	45.691486	9.919223	47.396370	10.496567	51.038340	10.642329	52.230216	12.152561	59.699300	308.417998
18.700080	9.593419	45.691823	10.402949	47.386865	11.028697	51.012758	11.206903	52.193253	12.828939	59.618311	310.963917
18.725080	10.035230	45.692159	10.886673	47.377360	11.560824	50.987175	11.771475	52.156290	13.505312	59.537323	313.509822
18.750080	10.477039	45.692495	11.370395	47.367855	12.092949	50.961593	12.336044	52.119326	14.181683	59.456335	316.055714
18.775080	10.918845	45.692832	11.854114	47.358350	12.625071	50.936011	12.900610	52.082363	14.858050	59.375347	318.601592
18.800080	11.360649	45.693168	12.337830	47.348845	13.157191	50.910429	13.465173	52.045399	15.534414	59.294358	321.147458
18.825081	11.802452	45.693504	12.821545	47.339340	13.689308	50.884846	14.029734	52.008436	16.210775	59.213370	323.693310
18.850081	12.244252	45.693841	13.305257	47.329835	14.221423	50.859264	14.594291	51.971472	16.887132	59.132382	326.239148
18.875081	12.888390	45.693978	14.007539	47.320161	14.989753	50.833551	15.415817	51.934552	17.874808	59.050726	330.009275
18.900081	14.487898	45.693175	15.741829	47.309694	16.873403	50.807219	17.450651	51.897837	20.332416	58.965917	339.560040
18.925081	16.087407	45.692373	17.476120	47.299226	18.757056	50.780888	19.485487	51.861122	22.790026	58.881108	349.110811
18.950081	17.686917	45.691570	19.210412	47.288758	20.640709	50.754557	21.520324	51.824407	25.247637	58.796299	358.661590
18.975081	19.286429	45.690767	20.944706	47.278290	22.524364	50.728225	23.555162	51.787692	27.705250	58.711490	368.212375
19.000081	20.885941	45.689964	22.679000	47.267822	24.408020	50.701894	25.590002	51.750977	30.162865	58.626681	377.763166
19.025081	22.485454	45.689162	24.413296	47.257354	26.291678	50.675563	27.624844	51.714261	32.620481	58.541872	387.313965
19.050082	24.084969	45.688359	26.147594	47.246886	28.175336	50.649231	29.659686	51.677546	35.078099	58.457063	396.864770
19.075082	25.684485	45.687556	27.881892	47.236418	30.058997	50.622900	31.694531	51.640831	37.535719	58.372254	406.415582
19.100082	27.284002	45.686753	29.616192	47.225950	31.942658	50.596568	33.729376	51.604116	39.993341	58.287444	415.966400
19.125082	28.681010	45.685892	31.130503	47.215345	33.587176	50.570061	35.502738	51.567440	42.127717	58.202589	424.270472
19.150082	29.122138	45.684752	31.606425	47.204092	34.102891	50.542726	36.041843	51.530951	42.736305	58.117520	426.689643
19.175082	29.563269	45.683612	32.082350	47.192839	34.618608	50.515391	36.580951	51.494462	43.344898	58.032451	429.108831
19.200082	30.004403	45.682472	32.558278	47.181586	35.134329	50.488056	37.120062	51.457973	43.953495	57.947381	431.528035
19.225082	30.445539	45.681332	33.034209	47.170333	35.650053	50.460720	37.659177	51.421484	44.562096	57.862312	433.947254
19.250082	30.886677	45.680192	33.510143	47.159081	36.165780	50.433385	38.198295	51.384994	45.170702	57.777242	436.366490
19.275082	31.327819	45.679052	33.986079	47.147828	36.681510	50.406049	38.737417	51.348505	45.779311	57.692172	438.785742
19.300083	31.768963	45.677911	34.462019	47.136575	37.197243	50.378714	39.276542	51.312016	46.387925	57.607103	441.205011
19.325083	32.210110	45.676771	34.937962	47.125322	37.712979	50.351378	39.815671	51.275526	46.996543	57.522033	443.624295
19.350083	32.651259	45.675631	35.413907	47.114069	38.228719	50.324042	40.354803	51.239037	47.605165	57.436963	446.043596
19.375083	33.045115	45.674490	35.837776	47.102782	38.687018	50.296710	40.831921	51.202669	48.138091	57.352744	448.169316
19.400083	33.215788	45.673345	36.015893	47.091337	38.874258	50.269393	41.016396	51.166876	48.313802	57.272538	448.909626
19.425083	33.386462	45.672200	36.194011	47.079891	39.061498	50.242077	41.200872	51.131082	48.489514	57.192332	449.649939
19.450083	33.557136	45.671056	36.372129	47.068446	39.248739	50.214760	41.385348	51.095289	48.665226	57.112126	450.390254
19.475083	33.727811	45.669911	36.550248	47.057001	39.435980	50.187443	41.569824	51.059495	48.840939	57.031920	451.130572
19.500083	33.898486	45.668766	36.728367	47.045555	39.623222	50.160126	41.754301	51.023701	49.016653	56.951714	451.870892
19.525084	34.069162	45.667621	36.906486	47.034110	39.810464	50.132810	41.938779	50.987908	49.192368	56.871508	452.611215
19.550084	34.239838	45.666476	37.084607	47.022664	39.997707	50.105493	42.123258	50.952114	49.368083	56.791301	453.351541
19.575084	34.410515	45.665331	37.262727	47.011219	40.184950	50.078176	42.307737	50.916320	49.543799	56.711095	454.091868
19.600084	34.581192	45.664186	37.440848	46.999773	40.372194	50.050859	42.492216	50.880526	49.719516	56.630888	454.832199
19.625084	34.736544	45.663014	37.601875	46.988291	40.540229	50.023583	42.656298	50.844568	49.870807	56.550971	455.476182
19.650084	34.819600	45.661715	37.682260	46.976638	40.617645	49.996502	42.724156	50.807834	49.906873	56.472421	455.665643
19.675084	34.902656	45.660416	37.762645	46.964985	40.695060	49.969420	42.792014	50.771100	49.942939	56.393870	455.855105
19.700084	34.985713	45.659117	37.843029	46.953332	40.772476	49.942338	42.859873	50.734366	49.979005	56.315319	456.044568
19.725084	35.068769	45.657818	37.923414	46.941678	40.849892	49.915256	42.927731	50.697631	50.015072	56.236768	456.234031
19.750085	35.151826	45.656519	38.003800	46.930025	40.927309	49.888175	42.995589	50.660897	50.051138	56.158217	456.423495
19.775085	35.234883	45.655220	38.084185	46.918371	41.004725	49.861093	43.063448	50.624163	50.087205	56.079666	456.612959
19.800085	35.317940	45.653922	38.164570	46.906718	41.082142	49.834011	43.131307	50.587429	50.123271	56.001115	456.802424
19.825085	35.400997	45.652623	38.244956	46.895065	41.159558	49.806929	43.199165	50.550694	50.159338	55.922564	456.991889
19.850085	35.484054	45.651324	38.325341	46.883411	41.236975	49.779847	43.267024	50.513960	50.195405	55.844013	457.181354
19.875085	35.561362	45.649965	38.399276	46.871691	41.307137	49.752592	43.327303	50.477103	50.222322	55.765317	457.334068
19.900085	35.611556	45.648323	38.442786	46.859657	41.343084	49.724526	43.351832	50.439668	50.206085	55.685940	457.313456
19.925085	35.661751	45.646681	38.486296	46.847624	41.379030	49.696459	43.376361	50.402232	50.189847	55.606563	457.292844
19.950085	35.711945	45.645040	38.529806	46.835590	41.414977	49.668392	43.400890	50.364797	50.173610	55.527185	457.272231
19.975085	35.762139	45.643398	38.573316	46.823557	41.450923	49.640325	43.425418	50.327362	50.157373	55.447808	457.251619
20.000086	35.812334	45.641756	38.616826	46.811523	41.486870	49.612258	43.449947	50.289927	50.141136	55.368431	457.231007
20.025086	35.862528	45.640114	38.660336	46.799489	41.522817	49.584191	43.474476	50.252491	50.124899	55.289053	457.210395
20.050086	35.912723	45.638472	38.703846	46.787456	41.558763	49.556124	43.499005	50.215056	50.108662	55.209676	457.189782
20.075086	35.962917	45.636830	38.747356	46.775422	41.594710	49.528056	43.523534	50.177620	50.092425	55.130298	457.169170
20.100086	36.013112	45.635188	38.790866	46.763388	41.630657	49.499989	43.548064	50.140185	50.076188	55.050920	457.148558
20.125086	36.060945	45.633633	38.831697	46.751390	41.663504	49.472180	43.569333	50.102832	50.056268	54.971779	457.113560
20.150086	36.097647	45.632488	38.859894	46.739559	41.681736	49.445588	43.575235	50.065866	50.018980	54.893750	457.010741
20.175086	36.134348	45.631343	38.888091	46.727727	41.699967	49.418995	43.581138	50.028900	49.981692	54.815721	456.907922
20.200086	36.171049	45.630197	38.916288	46.715896	41.718199	49.392403	43.587040	49.991934	49.944404	54.737693	456.805103
20.225087	36.207750	45.629052	38.944485	46.704065	41.736430	49.365810	43.592942	49.954968	49.907116	54.659664	456.702283
20.250087	36.244452	45.627907	38.972683	46.692234	41.754662	49.339217	43.598844	49.918002	49.869828	54.581635	456.599463
20.275087	36.281153	45.626761	39.000880	46.680402	41.772893	49.312625	43.604747	49.881036	49.832540	54.503606	456.496643
20.300087	36.317855	45.625616	39.029077	46.668571	41.791125	49.286032	43.610649	49.844069	49.795252	54.425577	456.393823
20.325087	36.354556	45.624471	39.057274	46.656740	41.809356	49.259439	43.616551	49.807103	49.757964	54.347548	456.291003
20.350087	36.391257	45.623325	39.085472	46.644909	41.827588	49.232847	43.622453	49.770137	49.720676	54.269518	456.188182
20.375087	36.426604	45.622123	39.112213	46.633178	41.844314	49.206387	43.626776	49.733293	49.682439	54.192443	456.079770
20.400087	36.455565	45.620652	39.132094	46.621919	41.853946	49.180554	43.623650	49.697028	49.639727	54.119865	455.945001
20.425087	36.484527	45.619182	39.151975	46.610660	41.863577	49.154721	43.620525	49.660762	49.597015	54.047288	455.810232
20.450088	36.513488	45.617711	39.171856	46.599401	41.873209	49.128888	43.617399	49.624497	49.554303	53.974710	455.675463
20.475088	36.542450	45.616240	39.191737	46.588142	41.882840	49.103055	43.614274	49.588231	49.511592	53.902132	455.540693
20.500088	36.571411	45.614770	39.211618	46.576883	41.892472	49.077222	43.611149	49.551966	49.468880	53.829554	455.405924
20.525088	36.600373	45.613299	39.231499	46.565624	41.902103	49.051389	43.608023	49.515700	49.426168	53.756976	455.271154
20.550088	36.629334	45.611828	39.251379	46.554365	41.911735	49.025556	43.604898	49.479434	49.383456	53.684398	455.136384
20.575088	36.658295	45.610358	39.271260	46.543106	41.921366	48.999723	43.601772	49.443168	49.340744	53.611820	455.001614
20.600088	36.687257	45.608887	39.291141	46.531847	41.930998	48.973890	43.598647	49.406903	49.298032	53.539242	454.866843
20.625088	36.715326	45.607503	39.310110	46.520554	41.939816	48.948269	43.594585	49.370641	49.255167	53.467426	454.729396
20.650088	36.739188	45.606529	39.324781	46.509102	41.944800	48.923646	43.586107	49.334399	49.211585	53.399203	454.579341
20.675088	36.763051	45.605555	39.339452	46.497651	41.949785	48.899023	43.577629	49.298157	49.168003	53.330979	454.429285
20.700089	36.786914	45.604580	39.354123	46.486199	41.954770	48.874400	43.569152	49.261915	49.124420	53.262756	454.279229
20.725089	36.810777	45.603606	39.368794	46.474748	41.959754	48.849777	43.560674	49.225673	49.080838	53.194532	454.129172
20.750089	36.834640	45.602632	39.383464	46.463296	41.964739	48.825153	43.552197	49.189431	49.037256	53.126308	453.979116
20.775089	36.858502	45.601657	39.398135	46.451845	41.969724	48.800530	43.543719	49.153189	48.993673	53.058085	453.829059
20.800089	36.882365	45.600683	39.412806	46.440393	41.974708	48.775907	43.535241	49.116947	48.950091	52.989861	453.679002
20.825089	36.906228	45.599709	39.427477	46.428941	41.979693	48.751283	43.526763	49.080705	48.906508	52.921637	453.528945
20.850089	36.930091	45.598734	39.442148	46.417490	41.984677	48.726660	43.518286	49.044463	48.862925	52.853413	453.378887
20.875089	36.953544	45.597788	39.456392	46.406075	41.989153	48.702127	43.509296	49.008300	48.818927	52.785473	453.227074
20.900089	36.975069	45.596972	39.468624	46.394836	41.991229	48.678018	43.497893	48.972509	48.772968	52.718874	453.066992
20.925090	36.996593	45.596157	39.480857	46.383598	41.993305	48.653910	43.486490	48.936717	48.727009	52.652275	452.906909
20.950090	37.018117	45.595341	39.493089	46.372359	41.995381	48.629802	43.475087	48.900925	48.681049	52.585675	452.746827
20.975090	37.039641	45.594525	39.505322	46.361120	41.997457	48.605693	43.463684	48.865134	48.635090	52.519076	452.586744
21.000090	37.061166	45.593710	39.517555	46.349881	41.999534	48.581585	43.452282	48.829342	48.589131	52.452477	452.426661
21.025090	37.082690	45.592894	39.529787	46.338643	42.001610	48.557476	43.440879	48.793550	48.543172	52.385877	452.266578
21.050090	37.104214	45.592078	39.542020	46.327404	42.003686	48.533368	43.429476	48.757758	48.497213	52.319277	452.106495
21.075090	37.125738	45.591263	39.554253	46.316165	42.005762	48.509260	43.418073	48.721966	48.451254	52.252678	451.946411
21.100090	37.147263	45.590447	39.566485	46.304926	42.007839	48.485151	43.406670	48.686174	48.405294	52.186078	451.786328
21.125090	37.168437	45.589574	39.578290	46.293651	42.009522	48.460998	43.394813	48.650304	48.358993	52.119387	451.623969
21.150091	37.187965	45.588433	39.588081	46.282205	42.009357	48.436635	43.380814	48.614061	48.311080	52.052270	451.450900
21.175091	37.207493	45.587292	39.597872	46.270758	42.009191	48.412271	43.366816	48.577819	48.263167	51.985153	451.277831
21.200091	37.227020	45.586151	39.607663	46.259311	42.009025	48.387908	43.352818	48.541576	48.215253	51.918035	451.104762
21.225091	37.246548	45.585011	39.617454	46.247865	42.008860	48.363544	43.338819	48.505334	48.167340	51.850918	450.931692
21.250091	37.266076	45.583870	39.627245	46.236418	42.008694	48.339181	43.324821	48.469091	48.119427	51.783800	450.758622
21.275091	37.285604	45.582729	39.637036	46.224972	42.008529	48.314817	43.310822	48.432849	48.071513	51.716683	450.585553
21.300091	37.305132	45.581588	39.646827	46.213525	42.008363	48.290454	43.296824	48.396606	48.023600	51.649565	450.412483
21.325091	37.324660	45.580447	39.656617	46.202078	42.008197	48.266090	43.282825	48.360364	47.975686	51.582448	450.239413
21.350091	37.344188	45.579306	39.666408	46.190632	42.008032	48.241727	43.268826	48.324121	47.927773	51.515330	450.066342
21.375091	37.363308	45.578166	39.675798	46.179185	42.007386	48.217361	43.254345	48.287794	47.879746	51.448349	449.891438
21.400092	37.380510	45.577033	39.683299	46.167738	42.004479	48.192988	43.237589	48.251072	47.831186	51.382007	449.707902
21.425092	37.397712	45.575901	39.690800	46.156291	42.001573	48.168614	43.220834	48.214349	47.782627	51.315666	449.524365
21.450092	37.414914	45.574768	39.698301	46.144844	41.998667	48.144240	43.204078	48.177626	47.734067	51.249324	449.340828
21.475092	37.432116	45.573635	39.705802	46.133396	41.995760	48.119867	43.187322	48.140904	47.685507	51.182982	449.157291
21.500092	37.449317	45.572503	39.713303	46.121949	41.992854	48.095493	43.170567	48.104181	47.636947	51.116641	448.973754
21.525092	37.466519	45.571370	39.720804	46.110502	41.989947	48.071119	43.153811	48.067458	47.588387	51.050299	448.790217
21.550092	37.483721	45.570238	39.728304	46.099055	41.987041	48.046746	43.137055	48.030736	47.539827	50.983957	448.606680
21.575092	37.500923	45.569105	39.735805	46.087608	41.984135	48.022372	43.120299	47.994013	47.491267	50.917615	448.423142
21.600092	37.518125	45.567973	39.743306	46.076160	41.981228	47.997998	43.103544	47.957290	47.442707	50.851273	448.239605
21.625093	37.534973	45.566896	39.750408	46.064713	41.977927	47.973626	43.086496	47.920608	47.394336	50.785652	448.055633
21.650093	37.550153	45.566080	39.755629	46.053266	41.972769	47.949262	43.068072	47.884115	47.346852	50.723424	447.869622
21.675093	37.565334	45.565264	39.760849	46.041820	41.967611	47.924898	43.049648	47.847622	47.299368	50.661195	447.683610
21.700093	37.580514	45.564448	39.766070	46.030373	41.962453	47.900535	43.031225	47.811129	47.251884	50.598967	447.497598
21.725093	37.595694	45.563632	39.771291	46.018926	41.957295	47.876171	43.012801	47.774636	47.204399	50.536739	447.311585
21.750093	37.610875	45.562816	39.776512	46.007479	41.952137	47.851807	42.994377	47.738143	47.156915	50.474511	447.125573
21.775093	37.626055	45.562000	39.781733	45.996032	41.946979	47.827443	42.975953	47.701650	47.109431	50.412283	446.939560
21.800093	37.641236	45.561184	39.786954	45.984585	41.941821	47.803079	42.957529	47.665157	47.061947	50.350055	446.753547
21.825093	37.656416	45.560369	39.792175	45.973138	41.936663	47.778715	42.939105	47.628664	47.014462	50.287826	446.567534
21.850094	37.671597	45.559553	39.797396	45.961691	41.931505	47.754351	42.920682	47.592171	46.966978	50.225598	446.381521
21.875094	37.686777	45.558709	39.802561	45.950211	41.926257	47.730074	42.902356	47.555971	46.919685	50.163606	446.196208
21.900094	37.701958	45.557734	39.807461	45.938577	41.920592	47.706205	42.884495	47.521148	46.873295	50.102727	446.014191
21.925094	37.717138	45.556760	39.812362	45.926943	41.914926	47.682336	42.866634	47.486325	46.826904	50.041847	445.832174
21.950094	37.732319	45.555786	39.817263	45.915309	41.909260	47.658466	42.848773	47.451502	46.780513	49.980967	445.650157
21.975094	37.747499	45.554811	39.822164	45.903675	41.903594	47.634597	42.830911	47.416679	46.734123	49.920087	445.468140
22.000094	37.762680	45.553837	39.827065	45.892040	41.897928	47.610728	42.813050	47.381856	46.687732	49.859208	445.286123
22.025094	37.777860	45.552862	39.831966	45.880406	41.892262	47.586859	42.795189	47.347032	46.641342	49.798328	445.104106
22.050094	37.793040	45.551888	39.836867	45.868772	41.886596	47.562989	42.777328	47.312209	46.594951	49.737448	444.922088
22.075094	37.808221	45.550913	39.841768	45.857138	41.880930	47.539120	42.759466	47.277386	46.548560	49.676568	444.740070
22.100095	37.823401	45.549939	39.846669	45.845504	41.875264	47.515251	42.741605	47.242563	46.502170	49.615688	444.558053
22.125095	37.837850	45.548907	39.850882	45.833802	41.868907	47.491208	42.723292	47.207740	46.455130	49.554472	444.372189
22.150095	37.848857	45.547603	39.851863	45.821783	41.859298	47.466349	42.702856	47.172916	46.405041	49.491675	444.168241
22.175095	37.859864	45.546299	39.852844	45.809764	41.849689	47.441490	42.682420	47.138093	46.354951	49.428879	443.964292
22.200095	37.870870	45.544995	39.853825	45.797745	41.840080	47.416631	42.661984	47.103270	46.304861	49.366082	443.760342
22.225095	37.881877	45.543690	39.854806	45.785726	41.830471	47.391772	42.641548	47.068447	46.254771	49.303285	443.556393
22.250095	37.892884	45.542386	39.855787	45.773707	41.820863	47.366913	42.621112	47.033623	46.204681	49.240488	443.352443
22.275095	37.903891	45.541082	39.856767	45.761688	41.811254	47.342054	42.600675	46.998800	46.154591	49.177691	443.148494
22.300095	37.914898	45.539778	39.857748	45.749669	41.801645	47.317195	42.580239	46.963977	46.104501	49.114894	442.944544
22.325096	37.925905	45.538474	39.858729	45.737650	41.792036	47.292336	42.559803	46.929153	46.054411	49.052097	442.740594
22.350096	37.936912	45.537170	39.859710	45.725631	41.782427	47.267476	42.539367	46.894330	46.004321	48.989300	442.536644
22.375096	37.947890	45.535925	39.860606	45.713611	41.772665	47.242662	42.518897	46.859629	45.954082	48.926598	442.332566
22.400096	37.958736	45.534956	39.861105	45.701587	41.762184	47.218058	42.498267	46.825506	45.903145	48.864345	442.127890
22.425096	37.969582	45.533987	39.861604	45.689564	41.751703	47.193454	42.477637	46.791382	45.852208	48.802093	441.923213
22.450096	37.980427	45.533017	39.862103	45.677540	41.741221	47.168850	42.457008	46.757258	45.801271	48.739840	441.718536
22.475096	37.991273	45.532048	39.862602	45.665516	41.730740	47.144246	42.436378	46.723134	45.750334	48.677587	441.513858
22.500096	38.002119	45.531079	39.863100	45.653492	41.720259	47.119642	42.415748	46.689011	45.699397	48.615335	441.309181
22.525096	38.012965	45.530110	39.863599	45.641468	41.709777	47.095038	42.395119	46.654887	45.648460	48.553082	441.104503
22.550097	38.023810	45.529140	39.864098	45.629445	41.699296	47.070434	42.374489	46.620763	45.597523	48.490829	440.899826
22.575097	38.034656	45.528171	39.864597	45.617421	41.688814	47.045829	42.353859	46.586639	45.546586	48.428576	440.695148
22.600097	38.045502	45.527202	39.865095	45.605397	41.678333	47.021225	42.333229	46.552515	45.495648	48.366323	440.490470
22.625097	38.056131	45.526232	39.865363	45.593338	41.667672	46.996663	42.312408	46.518351	45.444517	48.304024	440.284699
22.650097	38.065741	45.525257	39.864547	45.581116	41.656166	46.972299	42.290684	46.483997	45.392472	48.241513	440.073792
22.675097	38.075352	45.524283	39.863731	45.568894	41.644659	46.947934	42.268961	46.449643	45.340426	48.179002	439.862886
22.700097	38.084962	45.523308	39.862915	45.556671	41.633153	46.923570	42.247237	46.415290	45.288381	48.116491	439.651979
22.725097	38.094573	45.522334	39.862099	45.544449	41.621647	46.899205	42.225514	46.380936	45.236335	48.053980	439.441071
22.750097	38.104183	45.521359	39.861283	45.532226	41.610141	46.874841	42.203790	46.346582	45.184290	47.991469	439.230164
22.775097	38.113794	45.520385	39.860467	45.520004	41.598634	46.850476	42.182067	46.312228	45.132244	47.928957	439.019256
22.800098	38.123404	45.519411	39.859650	45.507781	41.587128	46.826112	42.160343	46.277875	45.080199	47.866446	438.808349
22.825098	38.133015	45.518436	39.858834	45.495559	41.575622	46.801747	42.138620	46.243521	45.028153	47.803935	438.597441
22.850098	38.142625	45.517462	39.858018	45.483336	41.564115	46.777383	42.116896	46.209167	44.976107	47.741423	438.386533
22.875098	38.151964	45.516457	39.856863	45.471081	41.552217	46.752845	42.094817	46.174730	44.923684	47.678674	438.173332
22.900098	38.160024	45.515311	39.854116	45.458672	41.538478	46.727495	42.071065	46.139901	44.869487	47.614810	437.949359
22.925098	38.168085	45.514165	39.851369	45.446263	41.524739	46.702145	42.047313	46.105072	44.815290	47.550945	437.725386
22.950098	38.176145	45.513018	39.848622	45.433854	41.511000	46.676796	42.023562	46.070243	44.761093	47.487080	437.501412
22.975098	38.184206	45.511872	39.845875	45.421445	41.497261	46.651446	41.999810	46.035413	44.706897	47.423215	437.277439
23.000098	38.192266	45.510726	39.843128	45.409036	41.483522	46.626096	41.976058	46.000584	44.652700	47.359350	437.053465
23.025099	38.200327	45.509580	39.840381	45.396626	41.469783	46.600746	41.952306	45.965755	44.598503	47.295485	436.829491
23.050099	38.208387	45.508433	39.837634	45.384217	41.456044	46.575396	41.928554	45.930926	44.544306	47.231619	436.605517
23.075099	38.216448	45.507287	39.834887	45.371808	41.442305	46.550046	41.904802	45.896097	44.490109	47.167754	436.381543
23.100099	38.224508	45.506141	39.832140	45.359399	41.428566	46.524696	41.881051	45.861268	44.435912	47.103889	436.157569
23.125099	38.232107	45.504940	39.828932	45.346852	41.414283	46.499259	41.856747	45.826190	44.381066	47.039639	435.930016
23.150099	38.237540	45.503483	39.823561	45.333656	41.397444	46.473414	41.829852	45.789946	44.323174	46.973580	435.685650
23.175099	38.242972	45.502026	39.818189	45.320460	41.380605	46.447569	41.802957	45.753702	44.265282	46.907521	435.441283
23.200099	38.248404	45.500569	39.812818	45.307263	41.363766	46.421724	41.776062	45.717458	44.207390	46.841462	435.196917
23.225099	38.253837	45.499112	39.807446	45.294067	41.346927	46.395880	41.749167	45.681214	44.149498	46.775403	434.952550
23.250100	38.259269	45.497655	39.802075	45.280871	41.330087	46.370035	41.722272	45.644970	44.091606	46.709344	434.708183
23.275100	38.264701	45.496198	39.796703	45.267674	41.313248	46.344190	41.695376	45.608726	44.033714	46.643285	434.463815
23.300100	38.270134	45.494741	39.791332	45.254478	41.296409	46.318345	41.668481	45.572481	43.975821	46.577226	434.219447
23.325100	38.275566	45.493284	39.785960	45.241282	41.279570	46.292500	41.641586	45.536237	43.917929	46.511166	433.975080
23.350100	38.280998	45.491827	39.780589	45.228085	41.262730	46.266655	41.614691	45.499993	43.860037	46.445107	433.730712
23.375100	38.286511	45.490425	39.775247	45.214958	41.245981	46.240856	41.587990	45.463954	43.802261	46.379242	433.487426
23.400100	38.292402	45.489284	39.770048	45.202159	41.229654	46.215272	41.562205	45.428879	43.745033	46.314292	433.249228
23.425100	38.298292	45.488142	39.764849	45.189360	41.213328	46.189688	41.536420	45.393804	43.687806	46.249342	433.011030
23.450100	38.304183	45.487001	39.759650	45.176561	41.197001	46.164104	41.510634	45.358730	43.630578	46.184391	432.772832
23.475100	38.310073	45.485859	39.754450	45.163762	41.180674	46.138520	41.484849	45.323655	43.573351	46.119441	432.534633
23.500101	38.315964	45.484717	39.749251	45.150962	41.164347	46.112936	41.459063	45.288580	43.516123	46.054490	432.296435
23.525101	38.321854	45.483576	39.744052	45.138163	41.148021	46.087352	41.433278	45.253505	43.458895	45.989540	432.058236
23.550101	38.327745	45.482434	39.738853	45.125364	41.131694	46.061768	41.407492	45.218430	43.401668	45.924589	431.820037
23.575101	38.333635	45.481293	39.733653	45.112565	41.115367	46.036184	41.381707	45.183354	43.344440	45.859639	431.581838
23.600101	38.339526	45.480151	39.728454	45.099765	41.099041	46.010600	41.355921	45.148279	43.287212	45.794688	431.343639
23.625101	38.344983	45.478924	39.722824	45.086829	41.082232	45.984971	41.329716	45.113082	43.229714	45.729640	431.102914
23.650101	38.348403	45.477294	39.715173	45.073250	41.063160	45.959125	41.301539	45.077313	43.170946	45.664130	430.850333
23.675101	38.351824	45.475665	39.707521	45.059671	41.044088	45.933280	41.273362	45.041543	43.112178	45.598620	430.597751
23.700101	38.355244	45.474036	39.699869	45.046092	41.025016	45.907435	41.245185	45.005773	43.053411	45.533110	430.345170
23.725102	38.358665	45.472406	39.692217	45.032512	41.005944	45.881590	41.217007	44.970003	42.994643	45.467600	430.092588
23.750102	38.362085	45.470777	39.684566	45.018933	40.986872	45.855745	41.188830	44.934234	42.935875	45.402090	429.840006
23.775102	38.365506	45.469148	39.676914	45.005354	40.967800	45.829900	41.160653	44.898464	42.877107	45.336579	429.587424
23.800102	38.368926	45.467518	39.669262	44.991775	40.948727	45.804054	41.132476	44.862694	42.818339	45.271069	429.334842
23.825102	38.372347	45.465889	39.661611	44.978195	40.929655	45.778209	41.104299	44.826924	42.759571	45.205559	429.082260
23.850102	38.375767	45.464260	39.653959	44.964616	40.910583	45.752364	41.076121	44.791154	42.700803	45.140048	428.829677
23.875102	38.379133	45.462687	39.646249	44.951072	40.891451	45.726520	41.047911	44.755466	42.642265	45.074872	428.577625
23.900102	38.382238	45.461377	39.638267	44.937689	40.872034	45.700679	41.019545	44.720161	42.584807	45.011264	428.328061
23.925102	38.385343	45.460068	39.630286	44.924305	40.852617	45.674839	40.991179	44.684857	42.527349	44.947655	428.078498
23.950103	38.388449	45.458759	39.622304	44.910922	40.833200	45.648998	40.962814	44.649552	42.469890	44.884047	427.828934
23.975103	38.391554	45.457450	39.614322	44.897539	40.813783	45.623157	40.934448	44.614247	42.412432	44.820438	427.579371
24.000103	38.394659	45.456140	39.606340	44.884156	40.794366	45.597317	40.906082	44.578943	42.354974	44.756830	427.329807
24.025103	38.397764	45.454831	39.598358	44.870773	40.774949	45.571476	40.877716	44.543638	42.297515	44.693221	427.080243
24.050103	38.400870	45.453522	39.590376	44.857390	40.755532	45.545636	40.849350	44.508333	42.240057	44.629613	426.830678
24.075103	38.403975	45.452212	39.582395	44.844007	40.736115	45.519795	40.820984	44.473028	42.182598	44.566004	426.581114
24.100103	38.407080	45.450903	39.574413	44.830624	40.716698	45.493954	40.792618	44.437724	42.125140	44.502396	426.331549
24.125103	38.410022	45.449596	39.566318	44.817275	40.697190	45.468113	40.764156	44.402421	42.067798	44.438979	426.081866
24.150103	38.412198	45.448296	39.557691	44.804086	40.677255	45.442267	40.735243	44.367126	42.011004	44.376466	425.831632
24.175103	38.414374	45.446997	39.549064	44.790896	40.657320	45.416422	40.706330	44.331831	41.954210	44.313952	425.581397
24.200104	38.416550	45.445698	39.540437	44.777707	40.637385	45.390576	40.677418	44.296536	41.897416	44.251439	425.331162
24.225104	38.418725	45.444398	39.531811	44.764518	40.617451	45.364731	40.648505	44.261241	41.840622	44.188925	425.080927
24.250104	38.420901	45.443099	39.523184	44.751328	40.597516	45.338885	40.619592	44.225946	41.783828	44.126411	424.830691
24.275104	38.423077	45.441800	39.514557	44.738139	40.577581	45.313040	40.590679	44.190651	41.727034	44.063898	424.580456
24.300104	38.425253	45.440500	39.505931	44.724950	40.557646	45.287194	40.561767	44.155356	41.670240	44.001384	424.330220
24.325104	38.427428	45.439201	39.497304	44.711760	40.537711	45.261349	40.532854	44.120061	41.613446	43.938870	424.079984
24.350104	38.429604	45.437902	39.488677	44.698571	40.517776	45.235503	40.503941	44.084766	41.556652	43.876356	423.829748
24.375104	38.431508	45.436660	39.479793	44.685347	40.497571	45.209657	40.474800	44.049426	41.499704	43.813841	423.578309
24.400104	38.432139	45.435691	39.469704	44.671959	40.476098	45.183812	40.444589	44.013875	41.442035	43.751322	423.321224
24.425105	38.432769	45.434722	39.459614	44.658571	40.454626	45.157966	40.414378	43.978324	41.384366	43.688803	423.064139
24.450105	38.433400	45.433753	39.449525	44.645183	40.433153	45.132120	40.384167	43.942773	41.326697	43.626284	422.807054
24.475105	38.434030	45.432783	39.439435	44.631795	40.411681	45.106275	40.353956	43.907221	41.269028	43.563764	422.549968
24.500105	38.434661	45.431814	39.429346	44.618407	40.390208	45.080429	40.323744	43.871670	41.211359	43.501245	422.292883
24.525105	38.435291	45.430845	39.419256	44.605019	40.368736	45.054583	40.293533	43.836118	41.153690	43.438726	422.035797
24.550105	38.435922	45.429875	39.409167	44.591631	40.347263	45.028737	40.263322	43.800567	41.096020	43.376206	421.778711
24.575105	38.436552	45.428906	39.399077	44.578243	40.325791	45.002892	40.233111	43.765016	41.038351	43.313687	421.521625
24.600105	38.437183	45.427937	39.388988	44.564854	40.304318	44.977046	40.202899	43.729464	40.980682	43.251167	421.264539
24.625105	38.437541	45.426993	39.378670	44.551535	40.282633	44.951245	40.172463	43.693873	40.922708	43.188503	421.006165
24.650106	38.436621	45.426171	39.367281	44.538536	40.259954	44.925655	40.140970	43.658098	40.863303	43.125161	420.741751
24.675106	38.435702	45.425350	39.355891	44.525538	40.237274	44.900066	40.109477	43.622323	40.803899	43.061819	420.477338
24.700106	38.434783	45.424528	39.344502	44.512539	40.214595	44.874476	40.077984	43.586547	40.744494	42.998477	420.212924
24.725106	38.433863	45.423706	39.333112	44.499540	40.191915	44.848887	40.046490	43.550772	40.685089	42.935135	419.948510
24.750106	38.432944	45.422884	39.321723	44.486542	40.169236	44.823297	40.014997	43.514997	40.625685	42.871793	419.684096
24.775106	38.432024	45.422062	39.310333	44.473543	40.146556	44.797708	39.983504	43.479221	40.566280	42.808450	419.419682
24.800106	38.431105	45.421240	39.298944	44.460544	40.123877	44.772118	39.952011	43.443446	40.506875	42.745108	419.155267
24.825106	38.430185	45.420418	39.287554	44.447546	40.101197	44.746529	39.920518	43.407670	40.447470	42.681765	418.890853
24.850106	38.429266	45.419596	39.276165	44.434547	40.078518	44.720939	39.889025	43.371895	40.388066	42.618423	418.626438
24.875106	38.428619	45.418920	39.265089	44.421752	40.056292	44.695738	39.858016	43.336620	40.329231	42.555657	418.365933
24.900107	38.429249	45.418931	39.255482	44.409914	40.036195	44.672357	39.829279	43.303690	40.273071	42.495595	418.123762
24.925107	38.429880	45.418941	39.245875	44.398076	40.016097	44.648976	39.800543	43.270759	40.216912	42.435532	417.881590
24.950107	38.430510	45.418952	39.236268	44.386237	39.996000	44.625594	39.771806	43.237829	40.160752	42.375470	417.639418
24.975107	38.431141	45.418963	39.226661	44.374399	39.975902	44.602213	39.743069	43.204899	40.104592	42.315408	417.397245
25.000107	38.431771	45.418973	39.217054	44.362561	39.955805	44.578832	39.714332	43.171968	40.048431	42.255345	417.155073
25.025107	38.432402	45.418984	39.207447	44.350722	39.935707	44.555451	39.685595	43.139038	39.992271	42.195283	416.912900
25.050107	38.433032	45.418995	39.197840	44.338884	39.915610	44.532070	39.656858	43.106108	39.936111	42.135221	416.670727
25.075107	38.433663	45.419005	39.188233	44.327045	39.895512	44.508688	39.628121	43.073178	39.879951	42.075158	416.428554
25.100107	38.434293	45.419016	39.178626	44.315207	39.875415	44.485307	39.599384	43.040247	39.823791	42.015096	416.186381
25.125108	38.434597	45.419115	39.168762	44.303542	39.855223	44.462185	39.570616	43.007607	39.767706	41.955271	415.944624
25.150108	38.433367	45.419628	39.157698	44.292687	39.834593	44.440279	39.541703	42.976325	39.711976	41.896561	415.704815
25.175108	38.432138	45.420142	39.146633	44.281832	39.813962	44.418373	39.512789	42.945042	39.656245	41.837850	415.465006
25.200108	38.430908	45.420655	39.135568	44.270977	39.793331	44.396467	39.483876	42.913760	39.600515	41.779140	415.225197
25.225108	38.429679	45.421168	39.124503	44.260123	39.772700	44.374561	39.454962	42.882478	39.544784	41.720429	414.985388
25.250108	38.428449	45.421682	39.113439	44.249268	39.752069	44.352654	39.426049	42.851196	39.489054	41.661719	414.745578
25.275108	38.427220	45.422195	39.102374	44.238413	39.731438	44.330748	39.397136	42.819913	39.433323	41.603008	414.505769
25.300108	38.425990	45.422709	39.091309	44.227558	39.710807	44.308842	39.368222	42.788631	39.377592	41.544298	414.265959
25.325108	38.424761	45.423222	39.080244	44.216704	39.690176	44.286936	39.339309	42.757349	39.321862	41.485587	414.026149
25.350109	38.423531	45.423736	39.069179	44.205849	39.669545	44.265029	39.310395	42.726066	39.266131	41.426876	413.786339
25.375109	38.422303	45.424391	39.058168	44.195027	39.649008	44.243168	39.281578	42.694827	39.210481	41.368311	413.547263
25.400109	38.421078	45.425712	39.047408	44.184358	39.628910	44.221519	39.253210	42.663791	39.155211	41.310428	413.311627
25.425109	38.419853	45.427033	39.036648	44.173690	39.608813	44.199869	39.224843	42.632755	39.099940	41.252546	413.075990
25.450109	38.418628	45.428353	39.025889	44.163021	39.588715	44.178219	39.196476	42.601720	39.044670	41.194663	412.840354
25.475109	38.417404	45.429674	39.015129	44.152353	39.568617	44.156570	39.168108	42.570684	38.989399	41.136780	412.604717
25.500109	38.416179	45.430995	39.004369	44.141684	39.548519	44.134920	39.139741	42.539648	38.934129	41.078897	412.369080
25.525109	38.414954	45.432315	38.993608	44.131016	39.528421	44.113270	39.111374	42.508612	38.878858	41.021014	412.133443
25.550109	38.413729	45.433636	38.982848	44.120347	39.508324	44.091620	39.083006	42.477576	38.823587	40.963131	411.897806
25.575109	38.412505	45.434957	38.972088	44.109679	39.488226	44.069971	39.054639	42.446540	38.768317	40.905248	411.662169
25.600110	38.411280	45.436278	38.961328	44.099010	39.468128	44.048321	39.026271	42.415504	38.713046	40.847366	411.426531
25.625110	38.410055	45.437598	38.950515	44.088412	39.447968	44.026712	38.997809	42.384511	38.657694	40.789527	411.190802
25.650110	38.408831	45.438919	38.939456	44.078147	39.427514	44.005296	38.968900	42.353721	38.601963	40.731896	410.954643
25.675110	38.407607	45.440240	38.928396	44.067882	39.407061	43.983880	38.939992	42.322931	38.546232	40.674265	410.718485
25.700110	38.406383	45.441560	38.917336	44.057617	39.386608	43.962463	38.911083	42.292141	38.490501	40.616633	410.482326
25.725110	38.405158	45.442881	38.906277	44.047351	39.366155	43.941047	38.882174	42.261352	38.434769	40.559002	410.246167
25.750110	38.403934	45.444202	38.895217	44.037086	39.345702	43.919630	38.853266	42.230562	38.379038	40.501371	410.010008
25.775110	38.402710	45.445523	38.884157	44.026821	39.325249	43.898214	38.824357	42.199772	38.323307	40.443740	409.773849
25.800110	38.401485	45.446843	38.873098	44.016556	39.304795	43.876797	38.795449	42.168982	38.267575	40.386108	409.537689
25.825111	38.400261	45.448164	38.862038	44.006291	39.284342	43.855381	38.766540	42.138192	38.211844	40.328477	409.301530
25.850111	38.399037	45.449485	38.850978	43.996025	39.263889	43.833964	38.737632	42.107402	38.156112	40.270846	409.065370
25.875111	38.397565	45.450837	38.839688	43.985688	39.243196	43.812549	38.708527	42.076568	38.100192	40.213119	408.827929
25.900111	38.394933	45.452335	38.827319	43.975014	39.221378	43.791137	38.678503	42.045527	38.043391	40.154948	408.584484
25.925111	38.392301	45.453833	38.814949	43.964341	39.199560	43.769725	38.648479	42.014485	37.986590	40.096776	408.341039
25.950111	38.389669	45.455332	38.802579	43.953667	39.177741	43.748313	38.618455	41.983444	37.929789	40.038605	408.097594
25.975111	38.387037	45.456830	38.790210	43.942993	39.155923	43.726901	38.588431	41.952402	37.872988	39.980433	407.854149
26.000111	38.384405	45.458329	38.777840	43.932319	39.134105	43.705489	38.558407	41.921361	37.816186	39.922261	407.610703
26.025111	38.381773	45.459827	38.765470	43.921645	39.112287	43.684078	38.528383	41.890320	37.759385	39.864090	407.367258
26.050111	38.379141	45.461326	38.753101	43.910971	39.090469	43.662666	38.498359	41.859278	37.702584	39.805918	407.123812
26.075112	38.376509	45.462824	38.740731	43.900297	39.068651	43.641254	38.468335	41.828237	37.645783	39.747746	406.880366
26.100112	38.373877	45.464323	38.728361	43.889623	39.046833	43.619842	38.438311	41.797195	37.588981	39.689574	406.636920
26.125112	38.370922	45.465818	38.715675	43.878949	39.024712	43.598389	38.407996	41.766027	37.532140	39.631307	406.391936
26.150112	38.366455	45.467302	38.701508	43.868275	39.001174	43.576744	38.376318	41.734269	37.475113	39.572595	406.139753
26.175112	38.361988	45.468785	38.687340	43.857601	38.977636	43.555100	38.344640	41.702511	37.418085	39.513883	405.887569
26.200112	38.357521	45.470268	38.673173	43.846927	38.954098	43.533455	38.312962	41.670753	37.361058	39.455171	405.635385
26.225112	38.353054	45.471751	38.659005	43.836253	38.930559	43.511810	38.281284	41.638995	37.304030	39.396459	405.383201
26.250112	38.348587	45.473233	38.644838	43.825579	38.907021	43.490166	38.249606	41.607237	37.247003	39.337747	405.131017
26.275112	38.344120	45.474716	38.630670	43.814904	38.883483	43.468521	38.217928	41.575479	37.189975	39.279035	404.878833
26.300113	38.339653	45.476199	38.616503	43.804230	38.859945	43.446876	38.186250	41.543721	37.132948	39.220323	404.626648
26.325113	38.335186	45.477682	38.602335	43.793556	38.836406	43.425232	38.154572	41.511963	37.075920	39.161611	404.374463
26.350113	38.330719	45.479165	38.588168	43.782882	38.812868	43.403587	38.122893	41.480204	37.018892	39.102899	404.122278
26.375113	38.326193	45.480620	38.573999	43.772244	38.789329	43.381936	38.091117	41.448406	36.961868	39.044427	403.870139
26.400113	38.321391	45.481940	38.559827	43.761774	38.765785	43.360257	38.058883	41.416419	36.904856	38.987083	403.618217
26.425113	38.316589	45.483261	38.545654	43.751305	38.742242	43.338578	38.026649	41.384433	36.847845	38.929739	403.366295
26.450113	38.311787	45.484582	38.531481	43.740835	38.718698	43.316899	37.994415	41.352446	36.790834	38.872395	403.114372
26.475113	38.306985	45.485902	38.517308	43.730365	38.695155	43.295220	37.962180	41.320459	36.733823	38.815052	402.862450
26.500113	38.302182	45.487223	38.503135	43.719896	38.671611	43.273541	37.929946	41.288473	36.676812	38.757708	402.610527
26.525114	38.297380	45.488544	38.488962	43.709426	38.648068	43.251862	37.897712	41.256486	36.619801	38.700364	402.358604
26.550114	38.292578	45.489865	38.474790	43.698956	38.624524	43.230182	37.865477	41.224499	36.562790	38.643020	402.106681
26.575114	38.287776	45.491185	38.460617	43.688487	38.600980	43.208503	37.833243	41.192513	36.505778	38.585676	401.854758
26.600114	38.282974	45.492506	38.446444	43.678017	38.577437	43.186824	37.801009	41.160526	36.448767	38.528331	401.602834
26.625114	38.277849	45.493857	38.432016	43.667479	38.553652	43.165149	37.768646	41.128624	36.391675	38.470937	401.349884
26.650114	38.271212	45.495351	38.416396	43.656619	38.528738	43.143499	37.735681	41.097117	36.334207	38.413310	401.092131
26.675114	38.264575	45.496845	38.400776	43.645759	38.503824	43.121849	37.702717	41.065610	36.276739	38.355683	400.834378
26.700114	38.257938	45.498339	38.385157	43.634900	38.478911	43.100199	37.669753	41.034103	36.219271	38.298055	400.576625
26.725114	38.251301	45.499833	38.369537	43.624040	38.453997	43.078549	37.636788	41.002596	36.161803	38.240428	400.318872
26.750114	38.244664	45.501326	38.353917	43.613181	38.429083	43.056899	37.603824	40.971090	36.104334	38.182800	400.061118
26.775115	38.238027	45.502820	38.338297	43.602321	38.404170	43.035249	37.570859	40.939583	36.046866	38.125173	399.803365
26.800115	38.231390	45.504314	38.322677	43.591461	38.379256	43.013599	37.537895	40.908076	35.989397	38.067545	399.545611
26.825115	38.224753	45.505808	38.307058	43.580602	38.354342	42.991949	37.504930	40.876569	35.931929	38.009917	399.287857
26.850115	38.218116	45.507302	38.291438	43.569742	38.329428	42.970299	37.471966	40.845062	35.874460	37.952290	399.030103
26.875115	38.211178	45.508735	38.275441	43.558779	38.304151	42.948517	37.438610	40.813303	35.816728	37.894566	398.770008
26.900115	38.202828	45.509883	38.257684	43.547335	38.277172	42.926120	37.403422	40.780366	35.757760	37.836393	398.498963
26.925115	38.194479	45.511030	38.239926	43.535891	38.250194	42.903723	37.368234	40.747429	35.698792	37.778220	398.227918
26.950115	38.186129	45.512178	38.222168	43.524446	38.223215	42.881326	37.333047	40.714492	35.639824	37.720047	397.956872
26.975115	38.177780	45.513325	38.204410	43.513002	38.196237	42.858928	37.297859	40.681555	35.580857	37.661873	397.685827
27.000116	38.169430	45.514473	38.186653	43.501558	38.169258	42.836531	37.262671	40.648618	35.521889	37.603700	397.414781
27.025116	38.161081	45.515620	38.168895	43.490113	38.142279	42.814134	37.227483	40.615681	35.462921	37.545527	397.143734
27.050116	38.152731	45.516768	38.151137	43.478669	38.115301	42.791736	37.192296	40.582744	35.403953	37.487354	396.872688
27.075116	38.144382	45.517915	38.133379	43.467224	38.088322	42.769339	37.157108	40.549807	35.344985	37.429180	396.601642
27.100116	38.136032	45.519063	38.115621	43.455780	38.061343	42.746942	37.121920	40.516870	35.286017	37.371007	396.330595
27.125116	38.127490	45.520214	38.097750	43.444403	38.034183	42.724544	37.086507	40.483850	35.227241	37.313026	396.059209
27.150116	38.118048	45.521383	38.079347	43.433344	38.006174	42.702147	37.050047	40.450443	35.169364	37.255942	395.786239
27.175116	38.108606	45.522552	38.060943	43.422285	37.978166	42.679749	37.013586	40.417036	35.111487	37.198859	395.513268
27.200116	38.099163	45.523720	38.042540	43.411226	37.950157	42.657352	36.977126	40.383629	35.053610	37.141775	395.240298
27.225117	38.089721	45.524889	38.024137	43.400166	37.922148	42.634955	36.940665	40.350221	34.995733	37.084692	394.967327
27.250117	38.080279	45.526058	38.005734	43.389107	37.894140	42.612557	36.904205	40.316814	34.937856	37.027608	394.694357
27.275117	38.070836	45.527226	37.987331	43.378048	37.866131	42.590160	36.867744	40.283407	34.879978	36.970524	394.421386
27.300117	38.061394	45.528395	37.968928	43.366988	37.838122	42.567762	36.831284	40.250000	34.822101	36.913441	394.148415
27.325117	38.051952	45.529564	37.950524	43.355929	37.810113	42.545365	36.794823	40.216592	34.764224	36.856357	393.875443
27.350117	38.042509	45.530733	37.932121	43.344870	37.782104	42.522967	36.758362	40.183185	34.706347	36.799273	393.602472
27.375117	38.032824	45.531871	37.913489	43.333777	37.753943	42.500615	36.721670	40.149734	34.648618	36.742526	393.329068
27.400117	38.022005	45.532867	37.893786	43.322527	37.725071	42.478475	36.683897	40.116080	34.591584	36.687351	393.053641
27.425117	38.011185	45.533863	37.874082	43.311277	37.696198	42.456334	36.646123	40.082425	34.534550	36.632176	392.778214
27.450117	38.000365	45.534859	37.854379	43.300028	37.667325	42.434194	36.608350	40.048770	34.477516	36.577001	392.502787
27.475118	37.989546	45.535855	37.834676	43.288778	37.638453	42.412054	36.570576	40.015115	34.420481	36.521826	392.227360
27.500118	37.978726	45.536851	37.814973	43.277528	37.609580	42.389914	36.532803	39.981461	34.363447	36.466651	391.951932
27.525118	37.967907	45.537847	37.795269	43.266278	37.580707	42.367773	36.495029	39.947806	34.306413	36.411475	391.676505
27.550118	37.957087	45.538843	37.775566	43.255028	37.551834	42.345633	36.457255	39.914151	34.249378	36.356300	391.401077
27.575118	37.946267	45.539839	37.755863	43.243779	37.522962	42.323493	36.419481	39.880496	34.192344	36.301125	391.125649
27.600118	37.935448	45.540835	37.736159	43.232529	37.494089	42.301352	36.381707	39.846841	34.135309	36.245950	390.850220
27.625118	37.924270	45.541831	37.716110	43.221212	37.464883	42.279079	36.343612	39.813062	34.078086	36.190630	390.572777
27.650118	37.911417	45.542827	37.694447	43.209582	37.434124	42.256181	36.304017	39.778705	34.019983	36.134636	390.285920
27.675118	37.898565	45.543822	37.672784	43.197952	37.403365	42.233283	36.264422	39.744347	33.961879	36.078642	389.999063
27.700119	37.885713	45.544818	37.651120	43.186323	37.372606	42.210386	36.224827	39.709990	33.903776	36.022648	389.712205
27.725119	37.872860	45.545813	37.629457	43.174693	37.341847	42.187488	36.185232	39.675632	33.845672	35.966654	389.425348
27.750119	37.860008	45.546809	37.607793	43.163063	37.311088	42.164590	36.145636	39.641274	33.787569	35.910659	389.138490
27.775119	37.847155	45.547804	37.586130	43.151433	37.280329	42.141692	36.106041	39.606917	33.729465	35.854665	388.851632
27.800119	37.834302	45.548800	37.564466	43.139803	37.249570	42.118795	36.066446	39.572559	33.671361	35.798670	388.564773
27.825119	37.821450	45.549795	37.542803	43.128174	37.218811	42.095897	36.026851	39.538201	33.613258	35.742676	388.277915
27.850119	37.808597	45.550791	37.521139	43.116544	37.188052	42.072999	35.987255	39.503843	33.555154	35.686682	387.991057
27.875119	37.795721	45.551787	37.499507	43.104945	37.157353	42.050189	35.947755	39.469570	33.497279	35.631024	387.705130
27.900119	37.782731	45.552783	37.478016	43.093490	37.126939	42.027791	35.908701	39.435693	33.440475	35.576938	387.423557
27.925120	37.769741	45.553779	37.456526	43.082035	37.096525	42.005394	35.869646	39.401815	33.383671	35.522853	387.141984
27.950120	37.756752	45.554775	37.435036	43.070580	37.066110	41.982996	35.830592	39.367937	33.326866	35.468767	386.860411
27.975120	37.743762	45.555771	37.413546	43.059126	37.035696	41.960598	35.791537	39.334059	33.270062	35.414681	386.578838
28.000120	37.730772	45.556767	37.392056	43.047671	37.005281	41.938200	35.752483	39.300181	33.213258	35.360596	386.297264
28.025120	37.717783	45.557763	37.370566	43.036216	36.974867	41.915802	35.713428	39.266303	33.156453	35.306510	386.015691
28.050120	37.704793	45.558759	37.349076	43.024761	36.944452	41.893404	35.674373	39.232426	33.099649	35.252425	385.734117
28.075120	37.691803	45.559755	37.327586	43.013306	36.914038	41.871006	35.635319	39.198548	33.042844	35.198339	385.452543
28.100120	37.678814	45.560751	37.306096	43.001851	36.883623	41.848608	35.596264	39.164670	32.986040	35.144253	385.170969
28.125120	37.665223	45.561776	37.284059	42.990398	36.852663	41.826209	35.556724	39.130747	32.929082	35.090309	384.887190
28.150120	37.648823	45.562941	37.259465	42.978953	36.819154	41.803806	35.514919	39.096617	32.871408	35.037024	384.593109
28.175121	37.632423	45.564105	37.234872	42.967508	36.785644	41.781402	35.473113	39.062487	32.813733	34.983739	384.299028
28.200121	37.616024	45.565269	37.210279	42.956064	36.752135	41.758999	35.431308	39.028356	32.756059	34.930454	384.004947
28.225121	37.599624	45.566434	37.185686	42.944619	36.718626	41.736596	35.389502	38.994226	32.698385	34.877169	383.710865
28.250121	37.583224	45.567598	37.161093	42.933174	36.685116	41.714192	35.347696	38.960096	32.640711	34.823884	383.416784
28.275121	37.566825	45.568762	37.136500	42.921729	36.651607	41.691789	35.305891	38.925965	32.583036	34.770599	383.122702
28.300121	37.550425	45.569927	37.111907	42.910284	36.618098	41.669385	35.264085	38.891835	32.525362	34.717314	382.828621
28.325121	37.534025	45.571091	37.087314	42.898839	36.584588	41.646982	35.222280	38.857704	32.467688	34.664029	382.534539
28.350121	37.517626	45.572255	37.062720	42.887394	36.551079	41.624579	35.180474	38.823573	32.410013	34.610743	382.240456
28.375121	37.500978	45.573390	37.037898	42.875847	36.517356	41.602090	35.138504	38.789363	32.352722	34.557702	381.945850
28.400122	37.483176	45.574385	37.012004	42.863827	36.482638	41.579201	35.095769	38.754782	32.297217	34.505796	381.648796
28.425122	37.465373	45.575381	36.986110	42.851807	36.447920	41.556313	35.053034	38.720201	32.241713	34.453889	381.351742
28.450122	37.447570	45.576377	36.960217	42.839787	36.413201	41.533425	35.010299	38.685620	32.186208	34.401983	381.054688
28.475122	37.429767	45.577372	36.934323	42.827767	36.378483	41.510536	34.967564	38.651039	32.130704	34.350077	380.757634
28.500122	37.411965	45.578368	36.908429	42.815747	36.343765	41.487648	34.924829	38.616458	32.075199	34.298171	380.460580
28.525122	37.394162	45.579363	36.882535	42.803727	36.309046	41.464760	34.882094	38.581877	32.019695	34.246265	380.163525
28.550122	37.376359	45.580359	36.856642	42.791708	36.274328	41.441872	34.839359	38.547296	31.964190	34.194359	379.866471
28.575122	37.358556	45.581354	36.830748	42.779688	36.239609	41.418983	34.796624	38.512715	31.908685	34.142453	379.569416
28.600122	37.340754	45.582350	36.804854	42.767668	36.204891	41.396095	34.753888	38.478134	31.853181	34.090547	379.272361
28.625123	37.322596	45.583346	36.778642	42.755679	36.169930	41.373250	34.710893	38.443508	31.797753	34.038972	378.974569
28.650123	37.302780	45.584342	36.750945	42.743840	36.133836	41.350609	34.666682	38.408675	31.742683	33.988947	378.673338
28.675123	37.282964	45.585338	36.723247	42.732000	36.097742	41.327969	34.622472	38.373841	31.687613	33.938921	378.372106
28.700123	37.263148	45.586334	36.695550	42.720160	36.061649	41.305328	34.578261	38.339008	31.632543	33.888895	378.070875
28.725123	37.243332	45.587330	36.667852	42.708320	36.025555	41.282688	34.534050	38.304174	31.577472	33.838870	377.769643
28.750123	37.223516	45.588326	36.640155	42.696480	35.989461	41.260047	34.489840	38.269340	31.522402	33.788844	377.468411
28.775123	37.203700	45.589322	36.612457	42.684640	35.953367	41.237406	34.445629	38.234507	31.467332	33.738818	377.167178
28.800123	37.183884	45.590318	36.584759	42.672800	35.917273	41.214766	34.401418	38.199673	31.412262	33.688792	376.865946
28.825123	37.164067	45.591314	36.557062	42.660960	35.881179	41.192125	34.357208	38.164839	31.357192	33.638767	376.564713
28.850123	37.144251	45.592311	36.529364	42.649120	35.845085	41.169484	34.312997	38.130006	31.302121	33.588741	376.263480
28.875124	37.124000	45.593337	36.501237	42.637247	35.808537	41.146800	34.268396	38.095173	31.246821	33.538766	375.960315
28.900124	37.101720	45.594506	36.471109	42.625222	35.769872	41.123912	34.221975	38.060344	31.190445	33.489029	375.648135
28.925124	37.079441	45.595676	36.440980	42.613197	35.731207	41.101023	34.175554	38.025516	31.134070	33.439293	375.335956
28.950124	37.057161	45.596845	36.410851	42.601172	35.692542	41.078134	34.129133	37.990687	31.077694	33.389556	375.023776
28.975124	37.034881	45.598014	36.380722	42.589146	35.653877	41.055246	34.082713	37.955859	31.021318	33.339820	374.711595
29.000124	37.012601	45.599184	36.350593	42.577121	35.615212	41.032357	34.036292	37.921030	30.964942	33.290083	374.399415
29.025124	36.990321	45.600353	36.320465	42.565096	35.576547	41.009469	33.989871	37.886202	30.908567	33.240346	374.087235
29.050124	36.968041	45.601522	36.290336	42.553070	35.537881	40.986580	33.943450	37.851373	30.852191	33.190610	373.775054
29.075124	36.945761	45.602691	36.260207	42.541045	35.499216	40.963691	33.897029	37.816545	30.795815	33.140873	373.462874
29.100125	36.923481	45.603861	36.230078	42.529020	35.460551	40.940803	33.850608	37.781716	30.739439	33.091136	373.150693
29.125125	36.900626	45.604999	36.199400	42.516927	35.421430	40.917871	33.803796	37.746803	30.682758	33.041208	372.835817
29.150125	36.875082	45.605990	36.166162	42.504517	35.380181	40.894741	33.755165	37.711494	30.624652	32.990386	372.508370
29.175125	36.849539	45.606980	36.132924	42.492107	35.338932	40.871610	33.706534	37.676185	30.566547	32.939564	372.180923
29.200125	36.823996	45.607971	36.099686	42.479697	35.297683	40.848479	33.657903	37.640877	30.508442	32.888742	371.853475
29.225125	36.798453	45.608962	36.066448	42.467287	35.256434	40.825349	33.609272	37.605568	30.450336	32.837920	371.526028
29.250125	36.772910	45.609953	36.033210	42.454877	35.215185	40.802218	33.560640	37.570259	30.392230	32.787098	371.198580
29.275125	36.747367	45.610944	35.999972	42.442466	35.173935	40.779087	33.512009	37.534950	30.334125	32.736276	370.871132
29.300125	36.721824	45.611935	35.966734	42.430056	35.132686	40.755956	33.463378	37.499642	30.276019	32.685454	370.543684
29.325126	36.696280	45.612926	35.933496	42.417646	35.091437	40.732826	33.414747	37.464333	30.217914	32.634632	370.216236
29.350126	36.670737	45.613917	35.900258	42.405236	35.050188	40.709695	33.366115	37.429024	30.159808	32.583809	369.888788
29.375126	36.644813	45.614967	35.866621	42.392895	35.008546	40.686652	33.317223	37.393801	30.101665	32.533467	369.560651
29.400126	36.617109	45.616293	35.831126	42.380875	34.965070	40.664022	33.267117	37.358977	30.043351	32.485360	369.229300
29.425126	36.589406	45.617619	35.795631	42.368855	34.921595	40.641391	33.217011	37.324153	29.985036	32.437253	368.897950
29.450126	36.561703	45.618945	35.760136	42.356835	34.878119	40.618760	33.166905	37.289328	29.926722	32.389146	368.566599
29.475126	36.534000	45.620271	35.724640	42.344815	34.834644	40.596130	33.116799	37.254504	29.868407	32.341039	368.235249
29.500126	36.506296	45.621598	35.689145	42.332795	34.791168	40.573499	33.066692	37.219680	29.810092	32.292932	367.903898
29.525126	36.478593	45.622924	35.653650	42.320775	34.747693	40.550868	33.016586	37.184856	29.751778	32.244825	367.572547
29.550126	36.450890	45.624250	35.618154	42.308755	34.704217	40.528237	32.966480	37.150032	29.693463	32.196718	367.241196
29.575127	36.423186	45.625576	35.582659	42.296735	34.660742	40.505607	32.916374	37.115207	29.635149	32.148611	366.909845
29.600127	36.395483	45.626902	35.547164	42.284715	34.617266	40.482976	32.866267	37.080383	29.576834	32.100504	366.578494
29.625127	36.365974	45.628261	35.509938	42.272695	34.572088	40.460385	32.814600	37.045685	29.517290	32.052447	366.239365
29.650127	36.328046	45.629773	35.464645	42.260675	34.518975	40.437981	32.755659	37.011573	29.452018	32.004624	365.863969
29.675127	36.290118	45.631285	35.419352	42.248655	34.465861	40.415577	32.696717	36.977462	29.386745	31.956802	365.488573
29.700127	36.252190	45.632797	35.374059	42.236635	34.412747	40.393173	32.637775	36.943351	29.321472	31.908979	365.113177
29.725127	36.214262	45.634309	35.328766	42.224615	34.359633	40.370769	32.578833	36.909239	29.256200	31.861156	364.737781
29.750127	36.176333	45.635821	35.283472	42.212595	34.306519	40.348364	32.519892	36.875128	29.190927	31.813334	364.362385
29.775127	36.138405	45.637333	35.238179	42.200575	34.253405	40.325960	32.460950	36.841016	29.125654	31.765511	363.986989
29.800128	36.100477	45.638846	35.192886	42.188555	34.200290	40.303556	32.402008	36.806905	29.060381	31.717689	363.611593
29.825128	36.062549	45.640358	35.147593	42.176535	34.147176	40.281152	32.343066	36.772794	28.995108	31.669866	363.236196
29.850128	36.024621	45.641870	35.102300	42.164515	34.094062	40.258747	32.284124	36.738682	28.929835	31.622043	362.860799
29.875128	35.984309	45.643350	35.054615	42.152462	34.038607	40.236261	32.223095	36.704444	28.862801	31.574024	362.473968
29.900128	35.932890	45.644676	34.995785	42.140258	33.972244	40.213394	32.152338	36.669615	28.787557	31.525087	362.033844
29.925128	35.881471	45.646002	34.936955	42.128053	33.905880	40.190527	32.081581	36.634786	28.712314	31.476150	361.593719
29.950128	35.830052	45.647329	34.878125	42.115849	33.839517	40.167659	32.010824	36.599957	28.637070	31.427212	361.153594
29.975128	35.778633	45.648655	34.819295	42.103644	33.773153	40.144792	31.940067	36.565128	28.561826	31.378275	360.713469
30.000128	35.727214	45.649981	34.760465	42.091440	33.706789	40.121925	31.869310	36.530298	28.486582	31.329338	360.273343
30.025129	35.675795	45.651308	34.701635	42.079236	33.640425	40.099058	31.798553	36.495469	28.411339	31.280401	359.833217
30.050129	35.624375	45.652634	34.642805	42.067031	33.574062	40.076191	31.727796	36.460640	28.336095	31.231463	359.393091
30.075129	35.572956	45.653960	34.583974	42.054827	33.507698	40.053323	31.657039	36.425811	28.260851	31.182526	358.952965
30.100129	35.521537	45.655287	34.525144	42.042622	33.441334	40.030456	31.586282	36.390982	28.185607	31.133588	358.512838
30.125129	35.464664	45.656615	34.460864	42.030349	33.369464	40.007631	31.510569	36.356152	28.106101	31.084702	358.047112
30.150129	35.382381	45.657954	34.371194	42.017755	33.271939	39.985000	31.411766	36.321323	28.006738	31.036055	357.462105
30.175129	35.300097	45.659293	34.281524	42.005161	33.174414	39.962369	31.312963	36.286494	27.907375	30.987407	356.877098
30.200129	35.217814	45.660633	34.191854	41.992566	33.076889	39.939739	31.214161	36.251664	27.808011	30.938759	356.292090
30.225129	35.135530	45.661972	34.102183	41.979972	32.979364	39.917108	31.115357	36.216835	27.708648	30.890112	355.707081
30.250129	35.053247	45.663311	34.012513	41.967378	32.881838	39.894477	31.016554	36.182006	27.609284	30.841464	355.122072
30.275130	34.970963	45.664650	33.922842	41.954783	32.784313	39.871847	30.917751	36.147176	27.509920	30.792817	354.537062
30.300130	34.888679	45.665989	33.833172	41.942189	32.686787	39.849216	30.818947	36.112347	27.410557	30.744169	353.952052
30.325130	34.806395	45.667328	33.743501	41.929595	32.589261	39.826585	30.720144	36.077518	27.311193	30.695521	353.367041
30.350130	34.724111	45.668668	33.653830	41.917001	32.491735	39.803954	30.621340	36.042688	27.211828	30.646874	352.782029
30.375130	34.626380	45.669977	33.549177	41.904407	32.379531	39.781323	30.509024	36.007819	27.100672	30.598179	352.126488
30.400130	34.456699	45.671147	33.374740	41.891812	32.198953	39.758687	30.333767	35.972762	26.934584	30.549266	351.142417
30.425130	34.287018	45.672317	33.200301	41.879218	32.018375	39.736051	30.158510	35.937705	26.768496	30.500353	350.158344
30.450130	34.117336	45.673487	33.025863	41.866624	31.837796	39.713415	29.983252	35.902648	26.602408	30.451440	349.174269
30.475130	33.947653	45.674657	32.851424	41.854030	31.657217	39.690779	29.807994	35.867591	26.436319	30.402527	348.190191
30.500131	33.777970	45.675827	32.676984	41.841436	31.476637	39.668143	29.632736	35.832534	26.270230	30.353614	347.206112
30.525131	33.608287	45.676997	32.502544	41.828842	31.296057	39.645507	29.457477	35.797477	26.104140	30.304701	346.222030
30.550131	33.438603	45.678167	32.328104	41.816248	31.115476	39.622871	29.282218	35.762421	25.938050	30.255788	345.237946
30.575131	33.268919	45.679337	32.153663	41.803654	30.934895	39.600235	29.106958	35.727364	25.771960	30.206876	344.253860
30.600131	33.099234	45.680507	31.979222	41.791059	30.754314	39.577599	28.931698	35.692307	25.605869	30.157963	343.269772
30.625131	32.881097	45.681673	31.758822	41.778429	30.530143	39.554917	28.715641	35.657250	25.404984	30.108854	342.071810
30.650131	32.437330	45.682820	31.324404	41.765629	30.102987	39.532023	28.309602	35.622194	25.042066	30.058836	339.877893
30.675131	31.993561	45.683968	30.889983	41.752829	29.675829	39.509129	27.903562	35.587138	24.679147	30.008818	337.683965
30.700131	31.549789	45.685115	30.455560	41.740030	29.248669	39.486235	27.497519	35.552081	24.316226	29.958800	335.490025
30.725132	31.106015	45.686262	30.021135	41.727230	28.821506	39.463341	27.091474	35.517025	23.953304	29.908782	333.296073
30.750132	30.662237	45.687409	29.586707	41.714430	28.394341	39.440447	26.685427	35.481969	23.590379	29.858764	331.102110
30.775132	30.218457	45.688556	29.152277	41.701630	27.967174	39.417553	26.279377	35.446912	23.227452	29.808746	328.908136
30.800132	29.774675	45.689703	28.717844	41.688830	27.540005	39.394659	25.873326	35.411856	22.864524	29.758727	326.714149
30.825132	29.330890	45.690850	28.283409	41.676031	27.112833	39.371765	25.467272	35.376800	22.501594	29.708709	324.520152
30.850132	28.887102	45.691997	27.848971	41.663231	26.685659	39.348871	25.061216	35.341744	22.138662	29.658691	322.326142
30.875132	28.239261	45.693059	27.224774	41.650364	26.081934	39.325936	24.488267	35.306560	21.634477	29.608624	319.253256
30.900132	26.641486	45.693726	25.717183	41.637184	24.656311	39.302810	23.138374	35.270785	20.472716	29.558336	312.088912
30.925132	25.043710	45.694392	24.209592	41.624004	23.230687	39.279683	21.788481	35.235010	19.310954	29.508048	304.924562
30.950132	23.445932	45.695059	22.701999	41.610824	21.805062	39.256557	20.438587	35.199235	18.149191	29.457760	297.760208
30.975133	21.848154	45.695725	21.194405	41.597645	20.379437	39.233431	19.088692	35.163460	16.987427	29.407472	290.595848
31.000133	20.250374	45.696392	19.686811	41.584465	18.953810	39.210305	17.738796	35.127685	15.825663	29.357183	283.431484
31.025133	18.652594	45.697058	18.179215	41.571285	17.528182	39.187179	16.388899	35.091910	14.663898	29.306895	276.267115
31.050133	17.054812	45.697725	16.671618	41.558105	16.102553	39.164053	15.039001	35.056135	13.502132	29.256607	269.102741
31.075133	15.457029	45.698391	15.164020	41.544925	14.676923	39.140927	13.689102	35.020360	12.340365	29.206319	261.938362
31.100133	13.859245	45.699058	13.656421	41.531746	13.251292	39.117801	12.339202	34.984585	11.178598	29.156030	254.773978
31.125133	12.465729	45.699608	12.339935	41.518459	12.004624	39.094541	11.159428	34.948892	10.162316	29.105647	248.499179
31.150133	12.022883	45.699619	11.912896	41.504673	11.590855	39.070662	10.771426	34.913583	9.823131	29.054824	246.364552
31.175133	11.580039	45.699631	11.485860	41.490887	11.177088	39.046782	10.383426	34.878273	9.483948	29.004000	244.229934
31.200134	11.137197	45.699642	11.058825	41.477101	10.763324	39.022903	9.995428	34.842963	9.144767	28.953176	242.095326
31.225134	10.694358	45.699653	10.631793	41.463316	10.349561	38.999023	9.607432	34.807653	8.805587	28.902353	239.960727
31.250134	10.251520	45.699664	10.204762	41.449530	9.935800	38.975144	9.219437	34.772343	8.466408	28.851529	237.826138
31.275134	9.808685	45.699675	9.777734	41.435744	9.522040	38.951264	8.831444	34.737033	8.127231	28.800705	235.691557
31.300134	9.365852	45.699687	9.350708	41.421958	9.108283	38.927384	8.443454	34.701723	7.788056	28.749881	233.556987
31.325134	8.923021	45.699698	8.923683	41.408172	8.694528	38.903505	8.055464	34.666413	7.448882	28.699058	231.422425
31.350134	8.480192	45.699709	8.496661	41.394386	8.280774	38.879625	7.667477	34.631103	7.109710	28.648234	229.287873
31.375134	8.085373	45.699546	8.115313	41.380397	7.910646	38.855659	7.320633	34.595582	6.806029	28.596923	227.366102
31.400134	7.913914	45.698572	7.946461	41.365461	7.743482	38.831289	7.165209	34.559079	6.667474	28.543349	226.434290
31.425135	7.742456	45.697598	7.777610	41.350525	7.576319	38.806919	7.009784	34.522575	6.528918	28.489775	225.502479
31.450135	7.570998	45.696624	7.608759	41.335589	7.409155	38.782549	6.854360	34.486072	6.390363	28.436200	224.570669
31.475135	7.399540	45.695650	7.439908	41.320654	7.241992	38.758180	6.698936	34.449568	6.251808	28.382626	223.638861
31.500135	7.228082	45.694675	7.271057	41.305718	7.074830	38.733810	6.543512	34.413064	6.113253	28.329051	222.707053
31.525135	7.056625	45.693701	7.102207	41.290782	6.907667	38.709440	6.388089	34.376561	5.974699	28.275477	221.775247
31.550135	6.885168	45.692727	6.933357	41.275846	6.740505	38.685070	6.232666	34.340057	5.836144	28.221902	220.843443
31.575135	6.713711	45.691753	6.764508	41.260910	6.573344	38.660700	6.077243	34.303553	5.697590	28.168327	219.911639
31.600135	6.542255	45.690779	6.595658	41.245974	6.406182	38.636330	5.921820	34.267049	5.559036	28.114753	218.979837
31.625135	6.386327	45.689717	6.441995	41.230967	6.253955	38.611872	5.780285	34.230422	5.432618	28.060991	218.119149
31.650135	6.302626	45.688244	6.358966	41.215631	6.171193	38.587002	5.703341	34.193222	5.362645	28.006362	217.589232
31.675136	6.218924	45.686770	6.275938	41.200295	6.088431	38.562132	5.626398	34.156022	5.292671	27.951733	217.059315
31.700136	6.135223	45.685297	6.192909	41.184959	6.005670	38.537262	5.549454	34.118821	5.222698	27.897104	216.529398
31.725136	6.051522	45.683824	6.109881	41.169623	5.922908	38.512392	5.472511	34.081621	5.152725	27.842475	215.999481
31.750136	5.967821	45.682351	6.026852	41.154287	5.840146	38.487522	5.395567	34.044421	5.082752	27.787846	215.469565
31.775136	5.884120	45.680878	5.943824	41.138951	5.757385	38.462652	5.318624	34.007220	5.012778	27.733217	214.939649
31.800136	5.800419	45.679404	5.860796	41.123614	5.674623	38.437782	5.241681	33.970020	4.942805	27.678588	214.409733
31.825136	5.716718	45.677931	5.777767	41.108278	5.591862	38.412912	5.164737	33.932820	4.872832	27.623959	213.879817
31.850136	5.633017	45.676458	5.694739	41.092942	5.509101	38.388042	5.087794	33.895619	4.802859	27.569330	213.349901
31.875136	5.554760	45.674984	5.617238	41.077607	5.431952	38.363174	5.015964	33.858375	4.737562	27.514553	212.846169
31.900137	5.501815	45.673511	5.565438	41.062276	5.380903	38.338314	4.967910	33.820926	4.694004	27.459093	212.464190
31.925137	5.448869	45.672038	5.513638	41.046945	5.329853	38.313454	4.919855	33.783477	4.650447	27.403633	212.082211
31.950137	5.395924	45.670565	5.461839	41.031614	5.278804	38.288594	4.871801	33.746028	4.606889	27.348173	211.700231
31.975137	5.342979	45.669091	5.410039	41.016283	5.227754	38.263733	4.823747	33.708579	4.563332	27.292713	211.318251
32.000137	5.290034	45.667618	5.358239	41.000952	5.176705	38.238873	4.775692	33.671130	4.519775	27.237253	210.936272
32.025137	5.237089	45.666145	5.306439	40.985621	5.125655	38.214013	4.727638	33.633681	4.476218	27.181793	210.554292
32.050137	5.184144	45.664671	5.254639	40.970290	5.074605	38.189153	4.679584	33.596232	4.432660	27.126333	210.172312
32.075137	5.131198	45.663198	5.202839	40.954959	5.023556	38.164293	4.631530	33.558783	4.389103	27.070873	209.790332
32.100137	5.078253	45.661724	5.151039	40.939628	4.972506	38.139432	4.583475	33.521334	4.345546	27.015413	209.408351
32.125137	5.027665	45.660193	5.101636	40.924261	4.923895	38.114525	4.537699	33.483884	4.303943	26.959420	209.037123
32.150138	4.988036	45.658395	5.063370	40.908723	4.886620	38.089401	4.502514	33.446435	4.271428	26.900954	208.715877
32.175138	4.948406	45.656597	5.025105	40.893185	4.849345	38.064276	4.467328	33.408985	4.238913	26.842489	208.394630
32.200138	4.908776	45.654799	4.986840	40.877647	4.812071	38.039151	4.432143	33.371535	4.206398	26.784023	208.073383
32.225138	4.869146	45.653001	4.948575	40.862109	4.774796	38.014027	4.396958	33.334085	4.173883	26.725557	207.752135
32.250138	4.829516	45.651203	4.910309	40.846571	4.737521	37.988902	4.361772	33.296635	4.141368	26.667090	207.430888
32.275138	4.789887	45.649404	4.872044	40.831033	4.700247	37.963777	4.326587	33.259185	4.108853	26.608624	207.109641
32.300138	4.750257	45.647606	4.833779	40.815495	4.662972	37.938652	4.291401	33.221735	4.076338	26.550158	206.788393
32.325138	4.710627	45.645808	4.795514	40.799957	4.625697	37.913527	4.256215	33.184285	4.043823	26.491692	206.467145
32.350138	4.670997	45.644010	4.757248	40.784419	4.588423	37.888402	4.221030	33.146835	4.011308	26.433225	206.145897
32.375139	4.632765	45.642183	4.720391	40.768743	4.552633	37.863235	4.187214	33.109217	3.980134	26.373943	205.830458
32.400139	4.601026	45.640224	4.690078	40.752426	4.523743	37.837875	4.159764	33.070817	3.955197	26.310867	205.542016
32.425139	4.569288	45.638265	4.659764	40.736108	4.494853	37.812514	4.132314	33.032417	3.930260	26.247792	205.253575
32.450139	4.537549	45.636306	4.629451	40.719791	4.465963	37.787154	4.104863	32.994018	3.905323	26.184716	204.965132
32.475139	4.505811	45.634347	4.599137	40.703473	4.437073	37.761793	4.077413	32.955618	3.880385	26.121640	204.676690
32.500139	4.474072	45.632388	4.568823	40.687155	4.408182	37.736432	4.049963	32.917218	3.855448	26.058565	204.388248
32.525139	4.442334	45.630429	4.538510	40.670838	4.379292	37.711072	4.022512	32.878819	3.830511	25.995489	204.099805
32.550139	4.410595	45.628470	4.508196	40.654520	4.350402	37.685711	3.995062	32.840419	3.805573	25.932413	203.811362
32.575139	4.378857	45.626511	4.477883	40.638202	4.321512	37.660350	3.967612	32.802019	3.780636	25.869337	203.522919
32.600140	4.347118	45.624552	4.447569	40.621884	4.292622	37.634990	3.940161	32.763619	3.755699	25.806261	203.234475
32.625140	4.316145	45.622562	4.418093	40.605604	4.264527	37.609631	3.913463	32.725391	3.731415	25.740581	202.947413
32.650140	4.288732	45.620429	4.392508	40.589497	4.240127	37.584280	3.890258	32.687963	3.710171	25.662803	202.666768
32.675140	4.261318	45.618295	4.366924	40.573390	4.215727	37.558929	3.867052	32.650536	3.688926	25.585025	202.386123
32.700140	4.233904	45.616161	4.341339	40.557284	4.191327	37.533579	3.843847	32.613108	3.667682	25.507247	202.105478
32.725140	4.206490	45.614028	4.315755	40.541177	4.166928	37.508228	3.820642	32.575680	3.646437	25.429468	201.824832
32.750140	4.179076	45.611894	4.290171	40.525070	4.142528	37.482877	3.797437	32.538252	3.625193	25.351690	201.544187
32.775140	4.151662	45.609760	4.264586	40.508963	4.118128	37.457526	3.774232	32.500824	3.603948	25.273912	201.263541
32.800140	4.124248	45.607627	4.239002	40.492856	4.093728	37.432175	3.751027	32.463396	3.582704	25.196133	200.982895
32.825140	4.096834	45.605493	4.213417	40.476749	4.069328	37.406824	3.727821	32.425968	3.561459	25.118354	200.702249
32.850141	4.069420	45.603359	4.187833	40.460643	4.044928	37.381473	3.704616	32.388541	3.540214	25.040576	200.421603
32.875141	4.042311	45.601199	4.162568	40.444467	4.020893	37.356034	3.681672	32.351064	3.519160	24.957779	200.137146
32.900141	4.016616	45.598915	4.138788	40.427970	3.998554	37.330183	3.659937	32.313360	3.498987	24.851677	199.834985
32.925141	3.990921	45.596632	4.115008	40.411473	3.976214	37.304332	3.638202	32.275655	3.478814	24.745574	199.532825
32.950141	3.965225	45.594348	4.091228	40.394976	3.953874	37.278481	3.616468	32.237951	3.458642	24.639471	199.230664
32.975141	3.939530	45.592064	4.067448	40.378479	3.931534	37.252630	3.594733	32.200247	3.438469	24.533369	198.928503
33.000141	3.913835	45.589780	4.043669	40.361982	3.909194	37.226779	3.572999	32.162542	3.418296	24.427266	198.626341
33.025141	3.888140	45.587496	4.019889	40.345485	3.886854	37.200928	3.551264	32.124838	3.398123	24.321162	198.324180
33.050141	3.862445	45.585213	3.996109	40.328988	3.864515	37.175077	3.529529	32.087133	3.377950	24.215059	198.022018
33.075142	3.836750	45.582929	3.972329	40.312491	3.842175	37.149226	3.507795	32.049429	3.357777	24.108956	197.719856
33.100142	3.811054	45.580645	3.948549	40.295994	3.819835	37.123375	3.486060	32.011724	3.337605	24.002852	197.417693
33.125142	3.785798	45.578303	3.925117	40.279429	3.797828	37.097524	3.464718	31.973857	3.317857	23.892170	197.112600
33.150142	3.762578	45.575688	3.903297	40.262547	3.777368	37.071673	3.445198	31.935235	3.300088	23.760229	196.793901
33.175142	3.739358	45.573074	3.881477	40.245665	3.756908	37.045822	3.425678	31.896614	3.282318	23.628288	196.475202
33.200142	3.716138	45.570460	3.859657	40.228783	3.736449	37.019970	3.406159	31.857992	3.264548	23.496347	196.156503
33.225142	3.692918	45.567845	3.837837	40.211901	3.715989	36.994119	3.386639	31.819370	3.246778	23.364406	195.837803
33.250142	3.669698	45.565231	3.816017	40.195020	3.695529	36.968268	3.367119	31.780748	3.229008	23.232465	195.519103
33.275142	3.646479	45.562617	3.794197	40.178138	3.675069	36.942417	3.347599	31.742127	3.211238	23.100523	195.200403
33.300143	3.623259	45.560002	3.772378	40.161256	3.654609	36.916566	3.328079	31.703505	3.193468	22.968582	194.881703
33.325143	3.600039	45.557388	3.750558	40.144374	3.634149	36.890714	3.308559	31.664883	3.175698	22.836640	194.563002
33.350143	3.576819	45.554774	3.728738	40.127492	3.613689	36.864863	3.289039	31.626261	3.157928	22.704698	194.244301
33.375143	3.553844	45.552102	3.707232	40.110573	3.593566	36.838967	3.269811	31.587426	3.140387	22.564782	193.918688
33.400143	3.532005	45.549163	3.687183	40.093479	3.575006	36.812860	3.251935	31.547600	3.123907	22.387854	193.560992
33.425143	3.510166	45.546224	3.667133	40.076385	3.556446	36.786754	3.234059	31.507773	3.107427	22.210926	193.203295
33.450143	3.488328	45.543285	3.647084	40.059291	3.537886	36.760648	3.216183	31.467947	3.090947	22.033998	192.845597
33.475143	3.466489	45.540345	3.627034	40.042197	3.519326	36.734542	3.198307	31.428121	3.074467	21.857070	192.487899
33.500143	3.444650	45.537406	3.606985	40.025103	3.500766	36.708436	3.180431	31.388295	3.057987	21.680141	192.130201
33.525143	3.422811	45.534467	3.586936	40.008010	3.482207	36.682329	3.162555	31.348468	3.041508	21.503211	191.772502
33.550144	3.400972	45.531528	3.566886	39.990916	3.463647	36.656223	3.144680	31.308642	3.025028	21.326281	191.414803
33.575144	3.379134	45.528589	3.546837	39.973822	3.445087	36.630116	3.126804	31.268816	3.008548	21.149351	191.057103
33.600144	3.357295	45.525650	3.526787	39.956728	3.426527	36.604010	3.108928	31.228989	2.992068	20.972421	190.699402
33.625144	3.335651	45.522684	3.506885	39.939638	3.408057	36.577949	3.091152	31.189208	2.975703	20.772646	190.319571
33.650144	3.314911	45.519589	3.487665	39.922567	3.390007	36.552097	3.073842	31.149636	2.959870	20.466862	189.837046
33.675144	3.294171	45.516495	3.468445	39.905496	3.371957	36.526246	3.056532	31.110064	2.944037	20.161077	189.354519
33.700144	3.273431	45.513401	3.449225	39.888425	3.353907	36.500394	3.039222	31.070491	2.928203	19.855289	188.871990
33.725144	3.252691	45.510307	3.430005	39.871355	3.335857	36.474542	3.021912	31.030919	2.912370	19.549500	188.389459
33.750144	3.231951	45.507213	3.410786	39.854284	3.317807	36.448691	3.004602	30.991347	2.896537	19.243710	187.906927
33.775145	3.211211	45.504119	3.391566	39.837213	3.299757	36.422839	2.987292	30.951775	2.880704	18.937917	187.424392
33.800145	3.190471	45.501024	3.372346	39.820142	3.281707	36.396987	2.969982	30.912202	2.864871	18.632122	186.941856
33.825145	3.169731	45.497930	3.353126	39.803071	3.263657	36.371136	2.952673	30.872630	2.849038	18.326326	186.459318
33.850145	3.148991	45.494836	3.333906	39.786001	3.245607	36.345284	2.935363	30.833058	2.833205	18.020528	185.976778
33.875145	3.128744	45.491594	3.315176	39.768826	3.228048	36.319344	2.918540	30.793189	2.817796	17.622863	185.404120
33.900145	3.110785	45.487665	3.298722	39.751168	3.212768	36.292997	2.903979	30.751942	2.804356	16.799028	184.413409
33.925145	3.092825	45.483736	3.282267	39.733511	3.197488	36.266650	2.889417	30.710695	2.790916	15.975192	183.422697
33.950145	3.074865	45.479807	3.265812	39.715853	3.182209	36.240303	2.874856	30.669448	2.777476	15.151356	182.431984
33.975145	3.056905	45.475878	3.249357	39.698196	3.166929	36.213956	2.860295	30.628201	2.764036	14.327519	181.441271
34.000146	3.038945	45.471949	3.232902	39.680538	3.151649	36.187609	2.845733	30.586954	2.750596	13.503681	180.450557
34.025146	3.020985	45.468020	3.216447	39.662881	3.136370	36.161262	2.831172	30.545707	2.737156	12.679843	179.459843
34.050146	3.003025	45.464091	3.199992	39.645223	3.121090	36.134914	2.816610	30.504460	2.723716	11.856005	178.469127
34.075146	2.985065	45.460162	3.183538	39.627565	3.105810	36.108567	2.802049	30.463213	2.710276	11.032166	177.478412
34.100146	2.967105	45.456233	3.167083	39.609908	3.090531	36.082220	2.787487	30.421966	2.696836	10.208326	176.487695
34.125146	2.949336	45.452189	3.150772	39.592217	3.075400	36.055920	2.773092	30.380344	2.683550	9.487085	175.599906
34.150146	2.932452	45.447610	3.135132	39.574371	3.060960	36.029838	2.759467	30.336981	2.670980	9.241673	175.189465
34.175146	2.915568	45.443031	3.119492	39.556526	3.046520	36.003755	2.745843	30.293619	2.658410	8.996261	174.779026
34.200146	2.898683	45.438452	3.103852	39.538680	3.032080	35.977673	2.732218	30.250256	2.645840	8.750852	174.368588
34.225146	2.881799	45.433873	3.088213	39.520835	3.017641	35.951591	2.718593	30.206894	2.633270	8.505444	173.958152
34.250147	2.864915	45.429294	3.072573	39.502989	3.003201	35.925509	2.704969	30.163531	2.620701	8.260038	173.547718
34.275147	2.848030	45.424715	3.056933	39.485143	2.988761	35.899427	2.691344	30.120168	2.608131	8.014634	173.137285
34.300147	2.831146	45.420136	3.041293	39.467298	2.974321	35.873345	2.677719	30.076805	2.595561	7.769231	172.726854
34.325147	2.814262	45.415557	3.025653	39.449452	2.959881	35.847263	2.664095	30.033443	2.582991	7.523830	172.316425
34.350147	2.797377	45.410978	3.010013	39.431607	2.945441	35.821181	2.650470	29.990080	2.570421	7.278430	171.905997
34.375147	2.780548	45.406282	2.994431	39.413692	2.931031	35.795012	2.636844	29.946634	2.557850	7.058001	171.520325
34.400147	2.763974	45.401043	2.979121	39.395456	2.916761	35.768439	2.623214	29.902801	2.545275	6.953336	171.249420
34.425147	2.747399	45.395804	2.963812	39.377220	2.902491	35.741867	2.609584	29.858968	2.532700	6.848671	170.978516
34.450147	2.730825	45.390565	2.948502	39.358984	2.888221	35.715295	2.595954	29.815135	2.520126	6.744006	170.707612
34.475148	2.714250	45.385326	2.933192	39.340747	2.873951	35.688723	2.582324	29.771302	2.507551	6.639342	170.436708
34.500148	2.697676	45.380087	2.917882	39.322511	2.859680	35.662151	2.568694	29.727470	2.494976	6.534678	170.165805
34.525148	2.681101	45.374847	2.902572	39.304275	2.845410	35.635579	2.555064	29.683637	2.482402	6.430014	169.894901
34.550148	2.664527	45.369608	2.887262	39.286039	2.831140	35.609007	2.541434	29.639804	2.469827	6.325350	169.623998
34.575148	2.647953	45.364369	2.871952	39.267803	2.816869	35.582434	2.527804	29.595971	2.457252	6.220687	169.353095
34.600148	2.631378	45.359130	2.856642	39.249567	2.802599	35.555862	2.514174	29.552138	2.444678	6.116024	169.082192
34.625148	2.615027	45.353864	2.841536	39.231231	2.788576	35.529290	2.500775	29.507928	2.432335	6.019961	168.820522
34.650148	2.599711	45.348470	2.827376	39.212432	2.775696	35.502718	2.488446	29.461969	2.421065	5.963761	168.601644
34.675148	2.584396	45.343076	2.813216	39.193633	2.762817	35.476146	2.476117	29.416010	2.409795	5.907560	168.382766
34.700149	2.569080	45.337682	2.799056	39.174835	2.749937	35.449574	2.463788	29.370051	2.398525	5.851359	168.163888
34.725149	2.553765	45.332288	2.784896	39.156036	2.737058	35.423002	2.451460	29.324092	2.387255	5.795159	167.945010
34.750149	2.538450	45.326895	2.770735	39.137238	2.724178	35.396430	2.439131	29.278133	2.375985	5.738958	167.726132
34.775149	2.523134	45.321501	2.756575	39.118439	2.711299	35.369857	2.426802	29.232174	2.364715	5.682758	167.507255
34.800149	2.507819	45.316107	2.742415	39.099641	2.698419	35.343285	2.414473	29.186216	2.353445	5.626557	167.288377
34.825149	2.492503	45.310713	2.728255	39.080842	2.685540	35.316713	2.402144	29.140257	2.342175	5.570357	167.069500
34.850149	2.477188	45.305319	2.714095	39.062044	2.672660	35.290141	2.389815	29.094298	2.330905	5.514157	166.850622
34.875149	2.462199	45.299953	2.700252	39.043345	2.660022	35.263569	2.377743	29.047870	2.319866	5.461326	166.636146
34.900149	2.448725	45.294714	2.687878	39.025109	2.648502	35.236997	2.366862	28.999268	2.309896	5.424108	166.442058
34.925149	2.435250	45.289475	2.675503	39.006873	2.636982	35.210425	2.355981	28.950666	2.299926	5.386890	166.247970
34.950150	2.421776	45.284236	2.663128	38.988637	2.625461	35.183853	2.345100	28.902063	2.289956	5.349672	166.053883
34.975150	2.408301	45.278997	2.650754	38.970401	2.613941	35.157280	2.334219	28.853461	2.279986	5.312454	165.859795
35.000150	2.394827	45.273758	2.638379	38.952165	2.602420	35.130708	2.323338	28.804859	2.270016	5.275236	165.665707
35.025150	2.381352	45.268519	2.626005	38.933929	2.590900	35.104136	2.312457	28.756257	2.260046	5.238019	165.471619
35.050150	2.367877	45.263280	2.613630	38.915692	2.579380	35.077564	2.301576	28.707654	2.250076	5.200801	165.277531
35.075150	2.354403	45.258041	2.601256	38.897456	2.567859	35.050992	2.290695	28.659052	2.240106	5.163583	165.083443
35.100150	2.340928	45.252802	2.588881	38.879220	2.556339	35.024420	2.279814	28.610449	2.230136	5.126365	164.889355
35.125150	2.327538	45.247681	2.576533	38.860985	2.544882	34.997935	2.269003	28.561213	2.220207	5.090642	164.696619
35.150150	2.314538	45.243102	2.564308	38.842754	2.533723	34.971853	2.258520	28.509040	2.210465	5.061842	164.510145
35.175151	2.301538	45.238523	2.552083	38.824524	2.522564	34.945770	2.248036	28.456867	2.200723	5.033042	164.323670
35.200151	2.288538	45.233944	2.539858	38.806293	2.511404	34.919688	2.237553	28.404694	2.190982	5.004242	164.137196
35.225151	2.275538	45.229365	2.527633	38.788062	2.500245	34.893606	2.227069	28.352521	2.181240	4.975442	163.950722
35.250151	2.262538	45.224786	2.515407	38.769831	2.489086	34.867524	2.216586	28.300348	2.171499	4.946643	163.764248
35.275151	2.249538	45.220207	2.503182	38.751600	2.477926	34.841442	2.206103	28.248175	2.161757	4.917843	163.577774
35.300151	2.236538	45.215628	2.490957	38.733370	2.466767	34.815360	2.195619	28.196002	2.152016	4.889043	163.391299
35.325151	2.223538	45.211049	2.478732	38.715139	2.455608	34.789278	2.185136	28.143829	2.142274	4.860243	163.204825
35.350151	2.210538	45.206470	2.466507	38.696908	2.444449	34.763195	2.174652	28.091655	2.132533	4.831443	163.018351
35.375151	2.197562	45.201833	2.454370	38.678571	2.433346	34.737067	2.164200	28.036542	2.122827	4.803512	162.829829
35.400152	2.184697	45.196924	2.442640	38.659743	2.422505	34.710725	2.153890	27.967813	2.113287	4.779602	162.631826
35.425152	2.171833	45.192015	2.430910	38.640915	2.411665	34.684382	2.143580	27.899084	2.103747	4.755692	162.433823
35.450152	2.158968	45.187106	2.419180	38.622087	2.400825	34.658040	2.133270	27.830355	2.094207	4.731783	162.235820
35.475152	2.146103	45.182197	2.407450	38.603259	2.389984	34.631697	2.122960	27.761626	2.084668	4.707873	162.037817
35.500152	2.133239	45.177288	2.395720	38.584431	2.379143	34.605355	2.112650	27.692897	2.075128	4.683963	161.839813
35.525152	2.120374	45.172379	2.383990	38.565603	2.368303	34.579012	2.102340	27.624167	2.065588	4.660053	161.641810
35.550152	2.107509	45.167470	2.372260	38.546775	2.357462	34.552670	2.092030	27.555438	2.056048	4.636143	161.443807
35.575152	2.094644	45.162561	2.360530	38.527947	2.346622	34.526327	2.081721	27.486709	2.046508	4.612234	161.245803
35.600152	2.081780	45.157652	2.348800	38.509119	2.335781	34.499985	2.071411	27.417980	2.036968	4.588324	161.047800
35.625152	2.069166	45.152712	2.337244	38.490328	2.325158	34.473642	2.061296	27.345744	2.027660	4.564991	160.847942
35.650153	2.057716	45.147628	2.326494	38.471707	2.315538	34.447300	2.052086	27.257276	2.019425	4.544332	160.639500
35.675153	2.046266	45.142543	2.315744	38.453086	2.305918	34.420957	2.042876	27.168807	2.011190	4.523672	160.431059
35.700153	2.034816	45.137459	2.304995	38.434465	2.296298	34.394614	2.033666	27.080338	2.002954	4.503012	160.222617
35.725153	2.023366	45.132375	2.294245	38.415844	2.286678	34.368272	2.024456	26.991868	1.994719	4.482352	160.014176
35.750153	2.011916	45.127290	2.283495	38.397224	2.277058	34.341929	2.015247	26.903399	1.986484	4.461692	159.805734
35.775153	2.000466	45.122206	2.272745	38.378603	2.267438	34.315586	2.006037	26.814930	1.978249	4.441033	159.597292
35.800153	1.989016	45.117122	2.261995	38.359982	2.257818	34.289244	1.996827	26.726460	1.970014	4.420373	159.388850
35.825153	1.977566	45.112037	2.251245	38.341361	2.248198	34.262901	1.987617	26.637991	1.961779	4.399713	159.180407
35.850153	1.966116	45.106953	2.240495	38.322740	2.238578	34.236558	1.978407	26.549521	1.953543	4.379053	158.971965
35.875154	1.954638	45.101868	2.229772	38.304148	2.228897	34.210343	1.969162	26.459199	1.945190	4.358685	158.761903
35.900154	1.943033	45.096784	2.219172	38.285691	2.218932	34.184720	1.959756	26.360304	1.936292	4.339665	158.544348
35.925154	1.931428	45.091700	2.208572	38.267233	2.208967	34.159097	1.950349	26.261409	1.927393	4.320645	158.326792
35.950154	1.919822	45.086615	2.197972	38.248776	2.199001	34.133473	1.940942	26.162514	1.918495	4.301626	158.109236
35.975154	1.908217	45.081531	2.187372	38.230318	2.189036	34.107850	1.931536	26.063619	1.909596	4.282606	157.891680
36.000154	1.896612	45.076446	2.176771	38.211860	2.179071	34.082227	1.922129	25.964724	1.900698	4.263586	157.674124
36.025154	1.885007	45.071362	2.166171	38.193403	2.169106	34.056603	1.912722	25.865828	1.891799	4.244566	157.456568
36.050154	1.873401	45.066277	2.155571	38.174945	2.159141	34.030980	1.903316	25.766933	1.882901	4.225547	157.239011
36.075154	1.861796	45.061193	2.144971	38.156487	2.149175	34.005356	1.893909	25.668037	1.874002	4.206527	157.021454
36.100155	1.850191	45.056108	2.134371	38.138029	2.139210	33.979733	1.884502	25.569141	1.865104	4.187507	156.803897
36.125155	1.838834	45.050938	2.123949	38.119887	2.129460	33.954553	1.875328	25.466867	1.856440	4.168725	156.584981
36.150155	1.828624	45.045375	2.114349	38.103206	2.120706	33.931425	1.867228	25.348961	1.848864	4.151043	156.359780
36.175155	1.818414	45.039811	2.104749	38.086525	2.111953	33.908297	1.859128	25.231054	1.841288	4.133360	156.134579
36.200155	1.808204	45.034247	2.095149	38.069844	2.103199	33.885169	1.851028	25.113147	1.833712	4.115678	155.909378
36.225155	1.797994	45.028683	2.085549	38.053163	2.094445	33.862041	1.842928	24.995240	1.826136	4.097996	155.684177
36.250155	1.787784	45.023120	2.075950	38.036482	2.085691	33.838913	1.834828	24.877333	1.818560	4.080313	155.458975
36.275155	1.777574	45.017556	2.066350	38.019801	2.076938	33.815786	1.826728	24.759426	1.810984	4.062631	155.233773
36.300155	1.767364	45.011992	2.056750	38.003120	2.068184	33.792658	1.818628	24.641518	1.803409	4.044949	155.008571
36.325155	1.757154	45.006428	2.047151	37.986439	2.059430	33.769530	1.810528	24.523610	1.795833	4.027266	154.783369
36.350156	1.746944	45.000865	2.037551	37.969758	2.050676	33.746402	1.802428	24.405702	1.788257	4.009584	154.558167
36.375156	1.737008	44.995301	2.028179	37.953315	2.042103	33.723665	1.794524	24.279154	1.780908	3.992051	154.326207
36.400156	1.728338	44.989736	2.019864	37.937977	2.034362	33.702731	1.787524	24.112643	1.774610	3.975206	154.062991
36.425156	1.719668	44.984172	2.011548	37.922638	2.026621	33.681798	1.780524	23.946131	1.768311	3.958361	153.799773
36.450156	1.710998	44.978608	2.003233	37.907300	2.018881	33.660865	1.773524	23.779618	1.762012	3.941517	153.536555
36.475156	1.702328	44.973043	1.994917	37.891961	2.011140	33.639932	1.766524	23.613105	1.755714	3.924672	153.273337
36.500156	1.693658	44.967479	1.986602	37.876623	2.003399	33.618999	1.759524	23.446592	1.749415	3.907828	153.010118
36.525156	1.684988	44.961914	1.978286	37.861284	1.995658	33.598066	1.752524	23.280078	1.743116	3.890983	152.746898
36.550156	1.676318	44.956350	1.969971	37.845945	1.987918	33.577132	1.745524	23.113563	1.736818	3.874139	152.483677
36.575157	1.667648	44.950786	1.961655	37.830607	1.980177	33.556199	1.738524	22.947048	1.730519	3.857294	152.220457
36.600157	1.658978	44.945221	1.953340	37.815268	1.972436	33.535266	1.731524	22.780532	1.724220	3.840450	151.957235
36.625157	1.650279	44.939567	1.944997	37.800032	1.964694	33.514421	1.724458	22.588719	1.717808	3.823894	151.668870
36.650157	1.641444	44.933498	1.936527	37.785271	1.956948	33.493988	1.717088	22.279925	1.710873	3.808674	151.264236
36.675157	1.632609	44.927428	1.928057	37.770510	1.949202	33.473555	1.709719	21.971129	1.703938	3.793454	150.859600
36.700157	1.623774	44.921359	1.919587	37.755749	1.941456	33.453121	1.702349	21.662330	1.697002	3.778234	150.454961
36.725157	1.614939	44.915290	1.911117	37.740988	1.933710	33.432688	1.694979	21.353528	1.690067	3.763014	150.050319
36.750157	1.606104	44.909220	1.902647	37.726227	1.925963	33.412255	1.687609	21.044724	1.683132	3.747795	149.645675
36.775157	1.597269	44.903151	1.894177	37.711466	1.918217	33.391821	1.680239	20.735917	1.676197	3.732575	149.241028
36.800158	1.588434	44.897081	1.885707	37.696705	1.910471	33.371388	1.672869	20.427107	1.669261	3.717355	148.836378
36.825158	1.579599	44.891012	1.877237	37.681944	1.902725	33.350954	1.665499	20.118295	1.662326	3.702135	148.431726
36.850158	1.570764	44.884942	1.868767	37.667183	1.894978	33.330521	1.658129	19.809480	1.655391	3.686915	148.027071
36.875158	1.561848	44.878877	1.860181	37.652288	1.887143	33.309998	1.650695	19.397363	1.648455	3.671741	147.518588
36.900158	1.552558	44.872828	1.851061	37.636771	1.878893	33.289065	1.642965	18.507701	1.641515	3.656778	146.530135
36.925158	1.543268	44.866779	1.841941	37.621254	1.870643	33.268131	1.635235	17.618039	1.634575	3.641816	145.541681
36.950158	1.533978	44.860730	1.832821	37.605738	1.862393	33.247198	1.627505	16.728376	1.627635	3.626853	144.553227
36.975158	1.524688	44.854682	1.823702	37.590221	1.854143	33.226264	1.619775	15.838713	1.620695	3.611890	143.564772
37.000158	1.515398	44.848633	1.814582	37.574705	1.845893	33.205331	1.612045	14.949049	1.613755	3.596928	142.576317
37.025158	1.506108	44.842584	1.805462	37.559188	1.837643	33.184397	1.604315	14.059385	1.606815	3.581965	141.587861
37.050159	1.496818	44.836535	1.796342	37.543671	1.829393	33.163463	1.596585	13.169720	1.599875	3.567002	140.599404
37.075159	1.487527	44.830487	1.787222	37.528155	1.821143	33.142530	1.588855	12.280054	1.592935	3.552039	139.610947
37.100159	1.478237	44.824438	1.778102	37.512638	1.812893	33.121596	1.581125	11.390388	1.585995	3.537077	138.622489
37.125159	1.469363	44.818331	1.769418	37.497089	1.805043	33.100798	1.573787	10.612330	1.579365	3.522410	137.747933
37.150159	1.462408	44.811958	1.762754	37.481391	1.799039	33.080625	1.568257	10.350071	1.574165	3.509113	137.399780
37.175159	1.455453	44.805585	1.756090	37.465693	1.793035	33.060452	1.562727	10.087814	1.568965	3.495816	137.051630
37.200159	1.448498	44.799211	1.749426	37.449995	1.787032	33.040280	1.557197	9.825560	1.563765	3.482519	136.703482
37.225159	1.441543	44.792838	1.742762	37.434296	1.781028	33.020107	1.551667	9.563309	1.558565	3.469222	136.355337
37.250159	1.434588	44.786465	1.736097	37.418598	1.775025	32.999934	1.546137	9.301060	1.553365	3.455925	136.007194
37.275160	1.427633	44.780092	1.729433	37.402900	1.769021	32.979761	1.540607	9.038814	1.548165	3.442628	135.659054
37.300160	1.420678	44.773718	1.722769	37.387202	1.763018	32.959589	1.535077	8.776570	1.542965	3.429331	135.310917
37.325160	1.413724	44.767345	1.716105	37.371504	1.757014	32.939416	1.529547	8.514329	1.537765	3.416034	134.962782
37.350160	1.406769	44.760972	1.709441	37.355805	1.751011	32.919243	1.524017	8.252090	1.532565	3.402737	134.614650
37.375160	1.399810	44.754599	1.702713	37.340075	1.744975	32.898942	1.518423	8.016806	1.527329	3.389582	134.293254
37.400160	1.392835	44.748225	1.695693	37.324194	1.738790	32.878051	1.512533	7.906050	1.521923	3.377082	134.095376
37.425160	1.385860	44.741852	1.688673	37.308313	1.732605	32.857159	1.506643	7.795294	1.516518	3.364582	133.897498
37.450160	1.378885	44.735479	1.681652	37.292432	1.726419	32.836267	1.500753	7.684538	1.511112	3.352083	133.699620
37.475160	1.371910	44.729106	1.674632	37.276551	1.720234	32.815376	1.494863	7.573783	1.505707	3.339583	133.501743
37.500161	1.364935	44.722733	1.667611	37.260670	1.714049	32.794484	1.488973	7.463028	1.500301	3.327083	133.303866
37.525161	1.357959	44.716359	1.660591	37.244789	1.707864	32.773592	1.483083	7.352273	1.494896	3.314583	133.105990
37.550161	1.350984	44.709986	1.653570	37.228908	1.701678	32.752701	1.477193	7.241519	1.489490	3.302083	132.908114
37.575161	1.344009	44.703613	1.646550	37.213027	1.695493	32.731809	1.471303	7.130766	1.484085	3.289583	132.710239
37.600161	1.337034	44.697240	1.639529	37.197146	1.689308	32.710918	1.465413	7.020013	1.478679	3.277083	132.512364
37.625161	1.330033	44.690777	1.632571	37.181086	1.683123	32.689978	1.459588	6.918446	1.473269	3.264680	132.323551
37.650161	1.322913	44.683898	1.625902	37.164197	1.676938	32.668815	1.454063	6.859309	1.467834	3.252720	132.176590
37.675161	1.315793	44.677019	1.619233	37.147308	1.670754	32.647652	1.448538	6.800172	1.462400	3.240760	132.029629
37.700161	1.308673	44.670140	1.612563	37.130420	1.664569	32.626490	1.443012	6.741035	1.456966	3.228800	131.882667
37.725161	1.301553	44.663261	1.605894	37.113531	1.658385	32.605327	1.437487	6.681898	1.451531	3.216840	131.735706
37.750162	1.294433	44.656382	1.599224	37.096642	1.652200	32.584164	1.431962	6.622761	1.446097	3.204881	131.588745
37.775162	1.287313	44.649503	1.592555	37.079753	1.646015	32.563002	1.426437	6.563624	1.440663	3.192921	131.441785
37.800162	1.280193	44.642624	1.585886	37.062864	1.639831	32.541839	1.420911	6.504487	1.435228	3.180961	131.294824
37.825162	1.273073	44.635745	1.579216	37.045975	1.633646	32.520676	1.415386	6.445351	1.429794	3.169001	131.147863
37.850162	1.265953	44.628866	1.572547	37.029086	1.627462	32.499514	1.409861	6.386214	1.424359	3.157041	131.000903
37.875162	1.258943	44.621929	1.565933	37.012027	1.621305	32.478264	1.404336	6.330480	1.419044	3.145179	130.857440
37.900162	1.252443	44.614720	1.559572	36.994186	1.615279	32.456611	1.398811	6.290456	1.414279	3.133769	130.730127
37.925162	1.245943	44.607511	1.553212	36.976345	1.609252	32.434959	1.393286	6.250432	1.409515	3.122360	130.602814
37.950162	1.239443	44.600302	1.546851	36.958504	1.603226	32.413306	1.387762	6.210408	1.404750	3.110950	130.475501
37.975163	1.232943	44.593093	1.540491	36.940663	1.597199	32.391653	1.382237	6.170384	1.399986	3.099540	130.348187
38.000163	1.226443	44.585884	1.534130	36.922821	1.591173	32.370001	1.376712	6.130360	1.395221	3.088130	130.220874
38.025163	1.219943	44.578675	1.527769	36.904980	1.585146	32.348348	1.371188	6.090335	1.390456	3.076720	130.093561
38.050163	1.213443	44.571466	1.521409	36.887139	1.579120	32.326695	1.365663	6.050311	1.385692	3.065310	129.966248
38.075163	1.206943	44.564257	1.515048	36.869298	1.573093	32.305043	1.360139	6.010287	1.380927	3.053900	129.838935
38.100163	1.200443	44.557048	1.508688	36.851457	1.567067	32.283390	1.354614	5.970263	1.376163	3.042491	129.711622
38.125163	1.193968	44.549778	1.502358	36.833579	1.561134	32.261691	1.349154	5.931928	1.371397	3.031177	129.586163
38.150163	1.187608	44.542227	1.496168	36.815530	1.555634	32.239777	1.343994	5.901389	1.366627	3.020307	129.469260
38.175163	1.181248	44.534676	1.489978	36.797480	1.550134	32.217863	1.338834	5.870849	1.361857	3.009437	129.352357
38.200164	1.174887	44.527125	1.483788	36.779431	1.544634	32.195949	1.333674	5.840310	1.357087	2.998567	129.235453
38.225164	1.168527	44.519574	1.477598	36.761382	1.539134	32.174035	1.328514	5.809771	1.352317	2.987698	129.118550
38.250164	1.162167	44.512023	1.471408	36.743333	1.533634	32.152121	1.323354	5.779232	1.347547	2.976828	129.001647
38.275164	1.155807	44.504472	1.465218	36.725284	1.528134	32.130207	1.318195	5.748692	1.342777	2.965958	128.884744
38.300164	1.149447	44.496921	1.459028	36.707235	1.522634	32.108293	1.313035	5.718153	1.338007	2.955088	128.767841
38.325164	1.143087	44.489370	1.452838	36.689185	1.517134	32.086378	1.307875	5.687614	1.333237	2.944218	128.650937
38.350164	1.136727	44.481819	1.446648	36.671136	1.511634	32.064464	1.302715	5.657075	1.328468	2.933348	128.534034
38.375164	1.130341	44.474123	1.440401	36.652911	1.506012	32.042550	1.297491	5.627456	1.323620	2.922672	128.417577
38.400164	1.123836	44.465758	1.433891	36.633874	1.499828	32.020636	1.291971	5.602086	1.318415	2.912887	128.303179
38.425164	1.117330	44.457393	1.427381	36.614836	1.493643	31.998722	1.286451	5.576715	1.313210	2.903101	128.188781
38.450165	1.110825	44.449028	1.420871	36.595799	1.487458	31.976808	1.280931	5.551345	1.308004	2.893316	128.074384
38.475165	1.104319	44.440662	1.414361	36.576761	1.481274	31.954893	1.275411	5.525974	1.302799	2.883531	127.959986
38.500165	1.097814	44.432297	1.407851	36.557724	1.475089	31.932979	1.269891	5.500603	1.297594	2.873746	127.845588
38.525165	1.091309	44.423932	1.401341	36.538686	1.468904	31.911065	1.264371	5.475233	1.292388	2.863961	127.731190
38.550165	1.084803	44.415567	1.394831	36.519649	1.462720	31.889151	1.258851	5.449862	1.287183	2.854175	127.616792
38.575165	1.078298	44.407202	1.388321	36.500611	1.456535	31.867236	1.253331	5.424491	1.281978	2.844390	127.502394
38.600165	1.071792	44.398836	1.381811	36.481574	1.450351	31.845322	1.247811	5.399121	1.276773	2.834605	127.387996
38.625165	1.065593	44.390323	1.375590	36.462122	1.444505	31.823273	1.242553	5.374133	1.271842	2.824820	127.274754
38.650165	1.060809	44.381127	1.370700	36.440760	1.440221	31.800602	1.238503	5.350913	1.268177	2.815036	127.166846
38.675166	1.056024	44.371931	1.365810	36.419398	1.435937	31.777931	1.234453	5.327693	1.264511	2.805251	127.058939
38.700166	1.051239	44.362735	1.360920	36.398035	1.431653	31.755259	1.230403	5.304473	1.260846	2.795467	126.951031
38.725166	1.046455	44.353539	1.356030	36.376673	1.427369	31.732588	1.226353	5.281253	1.257181	2.785682	126.843124
38.750166	1.041670	44.344343	1.351140	36.355310	1.423085	31.709917	1.222303	5.258033	1.253516	2.775898	126.735216
38.775166	1.036886	44.335147	1.346250	36.333948	1.418802	31.687245	1.218253	5.234813	1.249851	2.766113	126.627308
38.800166	1.032101	44.325950	1.341360	36.312585	1.414518	31.664574	1.214203	5.211594	1.246186	2.756329	126.519401
38.825166	1.027317	44.316754	1.336470	36.291223	1.410234	31.641903	1.210153	5.188374	1.242521	2.746544	126.411493
38.850166	1.022532	44.307558	1.331580	36.269860	1.405950	31.619231	1.206103	5.165154	1.238856	2.736760	126.303585
38.875166	1.017744	44.298334	1.326691	36.248497	1.401634	31.596519	1.202053	5.142312	1.235184	2.727169	126.196137
38.900166	1.012938	44.288983	1.321806	36.227129	1.397170	31.573619	1.197997	5.121216	1.231479	2.718474	126.090812
38.925167	1.008133	44.279633	1.316920	36.205761	1.392705	31.550719	1.193942	5.100120	1.227775	2.709779	125.985486
38.950167	1.003327	44.270282	1.312035	36.184393	1.388241	31.527819	1.189887	5.079024	1.224070	2.701084	125.880161
38.975167	0.998522	44.260931	1.307150	36.163025	1.383776	31.504919	1.185831	5.057927	1.220365	2.692389	125.774835
39.000167	0.993716	44.251580	1.302265	36.141657	1.379312	31.482019	1.181776	5.036831	1.216660	2.683693	125.669509
39.025167	0.988910	44.242229	1.297379	36.120289	1.374847	31.459119	1.177721	5.015735	1.212955	2.674998	125.564183
39.050167	0.984105	44.232879	1.292494	36.098921	1.370383	31.436219	1.173666	4.994639	1.209251	2.666303	125.458857
39.075167	0.979299	44.223528	1.287609	36.077553	1.365918	31.413319	1.169610	4.973542	1.205546	2.657608	125.353531
39.100167	0.974494	44.214177	1.282723	36.056185	1.361453	31.390419	1.165555	4.952446	1.201841	2.648913	125.248205
39.125167	0.969661	44.204799	1.277807	36.034610	1.356955	31.367472	1.161500	4.931647	1.198101	2.640218	125.142768
39.150168	0.964700	44.195295	1.272746	36.012081	1.352298	31.344311	1.157445	4.912217	1.194201	2.631523	125.036817
39.175168	0.959740	44.185791	1.267685	35.989553	1.347641	31.321150	1.153391	4.892787	1.190301	2.622829	124.930867
39.200168	0.954780	44.176287	1.262624	35.967025	1.342984	31.297988	1.149336	4.873357	1.186401	2.614134	124.824917
39.225168	0.949820	44.166783	1.257563	35.944497	1.338327	31.274827	1.145281	4.853927	1.182501	2.605440	124.718967
39.250168	0.944860	44.157279	1.252502	35.921968	1.333671	31.251666	1.141227	4.834497	1.178601	2.596745	124.613016
39.275168	0.939900	44.147775	1.247442	35.899440	1.329014	31.228505	1.137172	4.815067	1.174702	2.588051	124.507065
39.300168	0.934940	44.138271	1.242381	35.876912	1.324357	31.205343	1.133117	4.795637	1.170802	2.579356	124.401115
39.325168	0.929980	44.128767	1.237320	35.854383	1.319700	31.182182	1.129063	4.776207	1.166902	2.570662	124.295164
39.350168	0.925020	44.119263	1.232259	35.831855	1.315043	31.159020	1.125008	4.756777	1.163002	2.561967	124.189213
39.375169	0.920117	44.109759	1.227260	35.809193	1.310482	31.135777	1.120985	4.737516	1.159179	2.553370	124.083638
39.400169	0.915477	44.100260	1.222546	35.785916	1.306362	31.112153	1.117108	4.719036	1.155715	2.545220	123.979793
39.425169	0.910837	44.090761	1.217832	35.762640	1.302242	31.088530	1.113230	4.700556	1.152250	2.537070	123.875948
39.450169	0.906197	44.081261	1.213119	35.739363	1.298122	31.064907	1.109352	4.682076	1.148786	2.528920	123.772103
39.475169	0.901557	44.071762	1.208405	35.716087	1.294002	31.041283	1.105475	4.663596	1.145321	2.520770	123.668258
39.500169	0.896916	44.062263	1.203691	35.692810	1.289882	31.017660	1.101597	4.645116	1.141856	2.512621	123.564413
39.525169	0.892276	44.052763	1.198977	35.669534	1.285762	30.994037	1.097719	4.626636	1.138392	2.504471	123.460568
39.550169	0.887636	44.043264	1.194264	35.646257	1.281642	30.970413	1.093842	4.608156	1.134927	2.496321	123.356723
39.575169	0.882996	44.033765	1.189550	35.622981	1.277522	30.946790	1.089964	4.589676	1.131463	2.488171	123.252878
39.600169	0.878356	44.024265	1.184837	35.599704	1.273402	30.923167	1.086086	4.571196	1.127998	2.480021	123.149033
39.625170	0.873770	44.014739	1.180178	35.576427	1.269281	30.899544	1.082244	4.552846	1.124533	2.471968	123.045529
39.650170	0.869429	44.005086	1.175771	35.553145	1.265157	30.875926	1.078564	4.535092	1.121063	2.464358	122.943591
39.675170	0.865089	43.995433	1.171365	35.529863	1.261032	30.852307	1.074884	4.517339	1.117593	2.456748	122.841653
39.700170	0.860749	43.985780	1.166959	35.506582	1.256908	30.828688	1.071204	4.499586	1.114123	2.449138	122.739715
39.725170	0.856409	43.976127	1.162552	35.483300	1.252783	30.805070	1.067524	4.481832	1.110653	2.441528	122.637778
39.750170	0.852069	43.966474	1.158146	35.460018	1.248658	30.781451	1.063844	4.464079	1.107183	2.433919	122.535840
39.775170	0.847729	43.956821	1.153740	35.436736	1.244534	30.757832	1.060164	4.446325	1.103713	2.426309	122.433902
39.800170	0.843389	43.947168	1.149333	35.413454	1.240409	30.734213	1.056484	4.428572	1.100243	2.418699	122.331965
39.825170	0.839049	43.937515	1.144927	35.390172	1.236285	30.710595	1.052804	4.410819	1.096773	2.411089	122.230027
39.850171	0.834709	43.927862	1.140521	35.366891	1.232160	30.686976	1.049124	4.393065	1.093303	2.403479	122.128090
39.875171	0.830260	43.918119	1.136001	35.343402	1.227974	30.663181	1.045347	4.375605	1.089757	2.395914	122.025560
39.900171	0.825310	43.907960	1.130962	35.318960	1.223504	30.638573	1.041125	4.359495	1.085857	2.388556	121.920301
39.925171	0.820360	43.897801	1.125923	35.294518	1.219034	30.613965	1.036903	4.343385	1.081957	2.381197	121.815043
39.950171	0.815410	43.887641	1.120884	35.270076	1.214564	30.589357	1.032680	4.327275	1.078057	2.373839	121.709784
39.975171	0.810460	43.877482	1.115846	35.245635	1.210094	30.564749	1.028458	4.311166	1.074157	2.366480	121.604525
40.000171	0.805510	43.867323	1.110807	35.221193	1.205624	30.540141	1.024236	4.295056	1.070257	2.359122	121.499267
40.025171	0.800559	43.857163	1.105768	35.196751	1.201154	30.515533	1.020014	4.278946	1.066357	2.351763	121.394008
40.050171	0.795609	43.847004	1.100729	35.172309	1.196684	30.490925	1.015792	4.262836	1.062457	2.344404	121.288750
40.075172	0.790659	43.836845	1.095690	35.147867	1.192214	30.466317	1.011570	4.246726	1.058557	2.337046	121.183491
40.100172	0.785709	43.826686	1.090651	35.123425	1.187744	30.441709	1.007347	4.230616	1.054657	2.329687	121.078232
40.125172	0.781063	43.816585	1.085872	35.098600	1.183492	30.416751	1.003418	4.214637	1.050988	2.322433	120.973840
40.150172	0.777819	43.806756	1.082287	35.072010	1.180244	30.390177	1.000838	4.199258	1.048383	2.315662	120.873435
40.175172	0.774575	43.796927	1.078703	35.045419	1.176996	30.363604	0.998258	4.183880	1.045778	2.308891	120.773030
40.200172	0.771331	43.787097	1.075118	35.018829	1.173748	30.337031	0.995679	4.168501	1.043172	2.302120	120.672625
40.225172	0.768086	43.777268	1.071533	34.992239	1.170500	30.310457	0.993099	4.153123	1.040567	2.295349	120.572220
40.250172	0.764842	43.767439	1.067949	34.965648	1.167252	30.283884	0.990519	4.137744	1.037962	2.288578	120.471816
40.275172	0.761598	43.757610	1.064364	34.939058	1.164004	30.257311	0.987939	4.122366	1.035356	2.281807	120.371411
40.300172	0.758354	43.747780	1.060779	34.912467	1.160756	30.230737	0.985359	4.106987	1.032751	2.275036	120.271006
40.325173	0.755109	43.737951	1.057195	34.885877	1.157508	30.204164	0.982779	4.091609	1.030146	2.268265	120.170602
40.350173	0.751865	43.728122	1.053610	34.859286	1.154260	30.177591	0.980199	4.076230	1.027541	2.261494	120.070197
40.375173	0.748593	43.718292	1.050027	34.832663	1.150977	30.151016	0.977522	4.060975	1.024936	2.254767	119.969769
40.400173	0.745193	43.708463	1.046447	34.805891	1.147537	30.124438	0.974400	4.046285	1.022336	2.248241	119.869232
40.425173	0.741793	43.698634	1.042867	34.779119	1.144098	30.097859	0.971278	4.031595	1.019736	2.241716	119.768696
40.450173	0.738393	43.688805	1.039287	34.752347	1.140658	30.071280	0.968156	4.016906	1.017137	2.235191	119.668159
40.475173	0.734993	43.678975	1.035707	34.725575	1.137218	30.044702	0.965034	4.002216	1.014537	2.228666	119.567623
40.500173	0.731593	43.669146	1.032127	34.698804	1.133778	30.018123	0.961912	3.987526	1.011937	2.222141	119.467086
40.525173	0.728193	43.659317	1.028547	34.672032	1.130338	29.991544	0.958790	3.972836	1.009337	2.215615	119.366549
40.550174	0.724793	43.649487	1.024967	34.645260	1.126898	29.964966	0.955668	3.958146	1.006737	2.209090	119.266013
40.575174	0.721393	43.639658	1.021387	34.618488	1.123458	29.938387	0.952547	3.943457	1.004137	2.202565	119.165476
40.600174	0.717993	43.629829	1.017807	34.591716	1.120018	29.911808	0.949425	3.928767	1.001537	2.196040	119.064940
40.625174	0.714562	43.619968	1.014168	34.564624	1.116546	29.884738	0.946300	3.914247	0.998859	2.189515	118.963528
40.650174	0.710986	43.609962	1.010258	34.536062	1.112924	29.855408	0.943162	3.900507	0.995825	2.182990	118.858084
40.675174	0.707410	43.599956	1.006348	34.507499	1.109302	29.826078	0.940024	3.886767	0.992790	2.176466	118.752641
40.700174	0.703834	43.589950	1.002438	34.478936	1.105680	29.796748	0.936886	3.873027	0.989756	2.169942	118.647198
40.725174	0.700258	43.579945	0.998528	34.450373	1.102059	29.767418	0.933748	3.859287	0.986721	2.163417	118.541754
40.750174	0.696682	43.569939	0.994618	34.421810	1.098437	29.738088	0.930610	3.845548	0.983687	2.156893	118.436311
40.775175	0.693106	43.559933	0.990708	34.393247	1.094815	29.708757	0.927472	3.831808	0.980652	2.150368	118.330867
40.800175	0.689530	43.549927	0.986798	34.364685	1.091193	29.679427	0.924334	3.818068	0.977617	2.143844	118.225423
40.825175	0.685954	43.539921	0.982888	34.336122	1.087571	29.650097	0.921196	3.804328	0.974583	2.137319	118.119979
40.850175	0.682378	43.529915	0.978978	34.307558	1.083949	29.620766	0.918058	3.790588	0.971548	2.130795	118.014535
40.875175	0.678808	43.519791	0.975069	34.278617	1.080331	29.590778	0.914888	3.776972	0.968514	2.124271	117.908038
40.900175	0.675264	43.509125	0.971159	34.247938	1.076733	29.557764	0.911568	3.763920	0.965478	2.117751	117.796700
40.925175	0.671720	43.498459	0.967249	34.217258	1.073135	29.524751	0.908248	3.750869	0.962443	2.111231	117.685362
40.950175	0.668175	43.487793	0.963339	34.186578	1.069538	29.491737	0.904928	3.737817	0.959408	2.104712	117.574024
40.975175	0.664631	43.477127	0.959429	34.155898	1.065940	29.458723	0.901608	3.724766	0.956372	2.098192	117.462686
41.000175	0.661087	43.466461	0.955519	34.125219	1.062342	29.425709	0.898288	3.711714	0.953337	2.091672	117.351348
41.025176	0.657543	43.455795	0.951609	34.094539	1.058744	29.392696	0.894968	3.698663	0.950302	2.085152	117.240010
41.050176	0.653999	43.445129	0.947699	34.063859	1.055146	29.359682	0.891648	3.685611	0.947267	2.078632	117.128672
41.075176	0.650455	43.434463	0.943789	34.033179	1.051548	29.326668	0.888328	3.672560	0.944231	2.072112	117.017334
41.100176	0.646911	43.423796	0.939879	34.002499	1.047950	29.293654	0.885008	3.659508	0.941196	2.065593	116.905995
41.125176	0.643557	43.413014	0.936171	33.971467	1.044533	29.260283	0.881887	3.646543	0.938316	2.059311	116.795083
41.150176	0.641077	43.401698	0.933395	33.938814	1.041946	29.225269	0.879677	3.633976	0.936152	2.054127	116.686131
41.175176	0.638597	43.390382	0.930618	33.906162	1.039358	29.190256	0.877467	3.621409	0.933987	2.048943	116.577179
41.200176	0.636117	43.379066	0.927841	33.873509	1.036771	29.155242	0.875257	3.608842	0.931822	2.043758	116.468227
41.225176	0.633637	43.367750	0.925065	33.840857	1.034184	29.120229	0.873047	3.596275	0.929658	2.038574	116.359274
41.250177	0.631157	43.356433	0.922288	33.808204	1.031596	29.085215	0.870837	3.583708	0.927493	2.033389	116.250322
41.275177	0.628677	43.345117	0.919511	33.775552	1.029009	29.050201	0.868627	3.571141	0.925329	2.028205	116.141369
41.300177	0.626197	43.333801	0.916734	33.742899	1.026421	29.015187	0.866417	3.558574	0.923164	2.023020	116.032416
41.325177	0.623717	43.322485	0.913958	33.710246	1.023834	28.980173	0.864207	3.546007	0.921000	2.017836	115.923463
41.350177	0.621237	43.311169	0.911181	33.677593	1.021247	28.945159	0.861997	3.533440	0.918835	2.012651	115.814509
41.375177	0.618672	43.299766	0.908318	33.644081	1.018569	28.909096	0.859721	3.521001	0.916670	2.007423	115.703318
41.400177	0.615716	43.287967	0.905058	33.606620	1.015474	28.868212	0.857141	3.509151	0.914505	2.001993	115.581836
41.425177	0.612760	43.276167	0.901798	33.569158	1.012379	28.827327	0.854561	3.497301	0.912340	1.996563	115.460355
41.450177	0.609804	43.264368	0.898538	33.531697	1.009285	28.786442	0.851981	3.485451	0.910174	1.991133	115.338873
41.475178	0.606848	43.252568	0.895278	33.494235	1.006190	28.745558	0.849402	3.473601	0.908009	1.985703	115.217392
41.500178	0.603891	43.240769	0.892018	33.456773	1.003096	28.704673	0.846822	3.461751	0.905844	1.980273	115.095910
41.525178	0.600935	43.228969	0.888758	33.419312	1.000001	28.663788	0.844242	3.449901	0.903679	1.974843	114.974428
41.550178	0.597979	43.217170	0.885498	33.381850	0.996907	28.622903	0.841662	3.438051	0.901513	1.969413	114.852946
41.575178	0.595023	43.205370	0.882238	33.344389	0.993812	28.582018	0.839082	3.426202	0.899348	1.963984	114.731465
41.600178	0.592067	43.193571	0.878978	33.306927	0.990717	28.541134	0.836502	3.414352	0.897183	1.958554	114.609983
41.625178	0.589142	43.181712	0.875749	33.266256	0.987685	28.496448	0.833953	3.402717	0.894939	1.953175	114.481776
41.650178	0.586362	43.169583	0.872666	33.210833	0.984940	28.434287	0.831544	3.392075	0.892334	1.948029	114.322654
41.675178	0.583582	43.157453	0.869583	33.155410	0.982195	28.372126	0.829136	3.381432	0.889730	1.942884	114.163531
41.700178	0.580802	43.145324	0.866500	33.099987	0.979449	28.309965	0.826728	3.370789	0.887125	1.937739	114.004408
41.725179	0.578022	43.133194	0.863417	33.044563	0.976704	28.247804	0.824320	3.360147	0.884521	1.932594	113.845285
41.750179	0.575242	43.121065	0.860333	32.989139	0.973959	28.185643	0.821911	3.349504	0.881916	1.927449	113.686161
41.775179	0.572462	43.108936	0.857250	32.933716	0.971213	28.123481	0.819503	3.338861	0.879312	1.922304	113.527038
41.800179	0.569682	43.096806	0.854167	32.878292	0.968468	28.061320	0.817095	3.328219	0.876707	1.917159	113.367914
41.825179	0.566902	43.084677	0.851084	32.822868	0.965723	27.999158	0.814686	3.317576	0.874102	1.912014	113.208790
41.850179	0.564121	43.072547	0.848001	32.767444	0.962977	27.936996	0.812278	3.306933	0.871498	1.906869	113.049665
41.875179	0.561395	43.060301	0.844945	32.707219	0.960231	27.868875	0.809875	3.296245	0.868972	1.901769	112.879828
41.900179	0.558915	43.047522	0.842016	32.624930	0.957481	27.773362	0.807498	3.285345	0.866807	1.896880	112.660755
41.925179	0.556435	43.034743	0.839086	32.542640	0.954731	27.677849	0.805121	3.274445	0.864641	1.891990	112.441682
41.950180	0.553955	43.021963	0.836156	32.460351	0.951981	27.582336	0.802744	3.263545	0.862476	1.887100	112.222608
41.975180	0.551475	43.009184	0.833226	32.378061	0.949231	27.486823	0.800367	3.252645	0.860311	1.882210	112.003533
42.000180	0.548995	42.996404	0.830296	32.295771	0.946482	27.391309	0.797990	3.241746	0.858145	1.877320	111.784458
42.025180	0.546515	42.983625	0.827366	32.213481	0.943732	27.295795	0.795613	3.230846	0.855980	1.872431	111.565383
42.050180	0.544034	42.970845	0.824436	32.131191	0.940982	27.200281	0.793236	3.219946	0.853815	1.867541	111.346307
42.075180	0.541554	42.958066	0.821506	32.048900	0.938232	27.104767	0.790860	3.209046	0.851649	1.862651	111.127231
42.100180	0.539074	42.945286	0.818576	31.966610	0.935482	27.009252	0.788483	3.198146	0.849484	1.857761	110.908154
42.125180	0.536539	42.932330	0.815614	31.878934	0.932732	26.908376	0.786070	3.187377	0.847318	1.852870	110.678160
42.150180	0.533749	42.918560	0.812507	31.766516	0.929982	26.782866	0.783496	3.177209	0.845148	1.847975	110.398009
42.175181	0.530959	42.904791	0.809400	31.654097	0.927232	26.657357	0.780921	3.167042	0.842978	1.843080	110.117857
42.200181	0.528169	42.891021	0.806294	31.541679	0.924482	26.531847	0.778347	3.156874	0.840808	1.838185	109.837705
42.225181	0.525379	42.877252	0.803187	31.429260	0.921732	26.406337	0.775772	3.146706	0.838638	1.833290	109.557552
42.250181	0.522589	42.863482	0.800080	31.316841	0.918982	26.280827	0.773197	3.136538	0.836468	1.828394	109.277399
42.275181	0.519798	42.849713	0.796973	31.204421	0.916232	26.155317	0.770623	3.126371	0.834299	1.823499	108.997245
42.300181	0.517008	42.835943	0.793866	31.092002	0.913482	26.029806	0.768048	3.116203	0.832129	1.818604	108.717091
42.325181	0.514218	42.822174	0.790759	30.979582	0.910732	25.904295	0.765474	3.106035	0.829959	1.813709	108.436937
42.350181	0.511428	42.808404	0.787652	30.867162	0.907982	25.778784	0.762899	3.095867	0.827789	1.808814	108.156781
42.375181	0.508695	42.794487	0.784607	30.743458	0.905232	25.644395	0.760390	3.085784	0.825583	1.804017	107.856649
42.400181	0.506225	42.779891	0.781849	30.567929	0.902482	25.469228	0.758180	3.076086	0.823214	1.799673	107.464756
42.425182	0.503755	42.765294	0.779090	30.392399	0.899732	25.294059	0.755970	3.066389	0.820845	1.795328	107.072861
42.450182	0.501285	42.750698	0.776332	30.216867	0.896982	25.118890	0.753760	3.056691	0.818475	1.790984	106.680965
42.475182	0.498815	42.736101	0.773574	30.041335	0.894233	24.943721	0.751550	3.046993	0.816106	1.786639	106.289067
42.500182	0.496345	42.721504	0.770815	29.865802	0.891483	24.768550	0.749340	3.037296	0.813737	1.782295	105.897168
42.525182	0.493875	42.706908	0.768057	29.690268	0.888733	24.593379	0.747130	3.027598	0.811368	1.777950	105.505267
42.550182	0.491405	42.692311	0.765299	29.514733	0.885983	24.418208	0.744920	3.017901	0.808999	1.773606	105.113364
42.575182	0.488935	42.677715	0.762540	29.339198	0.883233	24.243035	0.742710	3.008203	0.806630	1.769261	104.721460
42.600182	0.486465	42.663118	0.759782	29.163661	0.880483	24.067862	0.740500	2.998506	0.804261	1.764917	104.329555
42.625182	0.484134	42.648432	0.757110	28.953900	0.877856	23.868066	0.738356	2.988888	0.802041	1.760572	103.879353
42.650183	0.482440	42.633333	0.754830	28.586978	0.875796	23.555200	0.736510	2.979636	0.800511	1.756222	103.161456
42.675183	0.480746	42.618235	0.752550	28.220051	0.873736	23.242331	0.734665	2.970384	0.798980	1.751872	102.443549
42.700183	0.479052	42.603136	0.750270	27.853118	0.871676	22.929458	0.732820	2.961132	0.797450	1.747522	101.725635
42.725183	0.477359	42.588038	0.747990	27.486181	0.869616	22.616581	0.730974	2.951880	0.795919	1.743172	101.007711
42.750183	0.475665	42.572939	0.745710	27.119238	0.867556	22.303701	0.729129	2.942628	0.794388	1.738822	100.289778
42.775183	0.473972	42.557841	0.743430	26.752291	0.865497	21.990817	0.727284	2.933376	0.792857	1.734473	99.571837
42.800183	0.472278	42.542742	0.741150	26.385338	0.863437	21.677930	0.725438	2.924124	0.791327	1.730123	98.853887
42.825183	0.470584	42.527644	0.738870	26.018380	0.861377	21.365039	0.723593	2.914872	0.789796	1.725773	98.135929
42.850183	0.468891	42.512545	0.736590	25.651417	0.859317	21.052145	0.721748	2.905620	0.788265	1.721423	97.417961
42.875184	0.467138	42.497241	0.734279	25.145469	0.857194	20.643053	0.719903	2.896451	0.786662	1.717073	96.464464
42.900184	0.465111	42.480994	0.731828	24.001504	0.854784	19.792361	0.718058	2.887664	0.784729	1.712724	94.429756
42.925184	0.463085	42.464748	0.729376	22.857538	0.852374	18.941668	0.716214	2.878876	0.782795	1.708374	92.395047
42.950184	0.461058	42.448501	0.726924	21.713571	0.849964	18.090975	0.714369	2.870089	0.780861	1.704024	90.360337
42.975184	0.459032	42.432254	0.724472	20.569604	0.847554	17.240282	0.712524	2.861301	0.778928	1.699674	88.325625
43.000184	0.457005	42.416007	0.722020	19.425636	0.845144	16.389587	0.710680	2.852514	0.776994	1.695324	86.290912
43.025184	0.454979	42.399760	0.719569	18.281667	0.842734	15.538893	0.708835	2.843726	0.775060	1.690975	84.256198
43.050184	0.452952	42.383513	0.717117	17.137698	0.840325	14.688197	0.706991	2.834939	0.773127	1.686625	82.221483
43.075184	0.450926	42.367266	0.714665	15.993727	0.837915	13.837502	0.705146	2.826151	0.771193	1.682275	80.186766
43.100184	0.448899	42.351019	0.712213	14.849756	0.835505	12.986805	0.703302	2.817363	0.769260	1.677925	78.152047
43.125185	0.446823	42.334747	0.709733	13.853020	0.833062	12.243228	0.701356	2.808662	0.767320	1.673576	76.371527
43.150185	0.444520	42.318357	0.707123	13.532005	0.830469	11.991263	0.698947	2.800355	0.765354	1.669231	75.757624
43.175185	0.442216	42.301967	0.704513	13.210994	0.827877	11.739301	0.696539	2.792048	0.763388	1.664886	75.143729
43.200185	0.439912	42.285578	0.701903	12.889988	0.825284	11.487344	0.694130	2.783741	0.761422	1.660541	74.529843
43.225185	0.437609	42.269188	0.699293	12.568988	0.822692	11.235389	0.691721	2.775434	0.759456	1.656195	73.915965
43.250185	0.435305	42.252798	0.696683	12.247992	0.820099	10.983439	0.689313	2.767127	0.757489	1.651850	73.302096
43.275185	0.433002	42.236408	0.694073	11.927001	0.817507	10.731492	0.686904	2.758820	0.755523	1.647505	72.688235
43.300185	0.430698	42.220019	0.691463	11.606015	0.814914	10.479548	0.684495	2.750513	0.753557	1.643160	72.074383
43.325185	0.428395	42.203629	0.688853	11.285034	0.812321	10.227609	0.682086	2.742206	0.751591	1.638815	71.460539
43.350186	0.426091	42.187239	0.686243	10.964058	0.809729	9.975672	0.679678	2.733899	0.749624	1.634469	70.846703
43.375186	0.423923	42.170731	0.683692	10.676943	0.807265	9.749460	0.677406	2.725682	0.747699	1.630221	70.293022
43.400186	0.422373	42.153682	0.681412	10.545158	0.805393	9.641258	0.675765	2.717879	0.745959	1.626417	70.015295
43.425186	0.420823	42.136632	0.679132	10.413374	0.803521	9.533056	0.674124	2.710077	0.744219	1.622612	69.737569
43.450186	0.419273	42.119582	0.676852	10.281591	0.801649	9.424854	0.672483	2.702274	0.742479	1.618808	69.459844
43.475186	0.417723	42.102532	0.674572	10.149809	0.799777	9.316653	0.670841	2.694471	0.740739	1.615003	69.182121
43.500186	0.416173	42.085483	0.672292	10.018027	0.797905	9.208453	0.669200	2.686668	0.738999	1.611199	68.904399
43.525186	0.414623	42.068433	0.670012	9.886247	0.796033	9.100253	0.667559	2.678866	0.737259	1.607394	68.626678
43.550186	0.413073	42.051383	0.667732	9.754467	0.794161	8.992054	0.665918	2.671063	0.735519	1.603590	68.348960
43.575187	0.411523	42.034333	0.665452	9.622688	0.792290	8.883855	0.664277	2.663260	0.733779	1.599786	68.071242
43.600187	0.409973	42.017284	0.663172	9.490909	0.790418	8.775657	0.662636	2.655458	0.732039	1.595981	67.793526
43.625187	0.408367	41.999910	0.660923	9.370176	0.788478	8.676239	0.660959	2.647695	0.730301	1.592274	67.535322
43.650187	0.406507	41.981053	0.658815	9.300099	0.786230	8.617089	0.659119	2.640115	0.728571	1.589014	67.366613
43.675187	0.404647	41.962196	0.656707	9.230022	0.783982	8.557939	0.657279	2.632535	0.726841	1.585755	67.197903
43.700187	0.402787	41.943339	0.654599	9.159946	0.781734	8.498789	0.655439	2.624955	0.725111	1.582495	67.029194
43.725187	0.400927	41.924482	0.652491	9.089869	0.779486	8.439639	0.653599	2.617375	0.723381	1.579235	66.860485
43.750187	0.399067	41.905625	0.650383	9.019793	0.777238	8.380489	0.651759	2.609795	0.721652	1.575975	66.691776
43.775187	0.397207	41.886768	0.648275	8.949717	0.774990	8.321340	0.649919	2.602216	0.719922	1.572715	66.523068
43.800187	0.395347	41.867910	0.646167	8.879641	0.772742	8.262191	0.648079	2.594636	0.718192	1.569455	66.354360
43.825188	0.393487	41.849053	0.644059	8.809565	0.770494	8.203042	0.646240	2.587056	0.716462	1.566196	66.185653
43.850188	0.391627	41.830196	0.641951	8.739490	0.768246	8.143893	0.644400	2.579476	0.714732	1.562936	66.016946
43.875188	0.389767	41.811134	0.639812	8.673322	0.766002	8.088073	0.642560	2.571942	0.713001	1.559578	65.855192
43.900188	0.387907	41.791135	0.637532	8.625075	0.763780	8.047519	0.640720	2.564615	0.711267	1.555773	65.725323
43.925188	0.386047	41.771135	0.635252	8.576828	0.761559	8.006965	0.638880	2.557289	0.709532	1.551968	65.595453
43.950188	0.384187	41.751135	0.632972	8.528580	0.759337	7.966410	0.637040	2.549962	0.707797	1.548163	65.465584
43.975188	0.382327	41.731135	0.630692	8.480333	0.757115	7.925856	0.635200	2.542636	0.706063	1.544358	65.335715
44.000188	0.380467	41.711135	0.628412	8.432086	0.754893	7.885302	0.633360	2.535310	0.704328	1.540552	65.205846
44.025188	0.378607	41.691135	0.626132	8.383839	0.752671	7.844748	0.631520	2.527983	0.702594	1.536747	65.075977
44.050189	0.376747	41.671136	0.623852	8.335592	0.750450	7.804194	0.629680	2.520657	0.700859	1.532942	64.946109
44.075189	0.374887	41.651136	0.621572	8.287345	0.748228	7.763640	0.627840	2.513331	0.699125	1.529137	64.816240
44.100189	0.373027	41.631136	0.619293	8.239099	0.746006	7.723086	0.626000	2.506004	0.697390	1.525332	64.686372
44.125189	0.371304	41.611014	0.617130	8.192578	0.743908	7.684111	0.624261	2.498718	0.695733	1.521624	64.560381
44.150189	0.370207	41.590335	0.615505	8.153973	0.742375	7.652375	0.622985	2.491613	0.694433	1.518364	64.452165
44.175189	0.369110	41.569656	0.613881	8.115367	0.740843	7.620638	0.621709	2.484507	0.693134	1.515105	64.343949
44.200189	0.368013	41.548976	0.612256	8.076762	0.739310	7.588902	0.620432	2.477402	0.691834	1.511845	64.235733
44.225189	0.366917	41.528297	0.610632	8.038156	0.737778	7.557166	0.619156	2.470297	0.690534	1.508585	64.127517
44.250189	0.365820	41.507617	0.609007	7.999551	0.736246	7.525430	0.617880	2.463192	0.689234	1.505325	64.019301
44.275190	0.364723	41.486938	0.607383	7.960945	0.734713	7.493694	0.616603	2.456087	0.687934	1.502065	63.911085
44.300190	0.363626	41.466258	0.605758	7.922340	0.733181	7.461957	0.615327	2.448982	0.686634	1.498806	63.802869
44.325190	0.362529	41.445579	0.604133	7.883734	0.731648	7.430221	0.614051	2.441877	0.685334	1.495546	63.694653
44.350190	0.361433	41.424899	0.602509	7.845129	0.730116	7.398485	0.612775	2.434772	0.684034	1.492286	63.586437
44.375190	0.360256	41.404043	0.600824	7.807599	0.728517	7.367585	0.611427	2.427711	0.682699	1.489025	63.479687
44.400190	0.358716	41.382378	0.598864	7.774999	0.726615	7.340515	0.609754	2.420854	0.681200	1.485761	63.379656
44.425190	0.357176	41.360713	0.596904	7.742399	0.724712	7.313446	0.608080	2.413997	0.679701	1.482496	63.279625
44.450190	0.355636	41.339048	0.594944	7.709799	0.722809	7.286376	0.606407	2.407140	0.678203	1.479232	63.179595
44.475190	0.354096	41.317383	0.592984	7.677200	0.720906	7.259306	0.604733	2.400283	0.676704	1.475968	63.079564
44.500190	0.352556	41.295718	0.591024	7.644600	0.719003	7.232237	0.603059	2.393426	0.675206	1.472703	62.979533
44.525191	0.351016	41.274053	0.589065	7.612000	0.717100	7.205167	0.601386	2.386570	0.673707	1.469439	62.879502
44.550191	0.349476	41.252387	0.587105	7.579400	0.715197	7.178097	0.599712	2.379713	0.672209	1.466174	62.779471
44.575191	0.347936	41.230722	0.585145	7.546800	0.713295	7.151028	0.598039	2.372856	0.670710	1.462910	62.679440
44.600191	0.346396	41.209057	0.583185	7.514200	0.711392	7.123958	0.596365	2.365999	0.669212	1.459645	62.579409
44.625191	0.344828	41.187039	0.581195	7.482226	0.709461	7.097458	0.594662	2.359222	0.667707	1.456382	62.480178
44.650191	0.343135	41.163403	0.579067	7.453116	0.707401	7.073564	0.592822	2.352810	0.666170	1.453122	62.384610
44.675191	0.341442	41.139768	0.576940	7.424006	0.705341	7.049671	0.590982	2.346397	0.664633	1.449862	62.289041
44.700191	0.339749	41.116133	0.574812	7.394896	0.703281	7.025778	0.589142	2.339984	0.663097	1.446602	62.193473
44.725191	0.338056	41.092497	0.572684	7.365786	0.701221	7.001884	0.587302	2.333572	0.661560	1.443343	62.097905
44.750192	0.336362	41.068862	0.570557	7.336677	0.699161	6.977991	0.585462	2.327159	0.660023	1.440083	62.002336
44.775192	0.334669	41.045227	0.568429	7.307567	0.697101	6.954097	0.583622	2.320746	0.658487	1.436823	61.906768
44.800192	0.332976	41.021591	0.566302	7.278457	0.695041	6.930204	0.581782	2.314333	0.656950	1.433563	61.811199
44.825192	0.331283	40.997956	0.564174	7.249347	0.692981	6.906310	0.579942	2.307921	0.655413	1.430303	61.715630
44.850192	0.329590	40.974320	0.562046	7.220237	0.690921	6.882417	0.578102	2.301508	0.653876	1.427044	61.620062
44.875192	0.327978	40.950659	0.560008	7.191369	0.688922	6.858746	0.576328	2.295179	0.652382	1.423784	61.525355
44.900192	0.326738	40.926876	0.558378	7.163604	0.687202	6.836097	0.574858	2.289237	0.651082	1.420524	61.434596
44.925192	0.325498	40.903094	0.556748	7.135840	0.685482	6.813447	0.573389	2.283294	0.649782	1.417264	61.343837
44.950192	0.324258	40.879311	0.555118	7.108075	0.683762	6.790797	0.571919	2.277351	0.648482	1.414004	61.253077
44.975192	0.323018	40.855529	0.553488	7.080311	0.682042	6.768147	0.570449	2.271408	0.647182	1.410744	61.162318
45.000193	0.321778	40.831746	0.551858	7.052546	0.680322	6.745498	0.568979	2.265465	0.645882	1.407485	61.071559
45.025193	0.320538	40.807963	0.550228	7.024782	0.678602	6.722848	0.567509	2.259522	0.644582	1.404225	60.980800
45.050193	0.319298	40.784181	0.548598	6.997017	0.676883	6.700198	0.566039	2.253580	0.643282	1.400965	60.890041
45.075193	0.318058	40.760398	0.546968	6.969253	0.675163	6.677548	0.564569	2.247637	0.641983	1.397705	60.799281
45.100193	0.316818	40.736616	0.545338	6.941488	0.673443	6.654899	0.563099	2.241694	0.640683	1.394445	60.708522
45.125193	0.315578	40.712566	0.543708	6.914077	0.671723	6.632468	0.561694	2.235712	0.639383	1.391282	60.618189
45.150193	0.314338	40.687290	0.542078	6.888282	0.670003	6.611039	0.560584	2.229552	0.638083	1.388563	60.529810
45.175193	0.313098	40.662014	0.540448	6.862486	0.668283	6.589610	0.559474	2.223392	0.636783	1.385843	60.441430
45.200193	0.311858	40.636738	0.538818	6.836691	0.666563	6.568181	0.558364	2.217232	0.635483	1.383123	60.353051
45.225194	0.310618	40.611463	0.537188	6.810896	0.664843	6.546752	0.557254	2.211072	0.634183	1.380403	60.264671
45.250194	0.309378	40.586187	0.535558	6.785101	0.663123	6.525323	0.556144	2.204913	0.632883	1.377683	60.176292
45.275194	0.308138	40.560911	0.533928	6.759306	0.661403	6.503894	0.555034	2.198753	0.631583	1.374964	60.087912
45.300194	0.306898	40.535635	0.532298	6.733511	0.659683	6.482464	0.553924	2.192593	0.630283	1.372244	59.999532
45.325194	0.305658	40.510359	0.530668	6.707715	0.657963	6.461035	0.552814	2.186433	0.628983	1.369524	59.911153
45.350194	0.304418	40.485083	0.529038	6.681920	0.656243	6.439606	0.551704	2.180273	0.627683	1.366804	59.822773
45.375194	0.303233	40.459518	0.527471	6.656366	0.654618	6.418407	0.550596	2.174245	0.626425	1.363988	59.734867
45.400194	0.302303	40.432627	0.526197	6.631917	0.653427	6.398261	0.549496	2.168818	0.625357	1.360728	59.649130
45.425194	0.301373	40.405737	0.524923	6.607467	0.652235	6.378114	0.548396	2.163392	0.624288	1.357468	59.563393
45.450195	0.300443	40.378847	0.523648	6.583017	0.651044	6.357968	0.547296	2.157965	0.623220	1.354208	59.477656
45.475195	0.299513	40.351956	0.522374	6.558567	0.649853	6.337821	0.546196	2.152538	0.622152	1.350948	59.391919
45.500195	0.298583	40.325066	0.521100	6.534117	0.648661	6.317675	0.545096	2.147112	0.621084	1.347689	59.306183
45.525195	0.297653	40.298175	0.519825	6.509668	0.647470	6.297529	0.543996	2.141685	0.620016	1.344429	59.220446
45.550195	0.296723	40.271285	0.518551	6.485218	0.646279	6.277383	0.542896	2.136259	0.618947	1.341169	59.134710
45.575195	0.295793	40.244395	0.517277	6.460768	0.645087	6.257236	0.541797	2.130832	0.617879	1.337909	59.048973
45.600195	0.294863	40.217504	0.516002	6.436318	0.643896	6.237090	0.540697	2.125406	0.616811	1.334649	58.963237
45.625195	0.288826	40.190524	0.505722	6.412044	0.631388	6.217115	0.530113	2.120018	0.604889	1.331487	58.832126
45.650195	0.259416	40.163131	0.454226	6.388574	0.567096	6.197921	0.476134	2.114808	0.543295	1.328772	58.493373
45.675195	0.230005	40.135738	0.402730	6.365105	0.502804	6.178726	0.422154	2.109599	0.481701	1.326057	58.154620
45.700196	0.200595	40.108345	0.351234	6.341635	0.438512	6.159532	0.368175	2.104389	0.420108	1.323342	57.815867
45.725196	0.171185	40.080952	0.299738	6.318166	0.374220	6.140338	0.314195	2.099179	0.358514	1.320626	57.477114
45.750196	0.141775	40.053559	0.248242	6.294696	0.309928	6.121144	0.260215	2.093969	0.296920	1.317911	57.138361
45.775196	0.112365	40.026166	0.196747	6.271227	0.245636	6.101949	0.206236	2.088760	0.235327	1.315196	56.799608
45.800196	0.082955	39.998773	0.145251	6.247757	0.181344	6.082755	0.152256	2.083550	0.173733	1.312481	56.460854
45.825196	0.053545	39.971380	0.093755	6.224287	0.117052	6.063561	0.098276	2.078340	0.112139	1.309766	56.122101
45.850196	0.024135	39.943987	0.042259	6.200818	0.052759	6.044367	0.044297	2.073130	0.050545	1.307050	55.783348
45.875196	0.000000	39.916386	0.000000	6.177661	0.000000	6.025396	0.000000	2.067881	0.000000	1.304388	55.491710
45.900196	0.000000	39.887830	0.000000	6.155931	0.000000	6.007445	0.000000	2.062450	0.000000	1.301964	55.415619
45.925197	0.000000	39.859273	0.000000	6.134201	0.000000	5.989494	0.000000	2.057019	0.000000	1.299541	55.339528
45.950197	0.000000	39.830717	0.000000	6.112471	0.000000	5.971543	0.000000	2.051588	0.000000	1.297118	55.263437
45.975197	0.000000	39.802161	0.000000	6.090742	0.000000	5.953592	0.000000	2.046157	0.000000	1.294694	55.187346
46.000197	0.000000	39.773604	0.000000	6.069012	0.000000	5.935642	0.000000	2.040726	0.000000	1.292271	55.111255
46.025197	0.000000	39.745048	0.000000	6.047282	0.000000	5.917691	0.000000	2.035295	0.000000	1.289848	55.035164
46.050197	0.000000	39.716491	0.000000	6.025552	0.000000	5.899740	0.000000	2.029864	0.000000	1.287425	54.959073
46.075197	0.000000	39.687935	0.000000	6.003823	0.000000	5.881789	0.000000	2.024434	0.000000	1.285002	54.882982
46.100197	0.000000	39.659378	0.000000	5.982093	0.000000	5.863839	0.000000	2.019003	0.000000	1.282579	54.806892
46.125197	0.000000	39.630229	0.000000	5.960534	0.000000	5.845970	0.000000	2.013565	0.000000	1.280102	54.730400
46.150198	0.000000	39.598366	0.000000	5.939754	0.000000	5.828476	0.000000	2.008097	0.000000	1.277383	54.652075
46.175198	0.000000	39.566504	0.000000	5.918974	0.000000	5.810982	0.000000	2.002628	0.000000	1.274663	54.573751
46.200198	0.000000	39.534641	0.000000	5.898193	0.000000	5.793489	0.000000	1.997160	0.000000	1.271943	54.495426
46.225198	0.000000	39.502778	0.000000	5.877413	0.000000	5.775995	0.000000	1.991691	0.000000	1.269224	54.417101
46.250198	0.000000	39.470916	0.000000	5.856633	0.000000	5.758501	0.000000	1.986222	0.000000	1.266504	54.338776
46.275198	0.000000	39.439053	0.000000	5.835853	0.000000	5.741007	0.000000	1.980754	0.000000	1.263784	54.260451
46.300198	0.000000	39.407190	0.000000	5.815073	0.000000	5.723513	0.000000	1.975285	0.000000	1.261064	54.182126
46.325198	0.000000	39.375327	0.000000	5.794293	0.000000	5.706019	0.000000	1.969816	0.000000	1.258345	54.103801
46.350198	0.000000	39.343464	0.000000	5.773513	0.000000	5.688525	0.000000	1.964348	0.000000	1.255625	54.025475
46.375198	0.000000	39.311548	0.000000	5.752909	0.000000	5.671297	0.000000	1.959010	0.000000	1.252951	53.947715
46.400199	0.000000	39.279386	0.000000	5.733115	0.000000	5.655283	0.000000	1.954270	0.000000	1.250484	53.872539
46.425199	0.000000	39.247225	0.000000	5.713321	0.000000	5.639269	0.000000	1.949530	0.000000	1.248018	53.797363
46.450199	0.000000	39.215063	0.000000	5.693526	0.000000	5.623255	0.000000	1.944791	0.000000	1.245551	53.722187
46.475199	0.000000	39.182902	0.000000	5.673732	0.000000	5.607241	0.000000	1.940051	0.000000	1.243085	53.647010
46.500199	0.000000	39.150740	0.000000	5.653937	0.000000	5.591227	0.000000	1.935311	0.000000	1.240618	53.571834
46.525199	0.000000	39.118578	0.000000	5.634143	0.000000	5.575213	0.000000	1.930571	0.000000	1.238152	53.496658
46.550199	0.000000	39.086417	0.000000	5.614349	0.000000	5.559199	0.000000	1.925832	0.000000	1.235685	53.421481
46.575199	0.000000	39.054255	0.000000	5.594554	0.000000	5.543185	0.000000	1.921092	0.000000	1.233219	53.346305
46.600199	0.000000	39.022093	0.000000	5.574760	0.000000	5.527171	0.000000	1.916352	0.000000	1.230752	53.271128
46.625200	0.000000	38.989488	0.000000	5.555137	0.000000	5.511204	0.000000	1.911651	0.000000	1.228286	53.195765
46.650200	0.000000	38.954852	0.000000	5.536296	0.000000	5.495454	0.000000	1.907128	0.000000	1.225820	53.119551
46.675200	0.000000	38.920217	0.000000	5.517456	0.000000	5.479705	0.000000	1.902604	0.000000	1.223354	53.043336
46.700200	0.000000	38.885582	0.000000	5.498616	0.000000	5.463955	0.000000	1.898081	0.000000	1.220888	52.967121
46.725200	0.000000	38.850946	0.000000	5.479776	0.000000	5.448205	0.000000	1.893557	0.000000	1.218422	52.890907
46.750200	0.000000	38.816311	0.000000	5.460935	0.000000	5.432456	0.000000	1.889034	0.000000	1.215956	52.814692
46.775200	0.000000	38.781675	0.000000	5.442095	0.000000	5.416706	0.000000	1.884510	0.000000	1.213490	52.738477
46.800200	0.000000	38.747040	0.000000	5.423255	0.000000	5.400956	0.000000	1.879987	0.000000	1.211024	52.662262
46.825200	0.000000	38.712404	0.000000	5.404414	0.000000	5.385207	0.000000	1.875463	0.000000	1.208558	52.586047
46.850201	0.000000	38.677769	0.000000	5.385574	0.000000	5.369457	0.000000	1.870940	0.000000	1.206092	52.509832
46.875201	0.000000	38.642725	0.000000	5.366841	0.000000	5.353795	0.000000	1.866378	0.000000	1.203634	52.433373
46.900201	0.000000	38.605815	0.000000	5.348601	0.000000	5.338535	0.000000	1.861643	0.000000	1.201210	52.355806
46.925201	0.000000	38.568906	0.000000	5.330362	0.000000	5.323276	0.000000	1.856908	0.000000	1.198786	52.278238
46.950201	0.000000	38.531997	0.000000	5.312122	0.000000	5.308016	0.000000	1.852173	0.000000	1.196363	52.200670
46.975201	0.000000	38.495087	0.000000	5.293882	0.000000	5.292756	0.000000	1.847437	0.000000	1.193939	52.123102
47.000201	0.000000	38.458178	0.000000	5.275642	0.000000	5.277497	0.000000	1.842702	0.000000	1.191515	52.045534
47.025201	0.000000	38.421269	0.000000	5.257402	0.000000	5.262237	0.000000	1.837967	0.000000	1.189092	51.967966
47.050201	0.000000	38.384359	0.000000	5.239162	0.000000	5.246977	0.000000	1.833232	0.000000	1.186668	51.890398
47.075201	0.000000	38.347450	0.000000	5.220922	0.000000	5.231718	0.000000	1.828496	0.000000	1.184244	51.812830
47.100202	0.000000	38.310540	0.000000	5.202683	0.000000	5.216458	0.000000	1.823761	0.000000	1.181821	51.735263
47.125202	0.000000	38.273449	0.000000	5.184657	0.000000	5.201334	0.000000	1.819072	0.000000	1.179345	51.657857
47.150202	0.000000	38.235529	0.000000	5.167613	0.000000	5.186829	0.000000	1.814591	0.000000	1.176631	51.581192
47.175202	0.000000	38.197608	0.000000	5.150569	0.000000	5.172324	0.000000	1.810110	0.000000	1.173916	51.504528
47.200202	0.000000	38.159688	0.000000	5.133526	0.000000	5.157819	0.000000	1.805630	0.000000	1.171202	51.427863
47.225202	0.000000	38.121767	0.000000	5.116482	0.000000	5.143314	0.000000	1.801149	0.000000	1.168487	51.351199
47.250202	0.000000	38.083846	0.000000	5.099438	0.000000	5.128809	0.000000	1.796669	0.000000	1.165773	51.274534
47.275202	0.000000	38.045926	0.000000	5.082394	0.000000	5.114304	0.000000	1.792188	0.000000	1.163058	51.197870
47.300202	0.000000	38.008005	0.000000	5.065350	0.000000	5.099799	0.000000	1.787708	0.000000	1.160344	51.121205
47.325203	0.000000	37.970084	0.000000	5.048306	0.000000	5.085294	0.000000	1.783227	0.000000	1.157630	51.044541
47.350203	0.000000	37.932163	0.000000	5.031262	0.000000	5.070789	0.000000	1.778747	0.000000	1.154915	50.967877
47.375203	0.000000	37.893509	0.000000	5.014352	0.000000	5.056462	0.000000	1.774351	0.000000	1.152349	50.891023
47.400203	0.000000	37.851507	0.000000	4.998053	0.000000	5.042947	0.000000	1.770340	0.000000	1.150461	50.813308
47.425203	0.000000	37.809504	0.000000	4.981753	0.000000	5.029432	0.000000	1.766330	0.000000	1.148573	50.735592
47.450203	0.000000	37.767501	0.000000	4.965453	0.000000	5.015917	0.000000	1.762320	0.000000	1.146685	50.657876
47.475203	0.000000	37.725499	0.000000	4.949154	0.000000	5.002402	0.000000	1.758309	0.000000	1.144797	50.580161
47.500203	0.000000	37.683496	0.000000	4.932854	0.000000	4.988888	0.000000	1.754299	0.000000	1.142909	50.502445
47.525203	0.000000	37.641493	0.000000	4.916554	0.000000	4.975373	0.000000	1.750288	0.000000	1.141021	50.424730
47.550204	0.000000	37.599490	0.000000	4.900254	0.000000	4.961858	0.000000	1.746278	0.000000	1.139133	50.347014
47.575204	0.000000	37.557488	0.000000	4.883955	0.000000	4.948343	0.000000	1.742268	0.000000	1.137245	50.269299
47.600204	0.000000	37.515485	0.000000	4.867655	0.000000	4.934829	0.000000	1.738258	0.000000	1.135357	50.191583
47.625204	0.000000	37.472197	0.000000	4.851488	0.000000	4.921347	0.000000	1.734240	0.000000	1.133463	50.112737
47.650204	0.000000	37.423046	0.000000	4.835927	0.000000	4.908018	0.000000	1.730191	0.000000	1.131542	50.028724
47.675204	0.000000	37.373895	0.000000	4.820366	0.000000	4.894689	0.000000	1.726142	0.000000	1.129620	49.944712
47.700204	0.000000	37.324743	0.000000	4.804804	0.000000	4.881360	0.000000	1.722093	0.000000	1.127699	49.860699
47.725204	0.000000	37.275592	0.000000	4.789243	0.000000	4.868031	0.000000	1.718044	0.000000	1.125777	49.776686
47.750204	0.000000	37.226440	0.000000	4.773682	0.000000	4.854701	0.000000	1.713995	0.000000	1.123856	49.692673
47.775204	0.000000	37.177288	0.000000	4.758120	0.000000	4.841372	0.000000	1.709946	0.000000	1.121934	49.608660
47.800205	0.000000	37.128136	0.000000	4.742559	0.000000	4.828043	0.000000	1.705896	0.000000	1.120012	49.524646
47.825205	0.000000	37.078984	0.000000	4.726997	0.000000	4.814713	0.000000	1.701847	0.000000	1.118091	49.440632
47.850205	0.000000	37.029832	0.000000	4.711436	0.000000	4.801384	0.000000	1.697798	0.000000	1.116169	49.356618
47.875205	0.000000	36.978847	0.000000	4.695983	0.000000	4.788238	0.000000	1.693750	0.000000	1.114203	49.271020
47.900205	0.000000	36.919498	0.000000	4.681028	0.000000	4.775928	0.000000	1.689706	0.000000	1.112033	49.178193
47.925205	0.000000	36.860150	0.000000	4.666073	0.000000	4.763618	0.000000	1.685662	0.000000	1.109863	49.085366
47.950205	0.000000	36.800801	0.000000	4.651117	0.000000	4.751309	0.000000	1.681618	0.000000	1.107693	48.992538
47.975205	0.000000	36.741452	0.000000	4.636162	0.000000	4.738999	0.000000	1.677574	0.000000	1.105523	48.899711
48.000205	0.000000	36.682103	0.000000	4.621207	0.000000	4.726689	0.000000	1.673530	0.000000	1.103354	48.806883
48.025206	0.000000	36.622754	0.000000	4.606251	0.000000	4.714379	0.000000	1.669486	0.000000	1.101184	48.714055
48.050206	0.000000	36.563405	0.000000	4.591296	0.000000	4.702070	0.000000	1.665443	0.000000	1.099014	48.621227
48.075206	0.000000	36.504055	0.000000	4.576341	0.000000	4.689760	0.000000	1.661399	0.000000	1.096844	48.528399
48.100206	0.000000	36.444706	0.000000	4.561385	0.000000	4.677450	0.000000	1.657355	0.000000	1.094674	48.435570
48.125206	0.000000	36.381222	0.000000	4.546574	0.000000	4.665143	0.000000	1.653356	0.000000	1.092504	48.338798
48.150206	0.000000	36.298876	0.000000	4.532419	0.000000	4.652843	0.000000	1.649566	0.000000	1.090328	48.224033
48.175206	0.000000	36.216530	0.000000	4.518265	0.000000	4.640543	0.000000	1.645777	0.000000	1.088153	48.109267
48.200206	0.000000	36.134183	0.000000	4.504111	0.000000	4.628244	0.000000	1.641987	0.000000	1.085978	47.994501
48.225206	0.000000	36.051836	0.000000	4.489956	0.000000	4.615944	0.000000	1.638197	0.000000	1.083803	47.879735
48.250207	0.000000	35.969488	0.000000	4.475802	0.000000	4.603644	0.000000	1.634407	0.000000	1.081628	47.764969
48.275207	0.000000	35.887140	0.000000	4.461648	0.000000	4.591344	0.000000	1.630617	0.000000	1.079452	47.650202
48.300207	0.000000	35.804792	0.000000	4.447493	0.000000	4.579045	0.000000	1.626827	0.000000	1.077277	47.535435
48.325207	0.000000	35.722444	0.000000	4.433339	0.000000	4.566745	0.000000	1.623038	0.000000	1.075102	47.420667
48.350207	0.000000	35.640095	0.000000	4.419185	0.000000	4.554445	0.000000	1.619248	0.000000	1.072927	47.305900
48.375207	0.000000	35.544739	0.000000	4.405134	0.000000	4.542232	0.000000	1.615458	0.000000	1.070850	47.178412
48.400207	0.000000	35.390047	0.000000	4.391554	0.000000	4.530412	0.000000	1.611668	0.000000	1.069220	46.992901
48.425207	0.000000	35.235354	0.000000	4.377974	0.000000	4.518593	0.000000	1.607878	0.000000	1.067590	46.807389
48.450207	0.000000	35.080660	0.000000	4.364394	0.000000	4.506773	0.000000	1.604088	0.000000	1.065960	46.621876
48.475207	0.000000	34.925965	0.000000	4.350814	0.000000	4.494953	0.000000	1.600299	0.000000	1.064330	46.436361
48.500208	0.000000	34.771268	0.000000	4.337234	0.000000	4.483134	0.000000	1.596509	0.000000	1.062701	46.250845
48.525208	0.000000	34.616569	0.000000	4.323655	0.000000	4.471314	0.000000	1.592719	0.000000	1.061071	46.065327
48.550208	0.000000	34.461869	0.000000	4.310075	0.000000	4.459494	0.000000	1.588929	0.000000	1.059441	45.879808
48.575208	0.000000	34.307168	0.000000	4.296495	0.000000	4.447675	0.000000	1.585139	0.000000	1.057811	45.694288
48.600208	0.000000	34.152466	0.000000	4.282915	0.000000	4.435855	0.000000	1.581349	0.000000	1.056181	45.508766
48.625208	0.000000	33.953465	0.000000	4.269442	0.000000	4.424173	0.000000	1.577605	0.000000	1.035873	45.260558
48.650208	0.000000	33.552459	0.000000	4.256453	0.000000	4.413118	0.000000	1.574070	0.000000	0.930389	44.726488
48.675208	0.000000	33.151443	0.000000	4.243464	0.000000	4.402064	0.000000	1.570534	0.000000	0.824904	44.192409
48.700208	0.000000	32.750418	0.000000	4.230475	0.000000	4.391009	0.000000	1.566999	0.000000	0.719419	43.658320
48.725209	0.000000	32.349384	0.000000	4.217487	0.000000	4.379955	0.000000	1.563463	0.000000	0.613934	43.124223
48.750209	0.000000	31.948341	0.000000	4.204498	0.000000	4.368901	0.000000	1.559928	0.000000	0.508449	42.590117
48.775209	0.000000	31.547289	0.000000	4.191509	0.000000	4.357846	0.000000	1.556393	0.000000	0.402964	42.056001
48.800209	0.000000	31.146228	0.000000	4.178520	0.000000	4.346792	0.000000	1.552857	0.000000	0.297479	41.521877
48.825209	0.000000	30.745158	0.000000	4.165532	0.000000	4.335737	0.000000	1.549322	0.000000	0.191994	40.987744
48.850209	0.000000	30.344080	0.000000	4.152543	0.000000	4.324683	0.000000	1.545787	0.000000	0.086509	40.453602
48.875209	0.000000	29.757260	0.000000	4.139689	0.000000	4.313710	0.000000	1.542206	0.000000	0.000000	39.752864
48.900209	0.000000	28.323703	0.000000	4.127448	0.000000	4.303105	0.000000	1.538416	0.000000	0.000000	38.292672
48.925209	0.000000	26.890145	0.000000	4.115207	0.000000	4.292500	0.000000	1.534626	0.000000	0.000000	36.832478
48.950210	0.000000	25.456586	0.000000	4.102966	0.000000	4.281895	0.000000	1.530836	0.000000	0.000000	35.372284
48.975210	0.000000	24.023026	0.000000	4.090725	0.000000	4.271290	0.000000	1.527047	0.000000	0.000000	33.912088
49.000210	0.000000	22.589466	0.000000	4.078484	0.000000	4.260685	0.000000	1.523257	0.000000	0.000000	32.451892
49.025210	0.000000	21.155904	0.000000	4.066243	0.000000	4.250080	0.000000	1.519467	0.000000	0.000000	30.991695
49.050210	0.000000	19.722341	0.000000	4.054002	0.000000	4.239475	0.000000	1.515677	0.000000	0.000000	29.531496
49.075210	0.000000	18.288778	0.000000	4.041761	0.000000	4.228870	0.000000	1.511888	0.000000	0.000000	28.071297
49.100210	0.000000	16.855214	0.000000	4.029520	0.000000	4.218265	0.000000	1.508098	0.000000	0.000000	26.611097
49.125210	0.000000	15.612093	0.000000	4.017349	0.000000	4.207749	0.000000	1.504432	0.000000	0.000000	25.341623
49.150210	0.000000	15.236946	0.000000	4.005493	0.000000	4.197639	0.000000	1.501333	0.000000	0.000000	24.941410
49.175210	0.000000	14.861807	0.000000	3.993637	0.000000	4.187528	0.000000	1.498233	0.000000	0.000000	24.541206
49.200211	0.000000	14.486677	0.000000	3.981782	0.000000	4.177418	0.000000	1.495133	0.000000	0.000000	24.141010
49.225211	0.000000	14.111556	0.000000	3.969926	0.000000	4.167307	0.000000	1.492033	0.000000	0.000000	23.740822
49.250211	0.000000	13.736443	0.000000	3.958070	0.000000	4.157197	0.000000	1.488934	0.000000	0.000000	23.340643
49.275211	0.000000	13.361338	0.000000	3.946215	0.000000	4.147086	0.000000	1.485834	0.000000	0.000000	22.940473
49.300211	0.000000	12.986242	0.000000	3.934359	0.000000	4.136976	0.000000	1.482734	0.000000	0.000000	22.540310
49.325211	0.000000	12.611154	0.000000	3.922503	0.000000	4.126865	0.000000	1.479634	0.000000	0.000000	22.140157
49.350211	0.000000	12.236075	0.000000	3.910648	0.000000	4.116754	0.000000	1.476534	0.000000	0.000000	21.740011
49.375211	0.000000	11.902717	0.000000	3.899039	0.000000	4.106780	0.000000	1.473435	0.000000	0.000000	21.381971
49.400211	0.000000	11.759418	0.000000	3.888559	0.000000	4.097426	0.000000	1.470336	0.000000	0.000000	21.215738
49.425212	0.000000	11.616120	0.000000	3.878080	0.000000	4.088071	0.000000	1.467236	0.000000	0.000000	21.049507
49.450212	0.000000	11.472823	0.000000	3.867600	0.000000	4.078717	0.000000	1.464137	0.000000	0.000000	20.883277
49.475212	0.000000	11.329528	0.000000	3.857120	0.000000	4.069363	0.000000	1.461038	0.000000	0.000000	20.717048
49.500212	0.000000	11.186234	0.000000	3.846640	0.000000	4.060008	0.000000	1.457939	0.000000	0.000000	20.550821
49.525212	0.000000	11.042941	0.000000	3.836160	0.000000	4.050654	0.000000	1.454840	0.000000	0.000000	20.384594
49.550212	0.000000	10.899649	0.000000	3.825680	0.000000	4.041300	0.000000	1.451741	0.000000	0.000000	20.218369
49.575212	0.000000	10.756358	0.000000	3.815200	0.000000	4.031945	0.000000	1.448642	0.000000	0.000000	20.052145
49.600212	0.000000	10.613069	0.000000	3.804720	0.000000	4.022591	0.000000	1.445543	0.000000	0.000000	19.885923
49.625212	0.000000	10.482327	0.000000	3.794375	0.000000	4.013415	0.000000	1.442489	0.000000	0.000000	19.732606
49.650213	0.000000	10.408735	0.000000	3.784642	0.000000	4.005049	0.000000	1.439644	0.000000	0.000000	19.638070
49.675213	0.000000	10.335142	0.000000	3.774910	0.000000	3.996684	0.000000	1.436798	0.000000	0.000000	19.543535
49.700213	0.000000	10.261550	0.000000	3.765177	0.000000	3.988319	0.000000	1.433953	0.000000	0.000000	19.448999
49.725213	0.000000	10.187958	0.000000	3.755444	0.000000	3.979954	0.000000	1.431108	0.000000	0.000000	19.354464
49.750213	0.000000	10.114366	0.000000	3.745712	0.000000	3.971589	0.000000	1.428262	0.000000	0.000000	19.259929
49.775213	0.000000	10.040775	0.000000	3.735979	0.000000	3.963224	0.000000	1.425417	0.000000	0.000000	19.165394
49.800213	0.000000	9.967183	0.000000	3.726246	0.000000	3.954858	0.000000	1.422572	0.000000	0.000000	19.070859
49.825213	0.000000	9.893592	0.000000	3.716513	0.000000	3.946493	0.000000	1.419726	0.000000	0.000000	18.976325
49.850213	0.000000	9.820001	0.000000	3.706780	0.000000	3.938128	0.000000	1.416881	0.000000	0.000000	18.881790
49.875213	0.000000	0.000000	0.000000	0.000000	0.000000	0.000000	0.000000	0.000000	0.000000	0.000000	0.000000
49.900214	0.000000	0.000000	0.000000	0.000000	0.000000	0.000000	0.000000	0.000000	0.000000	0.000000	0.000000
49.925214	0.000000	0.000000	0.000000	0.000000	0.000000	0.000000	0.000000	0.000000	0.000000	0.000000	0.000000
49.950214	0.000000	0.000000	0.000000	0.000000	0.000000	0.000000	0.000000	0.000000	0.000000	0.000000	0.000000
49.975214	0.000000	0.000000	0.000000	0.000000	0.000000	0.000000	0.000000	0.000000	0.000000	0.000000	0.000000
50.000214	0.000000	0.000000	0.000000	0.000000	0.000000	0.000000	0.000000	0.000000	0.000000	0.000000	0.000000
