Patient Name: FANTOMARW3, 
Patient ID: 15072016
Plan: Perf Fot Eq4
Course: C1
Date: Thursday, July 21, 2016 6:33:23 PM
Exported by: laldrovandi

Start: (-25.01, 10.00, 0.00)
End:   (25.00, 10.00, 0.00)

	10x10	40x40	10x10w15	30x30w15	10x10w30	30x30w30	10x10w45	20x20w45	10x10w60	15x15w60	Total
0.000000	0.000000	0.000000	0.000000	0.000000	0.000000	0.000000	0.000000	0.000000	0.000000	0.000000	0.000000
0.025005	0.000000	0.000000	0.000000	0.000000	0.000000	0.000000	0.000000	0.000000	0.000000	0.000000	0.000000
0.050010	0.000000	0.000000	0.000000	0.000000	0.000000	0.000000	0.000000	0.000000	0.000000	0.000000	0.000000
0.075014	0.000000	0.000000	0.000000	0.000000	0.000000	0.000000	0.000000	0.000000	0.000000	0.000000	0.000000
0.100019	0.000000	0.000000	0.000000	0.000000	0.000000	0.000000	0.000000	0.000000	0.000000	0.000000	0.000000
0.125024	0.000000	0.000000	0.000000	0.000000	0.000000	0.000000	0.000000	0.000000	0.000000	0.000000	0.000000
0.150029	0.000000	7.687070	0.000000	4.460367	0.000000	5.826070	0.000000	0.000000	0.000000	0.000000	17.973506
0.175034	0.000000	7.727681	0.000000	4.473522	0.000000	5.841538	0.000000	0.000000	0.000000	0.000000	18.042740
0.200039	0.000000	7.768292	0.000000	4.486677	0.000000	5.857005	0.000000	0.000000	0.000000	0.000000	18.111974
0.225043	0.000000	7.808903	0.000000	4.499832	0.000000	5.872473	0.000000	0.000000	0.000000	0.000000	18.181209
0.250048	0.000000	7.849514	0.000000	4.512988	0.000000	5.887941	0.000000	0.000000	0.000000	0.000000	18.250443
0.275053	0.000000	7.890125	0.000000	4.526143	0.000000	5.903409	0.000000	0.000000	0.000000	0.000000	18.319677
0.300058	0.000000	7.930736	0.000000	4.539298	0.000000	5.918877	0.000000	0.000000	0.000000	0.000000	18.388911
0.325063	0.000000	7.971347	0.000000	4.552453	0.000000	5.934345	0.000000	0.000000	0.000000	0.000000	18.458145
0.350068	0.000000	8.011958	0.000000	4.565609	0.000000	5.949813	0.000000	0.000000	0.000000	0.000000	18.527379
0.375072	0.000000	8.052569	0.000000	4.578764	0.000000	5.965281	0.000000	0.000000	0.000000	0.000000	18.596614
0.400077	0.000000	8.092576	0.000000	4.592100	0.000000	5.981349	0.000000	0.175162	0.000000	0.000000	18.841187
0.425082	0.000000	8.132430	0.000000	4.605482	0.000000	5.997570	0.000000	0.394863	0.000000	0.000000	19.130345
0.450087	0.000000	8.172284	0.000000	4.618864	0.000000	6.013791	0.000000	0.614564	0.000000	0.000000	19.419504
0.475092	0.000000	8.212138	0.000000	4.632247	0.000000	6.030012	0.000000	0.834265	0.000000	0.000000	19.708662
0.500096	0.000000	8.251991	0.000000	4.645629	0.000000	6.046233	0.000000	1.053966	0.000000	0.000000	19.997820
0.525101	0.000000	8.291845	0.000000	4.659011	0.000000	6.062454	0.000000	1.273668	0.000000	0.000000	20.286978
0.550106	0.000000	8.331699	0.000000	4.672393	0.000000	6.078676	0.000000	1.493369	0.000000	0.000000	20.576136
0.575111	0.000000	8.371552	0.000000	4.685775	0.000000	6.094897	0.000000	1.713070	0.000000	0.000000	20.865294
0.600116	0.000000	8.411406	0.000000	4.699158	0.000000	6.111118	0.000000	1.932771	0.000000	0.000000	21.154452
0.625121	0.000000	8.451260	0.000000	4.712540	0.000000	6.127339	0.000000	2.152472	0.000000	0.000000	21.443610
0.650125	0.000000	8.493735	0.000000	4.726727	0.000000	6.144209	0.000000	2.200178	0.000000	0.000000	21.564850
0.675130	0.000000	8.536869	0.000000	4.741115	0.000000	6.161243	0.000000	2.204671	0.000000	0.000000	21.643899
0.700135	0.000000	8.580004	0.000000	4.755504	0.000000	6.178277	0.000000	2.209164	0.000000	0.000000	21.722949
0.725140	0.000000	8.623138	0.000000	4.769893	0.000000	6.195310	0.000000	2.213658	0.000000	0.000000	21.801999
0.750145	0.000000	8.666272	0.000000	4.784282	0.000000	6.212344	0.000000	2.218151	0.000000	0.000000	21.881049
0.775149	0.000000	8.709407	0.000000	4.798670	0.000000	6.229378	0.000000	2.222644	0.000000	0.000000	21.960099
0.800154	0.000000	8.752541	0.000000	4.813059	0.000000	6.246411	0.000000	2.227137	0.000000	0.000000	22.039148
0.825159	0.000000	8.795675	0.000000	4.827448	0.000000	6.263445	0.000000	2.231630	0.000000	0.000000	22.118198
0.850164	0.000000	8.838810	0.000000	4.841837	0.000000	6.280479	0.000000	2.236123	0.000000	0.000000	22.197248
0.875169	0.000000	8.881944	0.000000	4.856226	0.000000	6.297513	0.000000	2.240616	0.000000	0.000000	22.276298
0.900174	0.000000	8.926782	0.000000	4.871375	0.000000	6.315513	0.000000	2.246242	0.000000	0.000000	22.359912
0.925178	0.000000	8.972043	0.000000	4.886714	0.000000	6.333753	0.000000	2.252150	0.000000	0.000000	22.444660
0.950183	0.000000	9.017303	0.000000	4.902053	0.000000	6.351993	0.000000	2.258058	0.000000	0.000000	22.529408
0.975188	0.000000	9.062564	0.000000	4.917391	0.000000	6.370234	0.000000	2.263966	0.000000	0.000000	22.614155
1.000193	0.000000	9.107825	0.000000	4.932730	0.000000	6.388474	0.000000	2.269875	0.000000	0.000000	22.698903
1.025198	0.000000	9.153085	0.000000	4.948068	0.000000	6.406714	0.000000	2.275783	0.000000	0.000000	22.783650
1.050203	0.000000	9.198346	0.000000	4.963407	0.000000	6.424954	0.000000	2.281691	0.000000	0.000000	22.868398
1.075207	0.000000	9.243607	0.000000	4.978746	0.000000	6.443195	0.000000	2.287599	0.000000	0.000000	22.953146
1.100212	0.000000	9.288868	0.000000	4.994084	0.000000	6.461435	0.000000	2.293507	0.000000	0.000000	23.037893
1.125217	0.000000	9.334128	0.000000	5.009423	0.000000	6.479675	0.000000	2.299415	0.000000	0.000000	23.122641
1.150222	0.000000	9.383727	0.000000	5.025375	0.000000	6.498668	0.000000	2.305344	0.000000	0.000000	23.213114
1.175227	0.000000	9.434390	0.000000	5.041478	0.000000	6.517845	0.000000	2.311278	0.000000	0.000000	23.304991
1.200231	0.000000	9.485053	0.000000	5.057580	0.000000	6.537022	0.000000	2.317212	0.000000	0.000000	23.396868
1.225236	0.000000	9.535716	0.000000	5.073683	0.000000	6.556199	0.000000	2.323147	0.000000	0.000000	23.488745
1.250241	0.000000	9.586379	0.000000	5.089786	0.000000	6.575375	0.000000	2.329081	0.000000	0.000000	23.580622
1.275246	0.000000	9.637042	0.000000	5.105889	0.000000	6.594552	0.000000	2.335015	0.000000	0.000000	23.672499
1.300251	0.000000	9.687705	0.000000	5.121991	0.000000	6.613729	0.000000	2.340949	0.000000	0.000000	23.764376
1.325256	0.000000	9.738369	0.000000	5.138094	0.000000	6.632906	0.000000	2.346884	0.000000	0.000000	23.856253
1.350260	0.000000	9.789032	0.000000	5.154197	0.000000	6.652083	0.000000	2.352818	0.000000	0.000000	23.948129
1.375265	0.000000	9.839695	0.000000	5.170300	0.000000	6.671260	0.000000	2.358752	0.000000	0.000000	24.040006
1.400270	0.000000	9.896684	0.000000	5.186695	0.000000	6.690827	0.000000	2.364669	0.000000	0.000000	24.138876
1.425275	0.000000	9.955206	0.000000	5.203161	0.000000	6.710489	0.000000	2.370583	0.000000	0.000000	24.239439
1.450280	0.000000	10.013727	0.000000	5.219627	0.000000	6.730151	0.000000	2.376496	0.000000	0.000000	24.340002
1.475284	0.000000	10.072249	0.000000	5.236094	0.000000	6.749813	0.000000	2.382409	0.000000	0.000000	24.440565
1.500289	0.000000	10.130771	0.000000	5.252560	0.000000	6.769475	0.000000	2.388323	0.000000	0.000000	24.541128
1.525294	0.000000	10.189293	0.000000	5.269026	0.000000	6.789136	0.000000	2.394236	0.000000	0.000000	24.641691
1.550299	0.000000	10.247815	0.000000	5.285492	0.000000	6.808798	0.000000	2.400149	0.000000	0.000000	24.742254
1.575304	0.000000	10.306336	0.000000	5.301959	0.000000	6.828460	0.000000	2.406063	0.000000	0.000000	24.842818
1.600309	0.000000	10.364858	0.000000	5.318425	0.000000	6.848122	0.000000	2.411976	0.000000	0.000000	24.943381
1.625313	0.000000	10.423380	0.000000	5.334891	0.000000	6.867783	0.000000	2.417889	0.000000	0.000000	25.043944
1.650318	0.000000	10.490749	0.000000	5.352004	0.000000	6.888248	0.000000	2.424003	0.000000	0.000000	25.155005
1.675323	0.000000	10.560236	0.000000	5.369272	0.000000	6.908906	0.000000	2.430164	0.000000	0.000000	25.268577
1.700328	0.000000	10.629723	0.000000	5.386539	0.000000	6.929563	0.000000	2.436325	0.000000	0.000000	25.382150
1.725333	0.000000	10.699209	0.000000	5.403807	0.000000	6.950220	0.000000	2.442486	0.000000	0.000000	25.495723
1.750338	0.000000	10.768696	0.000000	5.421075	0.000000	6.970877	0.000000	2.448647	0.000000	0.000000	25.609296
1.775342	0.000000	10.838183	0.000000	5.438343	0.000000	6.991535	0.000000	2.454808	0.000000	0.000000	25.722868
1.800347	0.000000	10.907669	0.000000	5.455610	0.000000	7.012192	0.000000	2.460970	0.000000	0.000000	25.836441
1.825352	0.000000	10.977156	0.000000	5.472878	0.000000	7.032849	0.000000	2.467131	0.000000	0.000000	25.950014
1.850357	0.000000	11.046642	0.000000	5.490146	0.000000	7.053506	0.000000	2.473292	0.000000	0.000000	26.063587
1.875362	0.000000	11.116129	0.000000	5.507413	0.000000	7.074164	0.000000	2.479453	0.000000	0.000000	26.177159
1.900366	0.000000	11.201723	0.000000	5.525487	0.000000	7.095257	0.000000	2.485815	0.000000	0.000000	26.308282
1.925371	0.000000	11.291124	0.000000	5.543752	0.000000	7.116453	0.000000	2.492224	0.000000	0.000000	26.443553
1.950376	0.000000	11.380525	0.000000	5.562017	0.000000	7.137649	0.000000	2.498633	0.000000	0.000000	26.578824
1.975381	0.000000	11.469926	0.000000	5.580282	0.000000	7.158845	0.000000	2.505042	0.000000	0.000000	26.714095
2.000386	0.000000	11.559327	0.000000	5.598547	0.000000	7.180041	0.000000	2.511451	0.000000	0.000000	26.849366
2.025391	0.000000	11.648728	0.000000	5.616812	0.000000	7.201237	0.000000	2.517860	0.000000	0.000000	26.984637
2.050395	0.000000	11.738129	0.000000	5.635076	0.000000	7.222433	0.000000	2.524269	0.000000	0.000000	27.119908
2.075400	0.000000	11.827530	0.000000	5.653341	0.000000	7.243629	0.000000	2.530678	0.000000	0.000000	27.255179
2.100405	0.000000	11.916931	0.000000	5.671606	0.000000	7.264826	0.000000	2.537087	0.000000	0.000000	27.390450
2.125410	0.000000	12.006332	0.000000	5.689871	0.000000	7.286022	0.000000	2.543496	0.000000	0.000000	27.525721
2.150415	0.000000	12.128020	0.000000	5.708764	0.000000	7.308204	0.000000	2.550090	0.000000	0.000000	27.695078
2.175419	0.000000	12.257244	0.000000	5.727804	0.000000	7.330617	0.000000	2.556726	0.000000	0.000000	27.872390
2.200424	0.000000	12.386469	0.000000	5.746843	0.000000	7.353030	0.000000	2.563362	0.000000	0.000000	28.049703
2.225429	0.000000	12.515693	0.000000	5.765883	0.000000	7.375442	0.000000	2.569998	0.000000	0.000000	28.227015
2.250434	0.000000	12.644917	0.000000	5.784923	0.000000	7.397855	0.000000	2.576634	0.000000	0.000000	28.404328
2.275439	0.000000	12.774141	0.000000	5.803962	0.000000	7.420268	0.000000	2.583270	0.000000	0.000000	28.581640
2.300444	0.000000	12.903365	0.000000	5.823002	0.000000	7.442680	0.000000	2.589906	0.000000	0.000000	28.758953
2.325448	0.000000	13.032589	0.000000	5.842042	0.000000	7.465093	0.000000	2.596542	0.000000	0.000000	28.936265
2.350453	0.000000	13.161813	0.000000	5.861081	0.000000	7.487506	0.000000	2.603178	0.000000	0.000000	29.113578
2.375458	0.000000	13.291037	0.000000	5.880121	0.000000	7.509918	0.000000	2.609814	0.000000	0.000000	29.290890
2.400463	0.000000	13.510703	0.000000	5.900078	0.000000	7.533512	0.000000	2.616832	0.000000	0.000000	29.561125
2.425468	0.000000	13.751213	0.000000	5.920245	0.000000	7.557379	0.000000	2.623939	0.000000	0.000000	29.852776
2.450473	0.000000	13.991723	0.000000	5.940413	0.000000	7.581245	0.000000	2.631045	0.000000	0.000000	30.144427
2.475477	0.000000	14.232233	0.000000	5.960581	0.000000	7.605111	0.000000	2.638152	0.000000	0.000000	30.436077
2.500482	0.000000	14.472743	0.000000	5.980749	0.000000	7.628977	0.000000	2.645259	0.000000	0.000000	30.727728
2.525487	0.000000	14.713252	0.000000	6.000917	0.000000	7.652844	0.000000	2.652365	0.000000	0.000000	31.019378
2.550492	0.000000	14.953762	0.000000	6.021085	0.000000	7.676710	0.000000	2.659472	0.000000	0.000000	31.311029
2.575497	0.000000	15.194272	0.000000	6.041253	0.000000	7.700576	0.000000	2.666579	0.000000	0.000000	31.602679
2.600501	0.000000	15.434782	0.000000	6.061421	0.000000	7.724442	0.000000	2.673685	0.000000	0.000000	31.894330
2.625506	0.000000	15.675292	0.000000	6.081588	0.000000	7.748308	0.000000	2.680792	0.000000	0.000000	32.185980
2.650511	0.000000	16.323861	0.000000	6.102070	0.000000	7.772367	0.000000	2.687696	0.000000	0.000000	32.885994
2.675516	0.000000	17.065285	0.000000	6.122622	0.000000	7.796470	0.000000	2.694554	0.000000	0.000000	33.678932
2.700521	0.000000	17.806709	0.000000	6.143175	0.000000	7.820573	0.000000	2.701413	0.000000	0.000000	34.471869
2.725526	0.000000	18.548133	0.000000	6.163728	0.000000	7.844675	0.000000	2.708271	0.000000	0.000000	35.264807
2.750530	0.000000	19.289557	0.000000	6.184280	0.000000	7.868778	0.000000	2.715129	0.000000	0.000000	36.057744
2.775535	0.000000	20.030981	0.000000	6.204833	0.000000	7.892880	0.000000	2.721987	0.000000	0.000000	36.850682
2.800540	0.000000	20.772405	0.000000	6.225386	0.000000	7.916983	0.000000	2.728846	0.000000	0.000000	37.643620
2.825545	0.000000	21.513830	0.000000	6.245939	0.000000	7.941086	0.000000	2.735704	0.000000	0.000000	38.436557
2.850550	0.000000	22.255254	0.000000	6.266491	0.000000	7.965188	0.000000	2.742562	0.000000	0.000000	39.229495
2.875555	0.000000	22.996678	0.000000	6.287044	0.000000	7.989291	0.000000	2.749420	0.000000	0.000000	40.022433
2.900559	0.000000	25.629007	0.000000	6.308699	0.000000	8.014783	0.000000	2.756485	0.000000	0.000000	42.708974
2.925564	0.000000	28.686135	0.000000	6.330601	0.000000	8.040588	0.000000	2.763596	0.000000	0.000000	45.820921
2.950569	0.000000	31.743263	0.000000	6.352504	0.000000	8.066392	0.000000	2.770708	0.000000	0.000000	48.932867
2.975574	0.000000	34.800391	0.000000	6.374407	0.000000	8.092197	0.000000	2.777819	0.000000	0.000000	52.044814
3.000579	0.000000	37.857519	0.000000	6.396309	0.000000	8.118002	0.000000	2.784931	0.000000	0.000000	55.156760
3.025583	0.000000	40.914647	0.000000	6.418212	0.000000	8.143806	0.000000	2.792042	0.000000	0.000000	58.268707
3.050588	0.000000	43.971775	0.000000	6.440114	0.000000	8.169611	0.000000	2.799153	0.000000	0.000000	61.380654
3.075593	0.000000	47.028903	0.000000	6.462017	0.000000	8.195415	0.000000	2.806265	0.000000	0.000000	64.492600
3.100598	0.000000	50.086031	0.000000	6.483919	0.000000	8.221220	0.000000	2.813376	0.000000	0.000000	67.604547
3.125603	0.000000	53.143159	0.000000	6.505822	0.000000	8.247025	0.000000	2.820487	0.000000	0.000000	70.716493
3.150608	0.000000	54.326961	0.000000	6.528709	0.000000	8.274085	0.000000	2.828373	0.000000	0.159103	72.117230
3.175612	0.000000	55.095318	0.000000	6.551813	0.000000	8.301424	0.000000	2.836429	0.000000	0.353490	73.138475
3.200617	0.000000	55.863676	0.000000	6.574918	0.000000	8.328763	0.000000	2.844486	0.000000	0.547877	74.159720
3.225622	0.000000	56.632033	0.000000	6.598023	0.000000	8.356102	0.000000	2.852543	0.000000	0.742264	75.180964
3.250627	0.000000	57.400390	0.000000	6.621128	0.000000	8.383441	0.000000	2.860600	0.000000	0.936651	76.202209
3.275632	0.000000	58.168747	0.000000	6.644233	0.000000	8.410780	0.000000	2.868657	0.000000	1.131038	77.223454
3.300636	0.000000	58.937104	0.000000	6.667337	0.000000	8.438118	0.000000	2.876714	0.000000	1.325425	78.244698
3.325641	0.000000	59.705461	0.000000	6.690442	0.000000	8.465457	0.000000	2.884770	0.000000	1.519812	79.265943
3.350646	0.000000	60.473818	0.000000	6.713547	0.000000	8.492796	0.000000	2.892827	0.000000	1.714199	80.287188
3.375651	0.000000	61.242175	0.000000	6.736652	0.000000	8.520135	0.000000	2.900884	0.000000	1.908586	81.308432
3.400656	0.000000	61.585104	0.000000	6.761050	0.000000	8.548706	0.000000	2.908754	0.000000	1.946379	81.749994
3.425661	0.000000	61.834907	0.000000	6.785732	0.000000	8.577547	0.000000	2.916584	0.000000	1.949895	82.064665
3.450665	0.000000	62.084710	0.000000	6.810414	0.000000	8.606388	0.000000	2.924413	0.000000	1.953411	82.379335
3.475670	0.000000	62.334513	0.000000	6.835096	0.000000	8.635228	0.000000	2.932242	0.000000	1.956927	82.694006
3.500675	0.000000	62.584316	0.000000	6.859777	0.000000	8.664069	0.000000	2.940072	0.000000	1.960443	83.008677
3.525680	0.000000	62.834119	0.000000	6.884459	0.000000	8.692910	0.000000	2.947901	0.000000	1.963959	83.323347
3.550685	0.000000	63.083922	0.000000	6.909141	0.000000	8.721750	0.000000	2.955730	0.000000	1.967475	83.638018
3.575690	0.000000	63.333725	0.000000	6.933822	0.000000	8.750591	0.000000	2.963560	0.000000	1.970991	83.952689
3.600694	0.000000	63.583528	0.000000	6.958504	0.000000	8.779432	0.000000	2.971389	0.000000	1.974507	84.267359
3.625699	0.000000	63.833331	0.000000	6.983186	0.000000	8.808272	0.000000	2.979218	0.000000	1.978023	84.582030
3.650704	0.000000	63.986043	0.000000	7.008795	0.000000	8.838286	0.000000	2.987625	0.000000	1.982670	84.803418
3.675709	0.000000	64.117779	0.000000	7.034604	0.000000	8.868554	0.000000	2.996157	0.000000	1.987560	85.004654
3.700714	0.000000	64.249516	0.000000	7.060413	0.000000	8.898821	0.000000	3.004688	0.000000	1.992451	85.205890
3.725718	0.000000	64.381252	0.000000	7.086223	0.000000	8.929089	0.000000	3.013220	0.000000	1.997342	85.407126
3.750723	0.000000	64.512989	0.000000	7.112032	0.000000	8.959356	0.000000	3.021752	0.000000	2.002233	85.608362
3.775728	0.000000	64.644725	0.000000	7.137841	0.000000	8.989624	0.000000	3.030283	0.000000	2.007124	85.809598
3.800733	0.000000	64.776462	0.000000	7.163651	0.000000	9.019891	0.000000	3.038815	0.000000	2.012015	86.010834
3.825738	0.000000	64.908198	0.000000	7.189460	0.000000	9.050159	0.000000	3.047347	0.000000	2.016906	86.212069
3.850743	0.000000	65.039935	0.000000	7.215269	0.000000	9.080426	0.000000	3.055878	0.000000	2.021797	86.413305
3.875747	0.000000	65.171671	0.000000	7.241079	0.000000	9.110693	0.000000	3.064410	0.000000	2.026688	86.614541
3.900752	0.000000	65.268940	0.000000	7.267353	0.000000	9.141556	0.000000	3.073129	0.000000	2.031134	86.782111
3.925757	0.000000	65.358860	0.000000	7.293727	0.000000	9.172545	0.000000	3.081887	0.000000	2.035485	86.942504
3.950762	0.000000	65.448780	0.000000	7.320101	0.000000	9.203534	0.000000	3.090646	0.000000	2.039835	87.102897
3.975767	0.000000	65.538701	0.000000	7.346475	0.000000	9.234524	0.000000	3.099404	0.000000	2.044186	87.263290
4.000771	0.000000	65.628621	0.000000	7.372848	0.000000	9.265513	0.000000	3.108163	0.000000	2.048537	87.423683
4.025776	0.000000	65.718542	0.000000	7.399222	0.000000	9.296502	0.000000	3.116922	0.000000	2.052888	87.584075
4.050781	0.000000	65.808462	0.000000	7.425596	0.000000	9.327491	0.000000	3.125680	0.000000	2.057239	87.744468
4.075786	0.000000	65.898382	0.000000	7.451970	0.000000	9.358480	0.000000	3.134439	0.000000	2.061590	87.904861
4.100791	0.000000	65.988303	0.000000	7.478344	0.000000	9.389470	0.000000	3.143197	0.000000	2.065940	88.065254
4.125796	0.000000	66.078223	0.000000	7.504717	0.000000	9.420459	0.000000	3.151956	0.000000	2.070291	88.225647
4.150800	0.000000	66.151509	0.000000	7.532681	0.000000	9.453271	0.000000	3.160527	0.000000	2.075088	88.373077
4.175805	0.000000	66.221295	0.000000	7.560979	0.000000	9.486467	0.000000	3.169059	0.000000	2.079979	88.517780
4.200810	0.000000	66.291081	0.000000	7.589277	0.000000	9.519663	0.000000	3.177590	0.000000	2.084870	88.662483
4.225815	0.000000	66.360867	0.000000	7.617576	0.000000	9.552859	0.000000	3.186122	0.000000	2.089761	88.807186
4.250820	0.000000	66.430654	0.000000	7.645874	0.000000	9.586055	0.000000	3.194654	0.000000	2.094652	88.951889
4.275825	0.000000	66.500440	0.000000	7.674172	0.000000	9.619251	0.000000	3.203185	0.000000	2.099543	89.096592
4.300829	0.000000	66.570226	0.000000	7.702470	0.000000	9.652447	0.000000	3.211717	0.000000	2.104434	89.241295
4.325834	0.000000	66.640012	0.000000	7.730768	0.000000	9.685643	0.000000	3.220249	0.000000	2.109325	89.385998
4.350839	0.000000	66.709798	0.000000	7.759066	0.000000	9.718840	0.000000	3.228780	0.000000	2.114216	89.530701
4.375844	0.000000	66.779585	0.000000	7.787365	0.000000	9.752036	0.000000	3.237312	0.000000	2.119107	89.675404
4.400849	0.000000	66.839703	0.000000	7.816964	0.000000	9.786859	0.000000	3.246417	0.000000	2.124213	89.814157
4.425853	0.000000	66.897815	0.000000	7.846834	0.000000	9.822021	0.000000	3.255641	0.000000	2.129364	89.951675
4.450858	0.000000	66.955927	0.000000	7.876704	0.000000	9.857183	0.000000	3.264865	0.000000	2.134515	90.089193
4.475863	0.000000	67.014039	0.000000	7.906573	0.000000	9.892344	0.000000	3.274089	0.000000	2.139666	90.226712
4.500868	0.000000	67.072151	0.000000	7.936443	0.000000	9.927506	0.000000	3.283313	0.000000	2.144817	90.364230
4.525873	0.000000	67.130263	0.000000	7.966313	0.000000	9.962668	0.000000	3.292537	0.000000	2.149968	90.501748
4.550878	0.000000	67.188375	0.000000	7.996183	0.000000	9.997829	0.000000	3.301761	0.000000	2.155119	90.639267
4.575882	0.000000	67.246487	0.000000	8.026052	0.000000	10.032991	0.000000	3.310985	0.000000	2.160270	90.776785
4.600887	0.000000	67.304599	0.000000	8.055922	0.000000	10.068153	0.000000	3.320208	0.000000	2.165421	90.914303
4.625892	0.000000	67.362711	0.000000	8.085792	0.000000	10.103314	0.000000	3.329432	0.000000	2.170572	91.051821
4.650897	0.000000	67.414296	0.000000	8.116830	0.000000	10.139986	0.000000	3.339261	0.000000	2.175291	91.185664
4.675902	0.000000	67.464544	0.000000	8.148108	0.000000	10.176966	0.000000	3.349213	0.000000	2.179922	91.318753
4.700906	0.000000	67.514792	0.000000	8.179386	0.000000	10.213947	0.000000	3.359164	0.000000	2.184553	91.451843
4.725911	0.000000	67.565041	0.000000	8.210663	0.000000	10.250928	0.000000	3.369116	0.000000	2.189184	91.584932
4.750916	0.000000	67.615289	0.000000	8.241941	0.000000	10.287908	0.000000	3.379068	0.000000	2.193815	91.718022
4.775921	0.000000	67.665538	0.000000	8.273219	0.000000	10.324889	0.000000	3.389020	0.000000	2.198446	91.851112
4.800926	0.000000	67.715786	0.000000	8.304496	0.000000	10.361870	0.000000	3.398972	0.000000	2.203077	91.984201
4.825931	0.000000	67.766035	0.000000	8.335774	0.000000	10.398850	0.000000	3.408924	0.000000	2.207708	92.117291
4.850935	0.000000	67.816283	0.000000	8.367052	0.000000	10.435831	0.000000	3.418876	0.000000	2.212339	92.250380
4.875940	0.000000	67.866532	0.000000	8.398330	0.000000	10.472811	0.000000	3.428828	0.000000	2.216969	92.383470
4.900945	0.000000	67.912141	0.000000	8.430884	0.000000	10.510975	0.000000	3.438990	0.000000	2.222274	92.515264
4.925950	0.000000	67.956813	0.000000	8.463696	0.000000	10.549378	0.000000	3.449196	0.000000	2.227715	92.646797
4.950955	0.000000	68.001485	0.000000	8.496508	0.000000	10.587780	0.000000	3.459401	0.000000	2.233156	92.778330
4.975960	0.000000	68.046157	0.000000	8.529320	0.000000	10.626183	0.000000	3.469606	0.000000	2.238597	92.909863
5.000964	0.000000	68.090829	0.000000	8.562132	0.000000	10.664586	0.000000	3.479811	0.000000	2.244039	93.041396
5.025969	0.000000	68.135501	0.000000	8.594944	0.000000	10.702989	0.000000	3.490016	0.000000	2.249480	93.172929
5.050974	0.000000	68.180173	0.000000	8.627756	0.000000	10.741391	0.000000	3.500221	0.000000	2.254921	93.304462
5.075979	0.000000	68.224845	0.000000	8.660567	0.000000	10.779794	0.000000	3.510426	0.000000	2.260362	93.435994
5.100984	0.000000	68.269518	0.000000	8.693379	0.000000	10.818197	0.000000	3.520631	0.000000	2.265803	93.567527
5.125988	0.000000	68.314190	0.000000	8.726191	0.000000	10.856599	0.000000	3.530836	0.000000	2.271244	93.699060
5.150993	0.000000	68.355424	0.000000	8.761083	0.000000	10.898072	0.000000	3.541411	0.000000	2.277131	93.833121
5.175998	0.000000	68.395974	0.000000	8.796388	0.000000	10.940157	0.000000	3.552060	0.000000	2.283107	93.967686
5.201003	0.000000	68.436524	0.000000	8.831694	0.000000	10.982241	0.000000	3.562709	0.000000	2.289083	94.102251
5.226008	0.000000	68.477074	0.000000	8.866999	0.000000	11.024326	0.000000	3.573358	0.000000	2.295058	94.236815
5.251013	0.000000	68.517623	0.000000	8.902305	0.000000	11.066410	0.000000	3.584007	0.000000	2.301034	94.371380
5.276017	0.000000	68.558173	0.000000	8.937610	0.000000	11.108495	0.000000	3.594656	0.000000	2.307010	94.505945
5.301022	0.000000	68.598723	0.000000	8.972916	0.000000	11.150579	0.000000	3.605305	0.000000	2.312986	94.640509
5.326027	0.000000	68.639273	0.000000	9.008221	0.000000	11.192664	0.000000	3.615954	0.000000	2.318962	94.775074
5.351032	0.000000	68.679823	0.000000	9.043527	0.000000	11.234748	0.000000	3.626603	0.000000	2.324938	94.909639
5.376037	0.000000	68.720373	0.000000	9.078833	0.000000	11.276832	0.000000	3.637252	0.000000	2.330914	95.044203
5.401042	0.000000	68.758020	0.000000	9.116086	0.000000	11.320735	0.000000	3.648112	0.000000	2.335987	95.178941
5.426046	0.000000	68.795097	0.000000	9.153722	0.000000	11.364995	0.000000	3.659015	0.000000	2.340883	95.313712
5.451051	0.000000	68.832174	0.000000	9.191358	0.000000	11.409255	0.000000	3.669917	0.000000	2.345780	95.448483
5.476056	0.000000	68.869251	0.000000	9.228994	0.000000	11.453514	0.000000	3.680819	0.000000	2.350676	95.583254
5.501061	0.000000	68.906328	0.000000	9.266630	0.000000	11.497774	0.000000	3.691721	0.000000	2.355572	95.718025
5.526066	0.000000	68.943406	0.000000	9.304266	0.000000	11.542034	0.000000	3.702623	0.000000	2.360468	95.852797
5.551070	0.000000	68.980483	0.000000	9.341902	0.000000	11.586294	0.000000	3.713525	0.000000	2.365365	95.987568
5.576075	0.000000	69.017560	0.000000	9.379538	0.000000	11.630554	0.000000	3.724427	0.000000	2.370261	96.122339
5.601080	0.000000	69.054637	0.000000	9.417174	0.000000	11.674813	0.000000	3.735329	0.000000	2.375157	96.257110
5.626085	0.000000	69.091714	0.000000	9.454810	0.000000	11.719073	0.000000	3.746231	0.000000	2.380053	96.391881
5.651090	0.000000	69.125878	0.000000	9.494703	0.000000	11.766238	0.000000	3.757320	0.000000	2.385615	96.529754
5.676095	0.000000	69.159478	0.000000	9.535033	0.000000	11.813965	0.000000	3.768444	0.000000	2.391306	96.668227
5.701099	0.000000	69.193078	0.000000	9.575364	0.000000	11.861692	0.000000	3.779568	0.000000	2.396997	96.806699
5.726104	0.000000	69.226677	0.000000	9.615694	0.000000	11.909419	0.000000	3.790693	0.000000	2.402689	96.945172
5.751109	0.000000	69.260277	0.000000	9.656025	0.000000	11.957146	0.000000	3.801817	0.000000	2.408380	97.083645
5.776114	0.000000	69.293877	0.000000	9.696355	0.000000	12.004874	0.000000	3.812941	0.000000	2.414071	97.222118
5.801119	0.000000	69.327477	0.000000	9.736686	0.000000	12.052601	0.000000	3.824066	0.000000	2.419762	97.360591
5.826123	0.000000	69.361076	0.000000	9.777016	0.000000	12.100328	0.000000	3.835190	0.000000	2.425453	97.499063
5.851128	0.000000	69.394676	0.000000	9.817347	0.000000	12.148055	0.000000	3.846314	0.000000	2.431144	97.637536
5.876133	0.000000	69.428276	0.000000	9.857677	0.000000	12.195782	0.000000	3.857438	0.000000	2.436835	97.776009
5.901138	0.023261	69.459817	0.056909	9.900306	0.078086	12.246403	0.070548	3.869569	0.087038	2.443223	98.235159
5.926143	0.050963	69.490965	0.124682	9.943373	0.171078	12.297576	0.154565	3.881891	0.190691	2.449745	98.755528
5.951148	0.078665	69.522113	0.192455	9.986440	0.264071	12.348749	0.238581	3.894214	0.294344	2.456266	99.275897
5.976152	0.106367	69.553261	0.260228	10.029507	0.357063	12.399922	0.322598	3.906536	0.397998	2.462787	99.796266
6.001157	0.134069	69.584409	0.328001	10.072574	0.450055	12.451096	0.406614	3.918858	0.501651	2.469308	100.316635
6.026162	0.161771	69.615557	0.395774	10.115641	0.543048	12.502269	0.490630	3.931181	0.605305	2.475830	100.837004
6.051167	0.189472	69.646705	0.463547	10.158708	0.636040	12.553442	0.574647	3.943503	0.708958	2.482351	101.357373
6.076172	0.217174	69.677853	0.531320	10.201775	0.729033	12.604615	0.658663	3.955825	0.812612	2.488872	101.877742
6.101177	0.244876	69.709001	0.599093	10.244842	0.822025	12.655788	0.742680	3.968148	0.916265	2.495393	102.398111
6.126181	0.272578	69.740149	0.666866	10.287909	0.915018	12.706961	0.826696	3.980470	1.019919	2.501915	102.918481
6.151186	0.277748	69.769399	0.679099	10.333146	0.931324	12.760671	0.841387	3.993001	1.037795	2.508221	103.131793
6.176191	0.278678	69.798293	0.680881	10.378792	0.933200	12.814858	0.843032	4.005571	1.039531	2.514487	103.287324
6.201196	0.279609	69.827186	0.682663	10.424438	0.935076	12.869045	0.844677	4.018142	1.041267	2.520753	103.442855
6.226201	0.280539	69.856080	0.684444	10.470083	0.936952	12.923233	0.846322	4.030712	1.043002	2.527019	103.598386
6.251205	0.281469	69.884974	0.686226	10.515729	0.938827	12.977420	0.847967	4.043282	1.044738	2.533285	103.753917
6.276210	0.282399	69.913867	0.688008	10.561375	0.940703	13.031607	0.849613	4.055852	1.046473	2.539551	103.909448
6.301215	0.283329	69.942761	0.689789	10.607020	0.942579	13.085794	0.851258	4.068423	1.048209	2.545817	104.064979
6.326220	0.284260	69.971654	0.691571	10.652666	0.944455	13.139981	0.852903	4.080993	1.049945	2.552083	104.220511
6.351225	0.285190	70.000548	0.693352	10.698312	0.946331	13.194169	0.854548	4.093563	1.051680	2.558349	104.376042
6.376230	0.286120	70.029442	0.695134	10.743958	0.948207	13.248356	0.856194	4.106133	1.053416	2.564614	104.531573
6.401234	0.287697	70.056684	0.697757	10.793669	0.950976	13.307920	0.858628	4.119105	1.055881	2.571556	104.699872
6.426239	0.289394	70.083620	0.700536	10.844134	0.953911	13.368482	0.861208	4.132150	1.058482	2.578622	104.870539
6.451244	0.291091	70.110556	0.703316	10.894599	0.956846	13.429044	0.863789	4.145196	1.061082	2.585689	105.041206
6.476249	0.292787	70.137492	0.706095	10.945064	0.959781	13.489605	0.866369	4.158242	1.063683	2.592756	105.211873
6.501254	0.294484	70.164428	0.708874	10.995529	0.962716	13.550167	0.868950	4.171287	1.066283	2.599822	105.382541
6.526258	0.296181	70.191363	0.711653	11.045994	0.965652	13.610729	0.871530	4.184333	1.068884	2.606889	105.553208
6.551263	0.297878	70.218299	0.714433	11.096459	0.968587	13.671290	0.874111	4.197378	1.071484	2.613956	105.723875
6.576268	0.299575	70.245235	0.717212	11.146924	0.971522	13.731852	0.876691	4.210424	1.074085	2.621022	105.894542
6.601273	0.301272	70.272171	0.719991	11.197389	0.974457	13.792414	0.879272	4.223470	1.076685	2.628089	106.065209
6.626278	0.302969	70.299107	0.722771	11.247854	0.977392	13.852975	0.881852	4.236515	1.079286	2.635156	106.235876
6.651283	0.304418	70.324367	0.725128	11.303882	0.980171	13.920588	0.884120	4.250342	1.081886	2.642226	106.417128
6.676287	0.305821	70.349319	0.727409	11.360926	0.982922	13.989490	0.886330	4.264312	1.084487	2.649298	106.600313
6.701292	0.307225	70.374272	0.729689	11.417970	0.985672	14.058392	0.888541	4.278281	1.087087	2.656369	106.783499
6.726297	0.308629	70.399225	0.731969	11.475015	0.988423	14.127294	0.890751	4.292251	1.089688	2.663440	106.966685
6.751302	0.310033	70.424178	0.734250	11.532059	0.991173	14.196196	0.892962	4.306220	1.092288	2.670512	107.149870
6.776307	0.311436	70.449131	0.736530	11.589104	0.993924	14.265098	0.895172	4.320190	1.094889	2.677583	107.333056
6.801312	0.312840	70.474083	0.738811	11.646148	0.996674	14.333999	0.897382	4.334160	1.097489	2.684654	107.516241
6.826316	0.314244	70.499036	0.741091	11.703193	0.999425	14.402901	0.899593	4.348129	1.100090	2.691726	107.699427
6.851321	0.315647	70.523989	0.743372	11.760237	1.002175	14.471803	0.901803	4.362099	1.102690	2.698797	107.882613
6.876326	0.317051	70.548942	0.745652	11.817282	1.004926	14.540705	0.904014	4.376068	1.105291	2.705868	108.065798
6.901331	0.318703	70.572361	0.748483	11.881525	1.007817	14.618740	0.906538	4.390436	1.107895	2.712690	108.265188
6.926336	0.320400	70.595504	0.751414	11.947064	1.010733	14.698419	0.909118	4.404876	1.110500	2.719467	108.467495
6.951340	0.322097	70.618648	0.754345	12.012603	1.013649	14.778098	0.911699	4.419316	1.113106	2.726243	108.669802
6.976345	0.323794	70.641791	0.757275	12.078143	1.016565	14.857777	0.914279	4.433755	1.115711	2.733020	108.872110
7.001350	0.325491	70.664934	0.760206	12.143682	1.019481	14.937457	0.916860	4.448195	1.118316	2.739796	109.074417
7.026355	0.327188	70.688077	0.763136	12.209221	1.022397	15.017136	0.919440	4.462635	1.120921	2.746573	109.276724
7.051360	0.328885	70.711220	0.766067	12.274761	1.025313	15.096815	0.922021	4.477074	1.123527	2.753349	109.479032
7.076365	0.330581	70.734364	0.768997	12.340300	1.028229	15.176495	0.924601	4.491514	1.126132	2.760126	109.681339
7.101369	0.332278	70.757507	0.771928	12.405839	1.031145	15.256174	0.927182	4.505954	1.128737	2.766903	109.883646
7.126374	0.333975	70.780650	0.774858	12.471379	1.034061	15.335853	0.929762	4.520394	1.131342	2.773679	110.085953
7.151379	0.335807	70.802233	0.777646	12.549085	1.037125	15.430961	0.932491	4.535641	1.134116	2.781165	110.316269
7.176384	0.337662	70.823539	0.780408	12.628949	1.040216	15.528806	0.935247	4.551031	1.136920	2.788776	110.551553
7.201389	0.339518	70.844845	0.783169	12.708813	1.043306	15.626650	0.938002	4.566422	1.139724	2.796388	110.786837
7.226393	0.341374	70.866151	0.785931	12.788677	1.046397	15.724495	0.940758	4.581812	1.142528	2.803999	111.022121
7.251398	0.343229	70.887457	0.788693	12.868542	1.049487	15.822340	0.943513	4.597202	1.145331	2.811611	111.257405
7.276403	0.345085	70.908763	0.791455	12.948406	1.052578	15.920184	0.946268	4.612593	1.148135	2.819222	111.492689
7.301408	0.346941	70.930069	0.794217	13.028270	1.055669	16.018029	0.949024	4.627983	1.150939	2.826834	111.727973
7.326413	0.348796	70.951376	0.796978	13.108134	1.058759	16.115873	0.951779	4.643374	1.153743	2.834445	111.963258
7.351418	0.350652	70.972682	0.799740	13.187998	1.061850	16.213718	0.954535	4.658764	1.156547	2.842057	112.198542
7.376422	0.352508	70.993988	0.802502	13.267863	1.064940	16.311563	0.957290	4.674154	1.159350	2.849668	112.433826
7.401427	0.354099	71.013754	0.805259	13.368002	1.067741	16.436383	0.959748	4.690160	1.161615	2.857743	112.714504
7.426432	0.355644	71.033251	0.808016	13.471683	1.070492	16.565916	0.962153	4.706273	1.163785	2.865900	113.003113
7.451437	0.357189	71.052748	0.810772	13.575364	1.073242	16.695450	0.964559	4.722386	1.165956	2.874056	113.291722
7.476442	0.358734	71.072245	0.813529	13.679045	1.075993	16.824984	0.966964	4.738499	1.168126	2.882212	113.580331
7.501447	0.360279	71.091742	0.816285	13.782726	1.078744	16.954517	0.969370	4.754612	1.170297	2.890368	113.868941
7.526451	0.361824	71.111239	0.819042	13.886407	1.081494	17.084051	0.971776	4.770726	1.172467	2.898525	114.157550
7.551456	0.363369	71.130736	0.821798	13.990088	1.084245	17.213584	0.974181	4.786839	1.174637	2.906681	114.446159
7.576461	0.364914	71.150233	0.824555	14.093770	1.086995	17.343118	0.976587	4.802952	1.176808	2.914837	114.734768
7.601466	0.366459	71.169730	0.827311	14.197451	1.089746	17.472651	0.978992	4.819065	1.178978	2.922994	115.023377
7.626471	0.368004	71.189227	0.830068	14.301132	1.092496	17.602185	0.981398	4.835178	1.181149	2.931150	115.311987
7.651475	0.369679	71.207351	0.832844	14.447887	1.095537	17.788617	0.983948	4.851908	1.184058	2.939302	115.701130
7.676480	0.371375	71.225238	0.835623	14.602053	1.098627	17.984840	0.986523	4.868743	1.187093	2.947454	116.107571
7.701485	0.373072	71.243126	0.838402	14.756219	1.101718	18.181063	0.989099	4.885579	1.190129	2.955605	116.514012
7.726490	0.374769	71.261013	0.841182	14.910385	1.104809	18.377285	0.991674	4.902415	1.193165	2.963757	116.920454
7.751495	0.376466	71.278901	0.843961	15.064551	1.107899	18.573508	0.994249	4.919251	1.196201	2.971909	117.326895
7.776500	0.378163	71.296788	0.846740	15.218717	1.110990	18.769730	0.996824	4.936087	1.199237	2.980060	117.733336
7.801504	0.379860	71.314675	0.849519	15.372883	1.114080	18.965953	0.999399	4.952922	1.202273	2.988212	118.139777
7.826509	0.381557	71.332563	0.852299	15.527049	1.117171	19.162176	1.001975	4.969758	1.205309	2.996363	118.546219
7.851514	0.383253	71.350450	0.855078	15.681215	1.120262	19.358398	1.004550	4.986594	1.208344	3.004515	118.952660
7.876519	0.384950	71.368338	0.857857	15.835381	1.123352	19.554621	1.007125	5.003430	1.211380	3.012666	119.359101
7.901524	0.387332	71.384544	0.861471	16.114002	1.126896	19.914966	1.010334	5.020650	1.214610	3.021750	120.056554
7.926529	0.389829	71.400466	0.865225	16.413708	1.130516	20.303117	1.013650	5.037936	1.217872	3.030992	120.803311
7.951533	0.392327	71.416388	0.868980	16.713414	1.134135	20.691268	1.016966	5.055221	1.221134	3.040234	121.550067
7.976538	0.394824	71.432310	0.872735	17.013120	1.137755	21.079420	1.020282	5.072507	1.224396	3.049476	122.296824
8.001543	0.397321	71.448232	0.876490	17.312826	1.141375	21.467571	1.023597	5.089792	1.227658	3.058717	123.043580
8.026548	0.399819	71.464153	0.880244	17.612532	1.144995	21.855722	1.026913	5.107078	1.230920	3.067959	123.790336
8.051553	0.402316	71.480075	0.883999	17.912238	1.148615	22.243873	1.030229	5.124363	1.234182	3.077201	124.537093
8.076557	0.404814	71.495997	0.887754	18.211944	1.152235	22.632024	1.033545	5.141649	1.237444	3.086443	125.283849
8.101562	0.407311	71.511919	0.891509	18.511651	1.155855	23.020175	1.036861	5.158934	1.240706	3.095685	126.030606
8.126567	0.409808	71.527841	0.895263	18.811357	1.159475	23.408326	1.040177	5.176220	1.243968	3.104926	126.777362
8.151572	0.411756	71.542651	0.898320	19.597960	1.162646	24.441037	1.042863	5.195152	1.246663	3.113701	128.652749
8.176577	0.413611	71.557276	0.901261	20.465773	1.165742	25.581253	1.045443	5.214359	1.249264	3.122398	130.716380
8.201582	0.415467	71.571901	0.904201	21.333586	1.168838	26.721469	1.048024	5.233566	1.251864	3.131095	132.780011
8.226586	0.417323	71.586525	0.907142	22.201399	1.171934	27.861686	1.050604	5.252772	1.254465	3.139792	134.843641
8.251591	0.419178	71.601150	0.910082	23.069212	1.175030	29.001902	1.053185	5.271979	1.257065	3.148489	136.907272
8.276596	0.421034	71.615775	0.913023	23.937024	1.178125	30.142118	1.055765	5.291186	1.259666	3.157186	138.970903
8.301601	0.422890	71.630400	0.915964	24.804837	1.181221	31.282335	1.058346	5.310393	1.262266	3.165883	141.034534
8.326606	0.424745	71.645025	0.918904	25.672650	1.184317	32.422551	1.060926	5.329600	1.264867	3.174580	143.098165
8.351610	0.426601	71.659650	0.921845	26.540463	1.187413	33.562767	1.063507	5.348806	1.267467	3.183277	145.161796
8.376615	0.428456	71.674274	0.924785	27.408276	1.190509	34.702984	1.066087	5.368013	1.270068	3.191974	147.225427
8.401620	0.430438	71.687758	0.927847	30.710901	1.193600	39.060250	1.068668	5.387606	1.272848	3.201139	154.941054
8.426625	0.432439	71.701055	0.930929	34.413250	1.196691	43.945662	1.071248	5.407262	1.275657	3.210380	163.584572
8.451630	0.434441	71.714351	0.934011	38.115598	1.199781	48.831073	1.073829	5.426918	1.278466	3.219622	172.228090
8.476635	0.436442	71.727648	0.937093	41.817947	1.202872	53.716484	1.076409	5.446574	1.281275	3.228864	180.871608
8.501639	0.438444	71.740945	0.940175	45.520296	1.205963	58.601895	1.078990	5.466230	1.284084	3.238106	189.515127
8.526644	0.440446	71.754241	0.943257	49.222645	1.209053	63.487307	1.081570	5.485886	1.286893	3.247348	198.158645
8.551649	0.442447	71.767538	0.946338	52.924994	1.212144	68.372718	1.084151	5.505542	1.289702	3.256589	206.802163
8.576654	0.444449	71.780834	0.949420	56.627343	1.215234	73.258129	1.086731	5.525198	1.292511	3.265831	215.445681
8.601659	0.446451	71.794131	0.952502	60.329692	1.218325	78.143540	1.089312	5.544854	1.295320	3.275073	224.089199
8.626664	0.448452	71.807427	0.955584	64.032040	1.221416	83.028952	1.091892	5.564509	1.298129	3.284315	232.732717
8.651668	0.451400	71.819715	0.959659	65.345530	1.225536	84.707477	1.095420	5.585192	1.301878	3.294710	235.786517
8.676673	0.454501	71.831839	0.963895	66.273068	1.229822	85.867890	1.099100	5.606041	1.305779	3.305292	237.937227
8.701678	0.457601	71.843963	0.968130	67.200607	1.234108	87.028302	1.102781	5.626890	1.309680	3.315874	240.087937
8.726683	0.460702	71.856088	0.972366	68.128145	1.238394	88.188715	1.106462	5.647739	1.313581	3.326456	242.238647
8.751688	0.463803	71.868212	0.976601	69.055684	1.242681	89.349127	1.110143	5.668587	1.317481	3.337038	244.389357
8.776692	0.466903	71.880336	0.980837	69.983222	1.246967	90.509540	1.113823	5.689436	1.321382	3.347620	246.540067
8.801697	0.470004	71.892461	0.985072	70.910761	1.251253	91.669952	1.117504	5.710285	1.325283	3.358202	248.690777
8.826702	0.473104	71.904585	0.989308	71.838299	1.255540	92.830364	1.121185	5.731134	1.329184	3.368784	250.841487
8.851707	0.476205	71.916709	0.993543	72.765838	1.259826	93.990777	1.124865	5.751982	1.333084	3.379367	252.992197
8.876712	0.479306	71.928834	0.997779	73.693376	1.264112	95.151189	1.128546	5.772831	1.336985	3.389949	255.142907
8.901717	0.481867	71.939958	1.001449	74.121499	1.267669	95.639819	1.131912	5.795106	1.340515	3.400315	256.120108
8.926721	0.484343	71.950923	1.005030	74.470231	1.271109	96.021658	1.135227	5.817607	1.343985	3.410647	256.910761
8.951726	0.486818	71.961889	1.008611	74.818963	1.274550	96.403497	1.138542	5.840108	1.347456	3.420979	257.701414
8.976731	0.489294	71.972854	1.012192	75.167696	1.277991	96.785336	1.141858	5.862609	1.350927	3.431311	258.492066
9.001736	0.491770	71.983820	1.015772	75.516428	1.281431	97.167174	1.145173	5.885111	1.354397	3.441643	259.282719
9.026741	0.494246	71.994785	1.019353	75.865160	1.284872	97.549013	1.148488	5.907612	1.357868	3.451975	260.073372
9.051745	0.496721	72.005750	1.022934	76.213892	1.288313	97.930852	1.151804	5.930113	1.361339	3.462307	260.864024
9.076750	0.499197	72.016716	1.026514	76.562624	1.291753	98.312691	1.155119	5.952614	1.364809	3.472639	261.654677
9.101755	0.501673	72.027681	1.030095	76.911356	1.295194	98.694529	1.158435	5.975116	1.368280	3.482971	262.445330
9.126760	0.504149	72.038646	1.033676	77.260089	1.298635	99.076368	1.161750	5.997617	1.371751	3.493303	263.235982
9.151765	0.507287	72.048625	1.037958	77.480694	1.302807	99.286880	1.165537	6.020525	1.375593	3.503635	263.729541
9.176770	0.510529	72.058449	1.042350	77.681264	1.307093	99.470600	1.169398	6.043497	1.379494	3.513967	264.176640
9.201774	0.513771	72.068272	1.046742	77.881833	1.311379	99.654320	1.173259	6.066469	1.383395	3.524299	264.623739
9.226779	0.517013	72.078096	1.051134	78.082402	1.315665	99.838040	1.177120	6.089441	1.387296	3.534631	265.070837
9.251784	0.520255	72.087920	1.055527	78.282971	1.319952	100.021760	1.180981	6.112413	1.391196	3.544963	265.517936
9.276789	0.523496	72.097744	1.059919	78.483540	1.324238	100.205479	1.184842	6.135384	1.395097	3.555295	265.965035
9.301794	0.526738	72.107568	1.064311	78.684109	1.328524	100.389199	1.188703	6.158356	1.398998	3.565627	266.412133
9.326799	0.529980	72.117392	1.068703	78.884679	1.332811	100.572919	1.192563	6.181328	1.402899	3.575959	266.859232
9.351803	0.533222	72.127216	1.073095	79.085248	1.337097	100.756639	1.196424	6.204300	1.406799	3.586291	267.306331
9.376808	0.536464	72.137040	1.077487	79.285817	1.341383	100.940359	1.200285	6.227272	1.410700	3.596623	267.753429
9.401813	0.539456	72.146312	1.081608	79.421042	1.345686	101.050719	1.203838	6.251890	1.414605	3.608584	268.063741
9.426818	0.542410	72.155499	1.085688	79.546217	1.349991	101.149796	1.207344	6.276762	1.418510	3.620797	268.353014
9.451823	0.545364	72.164686	1.089767	79.671392	1.354297	101.248872	1.210850	6.301634	1.422416	3.633009	268.642287
9.476827	0.548319	72.173873	1.093847	79.796566	1.358602	101.347949	1.214356	6.326505	1.426321	3.645221	268.931560
9.501832	0.551273	72.183060	1.097926	79.921741	1.362907	101.447026	1.217862	6.351377	1.430227	3.657434	269.220833
9.526837	0.554227	72.192247	1.102006	80.046916	1.367213	101.546103	1.221367	6.376249	1.434132	3.669646	269.510105
9.551842	0.557181	72.201434	1.106085	80.172091	1.371518	101.645180	1.224873	6.401121	1.438038	3.681858	269.799378
9.576847	0.560135	72.210621	1.110165	80.297265	1.375824	101.744257	1.228379	6.425992	1.441943	3.694071	270.088651
9.601852	0.563089	72.219808	1.114244	80.422440	1.380129	101.843333	1.231885	6.450864	1.445849	3.706283	270.377924
9.626856	0.566043	72.228995	1.118324	80.547615	1.384434	101.942410	1.235390	6.475736	1.449754	3.718495	270.667197
9.651861	0.568846	72.237337	1.122544	80.632023	1.388284	102.000292	1.238735	6.502052	1.453278	3.730734	270.874125
9.676866	0.571627	72.245551	1.126784	80.710265	1.392065	102.051944	1.242056	6.528587	1.456744	3.742976	271.068599
9.701871	0.574407	72.253766	1.131025	80.788507	1.395845	102.103595	1.245377	6.555122	1.460210	3.755219	271.263073
9.726876	0.577188	72.261980	1.135266	80.866749	1.399626	102.155246	1.248697	6.581658	1.463676	3.767461	271.457547
9.751880	0.579968	72.270194	1.139507	80.944992	1.403407	102.206898	1.252018	6.608193	1.467142	3.779703	271.652021
9.776885	0.582749	72.278409	1.143748	81.023234	1.407188	102.258549	1.255339	6.634728	1.470608	3.791946	271.846495
9.801890	0.585529	72.286623	1.147989	81.101476	1.410968	102.310200	1.258659	6.661263	1.474074	3.804188	272.040969
9.826895	0.588310	72.294837	1.152229	81.179718	1.414749	102.361852	1.261980	6.687798	1.477540	3.816430	272.235443
9.851900	0.591090	72.303052	1.156470	81.257960	1.418530	102.413503	1.265300	6.714333	1.481005	3.828673	272.429917
9.876905	0.593871	72.311266	1.160711	81.336202	1.422311	102.465154	1.268621	6.740868	1.484471	3.840915	272.624391
9.901909	0.597328	72.318919	1.165230	81.393393	1.426848	102.494225	1.272730	6.768451	1.488694	3.853863	272.779681
9.926914	0.600885	72.326488	1.169791	81.447455	1.431498	102.519937	1.276955	6.796189	1.493030	3.866915	272.929145
9.951919	0.604442	72.334058	1.174352	81.501516	1.436149	102.545650	1.281181	6.823928	1.497366	3.879968	273.078608
9.976924	0.607999	72.341627	1.178913	81.555577	1.440799	102.571362	1.285407	6.851666	1.501701	3.893020	273.228072
10.001929	0.611556	72.349197	1.183474	81.609638	1.445449	102.597075	1.289633	6.879405	1.506037	3.906073	273.377535
10.026934	0.615114	72.356766	1.188035	81.663699	1.450099	102.622787	1.293858	6.907143	1.510372	3.919125	273.526999
10.051938	0.618671	72.364336	1.192596	81.717760	1.454749	102.648500	1.298084	6.934882	1.514708	3.932178	273.676462
10.076943	0.622228	72.371905	1.197157	81.771821	1.459399	102.674212	1.302310	6.962620	1.519043	3.945230	273.825926
10.101948	0.625785	72.379475	1.201717	81.825882	1.464050	102.699925	1.306535	6.990359	1.523379	3.958283	273.975389
10.126953	0.629343	72.387044	1.206278	81.879943	1.468700	102.725637	1.310761	7.018097	1.527714	3.971336	274.124853
10.151958	0.633575	72.393886	1.211558	81.921284	1.473792	102.737554	1.315327	7.047052	1.532430	3.985331	274.251788
10.176962	0.637906	72.400621	1.216943	81.960766	1.478948	102.747455	1.319943	7.076184	1.537201	3.999463	274.375430
10.201967	0.642236	72.407356	1.222328	82.000248	1.484104	102.757355	1.324559	7.105317	1.541972	4.013596	274.499072
10.226972	0.646567	72.414092	1.227713	82.039729	1.489260	102.767256	1.329175	7.134449	1.546743	4.027729	274.622714
10.251977	0.650898	72.420827	1.233098	82.079211	1.494417	102.777157	1.333791	7.163582	1.551514	4.041861	274.746356
10.276982	0.655229	72.427562	1.238484	82.118693	1.499573	102.787057	1.338407	7.192714	1.556284	4.055994	274.869998
10.301987	0.659560	72.434298	1.243869	82.158175	1.504729	102.796958	1.343023	7.221847	1.561055	4.070127	274.993641
10.326991	0.663891	72.441033	1.249254	82.197657	1.509885	102.806859	1.347639	7.250979	1.565826	4.084260	275.117283
10.351996	0.668221	72.447768	1.254639	82.237139	1.515042	102.816759	1.352255	7.280112	1.570597	4.098392	275.240925
10.377001	0.672552	72.454504	1.260024	82.276620	1.520198	102.826660	1.356871	7.309244	1.575368	4.112525	275.364567
10.402006	0.676621	72.460646	1.264957	82.298818	1.524900	102.820630	1.361146	7.340865	1.579759	4.126658	275.454999
10.427011	0.680652	72.466703	1.269825	82.318534	1.529536	102.812312	1.365372	7.372844	1.584095	4.140790	275.540662
10.452016	0.684682	72.472760	1.274693	82.338249	1.534172	102.803994	1.369597	7.404822	1.588431	4.154923	275.626325
10.477020	0.688713	72.478817	1.279561	82.357964	1.538809	102.795676	1.373823	7.436800	1.592767	4.169056	275.711987
10.502025	0.692744	72.484875	1.284430	82.377680	1.543445	102.787358	1.378049	7.468779	1.597103	4.183189	275.797650
10.527030	0.696775	72.490932	1.289298	82.397395	1.548081	102.779040	1.382275	7.500757	1.601439	4.197321	275.883312
10.552035	0.700805	72.496989	1.294166	82.417110	1.552718	102.770721	1.386500	7.532735	1.605776	4.211454	275.968975
10.577040	0.704836	72.503046	1.299034	82.436826	1.557354	102.762403	1.390726	7.564714	1.610112	4.225587	276.054638
10.602044	0.708867	72.509103	1.303902	82.456541	1.561990	102.754085	1.394952	7.596692	1.614448	4.239720	276.140300
10.627049	0.712898	72.515160	1.308771	82.476256	1.566627	102.745767	1.399177	7.628670	1.618784	4.253852	276.225963
10.652054	0.718007	72.521354	1.314661	82.468095	1.572319	102.716624	1.404385	7.662504	1.624259	4.268686	276.270894
10.677059	0.723268	72.527567	1.320697	82.455999	1.578160	102.684542	1.409731	7.696600	1.629895	4.283619	276.310078
10.702064	0.728529	72.533781	1.326732	82.443903	1.584001	102.652461	1.415077	7.730695	1.635531	4.298552	276.349261
10.727069	0.733790	72.539994	1.332767	82.431808	1.589842	102.620379	1.420423	7.764791	1.641166	4.313485	276.388445
10.752073	0.739051	72.546207	1.338802	82.419712	1.595683	102.588297	1.425770	7.798887	1.646802	4.328418	276.427629
10.777078	0.744312	72.552420	1.344837	82.407616	1.601524	102.556216	1.431116	7.832982	1.652438	4.343351	276.466812
10.802083	0.749573	72.558633	1.350872	82.395521	1.607366	102.524134	1.436462	7.867078	1.658074	4.358283	276.505996
10.827088	0.754834	72.564847	1.356908	82.383425	1.613207	102.492052	1.441808	7.901174	1.663710	4.373216	276.545179
10.852093	0.760095	72.571060	1.362943	82.371329	1.619048	102.459971	1.447154	7.935269	1.669345	4.388149	276.584363
10.877097	0.765356	72.577273	1.368978	82.359234	1.624889	102.427889	1.452500	7.969365	1.674981	4.403082	276.623547
10.902102	0.769536	72.584345	1.374273	82.340983	1.629668	102.389930	1.456862	8.006178	1.679658	4.419926	276.651360
10.927107	0.773567	72.591535	1.379466	82.321880	1.634299	102.351157	1.461088	8.043367	1.684202	4.437034	276.677596
10.952112	0.777598	72.598726	1.384659	82.302776	1.638931	102.312383	1.465314	8.080556	1.688747	4.454143	276.703833
10.977117	0.781629	72.605916	1.389852	82.283673	1.643563	102.273610	1.469539	8.117746	1.693291	4.471251	276.730070
11.002122	0.785659	72.613107	1.395045	82.264569	1.648194	102.234837	1.473765	8.154935	1.697835	4.488360	276.756307
11.027126	0.789690	72.620298	1.400238	82.245465	1.652826	102.196063	1.477991	8.192124	1.702379	4.505469	276.782544
11.052131	0.793721	72.627488	1.405431	82.226362	1.657457	102.157290	1.482217	8.229314	1.706923	4.522577	276.808781
11.077136	0.797752	72.634679	1.410624	82.207258	1.662089	102.118517	1.486442	8.266503	1.711467	4.539686	276.835018
11.102141	0.801782	72.641870	1.415817	82.188155	1.666721	102.079743	1.490668	8.303692	1.716011	4.556794	276.861254
11.127146	0.805813	72.649060	1.421010	82.169051	1.671352	102.040970	1.494894	8.340882	1.720556	4.573903	276.887491
11.152151	0.810237	72.657697	1.426372	82.147586	1.676445	101.999878	1.499617	8.379962	1.725499	4.590558	276.913852
11.177155	0.814715	72.666531	1.431757	82.125799	1.681601	101.958472	1.504408	8.419300	1.730497	4.607151	276.940230
11.202160	0.819192	72.675365	1.437143	82.104012	1.686757	101.917065	1.509199	8.458637	1.735494	4.623744	276.966608
11.227165	0.823669	72.684198	1.442528	82.082226	1.691912	101.875658	1.513990	8.497975	1.740492	4.640337	276.992985
11.252170	0.828147	72.693032	1.447913	82.060439	1.697068	101.834252	1.518781	8.537312	1.745490	4.656931	277.019363
11.277175	0.832624	72.701866	1.453298	82.038652	1.702224	101.792845	1.523572	8.576650	1.750487	4.673524	277.045741
11.302179	0.837102	72.710699	1.458683	82.016865	1.707380	101.751438	1.528362	8.615988	1.755485	4.690117	277.072119
11.327184	0.841579	72.719533	1.464068	81.995079	1.712535	101.710031	1.533153	8.655325	1.760483	4.706710	277.098496
11.352189	0.846056	72.728367	1.469453	81.973292	1.717691	101.668625	1.537944	8.694663	1.765481	4.723303	277.124874
11.377194	0.850534	72.737200	1.474838	81.951505	1.722847	101.627218	1.542735	8.734000	1.770478	4.739897	277.151252
11.402199	0.856523	72.745768	1.481799	81.926337	1.729520	101.581285	1.548823	8.775424	1.776982	4.757906	277.180367
11.427204	0.862714	72.754299	1.488970	81.900717	1.736397	101.534748	1.555084	8.817127	1.783686	4.776105	277.209848
11.452208	0.868905	72.762831	1.496141	81.875098	1.743274	101.488211	1.561346	8.858830	1.790391	4.794304	277.239329
11.477213	0.875097	72.771363	1.503313	81.849478	1.750150	101.441673	1.567607	8.900533	1.797095	4.812502	277.268810
11.502218	0.881288	72.779894	1.510484	81.823858	1.757027	101.395136	1.573868	8.942235	1.803800	4.830701	277.298292
11.527223	0.887479	72.788426	1.517656	81.798239	1.763903	101.348598	1.580129	8.983938	1.810504	4.848900	277.327773
11.552228	0.893670	72.796957	1.524827	81.772619	1.770780	101.302061	1.586390	9.025641	1.817209	4.867099	277.357254
11.577232	0.899861	72.805489	1.531998	81.746999	1.777657	101.255524	1.592652	9.067344	1.823913	4.885298	277.386735
11.602237	0.906053	72.814021	1.539170	81.721380	1.784533	101.208986	1.598913	9.109046	1.830618	4.903496	277.416216
11.627242	0.912244	72.822552	1.546341	81.695760	1.791410	101.162449	1.605174	9.150749	1.837323	4.921695	277.445697
11.652247	0.917766	72.830946	1.552795	81.667917	1.797530	101.112885	1.610790	9.197260	1.843087	4.941587	277.472562
11.677252	0.923200	72.839322	1.559155	81.639782	1.803550	101.062924	1.616321	9.244401	1.848728	4.961701	277.499083
11.702257	0.928635	72.847697	1.565515	81.611647	1.809570	101.012962	1.621852	9.291542	1.854369	4.981815	277.525605
11.727261	0.934069	72.856073	1.571875	81.583512	1.815591	100.963001	1.627383	9.338684	1.860010	5.001929	277.552126
11.752266	0.939504	72.864449	1.578235	81.555376	1.821611	100.913040	1.632914	9.385825	1.865651	5.022042	277.578648
11.777271	0.944939	72.872824	1.584595	81.527241	1.827632	100.863079	1.638445	9.432966	1.871292	5.042156	277.605169
11.802276	0.950373	72.881200	1.590955	81.499106	1.833652	100.813117	1.643976	9.480107	1.876934	5.062270	277.631691
11.827281	0.955808	72.889575	1.597315	81.470971	1.839673	100.763156	1.649507	9.527249	1.882575	5.082384	277.658212
11.852286	0.961242	72.897951	1.603675	81.442836	1.845693	100.713195	1.655038	9.574390	1.888216	5.102498	277.684734
11.877290	0.966677	72.906327	1.610035	81.414701	1.851714	100.663233	1.660569	9.621531	1.893857	5.122612	277.711255
11.902295	0.972232	72.914841	1.616533	81.385534	1.857575	100.611527	1.665941	9.673294	1.899695	5.143208	277.740379
11.927300	0.977803	72.923372	1.623050	81.356234	1.863416	100.559595	1.671292	9.725651	1.905558	5.163867	277.769837
11.952305	0.983374	72.931904	1.629566	81.326934	1.869257	100.507663	1.676642	9.778008	1.911421	5.184526	277.799296
11.977310	0.988945	72.940436	1.636083	81.297634	1.875098	100.455732	1.681993	9.830365	1.917284	5.205185	277.828754
12.002314	0.994516	72.948967	1.642600	81.268334	1.880940	100.403800	1.687344	9.882722	1.923147	5.225843	277.858213
12.027319	1.000087	72.957499	1.649116	81.239034	1.886781	100.351868	1.692695	9.935079	1.929010	5.246502	277.887671
12.052324	1.005658	72.966030	1.655633	81.209734	1.892622	100.299937	1.698046	9.987436	1.934873	5.267161	277.917130
12.077329	1.011230	72.974562	1.662149	81.180434	1.898463	100.248005	1.703397	10.039792	1.940737	5.287819	277.946588
12.102334	1.016801	72.983094	1.668666	81.151134	1.904304	100.196073	1.708748	10.092149	1.946600	5.308478	277.976046
12.127339	1.022372	72.991625	1.675182	81.121834	1.910145	100.144142	1.714098	10.144506	1.952463	5.329137	278.005505
12.152343	1.029580	73.000328	1.682857	81.092880	1.917212	100.090671	1.720893	10.204017	1.959459	5.351239	278.049136
12.177348	1.036994	73.009051	1.690679	81.063970	1.924433	100.037006	1.727869	10.264431	1.966599	5.373523	278.094556
12.202353	1.044409	73.017775	1.698500	81.035060	1.931655	99.983341	1.734846	10.324845	1.973738	5.395807	278.139976
12.227358	1.051823	73.026499	1.706322	81.006151	1.938876	99.929676	1.741822	10.385259	1.980877	5.418092	278.185396
12.252363	1.059238	73.035222	1.714143	80.977241	1.946097	99.876011	1.748798	10.445672	1.988017	5.440376	278.230816
12.277367	1.066652	73.043946	1.721965	80.948331	1.953319	99.822346	1.755775	10.506086	1.995156	5.462660	278.276236
12.302372	1.074067	73.052670	1.729786	80.919421	1.960540	99.768681	1.762751	10.566500	2.002295	5.484945	278.321656
12.327377	1.081481	73.061393	1.737608	80.890511	1.967762	99.715015	1.769728	10.626914	2.009435	5.507229	278.367076
12.352382	1.088896	73.070117	1.745429	80.861601	1.974983	99.661350	1.776704	10.687328	2.016574	5.529513	278.412496
12.377387	1.096310	73.078841	1.753251	80.832691	1.982204	99.607685	1.783680	10.747742	2.023713	5.551798	278.457916
12.402392	1.103885	73.086688	1.761073	80.810471	1.989728	99.552473	1.790523	10.818247	2.031266	5.575511	278.519865
12.427396	1.111480	73.094426	1.768894	80.789080	1.997290	99.497068	1.797350	10.890002	2.038869	5.599400	278.583860
12.452401	1.119075	73.102164	1.776716	80.767688	2.004851	99.441664	1.804176	10.961757	2.046473	5.623290	278.647855
12.477406	1.126670	73.109902	1.784537	80.746297	2.012413	99.386260	1.811003	11.033513	2.054076	5.647180	278.711850
12.502411	1.134265	73.117641	1.792359	80.724906	2.019974	99.330855	1.817829	11.105268	2.061680	5.671070	278.775845
12.527416	1.141860	73.125379	1.800180	80.703514	2.027536	99.275451	1.824655	11.177023	2.069283	5.694960	278.839841
12.552421	1.149455	73.133117	1.808002	80.682123	2.035097	99.220047	1.831482	11.248778	2.076887	5.718850	278.903836
12.577425	1.157050	73.140855	1.815823	80.660731	2.042659	99.164642	1.838308	11.320533	2.084490	5.742740	278.967831
12.602430	1.164645	73.148594	1.823645	80.639340	2.050220	99.109238	1.845135	11.392288	2.092094	5.766629	279.031826
12.627435	1.172240	73.156332	1.831466	80.617948	2.057782	99.053834	1.851961	11.464043	2.099697	5.790519	279.095821
12.652440	1.180372	73.162019	1.839712	80.606050	2.065491	98.997297	1.859430	11.551222	2.107663	5.815890	279.185144
12.677445	1.188570	73.167456	1.848010	80.595304	2.073218	98.940622	1.866976	11.640272	2.115672	5.841440	279.277540
12.702449	1.196769	73.172894	1.856307	80.584557	2.080944	98.883948	1.874522	11.729323	2.123682	5.866990	279.369937
12.727454	1.204967	73.178332	1.864605	80.573811	2.088671	98.827273	1.882069	11.818373	2.131691	5.892540	279.462333
12.752459	1.213165	73.183770	1.872903	80.563065	2.096398	98.770599	1.889615	11.907424	2.139701	5.918091	279.554729
12.777464	1.221363	73.189208	1.881200	80.552318	2.104125	98.713925	1.897161	11.996475	2.147710	5.943641	279.647126
12.802469	1.229561	73.194645	1.889498	80.541572	2.111852	98.657250	1.904708	12.085525	2.155720	5.969191	279.739522
12.827474	1.237759	73.200083	1.897795	80.530826	2.119579	98.600576	1.912254	12.174576	2.163729	5.994741	279.831919
12.852478	1.245957	73.205521	1.906093	80.520079	2.127306	98.543901	1.919800	12.263626	2.171739	6.020291	279.924315
12.877483	1.254155	73.210959	1.914390	80.509333	2.135033	98.487227	1.927347	12.352677	2.179749	6.045842	280.016712
12.902488	1.262923	73.214899	1.923720	80.505010	2.143533	98.428974	1.935389	12.471922	2.188350	6.073076	280.147795
12.927493	1.271758	73.218661	1.933171	80.501451	2.152124	98.370534	1.943491	12.594758	2.197021	6.100512	280.283481
12.952498	1.280593	73.222423	1.942623	80.497891	2.160716	98.312093	1.951592	12.717595	2.205693	6.127947	280.419167
12.977503	1.289428	73.226185	1.952075	80.494332	2.169308	98.253653	1.959694	12.840431	2.214365	6.155382	280.554853
13.002507	1.298264	73.229947	1.961527	80.490773	2.177899	98.195212	1.967796	12.963268	2.223036	6.182818	280.690539
13.027512	1.307099	73.233709	1.970979	80.487213	2.186491	98.136772	1.975897	13.086104	2.231708	6.210253	280.826225
13.052517	1.315934	73.237471	1.980431	80.483654	2.195083	98.078332	1.983999	13.208941	2.240380	6.237688	280.961911
13.077522	1.324769	73.241233	1.989882	80.480095	2.203674	98.019891	1.992100	13.331777	2.249052	6.265123	281.097597
13.102527	1.333604	73.244995	1.999334	80.476536	2.212266	97.961451	2.000202	13.454614	2.257723	6.292559	281.233283
13.127531	1.342439	73.248757	2.008786	80.472976	2.220858	97.903010	2.008303	13.577450	2.266395	6.319994	281.368969
13.152536	1.350573	73.252055	2.017204	80.469932	2.228984	97.843253	2.015751	13.765694	2.274473	6.349378	281.567297
13.177541	1.358624	73.255300	2.025502	80.466947	2.237056	97.783342	2.023122	13.961560	2.282483	6.378989	281.772926
13.202546	1.366676	73.258545	2.033799	80.463962	2.245129	97.723432	2.030494	14.157426	2.290493	6.408600	281.978554
13.227551	1.374727	73.261789	2.042097	80.460977	2.253201	97.663521	2.037865	14.353292	2.298502	6.438211	282.184183
13.252556	1.382779	73.265034	2.050394	80.457992	2.261273	97.603610	2.045237	14.549159	2.306512	6.467822	282.389812
13.277560	1.390830	73.268278	2.058692	80.455008	2.269346	97.543700	2.052608	14.745025	2.314521	6.497433	282.595441
13.302565	1.398882	73.271523	2.066990	80.452023	2.277418	97.483789	2.059980	14.940891	2.322531	6.527044	282.801069
13.327570	1.406934	73.274768	2.075287	80.449038	2.285490	97.423878	2.067351	15.136757	2.330540	6.556655	283.006698
13.352575	1.414985	73.278012	2.083585	80.446053	2.293562	97.363967	2.074722	15.332624	2.338550	6.586266	283.212327
13.377580	1.423037	73.281257	2.091882	80.443068	2.301635	97.304057	2.082094	15.528490	2.346559	6.615877	283.417955
13.402584	1.432050	73.284210	2.101056	80.439587	2.310012	97.243049	2.090278	15.899191	2.355163	6.646237	283.800833
13.427589	1.441174	73.287130	2.110329	80.436049	2.318425	97.181917	2.098554	16.289848	2.363835	6.676683	284.203943
13.452594	1.450298	73.290050	2.119602	80.432511	2.326837	97.120784	2.106831	16.680506	2.372507	6.707129	284.607053
13.477599	1.459421	73.292969	2.128875	80.428973	2.335249	97.059652	2.115107	17.071163	2.381178	6.737575	285.010162
13.502604	1.468545	73.295889	2.138148	80.425435	2.343662	96.998519	2.123384	17.461821	2.389850	6.768020	285.413272
13.527609	1.477668	73.298809	2.147421	80.421897	2.352074	96.937387	2.131660	17.852479	2.398522	6.798466	285.816382
13.552613	1.486792	73.301729	2.156694	80.418359	2.360486	96.876254	2.139937	18.243136	2.407193	6.828912	286.219492
13.577618	1.495915	73.304649	2.165967	80.414821	2.368899	96.815121	2.148213	18.633794	2.415865	6.859358	286.622602
13.602623	1.505039	73.307568	2.175240	80.411283	2.377311	96.753989	2.156490	19.024451	2.424537	6.889804	287.025712
13.627628	1.514163	73.310488	2.184513	80.407745	2.385723	96.692856	2.164766	19.415109	2.433208	6.920250	287.428821
13.652633	1.525106	73.312814	2.195862	80.403183	2.396316	96.629094	2.174878	20.440741	2.444224	6.954830	288.477049
13.677638	1.536253	73.315074	2.207443	80.398506	2.407153	96.565038	2.185195	21.537338	2.455501	6.989872	289.597373
13.702642	1.547400	73.317334	2.219024	80.393829	2.417989	96.500983	2.195513	22.633934	2.466779	7.024914	290.717697
13.727647	1.558547	73.319593	2.230605	80.389152	2.428826	96.436927	2.205830	23.730530	2.478056	7.059956	291.838022
13.752652	1.569694	73.321853	2.242186	80.384475	2.439663	96.372871	2.216147	24.827126	2.489334	7.094998	292.958346
13.777657	1.580840	73.324113	2.253767	80.379798	2.450499	96.308815	2.226464	25.923722	2.500611	7.130040	294.078670
13.802662	1.591987	73.326372	2.265348	80.375121	2.461336	96.244759	2.236782	27.020319	2.511888	7.165082	295.198995
13.827666	1.603134	73.328632	2.276929	80.370444	2.472173	96.180703	2.247099	28.116915	2.523166	7.200124	296.319319
13.852671	1.614281	73.330892	2.288510	80.365767	2.483009	96.116648	2.257416	29.213511	2.534443	7.235166	297.439643
13.877676	1.625428	73.333151	2.300091	80.361090	2.493846	96.052592	2.267734	30.310107	2.545721	7.270208	298.559968
13.902681	1.635741	73.335291	2.310486	80.355216	2.503443	95.987430	2.277050	34.933905	2.555821	7.306985	303.201368
13.927686	1.645963	73.337417	2.320752	80.349210	2.512904	95.922147	2.286256	39.943509	2.565793	7.343952	308.227905
13.952691	1.656185	73.339544	2.331018	80.343205	2.522365	95.856864	2.295463	44.953113	2.575765	7.380920	313.254441
13.977695	1.666407	73.341670	2.341284	80.337199	2.531826	95.791581	2.304669	49.962717	2.585737	7.417887	318.280978
14.002700	1.676629	73.343797	2.351550	80.331194	2.541287	95.726298	2.313876	54.972321	2.595709	7.454854	323.307515
14.027705	1.686851	73.345923	2.361816	80.325188	2.550748	95.661015	2.323082	59.981925	2.605681	7.491821	328.334051
14.052710	1.697073	73.348049	2.372082	80.319183	2.560209	95.595732	2.332289	64.991529	2.615653	7.528788	333.360588
14.077715	1.707295	73.350176	2.382348	80.313177	2.569670	95.530449	2.341495	70.001133	2.625625	7.565755	338.387124
14.102719	1.717517	73.352302	2.392614	80.307172	2.579132	95.465166	2.350702	75.010737	2.635597	7.602722	343.413661
14.127724	1.727739	73.354429	2.402880	80.301166	2.588593	95.399883	2.359908	80.020341	2.645569	7.639689	348.440197
14.152729	1.738649	73.356273	2.413726	80.294294	2.598822	95.333768	2.369788	81.505786	2.656117	7.680813	349.948036
14.177734	1.749633	73.358087	2.424634	80.287328	2.609134	95.267563	2.379740	82.614104	2.666727	7.722381	351.079333
14.202739	1.760617	73.359902	2.435542	80.280363	2.619446	95.201359	2.389692	83.722422	2.677337	7.763949	352.210629
14.227744	1.771601	73.361716	2.446451	80.273398	2.629758	95.135154	2.399644	84.830740	2.687947	7.805517	353.341926
14.252748	1.782585	73.363531	2.457359	80.266432	2.640070	95.068950	2.409596	85.939058	2.698557	7.847085	354.473223
14.277753	1.793569	73.365345	2.468267	80.259467	2.650382	95.002746	2.419548	87.047376	2.709167	7.888653	355.604519
14.302758	1.804553	73.367159	2.479175	80.252502	2.660694	94.936541	2.429499	88.155694	2.719777	7.930221	356.735816
14.327763	1.815537	73.368974	2.490083	80.245536	2.671006	94.870337	2.439451	89.264012	2.730387	7.971789	357.867112
14.352768	1.826521	73.370788	2.500991	80.238571	2.681318	94.804132	2.449403	90.372330	2.740997	8.013357	358.998409
14.377773	1.837505	73.372602	2.511899	80.231606	2.691630	94.737928	2.459355	91.480648	2.751607	8.054925	360.129705
14.402777	1.850881	73.373819	2.525029	80.223419	2.703645	94.670593	2.471127	91.930890	2.764388	8.101183	360.614976
14.427782	1.864509	73.374973	2.538392	80.215104	2.715838	94.603140	2.483090	92.312263	2.777396	8.147932	361.032637
14.452787	1.878136	73.376128	2.551754	80.206790	2.728031	94.535687	2.495052	92.693635	2.790404	8.194681	361.450298
14.477792	1.891763	73.377282	2.565117	80.198475	2.740224	94.468234	2.507015	93.075007	2.803411	8.241430	361.867959
14.502797	1.905391	73.378436	2.578479	80.190160	2.752417	94.400781	2.518977	93.456379	2.816419	8.288179	362.285620
14.527801	1.919018	73.379590	2.591842	80.181846	2.764610	94.333328	2.530940	93.837751	2.829427	8.334928	362.703281
14.552806	1.932646	73.380744	2.605205	80.173531	2.776804	94.265875	2.542902	94.219124	2.842435	8.381677	363.120942
14.577811	1.946273	73.381899	2.618567	80.165216	2.788997	94.198422	2.554865	94.600496	2.855442	8.428426	363.538603
14.602816	1.959900	73.383053	2.631930	80.156902	2.801190	94.130969	2.566827	94.981868	2.868450	8.475175	363.956264
14.627821	1.973528	73.384207	2.645292	80.148587	2.813383	94.063516	2.578790	95.363240	2.881458	8.521924	364.373925
14.652826	1.986869	73.384767	2.658214	80.139028	2.825593	94.000059	2.590770	95.560714	2.894465	8.572362	364.612841
14.677830	2.000182	73.385266	2.671090	80.129343	2.837804	93.937010	2.602752	95.739374	2.907473	8.623177	364.833470
14.702835	2.013495	73.385764	2.683967	80.119657	2.850016	93.873961	2.614734	95.918034	2.920480	8.673992	365.054099
14.727840	2.026807	73.386263	2.696843	80.109971	2.862228	93.810912	2.626716	96.096694	2.933487	8.724807	365.274728
14.752845	2.040120	73.386762	2.709720	80.100285	2.874439	93.747863	2.638698	96.275354	2.946494	8.775622	365.495358
14.777850	2.053432	73.387261	2.722596	80.090599	2.886651	93.684814	2.650681	96.454014	2.959501	8.826437	365.715987
14.802854	2.066745	73.387760	2.735473	80.080913	2.898862	93.621765	2.662663	96.632674	2.972509	8.877252	365.936616
14.827859	2.080057	73.388259	2.748349	80.071227	2.911074	93.558716	2.674645	96.811334	2.985516	8.928067	366.157245
14.852864	2.093370	73.388757	2.761226	80.061542	2.923286	93.495667	2.686627	96.989994	2.998523	8.978882	366.377875
14.877869	2.106683	73.389256	2.774102	80.051856	2.935497	93.432618	2.698609	97.168654	3.011530	9.029697	366.598504
14.902874	2.121538	73.389760	2.788745	80.041446	2.949088	93.370915	2.711914	97.276850	3.025909	9.088909	366.765075
14.927879	2.136547	73.390264	2.803564	80.030964	2.962817	93.309347	2.725352	97.378001	3.040425	9.148961	366.926241
14.952883	2.151557	73.390768	2.818382	80.020482	2.976546	93.247778	2.738789	97.479152	3.054942	9.209013	367.087408
14.977888	2.166566	73.391272	2.833201	80.010000	2.990275	93.186209	2.752227	97.580303	3.069458	9.269064	367.248575
15.002893	2.181575	73.391776	2.848020	79.999518	3.004004	93.124641	2.765664	97.681454	3.083974	9.329116	367.409742
15.027898	2.196585	73.392280	2.862839	79.989036	3.017732	93.063072	2.779102	97.782605	3.098490	9.389167	367.570909
15.052903	2.211594	73.392785	2.877658	79.978554	3.031461	93.001504	2.792539	97.883756	3.113006	9.449219	367.732075
15.077908	2.226604	73.393289	2.892477	79.968072	3.045190	92.939935	2.805977	97.984907	3.127522	9.509270	367.893242
15.102912	2.241613	73.393793	2.907295	79.957590	3.058919	92.878366	2.819414	98.086058	3.142038	9.569322	368.054409
15.127917	2.256623	73.394297	2.922114	79.947108	3.072648	92.816798	2.832852	98.187210	3.156554	9.629374	368.215576
15.152922	2.272063	73.394500	2.937083	79.935549	3.086708	92.754542	2.846800	98.236935	3.171668	9.703299	368.339148
15.177927	2.287546	73.394674	2.952066	79.923886	3.100801	92.692220	2.860798	98.281639	3.186841	9.778578	368.459050
15.202932	2.303029	73.394848	2.967048	79.912222	3.114893	92.629898	2.874796	98.326343	3.202014	9.853858	368.578951
15.227936	2.318512	73.395022	2.982031	79.900559	3.128986	92.567575	2.888794	98.371047	3.217187	9.929138	368.698853
15.252941	2.333995	73.395196	2.997014	79.888895	3.143079	92.505253	2.902792	98.415752	3.232360	10.004418	368.818754
15.277946	2.349478	73.395370	3.011997	79.877232	3.157172	92.442930	2.916790	98.460456	3.247533	10.079698	368.938656
15.302951	2.364961	73.395544	3.026980	79.865568	3.171264	92.380608	2.930788	98.505160	3.262706	10.154977	369.058557
15.327956	2.380444	73.395718	3.041963	79.853905	3.185357	92.318286	2.944786	98.549864	3.277879	10.230257	369.178459
15.352961	2.395927	73.395893	3.056946	79.842241	3.199450	92.255963	2.958784	98.594568	3.293052	10.305537	369.298360
15.377965	2.411410	73.396067	3.071929	79.830578	3.213542	92.193641	2.972782	98.639273	3.308225	10.380817	369.418262
15.402970	2.427027	73.396224	3.087059	79.818534	3.227786	92.131294	2.986939	98.637816	3.323799	10.475414	369.511893
15.427975	2.442657	73.396380	3.102203	79.806455	3.242044	92.068945	3.001111	98.631959	3.339413	10.571854	369.603020
15.452980	2.458286	73.396536	3.117347	79.794375	3.256303	92.006596	3.015284	98.626102	3.355026	10.668293	369.694147
15.477985	2.473916	73.396692	3.132491	79.782295	3.270561	91.944246	3.029456	98.620246	3.370639	10.764732	369.785274
15.502990	2.489545	73.396848	3.147636	79.770216	3.284819	91.881897	3.043628	98.614389	3.386252	10.861171	369.876401
15.527994	2.505175	73.397004	3.162780	79.758136	3.299077	91.819548	3.057801	98.608532	3.401865	10.957610	369.967528
15.552999	2.520804	73.397160	3.177924	79.746056	3.313335	91.757199	3.071973	98.602676	3.417478	11.054049	370.058655
15.578004	2.536434	73.397316	3.193068	79.733977	3.327594	91.694850	3.086145	98.596819	3.433091	11.150488	370.149782
15.603009	2.552064	73.397472	3.208212	79.721897	3.341852	91.632501	3.100318	98.590962	3.448704	11.246927	370.240908
15.628014	2.567693	73.397628	3.223356	79.709817	3.356110	91.570151	3.114490	98.585105	3.464317	11.343366	370.332035
15.653018	2.585025	73.398368	3.240428	79.697907	3.372258	91.508231	3.130685	98.549231	3.481889	11.477791	370.441812
15.678023	2.602515	73.399161	3.257678	79.686011	3.388582	91.446349	3.147069	98.510565	3.499644	11.615750	370.553324
15.703028	2.620005	73.399954	3.274929	79.674116	3.404906	91.384468	3.163452	98.471899	3.517398	11.753708	370.664835
15.728033	2.637494	73.400748	3.292180	79.662221	3.421230	91.322587	3.179835	98.433233	3.535153	11.891666	370.776346
15.753038	2.654984	73.401541	3.309430	79.650326	3.437554	91.260706	3.196219	98.394566	3.552908	12.029624	370.887858
15.778043	2.672474	73.402335	3.326681	79.638430	3.453877	91.198825	3.212602	98.355900	3.570662	12.167582	370.999369
15.803047	2.689964	73.403128	3.343931	79.626535	3.470201	91.136944	3.228985	98.317234	3.588417	12.305540	371.110881
15.828052	2.707454	73.403921	3.361182	79.614640	3.486525	91.075063	3.245369	98.278568	3.606172	12.443499	371.222392
15.853057	2.724944	73.404715	3.378433	79.602745	3.502849	91.013182	3.261752	98.239901	3.623926	12.581457	371.333903
15.878062	2.742434	73.405508	3.395683	79.590849	3.519173	90.951301	3.278135	98.201235	3.641681	12.719415	371.445415
15.903067	2.762204	73.407503	3.414886	79.579481	3.537377	90.889415	3.296210	98.152327	3.661443	12.941671	371.642517
15.928071	2.782182	73.409607	3.434265	79.568160	3.555751	90.827529	3.314439	98.102490	3.681387	13.171573	371.847383
15.953076	2.802159	73.411710	3.453645	79.556839	3.574125	90.765644	3.332667	98.052653	3.701331	13.401476	372.052249
15.978081	2.822136	73.413814	3.473025	79.545519	3.592499	90.703758	3.350895	98.002816	3.721274	13.631379	372.257115
16.003086	2.842114	73.415918	3.492405	79.534198	3.610874	90.641872	3.369124	97.952979	3.741218	13.861281	372.461982
16.028091	2.862091	73.418021	3.511784	79.522877	3.629248	90.579986	3.387352	97.903142	3.761162	14.091184	372.666848
16.053096	2.882068	73.420125	3.531164	79.511556	3.647622	90.518100	3.405581	97.853305	3.781106	14.321087	372.871714
16.078100	2.902046	73.422229	3.550544	79.500235	3.665997	90.456215	3.423809	97.803467	3.801050	14.550989	373.076580
16.103105	2.922023	73.424332	3.569924	79.488915	3.684371	90.394329	3.442038	97.753630	3.820994	14.780892	373.281446
16.128110	2.942000	73.426436	3.589303	79.477594	3.702745	90.332443	3.460266	97.703793	3.840938	15.010795	373.486313
16.153115	2.962101	73.429461	3.608834	79.466671	3.721281	90.271057	3.479165	97.647238	3.861868	15.464235	373.911909
16.178120	2.982214	73.432568	3.628378	79.455783	3.739830	90.209714	3.498124	97.590088	3.882885	15.937442	374.357024
16.203125	3.002326	73.435674	3.647921	79.444894	3.758380	90.148372	3.517082	97.532938	3.903902	16.410649	374.802139
16.228129	3.022438	73.438781	3.667465	79.434006	3.776930	90.087030	3.536041	97.475788	3.924920	16.883855	375.247254
16.253134	3.042550	73.441887	3.687009	79.423118	3.795480	90.025688	3.554999	97.418638	3.945937	17.357062	375.692369
16.278139	3.062663	73.444994	3.706553	79.412230	3.814029	89.964345	3.573958	97.361489	3.966954	17.830269	376.137483
16.303144	3.082775	73.448101	3.726096	79.401342	3.832579	89.903003	3.592917	97.304339	3.987972	18.303475	376.582598
16.328149	3.102887	73.451207	3.745640	79.390454	3.851129	89.841661	3.611875	97.247189	4.008989	18.776682	377.027713
16.353153	3.122999	73.454314	3.765184	79.379566	3.869679	89.780319	3.630834	97.190039	4.030006	19.249889	377.472828
16.378158	3.143112	73.457420	3.784728	79.368678	3.888228	89.718977	3.649792	97.132890	4.051023	19.723095	377.917943
16.403163	3.166375	73.459177	3.807283	79.355828	3.909801	89.656519	3.671647	97.068094	4.074648	20.991853	379.161224
16.428168	3.189909	73.460817	3.830097	79.342810	3.931635	89.593965	3.693751	97.002639	4.098498	22.329142	380.473263
16.453173	3.213444	73.462458	3.852911	79.329792	3.953468	89.531410	3.715856	96.937185	4.122347	23.666432	381.785303
16.478178	3.236978	73.464098	3.875726	79.316774	3.975302	89.468856	3.737960	96.871730	4.146196	25.003722	383.097342
16.503182	3.260513	73.465738	3.898540	79.303756	3.997135	89.406302	3.760064	96.806276	4.170046	26.341011	384.409381
16.528187	3.284047	73.467378	3.921355	79.290738	4.018969	89.343748	3.782168	96.740821	4.193895	27.678301	385.721421
16.553192	3.307582	73.469019	3.944169	79.277719	4.040802	89.281194	3.804273	96.675367	4.217744	29.015591	387.033460
16.578197	3.331116	73.470659	3.966983	79.264701	4.062636	89.218640	3.826377	96.609912	4.241593	30.352880	388.345499
16.603202	3.354651	73.472299	3.989798	79.251683	4.084469	89.156086	3.848481	96.544458	4.265443	31.690170	389.657538
16.628206	3.378186	73.473940	4.012612	79.238665	4.106303	89.093532	3.870585	96.479003	4.289292	33.027459	390.969578
16.653211	3.401152	73.473746	4.035113	79.223146	4.127657	89.029165	3.892353	96.406326	4.313539	38.650017	396.552213
16.678216	3.424071	73.473397	4.057587	79.207417	4.148971	88.964646	3.914093	96.333042	4.337819	44.632000	402.493043
16.703221	3.446991	73.473049	4.080062	79.191689	4.170285	88.900126	3.935832	96.259758	4.362099	50.613983	408.433873
16.728226	3.469910	73.472701	4.102536	79.175960	4.191599	88.835607	3.957571	96.186474	4.386379	56.595966	414.374703
16.753231	3.492829	73.472353	4.125010	79.160231	4.212913	88.771088	3.979311	96.113190	4.410659	62.577948	420.315533
16.778235	3.515748	73.472005	4.147485	79.144503	4.234228	88.706569	4.001050	96.039906	4.434939	68.559931	426.256363
16.803240	3.538667	73.471657	4.169959	79.128774	4.255542	88.642050	4.022790	95.966623	4.459219	74.541914	432.197193
16.828245	3.561586	73.471309	4.192433	79.113045	4.276856	88.577530	4.044529	95.893339	4.483498	80.523897	438.138023
16.853250	3.584505	73.470961	4.214908	79.097317	4.298170	88.513011	4.066269	95.820055	4.507778	86.505879	444.078854
16.878255	3.607425	73.470613	4.237382	79.081588	4.319484	88.448492	4.088008	95.746771	4.532058	92.487862	450.019684
16.903260	3.633202	73.469375	4.262575	79.064627	4.343970	88.385118	4.112808	95.668899	4.559739	94.157957	451.658270
16.928264	3.659212	73.468065	4.287990	79.047565	4.368715	88.321838	4.137858	95.590652	4.587698	95.476143	452.945734
16.953269	3.685222	73.466755	4.313405	79.030503	4.393459	88.258557	4.162907	95.512405	4.615657	96.794328	454.233197
16.978274	3.711233	73.465444	4.338820	79.013441	4.418204	88.195276	4.187957	95.434158	4.643615	98.112513	455.520661
17.003279	3.737243	73.464134	4.364235	78.996379	4.442949	88.131996	4.213006	95.355911	4.671574	99.430699	456.808125
17.028284	3.763253	73.462824	4.389649	78.979317	4.467694	88.068715	4.238056	95.277664	4.699533	100.748884	458.095589
17.053288	3.789263	73.461514	4.415064	78.962255	4.492439	88.005435	4.263105	95.199417	4.727491	102.067069	459.383052
17.078293	3.815274	73.460203	4.440479	78.945193	4.517183	87.942154	4.288155	95.121170	4.755450	103.385255	460.670516
17.103298	3.841284	73.458893	4.465894	78.928131	4.541928	87.878873	4.313205	95.042923	4.783409	104.703440	461.957980
17.128303	3.867294	73.457583	4.491309	78.911069	4.566673	87.815593	4.338254	94.964676	4.811367	106.021625	463.245443
17.153308	3.897744	73.455967	4.521094	78.893102	4.595884	87.751399	4.368248	94.882913	4.844355	106.522699	463.733406
17.178313	3.928547	73.454327	4.551226	78.875065	4.625450	87.687133	4.398634	94.800871	4.877741	106.958925	464.157918
17.203317	3.959349	73.452686	4.581358	78.857027	4.655016	87.622867	4.429020	94.718828	4.911128	107.395152	464.582430
17.228322	3.990152	73.451046	4.611489	78.838989	4.684581	87.558601	4.459406	94.636786	4.944514	107.831378	465.006942
17.253327	4.020954	73.449406	4.641621	78.820951	4.714147	87.494335	4.489792	94.554743	4.977900	108.267604	465.431454
17.278332	4.051757	73.447765	4.671753	78.802913	4.743713	87.430069	4.520178	94.472701	5.011287	108.703830	465.855966
17.303337	4.082559	73.446125	4.701885	78.784875	4.773278	87.365803	4.550564	94.390659	5.044673	109.140056	466.280478
17.328341	4.113362	73.444485	4.732017	78.766838	4.802844	87.301537	4.580950	94.308616	5.078060	109.576282	466.704990
17.353346	4.144164	73.442844	4.762148	78.748800	4.832410	87.237271	4.611336	94.226574	5.111446	110.012508	467.129502
17.378351	4.174967	73.441204	4.792280	78.730762	4.861975	87.173005	4.641722	94.144531	5.144833	110.448734	467.554014
17.403356	4.207360	73.439112	4.824546	78.711642	4.893450	87.108064	4.674178	94.059209	5.181441	110.639623	467.738627
17.428361	4.239877	73.436986	4.856976	78.692439	4.925071	87.043072	4.706795	93.973634	5.218298	110.811591	467.904738
17.453366	4.272393	73.434860	4.889407	78.673235	4.956692	86.978079	4.739411	93.888059	5.255155	110.983559	468.070850
17.478370	4.304909	73.432733	4.921837	78.654032	4.988314	86.913087	4.772027	93.802483	5.292013	111.155527	468.236961
17.503375	4.337425	73.430607	4.954267	78.634829	5.019935	86.848094	4.804643	93.716908	5.328870	111.327495	468.403073
17.528380	4.369942	73.428480	4.986697	78.615625	5.051556	86.783102	4.837259	93.631333	5.365727	111.499463	468.569185
17.553385	4.402458	73.426354	5.019128	78.596422	5.083178	86.718109	4.869875	93.545758	5.402584	111.671431	468.735296
17.578390	4.434974	73.424228	5.051558	78.577219	5.114799	86.653117	4.902491	93.460182	5.439441	111.843399	468.901408
17.603395	4.467490	73.422101	5.083988	78.558015	5.146421	86.588124	4.935107	93.374607	5.476298	112.015367	469.067520
17.628399	4.500007	73.419975	5.116418	78.538812	5.178042	86.523132	4.967724	93.289032	5.513155	112.187335	469.233631
17.653404	4.537417	73.417998	5.153978	78.519604	5.215572	86.458144	5.006486	93.201684	5.556654	112.209707	469.277244
17.678409	4.575195	73.416032	5.191921	78.500396	5.253545	86.393157	5.045708	93.114203	5.600651	112.220875	469.311683
17.703414	4.612972	73.414067	5.229864	78.481188	5.291518	86.328170	5.084931	93.026722	5.644647	112.232044	469.346122
17.728419	4.650749	73.412101	5.267807	78.461980	5.329491	86.263182	5.124153	92.939241	5.688644	112.243212	469.380561
17.753423	4.688527	73.410135	5.305751	78.442772	5.367463	86.198195	5.163376	92.851760	5.732640	112.254381	469.415000
17.778428	4.726304	73.408170	5.343694	78.423564	5.405436	86.133208	5.202598	92.764279	5.776637	112.265549	469.449439
17.803433	4.764081	73.406204	5.381637	78.404356	5.443409	86.068220	5.241820	92.676798	5.820633	112.276718	469.483878
17.828438	4.801858	73.404238	5.419581	78.385148	5.481382	86.003233	5.281043	92.589317	5.864630	112.287887	469.518317
17.853443	4.839636	73.402273	5.457524	78.365940	5.519354	85.938246	5.320265	92.501836	5.908626	112.299055	469.552756
17.878448	4.877413	73.400307	5.495467	78.346732	5.557327	85.873259	5.359488	92.414356	5.952623	112.310224	469.587195
17.903452	4.924126	73.398051	5.542833	78.326806	5.605402	85.808026	5.409014	92.326201	6.009156	112.223899	469.573513
17.928457	4.971488	73.395774	5.590884	78.306828	5.654212	85.742775	5.459288	92.237997	6.066600	112.130490	469.556336
17.953462	5.018850	73.393497	5.638934	78.286849	5.703021	85.677524	5.509563	92.149794	6.124045	112.037081	469.539158
17.978467	5.066213	73.391220	5.686985	78.266871	5.751831	85.612273	5.559838	92.061590	6.181489	111.943672	469.521980
18.003472	5.113575	73.388942	5.735035	78.246893	5.800640	85.547022	5.610112	91.973387	6.238933	111.850263	469.504802
18.028477	5.160937	73.386665	5.783086	78.226915	5.849450	85.481771	5.660387	91.885183	6.296378	111.756854	469.487624
18.053481	5.208299	73.384388	5.831136	78.206937	5.898259	85.416520	5.710661	91.796979	6.353822	111.663445	469.470446
18.078486	5.255661	73.382111	5.879187	78.186958	5.947068	85.351269	5.760936	91.708776	6.411266	111.570036	469.453268
18.103491	5.303024	73.379834	5.927237	78.166980	5.995878	85.286018	5.811211	91.620572	6.468711	111.476627	469.436091
18.128496	5.350386	73.377557	5.975288	78.147002	6.044687	85.220767	5.861485	91.532369	6.526155	111.383217	469.418913
18.153501	5.410337	73.375116	6.037340	78.126482	6.108901	85.154837	5.928102	91.445501	6.602226	111.242708	469.431550
18.178505	5.471175	73.372665	6.100378	78.105924	6.174199	85.088859	5.995870	91.358728	6.679609	111.098881	469.446288
18.203510	5.532014	73.370213	6.163416	78.085366	6.239498	85.022881	6.063638	91.271955	6.756992	110.955054	469.461026
18.228515	5.592852	73.367761	6.226454	78.064808	6.304797	84.956903	6.131406	91.185181	6.834374	110.811227	469.475764
18.253520	5.653690	73.365309	6.289492	78.044250	6.370096	84.890925	6.199175	91.098408	6.911757	110.667400	469.490502
18.278525	5.714529	73.362858	6.352530	78.023692	6.435394	84.824947	6.266943	91.011635	6.989140	110.523572	469.505240
18.303530	5.775367	73.360406	6.415569	78.003134	6.500693	84.758969	6.334711	90.924861	7.066523	110.379745	469.519978
18.328534	5.836205	73.357954	6.478607	77.982576	6.565992	84.692991	6.402479	90.838088	7.143906	110.235918	469.534716
18.353539	5.897043	73.355502	6.541645	77.962019	6.631291	84.627013	6.470247	90.751315	7.221289	110.092091	469.549454
18.378544	5.957882	73.353051	6.604683	77.941461	6.696590	84.561035	6.538015	90.664541	7.298672	109.948263	469.564192
18.403549	6.041453	73.350437	6.692859	77.920162	6.790653	84.495959	6.635244	90.578440	7.411328	109.782794	469.699329
18.428554	6.126575	73.347811	6.782751	77.898813	6.886680	84.430944	6.734483	90.492385	7.526391	109.615848	469.842682
18.453558	6.211698	73.345186	6.872643	77.877465	6.982707	84.365930	6.833722	90.406329	7.641454	109.448901	469.986035
18.478563	6.296820	73.342561	6.962535	77.856116	7.078734	84.300915	6.932960	90.320274	7.756518	109.281955	470.129388
18.503568	6.381943	73.339936	7.052427	77.834767	7.174761	84.235901	7.032199	90.234219	7.871581	109.115008	470.272741
18.528573	6.467066	73.337310	7.142319	77.813418	7.270788	84.170886	7.131438	90.148163	7.986644	108.948062	470.416094
18.553578	6.552188	73.334685	7.232211	77.792069	7.366814	84.105871	7.230677	90.062108	8.101707	108.781116	470.559447
18.578583	6.637311	73.332060	7.322102	77.770720	7.462841	84.040857	7.329916	89.976053	8.216771	108.614169	470.702800
18.603587	6.722433	73.329435	7.411994	77.749371	7.558868	83.975842	7.429155	89.889997	8.331834	108.447223	470.846153
18.628592	6.807556	73.326809	7.501886	77.728023	7.654895	83.910828	7.528394	89.803942	8.446897	108.280276	470.989506
18.653597	6.940427	73.323891	7.645358	77.706307	7.811000	83.848582	7.690118	89.716549	8.636110	108.101063	471.419405
18.678602	7.076452	73.320953	7.792368	77.684568	7.971073	83.786518	7.855969	89.629069	8.830220	107.921039	471.868230
18.703607	7.212477	73.318015	7.939379	77.662828	8.131146	83.724455	8.021820	89.541588	9.024330	107.741016	472.317055
18.728612	7.348502	73.315078	8.086390	77.641089	8.291219	83.662391	8.187672	89.454107	9.218441	107.560992	472.765880
18.753616	7.484528	73.312140	8.233400	77.619350	8.451293	83.600328	8.353523	89.366626	9.412551	107.380968	473.214705
18.778621	7.620553	73.309202	8.380411	77.597610	8.611366	83.538264	8.519374	89.279145	9.606661	107.200944	473.663530
18.803626	7.756578	73.306264	8.527422	77.575871	8.771439	83.476201	8.685225	89.191664	9.800771	107.020921	474.112355
18.828631	7.892603	73.303326	8.674432	77.554131	8.931512	83.414137	8.851076	89.104183	9.994881	106.840897	474.561180
18.853636	8.028628	73.300388	8.821443	77.532392	9.091585	83.352074	9.016927	89.016702	10.188992	106.660873	475.010005
18.878640	8.164653	73.297451	8.968454	77.510652	9.251658	83.290011	9.182779	88.929221	10.383102	106.480850	475.458830
18.903645	8.425879	73.294207	9.253939	77.487624	9.567347	83.234894	9.512125	88.839517	10.773306	106.294189	476.683027
18.928650	8.695101	73.290945	9.548267	77.464514	9.892973	83.180222	9.851912	88.749671	11.176034	106.107104	477.956742
18.953655	8.964323	73.287682	9.842595	77.441404	10.218599	83.125549	10.191700	88.659825	11.578761	105.920018	479.230457
18.978660	9.233544	73.284420	10.136923	77.418294	10.544225	83.070877	10.531487	88.569979	11.981488	105.732933	480.504171
19.003665	9.502766	73.281157	10.431251	77.395184	10.869851	83.016204	10.871275	88.480133	12.384216	105.545848	481.777886
19.028669	9.771988	73.277894	10.725580	77.372074	11.195478	82.961532	11.211062	88.390287	12.786943	105.358763	483.051600
19.053674	10.041210	73.274632	11.019908	77.348964	11.521104	82.906859	11.550850	88.300441	13.189670	105.171678	484.325315
19.078679	10.310431	73.271369	11.314236	77.325854	11.846730	82.852186	11.890637	88.210595	13.592398	104.984593	485.599030
19.103684	10.579653	73.268107	11.608564	77.302744	12.172356	82.797514	12.230425	88.120749	13.995125	104.797508	486.872744
19.128689	10.848875	73.264844	11.902892	77.279633	12.497983	82.742841	12.570212	88.030903	14.397852	104.610423	488.146459
19.153693	11.578336	73.259877	12.697568	77.255068	13.368155	82.688844	13.495061	87.939928	15.507812	104.415651	492.206299
19.178698	12.336186	73.254805	13.523106	77.230413	14.271917	82.634889	14.455999	87.848884	16.661397	104.220404	496.437999
19.203703	13.094037	73.249732	14.348645	77.205758	15.175679	82.580933	15.416937	87.757840	17.814982	104.025157	500.669700
19.228708	13.851888	73.244660	15.174184	77.181103	16.079441	82.526978	16.377875	87.666796	18.968567	103.829911	504.901400
19.253713	14.609738	73.239588	15.999722	77.156448	16.983203	82.473022	17.338813	87.575751	20.122152	103.634664	509.133101
19.278718	15.367589	73.234516	16.825261	77.131792	17.886965	82.419066	18.299751	87.484707	21.275737	103.439418	513.364802
19.303722	16.125439	73.229443	17.650800	77.107137	18.790727	82.365111	19.260689	87.393663	22.429322	103.244171	517.596502
19.328727	16.883290	73.224371	18.476338	77.082482	19.694489	82.311155	20.221627	87.302619	23.582906	103.048924	521.828203
19.353732	17.641140	73.219299	19.301877	77.057827	20.598251	82.257200	21.182565	87.211575	24.736491	102.853678	526.059903
19.378737	18.398991	73.214227	20.127416	77.033172	21.502013	82.203244	22.143503	87.120531	25.890076	102.658431	530.291604
19.403742	21.623060	73.206962	23.586456	77.005924	25.205041	82.147434	26.170777	87.032172	30.772618	102.455954	549.206398
19.428747	24.993907	73.199566	27.202230	76.978522	29.074669	82.091512	30.380546	86.943973	35.877090	102.253046	568.995062
19.453751	28.364755	73.192171	30.818005	76.951120	32.944297	82.035591	34.590314	86.855774	40.981561	102.050139	588.783726
19.478756	31.735602	73.184775	34.433779	76.923717	36.813924	81.979670	38.800082	86.767576	46.086033	101.847231	608.572390
19.503761	35.106449	73.177380	38.049553	76.896315	40.683552	81.923749	43.009850	86.679377	51.190505	101.644324	628.361054
19.528766	38.477297	73.169984	41.665327	76.868913	44.553180	81.867828	47.219618	86.591178	56.294977	101.441416	648.149718
19.553771	41.848144	73.162589	45.281101	76.841511	48.422808	81.811907	51.429387	86.502979	61.399449	101.238508	667.938382
19.578775	45.218991	73.155194	48.896876	76.814109	52.292435	81.755985	55.639155	86.414780	66.503920	101.035601	687.727046
19.603780	48.589838	73.147798	52.512650	76.786706	56.162063	81.700064	59.848923	86.326581	71.608392	100.832693	707.515710
19.628785	51.960686	73.140403	56.128424	76.759304	60.031691	81.644143	64.058691	86.238382	76.712864	100.629786	727.304373
19.653790	52.859448	73.132536	57.089008	76.731323	61.062281	81.588192	65.141986	86.154189	77.936994	100.430737	732.126695
19.678795	53.616425	73.124641	57.897303	76.703309	61.930038	81.532238	66.045962	86.070225	78.938568	100.231911	736.090621
19.703800	54.373401	73.116747	58.705599	76.675295	62.797795	81.476285	66.949938	85.986262	79.940141	100.033084	740.054547
19.728804	55.130377	73.108853	59.513894	76.647281	63.665552	81.420332	67.853914	85.902298	80.941714	99.834257	744.018473
19.753809	55.887354	73.100959	60.322189	76.619267	64.533309	81.364379	68.757890	85.818334	81.943288	99.635430	747.982399
19.778814	56.644330	73.093064	61.130485	76.591253	65.401066	81.308426	69.661866	85.734370	82.944861	99.436603	751.946325
19.803819	57.401306	73.085170	61.938780	76.563239	66.268823	81.252472	70.565842	85.650407	83.946435	99.237777	755.910251
19.828824	58.158283	73.077276	62.747075	76.535225	67.136580	81.196519	71.469818	85.566443	84.948008	99.038950	759.874177
19.853828	58.915259	73.069381	63.555371	76.507211	68.004337	81.140566	72.373794	85.482479	85.949581	98.840123	763.838103
19.878833	59.672235	73.061487	64.363666	76.479197	68.872094	81.084613	73.277769	85.398516	86.951155	98.641296	767.802029
19.903838	59.962447	73.053893	64.661002	76.451009	69.179767	81.028420	73.575947	85.315452	87.218060	98.456091	768.902088
19.928843	60.226891	73.046316	64.930132	76.422810	69.456522	80.972213	73.840682	85.232439	87.444409	98.271637	769.844052
19.953848	60.491335	73.038738	65.199262	76.394612	69.733277	80.916007	74.105417	85.149425	87.670758	98.087184	770.786015
19.978853	60.755780	73.031161	65.468391	76.366414	70.010032	80.859801	74.370152	85.066412	87.897107	97.902730	771.727979
20.003857	61.020224	73.023583	65.737521	76.338215	70.286786	80.803594	74.634887	84.983398	88.123457	97.718277	772.669943
20.028862	61.284668	73.016006	66.006650	76.310017	70.563541	80.747388	74.899622	84.900385	88.349806	97.533823	773.611906
20.053867	61.549113	73.008428	66.275780	76.281818	70.840296	80.691182	75.164357	84.817371	88.576155	97.349370	774.553870
20.078872	61.813557	73.000851	66.544910	76.253620	71.117051	80.634975	75.429092	84.734358	88.802504	97.164916	775.495833
20.103877	62.078001	72.993273	66.814039	76.225422	71.393805	80.578769	75.693827	84.651344	89.028853	96.980463	776.437797
20.128882	62.342446	72.985696	67.083169	76.197223	71.670560	80.522563	75.958562	84.568331	89.255202	96.796009	777.379761
20.153886	62.475733	72.977492	67.206556	76.168289	71.783725	80.465912	76.049885	84.484415	89.273136	96.614428	777.499570
20.178891	62.602061	72.969255	67.322209	76.139316	71.888210	80.409237	76.132006	84.400451	89.280012	96.432999	777.575756
20.203896	62.728389	72.961018	67.437863	76.110343	71.992695	80.352563	76.214127	84.316488	89.286887	96.251571	777.651941
20.228901	62.854717	72.952781	67.553516	76.081369	72.097180	80.295889	76.296248	84.232524	89.293762	96.070142	777.728127
20.253906	62.981045	72.944544	67.669170	76.052396	72.201664	80.239214	76.378369	84.148560	89.300637	95.888713	777.804312
20.278910	63.107372	72.936307	67.784823	76.023423	72.306149	80.182540	76.460491	84.064596	89.307513	95.707285	777.880498
20.303915	63.233700	72.928070	67.900477	75.994449	72.410634	80.125865	76.542612	83.980633	89.314388	95.525856	777.956683
20.328920	63.360028	72.919832	68.016130	75.965476	72.515119	80.069191	76.624733	83.896669	89.321263	95.344427	778.032869
20.353925	63.486356	72.911595	68.131784	75.936503	72.619604	80.012516	76.706854	83.812705	89.328138	95.162998	778.109055
20.378930	63.612684	72.903358	68.247437	75.907530	72.724088	79.955842	76.788975	83.728742	89.335014	94.981570	778.185240
20.403935	63.689872	72.895286	68.307952	75.878752	72.765491	79.900105	76.805075	83.644331	89.263949	94.801697	777.952510
20.428939	63.764557	72.887223	68.365658	75.849984	72.803680	79.844415	76.817813	83.559897	89.188916	94.621904	777.704048
20.453944	63.839242	72.879159	68.423365	75.821215	72.841870	79.788726	76.830551	83.475463	89.113883	94.442111	777.455586
20.478949	63.913927	72.871096	68.481072	75.792447	72.880060	79.733036	76.843289	83.391029	89.038850	94.262318	777.207124
20.503954	63.988612	72.863032	68.538778	75.763679	72.918250	79.677347	76.856026	83.306596	88.963817	94.082525	776.958662
20.528959	64.063298	72.854968	68.596485	75.734911	72.956439	79.621657	76.868764	83.222162	88.888783	93.902732	776.710200
20.553964	64.137983	72.846905	68.654191	75.706143	72.994629	79.565968	76.881502	83.137728	88.813750	93.722939	776.461738
20.578968	64.212668	72.838841	68.711898	75.677375	73.032819	79.510278	76.894240	83.053294	88.738717	93.543145	776.213276
20.603973	64.287353	72.830778	68.769605	75.648607	73.071009	79.454589	76.906977	82.968860	88.663684	93.363352	775.964814
20.628978	64.362038	72.822714	68.827311	75.619839	73.109199	79.398899	76.919715	82.884427	88.588651	93.183559	775.716352
20.653983	64.414086	72.814812	68.859822	75.591810	73.120159	79.345088	76.903433	82.802277	88.484624	93.012058	775.348171
20.678988	64.465030	72.806918	68.891103	75.563817	73.129791	79.291369	76.885735	82.720240	88.379183	92.840962	774.974148
20.703992	64.515973	72.799024	68.922385	75.535824	73.139423	79.237650	76.868036	82.638202	88.273742	92.669866	774.600125
20.728997	64.566916	72.791129	68.953666	75.507832	73.149055	79.183931	76.850338	82.556164	88.168300	92.498770	774.226102
20.754002	64.617859	72.783235	68.984947	75.479839	73.158687	79.130212	76.832640	82.474127	88.062859	92.327674	773.852078
20.779007	64.668803	72.775341	69.016229	75.451846	73.168318	79.076493	76.814941	82.392089	87.957418	92.156577	773.478055
20.804012	64.719746	72.767446	69.047510	75.423854	73.177950	79.022774	76.797243	82.310051	87.851976	91.985481	773.104032
20.829017	64.770689	72.759552	69.078791	75.395861	73.187582	78.969055	76.779545	82.228014	87.746535	91.814385	772.730009
20.854021	64.821633	72.751658	69.110073	75.367868	73.197214	78.915335	76.761846	82.145976	87.641094	91.643289	772.355986
20.879026	64.872576	72.743764	69.141354	75.339875	73.206846	78.861616	76.744148	82.063938	87.535653	91.472193	771.981963
20.904031	64.911097	72.737292	69.159868	75.313585	73.203641	78.811220	76.712713	81.984827	87.424615	91.314106	771.572963
20.929036	64.949037	72.730887	69.177786	75.287375	73.199836	78.760978	76.680637	81.905852	87.313316	91.156627	771.162330
20.954041	64.986978	72.724482	69.195704	75.261164	73.196031	78.710736	76.648560	81.826877	87.202016	90.999147	770.751697
20.979045	65.024919	72.718076	69.213623	75.234953	73.192227	78.660494	76.616484	81.747902	87.090717	90.841668	770.341064
21.004050	65.062860	72.711671	69.231541	75.208743	73.188422	78.610253	76.584407	81.668927	86.979418	90.684189	769.930431
21.029055	65.100800	72.705266	69.249459	75.182532	73.184618	78.560011	76.552331	81.589952	86.868119	90.526709	769.519798
21.054060	65.138741	72.698861	69.267377	75.156321	73.180813	78.509769	76.520255	81.510977	86.756820	90.369230	769.109165
21.079065	65.176682	72.692455	69.285295	75.130110	73.177009	78.459528	76.488178	81.432002	86.645521	90.211751	768.698531
21.104070	65.214623	72.686050	69.303213	75.103900	73.173204	78.409286	76.456102	81.353028	86.534221	90.054271	768.287898
21.129074	65.252564	72.679645	69.321132	75.077689	73.169400	78.359044	76.424026	81.274053	86.422922	89.896792	767.877265
21.154079	65.282640	72.674011	69.330779	75.052392	73.158031	78.311401	76.383825	81.197372	86.308934	89.748955	767.448339
21.179084	65.312366	72.668412	69.340057	75.027136	73.146325	78.263873	76.343262	81.120793	86.194826	89.601547	767.018596
21.204089	65.342091	72.662813	69.349335	75.001880	73.134618	78.216346	76.302699	81.044214	86.080717	89.454140	766.588854
21.229094	65.371817	72.657214	69.358614	74.976624	73.122912	78.168818	76.262136	80.967635	85.966609	89.306733	766.159112
21.254099	65.401543	72.651615	69.367892	74.951367	73.111206	78.121291	76.221573	80.891056	85.852501	89.159325	765.729370
21.279103	65.431269	72.646016	69.377170	74.926111	73.099500	78.073763	76.181010	80.814478	85.738393	89.011918	765.299628
21.304108	65.460994	72.640417	69.386449	74.900855	73.087794	78.026236	76.140447	80.737899	85.624285	88.864510	764.869886
21.329113	65.490720	72.634818	69.395727	74.875599	73.076088	77.978708	76.099884	80.661320	85.510176	88.717103	764.440143
21.354118	65.520446	72.629219	69.405005	74.850343	73.064382	77.931180	76.059321	80.584741	85.396068	88.569696	764.010401
21.379123	65.550171	72.623620	69.414284	74.825087	73.052676	77.883653	76.018758	80.508162	85.281960	88.422288	763.580659
21.404127	65.574851	72.617876	69.418408	74.800028	73.035698	77.836596	75.972016	80.431827	85.163271	88.277246	763.127815
21.429132	65.599315	72.612126	69.422314	74.774977	73.018496	77.789558	75.925012	80.355501	85.044387	88.132303	762.673989
21.454137	65.623780	72.606376	69.426219	74.749927	73.001294	77.742521	75.878008	80.279175	84.925503	87.987361	762.220164
21.479142	65.648245	72.600626	69.430125	74.724876	72.984092	77.695483	75.831003	80.202850	84.806619	87.842419	761.766338
21.504147	65.672709	72.594876	69.434030	74.699826	72.966890	77.648446	75.783999	80.126524	84.687735	87.697477	761.312513
21.529152	65.697174	72.589127	69.437935	74.674775	72.949689	77.601408	75.736995	80.050198	84.568851	87.552535	760.858687
21.554156	65.721639	72.583377	69.441841	74.649725	72.932487	77.554371	75.689990	79.973873	84.449967	87.407593	760.404862
21.579161	65.746104	72.577627	69.445746	74.624675	72.915285	77.507333	75.642986	79.897547	84.331083	87.262650	759.951036
21.604166	65.770568	72.571877	69.449652	74.599624	72.898083	77.460296	75.595982	79.821221	84.212199	87.117708	759.497211
21.629171	65.795033	72.566127	69.453557	74.574574	72.880881	77.413259	75.548977	79.744896	84.093316	86.972766	759.043385
21.654176	65.816072	72.560227	69.453379	74.549153	72.859050	77.365977	75.497541	79.667875	83.972137	86.829117	758.570530
21.679180	65.836972	72.554321	69.453037	74.523718	72.837032	77.318686	75.445926	79.590827	83.850866	86.685520	758.096905
21.704185	65.857873	72.548414	69.452694	74.498283	72.815014	77.271395	75.394311	79.513779	83.729595	86.541924	757.623281
21.729190	65.878774	72.542508	69.452351	74.472847	72.792996	77.224104	75.342696	79.436730	83.608324	86.398327	757.149657
21.754195	65.899674	72.536601	69.452008	74.447412	72.770978	77.176813	75.291081	79.359682	83.487053	86.254730	756.676032
21.779200	65.920575	72.530695	69.451665	74.421977	72.748960	77.129522	75.239466	79.282634	83.365782	86.111134	756.202408
21.804205	65.941475	72.524788	69.451323	74.396542	72.726941	77.082230	75.187851	79.205585	83.244511	85.967537	755.728784
21.829209	65.962376	72.518882	69.450980	74.371106	72.704923	77.034939	75.136236	79.128537	83.123240	85.823940	755.255160
21.854214	65.983276	72.512976	69.450637	74.345671	72.682905	76.987648	75.084621	79.051489	83.001969	85.680344	754.781535
21.879219	66.004177	72.507069	69.450294	74.320236	72.660887	76.940357	75.033005	78.974440	82.880698	85.536747	754.307911
21.904224	66.020751	72.501481	69.445559	74.294618	72.634718	76.893320	74.977840	78.898302	82.763820	85.401550	753.831960
21.929229	66.037160	72.495905	69.440655	74.268993	72.608390	76.846292	74.922539	78.822199	82.647112	85.266674	753.355919
21.954234	66.053568	72.490330	69.435751	74.243368	72.582062	76.799265	74.867238	78.746095	82.530403	85.131799	752.879879
21.979238	66.069976	72.484754	69.430848	74.217743	72.555733	76.752238	74.811937	78.669992	82.413694	84.996923	752.403839
22.004243	66.086385	72.479178	69.425944	74.192118	72.529405	76.705210	74.756636	78.593888	82.296986	84.862048	751.927798
22.029248	66.102793	72.473602	69.421040	74.166493	72.503077	76.658183	74.701335	78.517785	82.180277	84.727172	751.451758
22.054253	66.119202	72.468026	69.416137	74.140868	72.476749	76.611155	74.646034	78.441682	82.063568	84.592297	750.975718
22.079258	66.135610	72.462451	69.411233	74.115243	72.450421	76.564128	74.590733	78.365578	81.946859	84.457421	750.499677
22.104262	66.152019	72.456875	69.406329	74.089618	72.424093	76.517100	74.535432	78.289475	81.830151	84.322546	750.023637
22.129267	66.168427	72.451299	69.401426	74.063993	72.397764	76.470073	74.480131	78.213371	81.713442	84.187670	749.547597
22.154272	66.182592	72.445555	69.394321	74.038546	72.368964	76.423036	74.425356	78.140014	81.598604	84.056714	749.073703
22.179277	66.196676	72.439804	69.387137	74.013106	72.340075	76.375998	74.370601	78.066755	81.483834	83.925900	748.599888
22.204282	66.210760	72.434054	69.379953	73.987665	72.311186	76.328961	74.315845	77.993497	81.369065	83.795086	748.126072
22.229287	66.224844	72.428304	69.372769	73.962225	72.282296	76.281923	74.261090	77.920239	81.254295	83.664272	747.652257
22.254291	66.238928	72.422553	69.365585	73.936784	72.253407	76.234886	74.206334	77.846981	81.139525	83.533457	747.178441
22.279296	66.253012	72.416803	69.358401	73.911344	72.224517	76.187849	74.151579	77.773723	81.024755	83.402643	746.704625
22.304301	66.267096	72.411052	69.351216	73.885903	72.195628	76.140811	74.096823	77.700465	80.909985	83.271829	746.230810
22.329306	66.281180	72.405302	69.344032	73.860463	72.166739	76.093774	74.042068	77.627207	80.795215	83.141015	745.756994
22.354311	66.295264	72.399552	69.336848	73.835022	72.137849	76.046736	73.987312	77.553948	80.680446	83.010201	745.283179
22.379315	66.309348	72.393801	69.329664	73.809581	72.108960	75.999699	73.932557	77.480690	80.565676	82.879387	744.809363
22.404320	66.319551	72.388365	69.318711	73.783773	72.076410	75.952666	73.877462	77.409959	80.447989	82.748577	744.323464
22.429325	66.329622	72.382940	69.307629	73.757953	72.043735	75.905633	73.822357	77.339315	80.330202	82.617768	743.837153
22.454330	66.339693	72.377515	69.296546	73.732132	72.011060	75.858601	73.767251	77.268670	80.212415	82.486958	743.350841
22.479335	66.349763	72.372090	69.285464	73.706311	71.978385	75.811568	73.712145	77.198026	80.094628	82.356149	742.864530
22.504340	66.359834	72.366665	69.274382	73.680491	71.945711	75.764535	73.657039	77.127381	79.976841	82.225339	742.378218
22.529344	66.369905	72.361240	69.263300	73.654670	71.913036	75.717502	73.601933	77.056737	79.859054	82.094530	741.891906
22.554349	66.379976	72.355815	69.252218	73.628850	71.880361	75.670470	73.546827	76.986092	79.741267	81.963720	741.405595
22.579354	66.390046	72.350390	69.241136	73.603029	71.847686	75.623437	73.491721	76.915448	79.623480	81.832911	740.919283
22.604359	66.400117	72.344965	69.230054	73.577208	71.815011	75.576404	73.436615	76.844803	79.505693	81.702101	740.432972
22.629364	66.410188	72.339540	69.218972	73.551388	71.782336	75.529372	73.381509	76.774158	79.387906	81.571292	739.946660
22.654369	66.419040	72.333969	69.206617	73.525578	71.747976	75.482115	73.325328	76.704194	79.268420	81.440763	739.454000
22.679373	66.427853	72.328393	69.194222	73.499769	71.713562	75.434851	73.269111	76.634252	79.148879	81.310244	738.961136
22.704378	66.436666	72.322817	69.181827	73.473959	71.679148	75.387587	73.212895	76.564310	79.029338	81.179725	738.468272
22.729383	66.445479	72.317241	69.169432	73.448150	71.644733	75.340323	73.156679	76.494368	78.909798	81.049205	737.975408
22.754388	66.454291	72.311666	69.157037	73.422341	71.610319	75.293059	73.100463	76.424425	78.790257	80.918686	737.482544
22.779393	66.463104	72.306090	69.144642	73.396531	71.575905	75.245796	73.044247	76.354483	78.670716	80.788166	736.989680
22.804397	66.471917	72.300514	69.132246	73.370722	71.541490	75.198532	72.988031	76.284541	78.551175	80.657647	736.496816
22.829402	66.480730	72.294938	69.119851	73.344913	71.507076	75.151268	72.931815	76.214599	78.431635	80.527128	736.003952
22.854407	66.489543	72.289362	69.107456	73.319103	71.472662	75.104004	72.875599	76.144656	78.312094	80.396608	735.511088
22.879412	66.498356	72.283787	69.095061	73.293294	71.438247	75.056740	72.819382	76.074714	78.192553	80.266089	735.018225
22.904417	66.505072	72.277721	69.080132	73.266716	71.401516	75.008974	72.760836	76.003855	78.070511	80.133982	734.509314
22.929422	66.511726	72.271640	69.065126	73.240116	71.364715	74.961193	72.702220	75.932967	77.948393	80.001827	733.999922
22.954426	66.518379	72.265560	69.050120	73.213515	71.327914	74.913412	72.643603	75.862080	77.826275	79.869672	733.490530
22.979431	66.525032	72.259480	69.035115	73.186914	71.291113	74.865630	72.584987	75.791193	77.704157	79.737517	732.981138
23.004436	66.531685	72.253399	69.020109	73.160313	71.254312	74.817849	72.526370	75.720306	77.582040	79.605362	732.471746
23.029441	66.538338	72.247319	69.005103	73.133713	71.217512	74.770068	72.467754	75.649419	77.459922	79.473207	731.962353
23.054446	66.544991	72.241238	68.990098	73.107112	71.180711	74.722287	72.409137	75.578532	77.337804	79.341052	731.452961
23.079451	66.551644	72.235158	68.975092	73.080511	71.143910	74.674506	72.350521	75.507645	77.215686	79.208897	730.943569
23.104455	66.558297	72.229077	68.960087	73.053910	71.107109	74.626724	72.291905	75.436757	77.093569	79.076742	730.434177
23.129460	66.564950	72.222997	68.945081	73.027309	71.070308	74.578943	72.233288	75.365870	76.971451	78.944587	729.924784
23.154465	66.569349	72.216770	68.927857	73.000334	71.030997	74.530445	72.172711	75.294762	76.847001	78.811902	729.402129
23.179470	66.573685	72.210539	68.910571	72.973349	70.991617	74.481928	72.112080	75.223647	76.722486	78.679202	728.879102
23.204475	66.578020	72.204307	68.893285	72.946363	70.952236	74.433410	72.051448	75.152533	76.597971	78.546502	728.356075
23.229479	66.582356	72.198076	68.875999	72.919378	70.912855	74.384892	71.990816	75.081418	76.473456	78.413802	727.833048
23.254484	66.586691	72.191845	68.858713	72.892392	70.873475	74.336374	71.930185	75.010303	76.348941	78.281103	727.310022
23.279489	66.591027	72.185614	68.841427	72.865406	70.834094	74.287857	71.869553	74.939189	76.224426	78.148403	726.786995
23.304494	66.595362	72.179383	68.824141	72.838421	70.794713	74.239339	71.808921	74.868074	76.099911	78.015703	726.263968
23.329499	66.599698	72.173151	68.806854	72.811435	70.755332	74.190821	71.748289	74.796959	75.975396	77.883003	725.740941
23.354504	66.604033	72.166920	68.789568	72.784450	70.715952	74.142304	71.687658	74.725845	75.850881	77.750303	725.217914
23.379508	66.608369	72.160689	68.772282	72.757464	70.676571	74.093786	71.627026	74.654730	75.726366	77.617604	724.694887
23.404513	66.611035	72.154453	68.753260	72.730473	70.635684	74.045760	71.565848	74.584542	75.601008	77.485435	724.167497
23.429518	66.613657	72.148217	68.734192	72.703483	70.594757	73.997747	71.504656	74.514377	75.475627	77.353280	723.639994
23.454523	66.616279	72.141981	68.715124	72.676492	70.553831	73.949734	71.443464	74.444213	75.350247	77.221125	723.112490
23.479528	66.618902	72.135745	68.696057	72.649501	70.512904	73.901721	71.382271	74.374048	75.224867	77.088970	722.584987
23.504532	66.621524	72.129509	68.676989	72.622510	70.471978	73.853709	71.321079	74.303884	75.099486	76.956815	722.057483
23.529537	66.624146	72.123273	68.657921	72.595519	70.431051	73.805696	71.259887	74.233719	74.974106	76.824660	721.529979
23.554542	66.626769	72.117038	68.638854	72.568528	70.390125	73.757683	71.198695	74.163555	74.848725	76.692505	721.002476
23.579547	66.629391	72.110802	68.619786	72.541538	70.349199	73.709670	71.137503	74.093390	74.723345	76.560350	720.474972
23.604552	66.632013	72.104566	68.600718	72.514547	70.308272	73.661657	71.076310	74.023226	74.597965	76.428195	719.947469
23.629557	66.634636	72.098330	68.581651	72.487556	70.267346	73.613644	71.015118	73.953061	74.472584	76.296040	719.419965
23.654561	66.635749	72.091928	68.561138	72.460184	70.225076	73.565148	70.953199	73.883114	74.347426	76.164667	718.887629
23.679566	66.636825	72.085523	68.540592	72.432803	70.182774	73.516640	70.891262	73.813172	74.222273	76.033313	718.355176
23.704571	66.637902	72.079118	68.520045	72.405422	70.140472	73.468132	70.829325	73.743229	74.097120	75.901958	717.822724
23.729576	66.638979	72.072713	68.499498	72.378041	70.098170	73.419625	70.767387	73.673287	73.971967	75.770604	717.290271
23.754581	66.640056	72.066308	68.478952	72.350660	70.055868	73.371117	70.705450	73.603345	73.846813	75.639250	716.757819
23.779586	66.641132	72.059902	68.458405	72.323279	70.013566	73.322609	70.643513	73.533403	73.721660	75.507896	716.225366
23.804590	66.642209	72.053497	68.437858	72.295898	69.971264	73.274102	70.581576	73.463461	73.596507	75.376541	715.692914
23.829595	66.643286	72.047092	68.417312	72.268518	69.928962	73.225594	70.519639	73.393518	73.471354	75.245187	715.160461
23.854600	66.644362	72.040687	68.396765	72.241137	69.886660	73.177086	70.457702	73.323576	73.346201	75.113833	714.628009
23.879605	66.645439	72.034281	68.376218	72.213756	69.844358	73.128578	70.395765	73.253634	73.221048	74.982478	714.095556
23.904610	66.644552	72.027876	68.353763	72.186375	69.800202	73.080066	70.333114	73.184394	73.097792	74.854065	713.562198
23.929614	66.643622	72.021471	68.331266	72.158994	69.756005	73.031554	70.270446	73.115170	72.974577	74.725716	713.028820
23.954619	66.642692	72.015066	68.308769	72.131613	69.711808	72.983041	70.207779	73.045946	72.851362	74.597367	712.495442
23.979624	66.641762	72.008660	68.286272	72.104232	69.667611	72.934529	70.145112	72.976721	72.728148	74.469018	711.962064
24.004629	66.640831	72.002255	68.263775	72.076851	69.623414	72.886016	70.082445	72.907497	72.604933	74.340669	711.428686
24.029634	66.639901	71.995850	68.241278	72.049470	69.579217	72.837504	70.019778	72.838273	72.481718	74.212320	710.895308
24.054639	66.638971	71.989445	68.218780	72.022089	69.535020	72.788991	69.957110	72.769048	72.358503	74.083971	710.361930
24.079643	66.638041	71.983039	68.196283	71.994708	69.490823	72.740479	69.894443	72.699824	72.235289	73.955622	709.828552
24.104648	66.637111	71.976634	68.173786	71.967327	69.446626	72.691966	69.831776	72.630600	72.112074	73.827273	709.295174
24.129653	66.636181	71.970229	68.151289	71.939946	69.402430	72.643454	69.769109	72.561376	71.988859	73.698924	708.761796
24.154658	66.634647	71.964955	68.128320	71.913330	69.357895	72.595653	69.706098	72.492845	71.869270	73.575086	708.238099
24.179663	66.633101	71.959704	68.105342	71.886730	69.313353	72.547867	69.643080	72.424327	71.749753	73.451338	707.714595
24.204667	66.631556	71.954453	68.082363	71.860129	69.268811	72.500080	69.580063	72.355810	71.630235	73.327590	707.191091
24.229672	66.630010	71.949202	68.059385	71.833528	69.224270	72.452294	69.517045	72.287293	71.510718	73.203842	706.667587
24.254677	66.628465	71.943951	68.036406	71.806927	69.179728	72.404507	69.454027	72.218776	71.391201	73.080094	706.144082
24.279682	66.626919	71.938700	68.013428	71.780327	69.135186	72.356721	69.391010	72.150258	71.271683	72.956346	705.620578
24.304687	66.625374	71.933449	67.990450	71.753726	69.090644	72.308934	69.327992	72.081741	71.152166	72.832598	705.097074
24.329692	66.623828	71.928198	67.967471	71.727125	69.046103	72.261148	69.264975	72.013224	71.032649	72.708850	704.573570
24.354696	66.622282	71.922947	67.944493	71.700524	69.001561	72.213361	69.201957	71.944707	70.913132	72.585101	704.050066
24.379701	66.620737	71.917696	67.921514	71.673923	68.957019	72.165575	69.138939	71.876189	70.793614	72.461353	703.526561
24.404706	66.618273	71.912923	67.898212	71.647908	68.912315	72.118529	69.075902	71.808627	70.674952	72.338710	703.006351
24.429711	66.615792	71.908158	67.874903	71.621903	68.867608	72.071497	69.012865	71.741081	70.556305	72.216087	702.486200
24.454716	66.613312	71.903393	67.851595	71.595898	68.822901	72.024465	68.949828	71.673536	70.437658	72.093464	701.966048
24.479721	66.610831	71.898628	67.828286	71.569893	68.778194	71.977433	68.886791	71.605990	70.319011	71.970841	701.445897
24.504725	66.608351	71.893863	67.804978	71.543888	68.733486	71.930401	68.823753	71.538444	70.200364	71.848218	700.925746
24.529730	66.605870	71.889098	67.781669	71.517883	68.688779	71.883368	68.760716	71.470899	70.081716	71.725595	700.405594
24.554735	66.603390	71.884333	67.758361	71.491878	68.644072	71.836336	68.697679	71.403353	69.963069	71.602972	699.885443
24.579740	66.600909	71.879568	67.735052	71.465873	68.599365	71.789304	68.634642	71.335808	69.844422	71.480349	699.365292
24.604745	66.598429	71.874803	67.711744	71.439868	68.554658	71.742272	68.571604	71.268262	69.725775	71.357725	698.845140
24.629749	66.595949	71.870038	67.688435	71.413863	68.509950	71.695240	68.508567	71.200717	69.607128	71.235102	698.324989
24.654754	66.592702	71.866410	67.664321	71.388595	68.464569	71.649177	68.445358	71.133613	69.488900	71.113798	697.807441
24.679759	66.589443	71.862799	67.640193	71.363339	68.419176	71.603130	68.382145	71.066516	69.370678	70.992515	697.289934
24.704764	66.586184	71.859188	67.616066	71.338083	68.373783	71.557082	68.318933	70.999419	69.252456	70.871233	696.772427
24.729769	66.582925	71.855578	67.591938	71.312826	68.328391	71.511035	68.255721	70.932322	69.134234	70.749950	696.254921
24.754774	66.579667	71.851967	67.567811	71.287570	68.282998	71.464988	68.192509	70.865225	69.016013	70.628667	695.737414
24.779778	66.576408	71.848356	67.543684	71.262314	68.237606	71.418941	68.129296	70.798128	68.897791	70.507384	695.219907
24.804783	66.573149	71.844745	67.519556	71.237058	68.192213	71.372893	68.066084	70.731031	68.779569	70.386101	694.702400
24.829788	66.569890	71.841135	67.495429	71.211802	68.146821	71.326846	68.002872	70.663934	68.661347	70.264818	694.184894
24.854793	66.566631	71.837524	67.471301	71.186546	68.101428	71.280799	67.939660	70.596837	68.543126	70.143535	693.667387
24.879798	66.563373	71.833913	67.447174	71.161290	68.056035	71.234752	67.876448	70.529740	68.424904	70.022252	693.149880
24.904802	66.563634	71.834035	67.426429	71.139299	68.014712	71.192331	67.817595	70.467778	68.311392	69.906864	692.674069
24.929807	66.563944	71.834209	67.405731	71.117355	67.973446	71.149961	67.758804	70.405887	68.197946	69.791557	692.198839
24.954812	66.564254	71.834383	67.385033	71.095410	67.932179	71.107591	67.700013	70.343996	68.084500	69.676251	691.723610
24.979817	66.564564	71.834557	67.364335	71.073466	67.890913	71.065220	67.641221	70.282106	67.971054	69.560944	691.248380
25.004822	66.564874	71.834732	67.343637	71.051521	67.849646	71.022850	67.582430	70.220215	67.857608	69.445638	690.773150
25.029827	66.565184	71.834906	67.322939	71.029576	67.808380	70.980480	67.523639	70.158324	67.744162	69.330332	690.297920
25.054831	66.565494	71.835080	67.302241	71.007632	67.767113	70.938110	67.464847	70.096433	67.630716	69.215025	689.822690
25.079836	66.565804	71.835254	67.281543	70.985687	67.725847	70.895740	67.406056	70.034543	67.517269	69.099719	689.347461
25.104841	66.566114	71.835428	67.260845	70.963743	67.684580	70.853369	67.347265	69.972652	67.403823	68.984412	688.872231
25.129846	66.566424	71.835602	67.240147	70.941798	67.643313	70.810999	67.288473	69.910761	67.290377	68.869106	688.397001
25.154851	66.568567	71.839000	67.221055	70.922922	67.604241	70.772061	67.232232	69.852183	67.179730	68.756774	687.948765
25.179856	66.570732	71.842436	67.201983	70.904083	67.565195	70.733163	67.176021	69.793644	67.069117	68.644477	687.500852
25.204860	66.572898	71.845873	67.182910	70.885243	67.526149	70.694266	67.119810	69.735104	66.958503	68.532181	687.052938
25.229865	66.575063	71.849310	67.163838	70.866404	67.487104	70.655368	67.063599	69.676565	66.847890	68.419884	686.605025
25.254870	66.577228	71.852746	67.144766	70.847565	67.448058	70.616471	67.007388	69.618026	66.737276	68.307588	686.157112
25.279875	66.579393	71.856183	67.125693	70.828726	67.409012	70.577573	66.951178	69.559487	66.626663	68.195292	685.709199
25.304880	66.581558	71.859620	67.106621	70.809886	67.369966	70.538676	66.894967	69.500948	66.516049	68.082995	685.261286
25.329884	66.583723	71.863056	67.087548	70.791047	67.330920	70.499778	66.838756	69.442409	66.405435	67.970699	684.813372
25.354889	66.585888	71.866493	67.068476	70.772208	67.291874	70.460881	66.782545	69.383870	66.294822	67.858402	684.365459
25.379894	66.588054	71.869930	67.049404	70.753369	67.252828	70.421983	66.726334	69.325331	66.184208	67.746106	683.917546
25.404899	66.590079	71.874682	67.030014	70.735119	67.213628	70.383549	66.669950	69.267482	66.073796	67.634345	683.472643
25.429904	66.592103	71.879446	67.010622	70.716876	67.174427	70.345120	66.613563	69.209640	65.963385	67.522589	683.027770
25.454909	66.594127	71.884211	66.991229	70.698632	67.135225	70.306690	66.557177	69.151798	65.852974	67.410833	682.582897
25.479913	66.596150	71.888976	66.971837	70.680389	67.096024	70.268261	66.500791	69.093955	65.742563	67.299078	682.138024
25.504918	66.598174	71.893741	66.952444	70.662145	67.056823	70.229831	66.444404	69.036113	65.632152	67.187322	681.693151
25.529923	66.600198	71.898506	66.933052	70.643902	67.017621	70.191402	66.388018	68.978271	65.521742	67.075566	681.248278
25.554928	66.602222	71.903271	66.913659	70.625658	66.978420	70.152973	66.331632	68.920429	65.411331	66.963810	680.803405
25.579933	66.604246	71.908036	66.894267	70.607414	66.939219	70.114543	66.275245	68.862587	65.300920	66.852055	680.358532
25.604938	66.606270	71.912801	66.874874	70.589171	66.900017	70.076114	66.218859	68.804745	65.190509	66.740299	679.913659
25.629942	66.608294	71.917566	66.855482	70.570927	66.860816	70.037684	66.162472	68.746903	65.080099	66.628543	679.468786
25.654947	66.609540	71.922986	66.835439	70.553458	66.821103	70.000003	66.105893	68.689994	64.969688	66.517868	679.025972
25.679952	66.610780	71.928411	66.815391	70.535994	66.781386	69.962327	66.049312	68.633092	64.859278	66.407202	678.583174
25.704957	66.612020	71.933836	66.795344	70.518531	66.741669	69.924651	65.992731	68.576190	64.748868	66.296536	678.140376
25.729962	66.613261	71.939261	66.775296	70.501068	66.701952	69.886976	65.936150	68.519288	64.638458	66.185870	677.697578
25.754966	66.614501	71.944686	66.755248	70.483604	66.662235	69.849300	65.879569	68.462386	64.528047	66.075204	677.254781
25.779971	66.615741	71.950111	66.735200	70.466141	66.622518	69.811624	65.822988	68.405484	64.417637	65.964538	676.811983
25.804976	66.616981	71.955536	66.715152	70.448678	66.582801	69.773949	65.766408	68.348582	64.307227	65.853872	676.369185
25.829981	66.618222	71.960961	66.695104	70.431214	66.543084	69.736273	65.709827	68.291680	64.196817	65.743206	675.926388
25.854986	66.619462	71.966386	66.675056	70.413751	66.503367	69.698598	65.653246	68.234778	64.086406	65.632539	675.483590
25.879991	66.620702	71.971811	66.655008	70.396288	66.463650	69.660922	65.596665	68.177876	63.975996	65.521873	675.040792
25.904995	66.621326	71.978037	66.634487	70.379385	66.423422	69.623964	65.539721	68.121457	63.867963	65.413907	674.603669
25.930000	66.621946	71.984269	66.613963	70.362486	66.383190	69.587010	65.482774	68.065040	63.759945	65.305956	674.166581
25.955005	66.622566	71.990500	66.593439	70.345587	66.342959	69.550056	65.425828	68.008624	63.651927	65.198006	673.729493
25.980010	66.623186	71.996731	66.572916	70.328689	66.302727	69.513102	65.368882	67.952207	63.543908	65.090056	673.292404
26.005015	66.623806	72.002962	66.552392	70.311790	66.262496	69.476148	65.311936	67.895791	63.435890	64.982105	672.855316
26.030019	66.624427	72.009193	66.531868	70.294891	66.222264	69.439194	65.254989	67.839374	63.327872	64.874155	672.418227
26.055024	66.625047	72.015425	66.511344	70.277992	66.182032	69.402240	65.198043	67.782958	63.219853	64.766205	671.981139
26.080029	66.625667	72.021656	66.490820	70.261093	66.141801	69.365287	65.141097	67.726541	63.111835	64.658255	671.544050
26.105034	66.626287	72.027887	66.470296	70.244194	66.101569	69.328333	65.084150	67.670125	63.003817	64.550304	671.106962
26.130039	66.626907	72.034118	66.449772	70.227295	66.061338	69.291379	65.027204	67.613708	62.895799	64.442354	670.669874
26.155044	66.626146	72.040678	66.428422	70.210396	66.020757	69.254452	64.969710	67.557065	62.789306	64.336027	670.232961
26.180048	66.625379	72.047239	66.407069	70.193497	65.980176	69.217524	64.912214	67.500421	62.682820	64.229707	669.796049
26.205053	66.624613	72.053801	66.385717	70.176598	65.939594	69.180597	64.854718	67.443777	62.576334	64.123387	669.359137
26.230058	66.623846	72.060362	66.364364	70.159700	65.899013	69.143670	64.797222	67.387133	62.469848	64.017067	668.922225
26.255063	66.623079	72.066923	66.343011	70.142801	65.858431	69.106743	64.739726	67.330489	62.363362	63.910747	668.485313
26.280068	66.622313	72.073484	66.321658	70.125902	65.817849	69.069816	64.682230	67.273845	62.256876	63.804427	668.048401
26.305073	66.621546	72.080046	66.300305	70.109003	65.777268	69.032889	64.624734	67.217201	62.150390	63.698107	667.611489
26.330077	66.620779	72.086607	66.278952	70.092104	65.736686	68.995962	64.567238	67.160557	62.043904	63.591787	667.174577
26.355082	66.620013	72.093168	66.257600	70.075205	65.696104	68.959035	64.509742	67.103913	61.937418	63.485467	666.737665
26.380087	66.619246	72.099730	66.236247	70.058306	65.655523	68.922108	64.452246	67.047269	61.830932	63.379147	666.300753
26.405092	66.616769	72.106135	66.213272	70.041023	65.613064	68.884665	64.393093	66.990368	61.723352	63.273372	665.855112
26.430097	66.614289	72.112540	66.190293	70.023740	65.570602	68.847221	64.333937	66.933466	61.615769	63.167597	665.409453
26.455101	66.611808	72.118946	66.167315	70.006456	65.528140	68.809777	64.274780	66.876564	61.508186	63.061822	664.963793
26.480106	66.609328	72.125351	66.144336	69.989172	65.485678	68.772333	64.215623	66.819662	61.400603	62.956048	664.518133
26.505111	66.606847	72.131756	66.121358	69.971888	65.443216	68.734889	64.156466	66.762760	61.293020	62.850273	664.072474
26.530116	66.604367	72.138161	66.098380	69.954605	65.400753	68.697445	64.097310	66.705858	61.185437	62.744499	663.626814
26.555121	66.601886	72.144567	66.075401	69.937321	65.358291	68.660001	64.038153	66.648956	61.077854	62.638724	663.181154
26.580126	66.599406	72.150972	66.052423	69.920037	65.315829	68.622557	63.978996	66.592054	60.970271	62.532949	662.735494
26.605130	66.596925	72.157377	66.029444	69.902754	65.273367	68.585113	63.919840	66.535152	60.862688	62.427175	662.289835
26.630135	66.594445	72.163782	66.006466	69.885470	65.230905	68.547669	63.860683	66.478250	60.755105	62.321400	661.844175
26.655140	66.589658	72.170018	65.981208	69.868181	65.186543	68.509988	63.799507	66.420884	60.646662	62.215080	661.387729
26.680145	66.584870	72.176254	65.955949	69.850892	65.142180	68.472307	63.738330	66.363517	60.538219	62.108760	660.931279
26.705150	66.580083	72.182490	65.930690	69.833603	65.097818	68.434626	63.677153	66.306150	60.429776	62.002440	660.474830
26.730154	66.575296	72.188726	65.905431	69.816314	65.053456	68.396945	63.615977	66.248784	60.321333	61.896120	660.018381
26.755159	66.570508	72.194962	65.880172	69.799025	65.009093	68.359264	63.554800	66.191417	60.212889	61.789800	659.561932
26.780164	66.565721	72.201198	65.854913	69.781736	64.964731	68.321584	63.493623	66.134050	60.104446	61.683480	659.105482
26.805169	66.560933	72.207434	65.829654	69.764447	64.920368	68.283903	63.432446	66.076684	59.996003	61.577160	658.649033
26.830174	66.556146	72.213670	65.804395	69.747158	64.876006	68.246222	63.371270	66.019317	59.887560	61.470840	658.192584
26.855179	66.551358	72.219906	65.779137	69.729869	64.831644	68.208541	63.310093	65.961950	59.779117	61.364520	657.736135
26.880183	66.546568	72.226141	65.753876	69.712579	64.787280	68.170860	63.248914	65.904582	59.670678	61.258205	657.279683
26.905188	66.539915	72.231891	65.727481	69.694910	64.742232	68.133416	63.186632	65.846260	59.564627	61.154605	656.821970
26.930193	66.533263	72.237642	65.701086	69.677241	64.697185	68.095972	63.124350	65.787937	59.458575	61.051006	656.364257
26.955198	66.526610	72.243392	65.674690	69.659572	64.652137	68.058528	63.062068	65.729615	59.352524	60.947407	655.906544
26.980203	66.519957	72.249142	65.648295	69.641903	64.607089	68.021084	62.999786	65.671293	59.246473	60.843807	655.448831
27.005208	66.513305	72.254893	65.621900	69.624234	64.562041	67.983640	62.937503	65.612971	59.140422	60.740208	654.991118
27.030212	66.506652	72.260643	65.595505	69.606565	64.516993	67.946197	62.875221	65.554649	59.034371	60.636608	654.533405
27.055217	66.500000	72.266394	65.569110	69.588896	64.471946	67.908753	62.812939	65.496327	58.928319	60.533009	654.075692
27.080222	66.493347	72.272144	65.542715	69.571227	64.426898	67.871309	62.750657	65.438004	58.822268	60.429409	653.617978
27.105227	66.486695	72.277894	65.516320	69.553558	64.381850	67.833865	62.688375	65.379682	58.716217	60.325810	653.160265
27.130232	66.480037	72.283645	65.489922	69.535890	64.336799	67.796422	62.626086	65.321358	58.610181	60.222228	652.702568
27.155236	66.471843	72.289551	65.462708	69.518601	64.290721	67.759241	62.562139	65.262566	58.508239	60.123519	652.249129
27.180241	66.463650	72.295457	65.435494	69.501312	64.244644	67.722060	62.498191	65.203774	58.406297	60.024811	651.795690
27.205246	66.455456	72.301363	65.408280	69.484023	64.198566	67.684879	62.434243	65.144982	58.304355	59.926102	651.342251
27.230251	66.447263	72.307269	65.381066	69.466734	64.152489	67.647698	62.370296	65.086189	58.202413	59.827394	650.888812
27.255256	66.439070	72.313175	65.353852	69.449445	64.106411	67.610518	62.306348	65.027397	58.100471	59.728685	650.435373
27.280261	66.430876	72.319080	65.326638	69.432156	64.060334	67.573337	62.242401	64.968605	57.998529	59.629977	649.981934
27.305265	66.422683	72.324986	65.299424	69.414868	64.014256	67.536156	62.178453	64.909813	57.896588	59.531268	649.528495
27.330270	66.414489	72.330892	65.272210	69.397579	63.968179	67.498975	62.114505	64.851020	57.794646	59.432560	649.075056
27.355275	66.406296	72.336798	65.244996	69.380290	63.922102	67.461794	62.050558	64.792228	57.692704	59.333851	648.621616
27.380280	66.398085	72.342701	65.217764	69.362998	63.876011	67.424609	61.986595	64.733433	57.590757	59.235143	648.168096
27.405285	66.386622	72.348126	65.187294	69.345329	63.827523	67.386665	61.919897	64.674171	57.487945	59.136434	647.700008
27.430289	66.375160	72.353551	65.156824	69.327660	63.779035	67.348721	61.853199	64.614908	57.385133	59.037726	647.231919
27.455294	66.363698	72.358976	65.126354	69.309991	63.730547	67.310777	61.786502	64.555646	57.282321	58.939017	646.763830
27.480299	66.352236	72.364401	65.095885	69.292322	63.682059	67.272833	61.719804	64.496384	57.179509	58.840309	646.295741
27.505304	66.340774	72.369827	65.065415	69.274653	63.633571	67.234889	61.653106	64.437121	57.076697	58.741600	645.827653
27.530309	66.329311	72.375252	65.034945	69.256984	63.585083	67.196945	61.586408	64.377859	56.973885	58.642892	645.359564
27.555314	66.317849	72.380677	65.004475	69.239315	63.536595	67.159001	61.519710	64.318597	56.871073	58.544183	644.891475
27.580318	66.306387	72.386102	64.974005	69.221646	63.488108	67.121057	61.453013	64.259334	56.768261	58.445475	644.423386
27.605323	66.294925	72.391527	64.943535	69.203977	63.439620	67.083113	61.386315	64.200072	56.665449	58.346766	643.955298
27.630328	66.283448	72.396954	64.913054	69.186308	63.391119	67.045171	61.319610	64.140806	56.562638	58.248072	643.487180
27.655333	66.269988	72.402699	64.881118	69.168629	63.340915	67.007495	61.251977	64.081064	56.460053	58.151278	643.015217
27.680338	66.256529	72.408444	64.849182	69.150950	63.290712	66.969819	61.184344	64.021321	56.357468	58.054485	642.543255
27.705343	66.243070	72.414190	64.817246	69.133271	63.240508	66.932144	61.116711	63.961579	56.254883	57.957692	642.071292
27.730347	66.229611	72.419935	64.785310	69.115592	63.190305	66.894468	61.049078	63.901836	56.152297	57.860898	641.599330
27.755352	66.216152	72.425680	64.753374	69.097913	63.140101	66.856792	60.981445	63.842094	56.049712	57.764105	641.127367
27.780357	66.202693	72.431425	64.721437	69.080234	63.089898	66.819117	60.913812	63.782351	55.947127	57.667311	640.655405
27.805362	66.189234	72.437170	64.689501	69.062555	63.039694	66.781441	60.846179	63.722609	55.844542	57.570518	640.183442
27.830367	66.175775	72.442915	64.657565	69.044875	62.989491	66.743766	60.778546	63.662866	55.741956	57.473725	639.711479
27.855371	66.162315	72.448660	64.625629	69.027196	62.939287	66.706090	60.710912	63.603124	55.639371	57.376931	639.239517
27.880376	66.148820	72.454404	64.593661	69.009515	62.889056	66.668412	60.643254	63.543386	55.536798	57.280158	638.767464
27.905381	66.131476	72.459985	64.558305	68.991636	62.835937	66.630472	60.572870	63.484119	55.435518	57.185545	638.285863
27.930386	66.114133	72.465566	64.522950	68.973757	62.782817	66.592533	60.502486	63.424852	55.334238	57.090932	637.804263
27.955391	66.096790	72.471147	64.487594	68.955877	62.729698	66.554594	60.432102	63.365585	55.232957	56.996319	637.322663
27.980396	66.079446	72.476728	64.452238	68.937998	62.676578	66.516654	60.361719	63.306318	55.131677	56.901706	636.841063
28.005400	66.062103	72.482309	64.416883	68.920118	62.623459	66.478715	60.291335	63.247051	55.030397	56.807093	636.359462
28.030405	66.044760	72.487890	64.381527	68.902239	62.570339	66.440776	60.220951	63.187784	54.929116	56.712480	635.877862
28.055410	66.027416	72.493471	64.346172	68.884359	62.517220	66.402836	60.150567	63.128516	54.827836	56.617867	635.396262
28.080415	66.010073	72.499052	64.310816	68.866480	62.464100	66.364897	60.080183	63.069249	54.726556	56.523254	634.914662
28.105420	65.992730	72.504633	64.275461	68.848600	62.410981	66.326958	60.009800	63.009982	54.625276	56.428641	634.433061
28.130425	65.975357	72.510216	64.240081	68.830717	62.357838	66.289016	59.939399	62.950707	54.524054	56.334093	633.951478
28.155429	65.955396	72.515962	64.202596	68.812473	62.302639	66.250850	59.867535	62.890743	54.427975	56.245166	633.471335
28.180434	65.935436	72.521707	64.165111	68.794230	62.247440	66.212684	59.795671	62.830778	54.331897	56.156239	632.991192
28.205439	65.915476	72.527452	64.127625	68.775986	62.192241	66.174519	59.723807	62.770813	54.235818	56.067313	632.511049
28.230444	65.895515	72.533197	64.090140	68.757743	62.137042	66.136353	59.651943	62.710849	54.139739	55.978386	632.030906
28.255449	65.875555	72.538942	64.052655	68.739499	62.081843	66.098187	59.580079	62.650884	54.043660	55.889460	631.550763
28.280453	65.855594	72.544687	64.015170	68.721256	62.026643	66.060021	59.508215	62.590919	53.947582	55.800533	631.070620
28.305458	65.835634	72.550432	63.977684	68.703012	61.971444	66.021856	59.436351	62.530955	53.851503	55.711606	630.590478
28.330463	65.815674	72.556177	63.940199	68.684769	61.916245	65.983690	59.364487	62.470990	53.755424	55.622680	630.110335
28.355468	65.795713	72.561922	63.902714	68.666525	61.861046	65.945524	59.292623	62.411025	53.659346	55.533753	629.630192
28.380473	65.775691	72.567668	63.865179	68.648284	61.805804	65.907358	59.220719	62.351064	53.563267	55.444863	629.149897
28.405478	65.751063	72.573423	63.823952	68.630225	61.747349	65.869183	59.145895	62.291327	53.467188	55.358691	628.658295
28.430482	65.726435	72.579178	63.782726	68.612166	61.688894	65.831007	59.071070	62.231589	53.371108	55.272520	628.166692
28.455487	65.701806	72.584933	63.741499	68.594107	61.630439	65.792831	58.996245	62.171852	53.275029	55.186349	627.675090
28.480492	65.677178	72.590688	63.700272	68.576048	61.571984	65.754655	58.921420	62.112115	53.178950	55.100177	627.183488
28.505497	65.652550	72.596443	63.659046	68.557988	61.513529	65.716480	58.846595	62.052378	53.082870	55.014006	626.691885
28.530502	65.627922	72.602198	63.617819	68.539929	61.455074	65.678304	58.771770	61.992641	52.986791	54.927835	626.200283
28.555506	65.603293	72.607953	63.576592	68.521870	61.396619	65.640128	58.696946	61.932903	52.890712	54.841663	625.708681
28.580511	65.578665	72.613709	63.535366	68.503811	61.338163	65.601953	58.622121	61.873166	52.794633	54.755492	625.217078
28.605516	65.554037	72.619464	63.494139	68.485752	61.279708	65.563777	58.547296	61.813429	52.698553	54.669321	624.725476
28.630521	65.529308	72.625221	63.452818	68.467690	61.221167	65.525597	58.472390	61.753685	52.602421	54.583149	624.233447
28.655526	65.498032	72.631127	63.405405	68.449446	61.157032	65.487168	58.392235	61.693472	52.502872	54.496943	623.713732
28.680531	65.466756	72.637033	63.357992	68.431203	61.092896	65.448738	58.312079	61.633260	52.403323	54.410737	623.194016
28.705535	65.435480	72.642939	63.310579	68.412959	61.028761	65.410309	58.231924	61.573047	52.303773	54.324530	622.674301
28.730540	65.404204	72.648845	63.263166	68.394716	60.964625	65.371879	58.151768	61.512835	52.204224	54.238324	622.154586
28.755545	65.372928	72.654750	63.215753	68.376472	60.900490	65.333450	58.071613	61.452622	52.104674	54.152118	621.634870
28.780550	65.341652	72.660656	63.168339	68.358229	60.836354	65.295021	57.991457	61.392410	52.005125	54.065912	621.115155
28.805555	65.310376	72.666562	63.120926	68.339985	60.772219	65.256591	57.911302	61.332197	51.905576	53.979706	620.595440
28.830560	65.279100	72.672468	63.073513	68.321742	60.708083	65.218162	57.831146	61.271984	51.806026	53.893500	620.075725
28.855564	65.247824	72.678374	63.026100	68.303498	60.643948	65.179732	57.750991	61.211772	51.706477	53.807294	619.556009
28.880569	65.216412	72.684288	62.978556	68.285255	60.579692	65.141316	57.670735	61.151572	51.606864	53.721116	619.035805
28.905574	65.177231	72.690694	62.923472	68.267011	60.508520	65.103640	57.584678	61.092082	51.503617	53.636570	618.487515
28.930579	65.138050	72.697099	62.868389	68.248768	60.437347	65.065965	57.498621	61.032593	51.400369	53.552023	617.939225
28.955584	65.098869	72.703504	62.813306	68.230524	60.366175	65.028289	57.412565	60.973104	51.297122	53.467477	617.390935
28.980588	65.059688	72.709909	62.758222	68.212281	60.295003	64.990613	57.326508	60.913615	51.193874	53.382931	616.842645
29.005593	65.020507	72.716315	62.703139	68.194037	60.223830	64.952938	57.240452	60.854125	51.090627	53.298385	616.294354
29.030598	64.981326	72.722720	62.648055	68.175794	60.152658	64.915262	57.154395	60.794636	50.987380	53.213838	615.746064
29.055603	64.942145	72.729125	62.592972	68.157550	60.081486	64.877586	57.068338	60.735147	50.884132	53.129292	615.197774
29.080608	64.902964	72.735530	62.537889	68.139307	60.010314	64.839911	56.982282	60.675657	50.780885	53.044746	614.649484
29.105613	64.863783	72.741935	62.482805	68.121063	59.939141	64.802235	56.896225	60.616168	50.677638	52.960199	614.101194
29.130617	64.824355	72.748366	62.427477	68.102838	59.867737	64.764574	56.809976	60.556701	50.574254	52.875694	613.551972
29.155622	64.772166	72.756104	62.359517	68.085570	59.784347	64.727647	56.713787	60.498405	50.463867	52.793324	612.954735
29.180627	64.719978	72.763843	62.291557	68.068303	59.700958	64.690719	56.617598	60.440108	50.353481	52.710953	612.357498
29.205632	64.667790	72.771581	62.223597	68.051035	59.617569	64.653792	56.521409	60.381812	50.243094	52.628583	611.760262
29.230637	64.615602	72.779319	62.155638	68.033767	59.534180	64.616865	56.425220	60.323515	50.132707	52.546212	611.163025
29.255641	64.563413	72.787057	62.087678	68.016500	59.450791	64.579938	56.329031	60.265219	50.022320	52.463841	610.565788
29.280646	64.511225	72.794796	62.019718	67.999232	59.367401	64.543011	56.232842	60.206922	49.911934	52.381471	609.968552
29.305651	64.459037	72.802534	61.951758	67.981964	59.284012	64.506084	56.136653	60.148626	49.801547	52.299100	609.371315
29.330656	64.406849	72.810272	61.883798	67.964697	59.200623	64.469157	56.040464	60.090329	49.691160	52.216729	608.774078
29.355661	64.354660	72.818010	61.815838	67.947429	59.117234	64.432230	55.944275	60.032033	49.580773	52.134359	608.176841
29.380666	64.301962	72.825755	61.747383	67.930166	59.033354	64.395313	55.847645	59.973746	49.470036	52.052022	607.577383
29.405670	64.225421	72.833819	61.655771	67.913104	58.926557	64.358908	55.730428	59.915931	49.342920	51.971282	606.874141
29.430675	64.148880	72.841882	61.564160	67.896042	58.819761	64.322503	55.613210	59.858115	49.215805	51.890542	606.170900
29.455680	64.072339	72.849946	61.472549	67.878980	58.712964	64.286098	55.495992	59.800299	49.088690	51.809801	605.467658
29.480685	63.995799	72.858010	61.380938	67.861918	58.606167	64.249693	55.378774	59.742483	48.961574	51.729061	604.764416
29.505690	63.919258	72.866073	61.289327	67.844856	58.499371	64.213288	55.261556	59.684667	48.834459	51.648321	604.061175
29.530695	63.842717	72.874137	61.197716	67.827794	58.392574	64.176883	55.144338	59.626851	48.707343	51.567580	603.357933
29.555699	63.766176	72.882200	61.106105	67.810732	58.285777	64.140478	55.027120	59.569035	48.580228	51.486840	602.654692
29.580704	63.689635	72.890264	61.014493	67.793670	58.178981	64.104073	54.909902	59.511219	48.453112	51.406100	601.951450
29.605709	63.613095	72.898327	60.922882	67.776608	58.072184	64.067668	54.792684	59.453404	48.325997	51.325360	601.248208
29.630714	63.535411	72.906392	60.830132	67.759537	57.964256	64.031257	54.674431	59.395582	48.197981	51.244607	600.539585
29.655719	63.408936	72.914478	60.688738	67.742089	57.808027	63.994589	54.511979	59.337518	48.031545	51.163321	599.601221
29.680723	63.282462	72.922564	60.547345	67.724642	57.651799	63.957920	54.349527	59.279453	47.865109	51.082035	598.662856
29.705728	63.155987	72.930650	60.405952	67.707195	57.495570	63.921251	54.187074	59.221389	47.698673	51.000750	597.724492
29.730733	63.029513	72.938737	60.264559	67.689747	57.339341	63.884583	54.024622	59.163325	47.532237	50.919464	596.786128
29.755738	62.903038	72.946823	60.123166	67.672300	57.183112	63.847914	53.862170	59.105260	47.365801	50.838178	595.847763
29.780743	62.776564	72.954909	59.981772	67.654853	57.026883	63.811245	53.699718	59.047196	47.199365	50.756893	594.909399
29.805748	62.650089	72.962996	59.840379	67.637405	56.870655	63.774576	53.537266	58.989132	47.032929	50.675607	593.971035
29.830752	62.523615	72.971082	59.698986	67.619958	56.714426	63.737908	53.374813	58.931068	46.866493	50.594321	593.032670
29.855757	62.397141	72.979168	59.557593	67.602511	56.558197	63.701239	53.212361	58.873003	46.700057	50.513036	592.094306
29.880762	62.267191	72.987250	59.412816	67.585054	56.398652	63.664565	53.046850	58.814933	46.530970	50.431757	591.140039
29.905767	62.000706	72.995139	59.135089	67.567238	56.108800	63.627664	52.761142	58.756637	46.257736	50.350762	589.560914
29.930772	61.734221	73.003029	58.857362	67.549422	55.818948	63.590764	52.475435	58.698340	45.984501	50.269766	587.981788
29.955776	61.467736	73.010918	58.579635	67.531606	55.529097	63.553864	52.189727	58.640044	45.711267	50.188770	586.402663
29.980781	61.201251	73.018808	58.301908	67.513790	55.239245	63.516963	51.904019	58.581747	45.438032	50.107775	584.823537
30.005786	60.934766	73.026697	58.024181	67.495973	54.949393	63.480063	51.618311	58.523451	45.164797	50.026779	583.244412
30.030791	60.668281	73.034587	57.746454	67.478157	54.659541	63.443162	51.332603	58.465154	44.891563	49.945783	581.665286
30.055796	60.401796	73.042477	57.468727	67.460341	54.369690	63.406262	51.046895	58.406858	44.618328	49.864788	580.086161
30.080801	60.135311	73.050366	57.191000	67.442525	54.079838	63.369362	50.761187	58.348561	44.345093	49.783792	578.507035
30.105805	59.868825	73.058256	56.913273	67.424709	53.789986	63.332461	50.475480	58.290265	44.071859	49.702797	576.927910
30.130810	59.588998	73.066141	56.623016	67.406882	53.488320	63.295548	50.178755	58.231968	43.789236	49.621742	575.290607
30.155815	58.823682	73.073879	55.876814	67.388660	52.756756	63.258157	49.481154	58.173672	43.165023	49.538541	571.536339
30.180820	58.058366	73.081618	55.130612	67.370437	52.025191	63.220767	48.783553	58.115376	42.540809	49.455340	567.782070
30.205825	57.293050	73.089356	54.384411	67.352215	51.293627	63.183376	48.085952	58.057080	41.916596	49.372140	564.027802
30.230830	56.527733	73.097094	53.638209	67.333993	50.562063	63.145986	47.388351	57.998784	41.292382	49.288939	560.273534
30.255834	55.762417	73.104832	52.892007	67.315771	49.830498	63.108596	46.690750	57.940488	40.668168	49.205738	556.519266
30.280839	54.997101	73.112571	52.145806	67.297549	49.098934	63.071205	45.993149	57.882192	40.043955	49.122537	552.764998
30.305844	54.231784	73.120309	51.399604	67.279326	48.367369	63.033815	45.295548	57.823896	39.419741	49.039336	549.010729
30.330849	53.466468	73.128047	50.653402	67.261104	47.635805	62.996424	44.597947	57.765600	38.795528	48.956136	545.256461
30.355854	52.701152	73.135785	49.907201	67.242882	46.904240	62.959034	43.900346	57.707304	38.171314	48.872935	541.502193
30.380858	51.861305	73.143504	49.093251	67.224648	46.111254	62.921628	43.145049	57.649001	37.499020	48.789711	537.438373
30.405863	48.496818	73.150570	45.984422	67.206036	43.237661	62.883716	40.435359	57.590462	35.198056	48.705710	522.888810
30.430868	45.132330	73.157635	42.875593	67.187424	40.364068	62.845804	37.725670	57.531923	32.897091	48.621709	508.339248
30.455873	41.767843	73.164700	39.766763	67.168812	37.490475	62.807892	35.015981	57.473384	30.596127	48.537708	493.789686
30.480878	38.403356	73.171766	36.657934	67.150199	34.616882	62.769980	32.306291	57.414845	28.295163	48.453707	479.240123
30.505883	35.038868	73.178831	33.549105	67.131587	31.743289	62.732068	29.596602	57.356306	25.994199	48.369706	464.690561
30.530887	31.674381	73.185896	30.440275	67.112975	28.869696	62.694156	26.886912	57.297767	23.693234	48.285705	450.140999
30.555892	28.309894	73.192962	27.331446	67.094362	25.996103	62.656244	24.177223	57.239228	21.392270	48.201705	435.591436
30.580897	24.945406	73.200027	24.222617	67.075750	23.122511	62.618332	21.467533	57.180689	19.091306	48.117704	421.041874
30.605902	21.580919	73.207093	21.113788	67.057138	20.248918	62.580420	18.757844	57.122149	16.790341	48.033703	406.492312
30.630907	18.296392	73.214107	18.078074	67.038465	17.442046	62.542463	16.111184	57.063588	14.542440	47.949634	392.278394
30.655912	17.544733	73.219509	17.358396	67.017891	16.748663	62.503075	15.461083	57.004326	13.975387	47.863428	388.696492
30.680916	16.793074	73.224912	16.638718	66.997317	16.055280	62.463687	14.810981	56.945063	13.408334	47.777222	385.114589
30.705921	16.041414	73.230314	15.919041	66.976743	15.361897	62.424300	14.160880	56.885801	12.841281	47.691016	381.532687
30.730926	15.289755	73.235716	15.199363	66.956170	14.668514	62.384912	13.510778	56.826539	12.274229	47.604810	377.950785
30.755931	14.538096	73.241119	14.479686	66.935596	13.975131	62.345525	12.860677	56.767276	11.707176	47.518604	374.368883
30.780936	13.786436	73.246521	13.760008	66.915022	13.281748	62.306137	12.210575	56.708014	11.140123	47.432398	370.786981
30.805940	13.034777	73.251923	13.040331	66.894448	12.588364	62.266750	11.560474	56.648752	10.573070	47.346192	367.205079
30.830945	12.283118	73.257325	12.320653	66.873874	11.894981	62.227362	10.910372	56.589489	10.006017	47.259985	363.623177
30.855950	11.531458	73.262728	11.600976	66.853300	11.201598	62.187974	10.260270	56.530227	9.438964	47.173779	360.041275
30.880955	10.795387	73.268066	10.896044	66.832669	10.522225	62.148546	9.623361	56.470903	8.883303	47.087467	356.527971
30.905960	10.522884	73.271503	10.629642	66.810339	10.259507	62.107915	9.378776	56.409740	8.666426	46.998000	355.054731
30.930965	10.250381	73.274939	10.363240	66.788009	9.996788	62.067283	9.134191	56.348577	8.449549	46.908534	353.581492
30.955969	9.977878	73.278376	10.096838	66.765679	9.734069	62.026652	8.889606	56.287415	8.232672	46.819067	352.108252
30.980974	9.705376	73.281813	9.830437	66.743349	9.471350	61.986020	8.645021	56.226252	8.015795	46.729600	350.635013
31.005979	9.432873	73.285249	9.564035	66.721019	9.208632	61.945389	8.400437	56.165089	7.798918	46.640133	349.161773
31.030984	9.160370	73.288686	9.297633	66.698689	8.945913	61.904757	8.155852	56.103926	7.582041	46.550667	347.688534
31.055989	8.887867	73.292123	9.031231	66.676359	8.683194	61.864126	7.911267	56.042764	7.365164	46.461200	346.215294
31.080993	8.615364	73.295559	8.764829	66.654029	8.420476	61.823494	7.666682	55.981601	7.148287	46.371733	344.742055
31.105998	8.342862	73.298996	8.498428	66.631699	8.157757	61.782863	7.422097	55.920438	6.931409	46.282266	343.268815
31.131003	8.075111	73.302415	8.236679	66.609341	7.899653	61.742206	7.181824	55.859250	6.718326	46.192725	341.817530
31.156008	7.940506	73.305348	8.105311	66.586210	7.770866	61.700821	7.062366	55.797360	6.611528	46.101082	340.981399
31.181013	7.805902	73.308280	7.973944	66.563079	7.642079	61.659436	6.942909	55.735469	6.504731	46.009440	340.145268
31.206018	7.671298	73.311213	7.842576	66.539947	7.513292	61.618051	6.823451	55.673578	6.397933	45.917797	339.309137
31.231022	7.536693	73.314146	7.711208	66.516816	7.384505	61.576667	6.703993	55.611688	6.291135	45.826155	338.473006
31.256027	7.402089	73.317078	7.579841	66.493685	7.255718	61.535282	6.584535	55.549797	6.184338	45.734513	337.636874
31.281032	7.267484	73.320011	7.448473	66.470553	7.126931	61.493897	6.465078	55.487906	6.077540	45.642870	336.800743
31.306037	7.132880	73.322943	7.317106	66.447422	6.998143	61.452512	6.345620	55.426016	5.970742	45.551228	335.964612
31.331042	6.998275	73.325876	7.185738	66.424290	6.869356	61.411128	6.226162	55.364125	5.863945	45.459585	335.128481
31.356047	6.863671	73.328808	7.054370	66.401159	6.740569	61.369743	6.106705	55.302234	5.757147	45.367943	334.292350
31.381051	6.730895	73.331729	6.924850	66.378014	6.613649	61.328349	5.988968	55.240336	5.651894	45.276132	333.464814
31.406056	6.646539	73.334337	6.844235	66.354519	6.536157	61.286706	5.916799	55.178233	5.587537	45.179854	332.864916
31.431061	6.562183	73.336945	6.763621	66.331025	6.458665	61.245063	5.844630	55.116130	5.523180	45.083577	332.265018
31.456066	6.477827	73.339552	6.683007	66.307530	6.381173	61.203419	5.772461	55.054027	5.458823	44.987299	331.665120
31.481071	6.393471	73.342160	6.602393	66.284035	6.303681	61.161776	5.700292	54.991924	5.394466	44.891022	331.065222
31.506075	6.309116	73.344768	6.521779	66.260540	6.226189	61.120133	5.628124	54.929821	5.330109	44.794744	330.465323
31.531080	6.224760	73.347376	6.441165	66.237045	6.148698	61.078490	5.555955	54.867718	5.265752	44.698467	329.865425
31.556085	6.140404	73.349983	6.360551	66.213550	6.071206	61.036847	5.483786	54.805616	5.201395	44.602189	329.265527
31.581090	6.056048	73.352591	6.279937	66.190055	5.993714	60.995204	5.411617	54.743513	5.137038	44.505912	328.665629
31.606095	5.971692	73.355199	6.199323	66.166560	5.916222	60.953561	5.339448	54.681410	5.072681	44.409634	328.065730
31.631100	5.888279	73.357795	6.119638	66.143050	5.839672	60.911898	5.268154	54.619315	5.009088	44.313044	327.469933
31.656104	5.828529	73.360090	6.063286	66.119143	5.786756	60.869760	5.218805	54.557424	4.964656	44.208615	326.977063
31.681109	5.768779	73.362385	6.006933	66.095237	5.733839	60.827621	5.169455	54.495534	4.920224	44.104185	326.484193
31.706114	5.709029	73.364680	5.950580	66.071331	5.680923	60.785483	5.120106	54.433643	4.875792	43.999755	325.991323
31.731119	5.649279	73.366975	5.894227	66.047425	5.628006	60.743344	5.070757	54.371752	4.831361	43.895326	325.498452
31.756124	5.589530	73.369271	5.837874	66.023518	5.575090	60.701206	5.021407	54.309862	4.786929	43.790896	325.005582
31.781128	5.529780	73.371566	5.781521	65.999612	5.522174	60.659067	4.972058	54.247971	4.742497	43.686467	324.512712
31.806133	5.470030	73.373861	5.725168	65.975706	5.469257	60.616929	4.922709	54.186080	4.698065	43.582037	324.019842
31.831138	5.410280	73.376156	5.668816	65.951799	5.416341	60.574790	4.873359	54.124189	4.653633	43.477607	323.526972
31.856143	5.350530	73.378451	5.612463	65.927893	5.363425	60.532652	4.824010	54.062299	4.609201	43.373178	323.034101
31.881148	5.291334	73.380746	5.556667	65.903971	5.311041	60.490504	4.775164	54.000418	4.565223	43.267914	322.542984
31.906153	5.245359	73.383023	5.514163	65.879680	5.271352	60.448134	4.738327	53.938786	4.532064	43.142766	322.093654
31.931157	5.199384	73.385301	5.471659	65.855388	5.231664	60.405764	4.701490	53.877153	4.498904	43.017618	321.644325
31.956162	5.153408	73.387579	5.429155	65.831097	5.191975	60.363393	4.664653	53.815520	4.465744	42.892471	321.194995
31.981167	5.107433	73.389856	5.386650	65.806805	5.152287	60.321023	4.627816	53.753887	4.432585	42.767323	320.745666
32.006172	5.061457	73.392134	5.344146	65.782513	5.112599	60.278653	4.590979	53.692254	4.399425	42.642175	320.296336
32.031177	5.015482	73.394412	5.301642	65.758222	5.072910	60.236283	4.554142	53.630622	4.366265	42.517027	319.847007
32.056182	4.969507	73.396690	5.259138	65.733930	5.033222	60.193913	4.517305	53.568989	4.333106	42.391879	319.397677
32.081186	4.923531	73.398967	5.216634	65.709638	4.993534	60.151542	4.480468	53.507356	4.299946	42.266731	318.948348
32.106191	4.877556	73.401245	5.174129	65.685347	4.953845	60.109172	4.443630	53.445723	4.266786	42.141584	318.499018
32.131196	4.831900	73.403516	5.131927	65.661046	4.914475	60.066812	4.407057	53.384110	4.233873	42.014540	318.049256
32.156201	4.793503	73.405643	5.096566	65.636544	4.882324	60.024679	4.376481	53.322947	4.206553	41.844440	317.589680
32.181206	4.755105	73.407769	5.061205	65.612042	4.850173	59.982546	4.345906	53.261785	4.179233	41.674339	317.130103
32.206210	4.716708	73.409896	5.025844	65.587540	4.818022	59.940412	4.315330	53.200622	4.151913	41.504239	316.670526
32.231215	4.678310	73.412022	4.990483	65.563038	4.785872	59.898279	4.284754	53.139459	4.124593	41.334139	316.210950
32.256220	4.639913	73.414148	4.955122	65.538536	4.753721	59.856146	4.254178	53.078297	4.097273	41.164039	315.751373
32.281225	4.601516	73.416275	4.919762	65.514034	4.721570	59.814013	4.223602	53.017134	4.069953	40.993939	315.291796
32.306230	4.563118	73.418401	4.884401	65.489532	4.689419	59.771879	4.193026	52.955971	4.042633	40.823838	314.832220
32.331235	4.524721	73.420528	4.849040	65.465030	4.657269	59.729746	4.162450	52.894808	4.015313	40.653738	314.372643
32.356239	4.486323	73.422654	4.813679	65.440528	4.625118	59.687613	4.131874	52.833646	3.987993	40.483638	313.913066
32.381244	4.448138	73.424773	4.778527	65.416010	4.593165	59.645458	4.101502	52.772451	3.960845	40.310733	313.451603
32.406249	4.414545	73.426744	4.747901	65.391144	4.565504	59.602829	4.075542	52.710571	3.937431	40.077030	312.949241
32.431254	4.380952	73.428714	4.717275	65.366278	4.537844	59.560201	4.049582	52.648690	3.914016	39.843328	312.446879
32.456259	4.347359	73.430685	4.686649	65.341412	4.510183	59.517572	4.023622	52.586809	3.890602	39.609625	311.944518
32.481263	4.313766	73.432655	4.656023	65.316546	4.482522	59.474943	3.997662	52.524929	3.867187	39.375923	311.442156
32.506268	4.280173	73.434625	4.625398	65.291680	4.454861	59.432315	3.971702	52.463048	3.843773	39.142220	310.939795
32.531273	4.246580	73.436596	4.594772	65.266814	4.427200	59.389686	3.945743	52.401167	3.820358	38.908518	310.437433
32.556278	4.212987	73.438566	4.564146	65.241947	4.399540	59.347057	3.919783	52.339287	3.796944	38.674815	309.935071
32.581283	4.179394	73.440537	4.533520	65.217081	4.371879	59.304429	3.893823	52.277406	3.773529	38.441113	309.432710
32.606288	4.145801	73.442507	4.502894	65.192215	4.344218	59.261800	3.867863	52.215525	3.750115	38.207410	308.930348
32.631292	4.112414	73.444462	4.472463	65.167322	4.316739	59.219149	3.842080	52.153590	3.726860	37.970216	308.425296
32.656297	4.083309	73.446102	4.446068	65.141865	4.293019	59.176030	3.819976	52.090527	3.706916	37.660662	307.864476
32.681302	4.054203	73.447743	4.419673	65.116409	4.269300	59.132912	3.797872	52.027464	3.686972	37.351108	307.303655
32.706307	4.025097	73.449383	4.393278	65.090952	4.245581	59.089793	3.775768	51.964401	3.667028	37.041554	306.742835
32.731312	3.995992	73.451023	4.366882	65.065496	4.221862	59.046674	3.753663	51.901338	3.647084	36.732000	306.182015
32.756317	3.966886	73.452664	4.340487	65.040039	4.198142	59.003556	3.731559	51.838275	3.627141	36.422446	305.621195
32.781321	3.937781	73.454304	4.314092	65.014583	4.174423	58.960437	3.709455	51.775212	3.607197	36.112892	305.060375
32.806326	3.908675	73.455944	4.287697	64.989126	4.150704	58.917318	3.687351	51.712148	3.587253	35.803338	304.499554
32.831331	3.879569	73.457585	4.261302	64.963670	4.126984	58.874199	3.665246	51.649085	3.567309	35.493784	303.938734
32.856336	3.850464	73.459225	4.234907	64.938213	4.103265	58.831081	3.643142	51.586022	3.547365	35.184230	303.377914
32.881341	3.821455	73.460858	4.208606	64.912747	4.079628	58.787962	3.621100	51.522902	3.527474	34.863746	302.806478
32.906345	3.794368	73.462342	4.184171	64.887101	4.057629	58.744838	3.600291	51.458651	3.508627	34.326291	302.024310
32.931350	3.767282	73.463826	4.159736	64.861455	4.035629	58.701715	3.579482	51.394400	3.489780	33.788837	301.242143
32.956355	3.740195	73.465311	4.135302	64.835809	4.013630	58.658591	3.558673	51.330149	3.470933	33.251382	300.459975
32.981360	3.713109	73.466795	4.110867	64.810162	3.991630	58.615468	3.537864	51.265898	3.452086	32.713927	299.677807
33.006365	3.686023	73.468279	4.086432	64.784516	3.969631	58.572345	3.517055	51.201646	3.433240	32.176472	298.895639
33.031370	3.658936	73.469764	4.061998	64.758870	3.947631	58.529221	3.496246	51.137395	3.414393	31.639017	298.113471
33.056374	3.631850	73.471248	4.037563	64.733224	3.925632	58.486098	3.475437	51.073144	3.395546	31.101563	297.331303
33.081379	3.604763	73.472732	4.013128	64.707577	3.903632	58.442974	3.454629	51.008893	3.376699	30.564108	296.549135
33.106384	3.577677	73.474216	3.988694	64.681931	3.881633	58.399851	3.433820	50.944642	3.357852	30.026653	295.766968
33.131389	3.550759	73.475643	3.964421	64.656285	3.859796	58.356753	3.413175	50.880274	3.339166	29.435160	294.931433
33.156394	3.527061	73.475973	3.943242	64.630649	3.841053	58.314152	3.395667	50.813673	3.323553	27.814481	293.079504
33.181399	3.503363	73.476303	3.922062	64.605013	3.822310	58.271550	3.378158	50.747072	3.307940	26.193802	291.227574
33.206403	3.479665	73.476633	3.900883	64.579377	3.803567	58.228948	3.360650	50.680472	3.292327	24.573123	289.375645
33.231408	3.455967	73.476963	3.879704	64.553741	3.784824	58.186346	3.343141	50.613871	3.276714	22.952444	287.523715
33.256413	3.432269	73.477293	3.858524	64.528104	3.766081	58.143744	3.325633	50.547270	3.261101	21.331765	285.671786
33.281418	3.408571	73.477623	3.837345	64.502468	3.747338	58.101142	3.308125	50.480670	3.245488	19.711086	283.819856
33.306423	3.384873	73.477954	3.816166	64.476832	3.728595	58.058540	3.290616	50.414069	3.229875	18.090407	281.967927
33.331427	3.361175	73.478284	3.794986	64.451196	3.709852	58.015939	3.273108	50.347468	3.214262	16.469728	280.115997
33.356432	3.337477	73.478614	3.773807	64.425559	3.691110	57.973337	3.255599	50.280868	3.198649	14.849049	278.264068
33.381437	3.313892	73.478834	3.752721	64.399893	3.672457	57.930721	3.238177	50.214131	3.183104	13.291079	276.475009
33.406442	3.292376	73.477037	3.733347	64.373678	3.655453	57.887861	3.222334	50.144917	3.168791	12.880657	275.836451
33.431447	3.270860	73.475241	3.713972	64.347462	3.638449	57.845001	3.206491	50.075703	3.154478	12.470236	275.197892
33.456452	3.249344	73.473445	3.694598	64.321247	3.621445	57.802141	3.190648	50.006489	3.140165	12.059814	274.559334
33.481456	3.227828	73.471648	3.675223	64.295031	3.604441	57.759280	3.174805	49.937274	3.125853	11.649392	273.920776
33.506461	3.206312	73.469852	3.655849	64.268816	3.587437	57.716420	3.158962	49.868060	3.111540	11.238971	273.282218
33.531466	3.184796	73.468056	3.636474	64.242601	3.570433	57.673560	3.143119	49.798846	3.097227	10.828549	272.643659
33.556471	3.163280	73.466259	3.617100	64.216385	3.553429	57.630699	3.127276	49.729632	3.082914	10.418127	272.005101
33.581476	3.141764	73.464463	3.597725	64.190170	3.536425	57.587839	3.111432	49.660417	3.068602	10.007706	271.366543
33.606480	3.120248	73.462666	3.578351	64.163954	3.519421	57.544979	3.095589	49.591203	3.054289	9.597284	270.727985
33.631485	3.098783	73.460799	3.559020	64.137667	3.502444	57.502053	3.079777	49.521835	3.040000	9.200220	270.102597
33.656490	3.078202	73.457688	3.540446	64.110106	3.485940	57.457976	3.064499	49.449771	3.026127	9.038354	269.709110
33.681495	3.057621	73.454576	3.521872	64.082545	3.469437	57.413899	3.049221	49.377706	3.012254	8.876489	269.315622
33.706500	3.037041	73.451464	3.503299	64.054985	3.452934	57.369823	3.033943	49.305641	2.998382	8.714623	268.922134
33.731505	3.016460	73.448352	3.484725	64.027424	3.436431	57.325746	3.018665	49.233576	2.984509	8.552757	268.528646
33.756509	2.995880	73.445240	3.466152	63.999864	3.419928	57.281669	3.003388	49.161511	2.970636	8.390891	268.135158
33.781514	2.975299	73.442128	3.447578	63.972303	3.403425	57.237592	2.988110	49.089447	2.956764	8.229025	267.741671
33.806519	2.954719	73.439016	3.429005	63.944742	3.386921	57.193515	2.972832	49.017382	2.942891	8.067159	267.348183
33.831524	2.934138	73.435905	3.410431	63.917182	3.370418	57.149438	2.957554	48.945317	2.929018	7.905294	266.954695
33.856529	2.913558	73.432793	3.391857	63.889621	3.353915	57.105361	2.942276	48.873252	2.915146	7.743428	266.561207
33.881534	2.893089	73.429719	3.373384	63.862106	3.337518	57.061328	2.927101	48.800976	2.901371	7.585903	266.172494
33.906538	2.874505	73.427290	3.356609	63.835358	3.322920	57.018032	2.913663	48.725121	2.889257	7.502021	265.864776
33.931543	2.855921	73.424862	3.339835	63.808610	3.308321	56.974735	2.900226	48.649265	2.877144	7.418138	265.557058
33.956548	2.837338	73.422433	3.323060	63.781862	3.293723	56.931439	2.886788	48.573410	2.865030	7.334256	265.249340
33.981553	2.818754	73.420005	3.306286	63.755115	3.279125	56.888143	2.873351	48.497554	2.852916	7.250373	264.941622
34.006558	2.800171	73.417577	3.289511	63.728367	3.264527	56.844846	2.859913	48.421698	2.840803	7.166491	264.633904
34.031562	2.781587	73.415148	3.272737	63.701619	3.249928	56.801550	2.846476	48.345843	2.828689	7.082608	264.326186
34.056567	2.763004	73.412720	3.255962	63.674871	3.235330	56.758254	2.833038	48.269987	2.816576	6.998726	264.018468
34.081572	2.744420	73.410291	3.239188	63.648123	3.220732	56.714957	2.819601	48.194132	2.804462	6.914844	263.710750
34.106577	2.725836	73.407863	3.222413	63.621375	3.206134	56.671661	2.806163	48.118276	2.792348	6.830961	263.403031
34.131582	2.707342	73.405547	3.205714	63.594673	3.191595	56.628423	2.792779	48.042039	2.780283	6.748860	263.097254
34.156587	2.690314	73.405079	3.190250	63.568710	3.178026	56.586133	2.780256	47.959552	2.769006	6.695905	262.823231
34.181591	2.673286	73.404611	3.174786	63.542748	3.164457	56.543844	2.767734	47.877065	2.757728	6.642949	262.549208
34.206596	2.656258	73.404143	3.159322	63.516785	3.150889	56.501554	2.755211	47.794578	2.746451	6.589994	262.275185
34.231601	2.639230	73.403675	3.143857	63.490823	3.137320	56.459265	2.742689	47.712091	2.735173	6.537038	262.001163
34.256606	2.622202	73.403207	3.128393	63.464860	3.123752	56.416976	2.730166	47.629605	2.723896	6.484083	261.727140
34.281611	2.605174	73.402739	3.112929	63.438898	3.110183	56.374686	2.717644	47.547118	2.712618	6.431127	261.453117
34.306615	2.588146	73.402271	3.097465	63.412936	3.096614	56.332397	2.705122	47.464631	2.701341	6.378172	261.179094
34.331620	2.571118	73.401803	3.082000	63.386973	3.083046	56.290108	2.692599	47.382144	2.690063	6.325216	260.905071
34.356625	2.554090	73.401335	3.066536	63.361011	3.069477	56.247818	2.680077	47.299657	2.678786	6.272261	260.631048
34.381630	2.537099	73.400885	3.051091	63.335070	3.055929	56.205541	2.667576	47.215755	2.667535	6.220177	260.356658
34.406635	2.520686	73.400734	3.035952	63.309471	3.042701	56.163451	2.655418	47.109491	2.656698	6.181864	260.076467
34.431640	2.504273	73.400583	3.020813	63.283872	3.029473	56.121361	2.643261	47.003228	2.645861	6.143552	259.796276
34.456644	2.487859	73.400431	3.005675	63.258273	3.016245	56.079271	2.631103	46.896964	2.635024	6.105239	259.516086
34.481649	2.471446	73.400280	2.990536	63.232674	3.003017	56.037182	2.618946	46.790700	2.624188	6.066926	259.235895
34.506654	2.455033	73.400129	2.975397	63.207075	2.989789	55.995092	2.606788	46.684437	2.613351	6.028614	258.955704
34.531659	2.438620	73.399978	2.960258	63.181476	2.976561	55.953002	2.594630	46.578173	2.602514	5.990301	258.675513
34.556664	2.422207	73.399826	2.945119	63.155877	2.963333	55.910912	2.582473	46.471909	2.591677	5.951989	258.395322
34.581669	2.405794	73.399675	2.929980	63.130279	2.950105	55.868823	2.570315	46.365646	2.580840	5.913676	258.115132
34.606673	2.389380	73.399524	2.914841	63.104680	2.936877	55.826733	2.558158	46.259382	2.570003	5.875363	257.834941
34.631678	2.373044	73.399371	2.899782	63.079079	2.923734	55.784658	2.546080	46.150945	2.559220	5.837536	257.553449
34.656683	2.357888	73.399197	2.885943	63.053454	2.911886	55.742810	2.535223	46.009314	2.549248	5.807125	257.252089
34.681688	2.342732	73.399023	2.872105	63.027829	2.900038	55.700962	2.524366	45.867684	2.539276	5.776714	256.950729
34.706693	2.327576	73.398849	2.858266	63.002204	2.888190	55.659114	2.513509	45.726053	2.529304	5.746303	256.649369
34.731697	2.312420	73.398675	2.844427	62.976579	2.876343	55.617266	2.502652	45.584422	2.519332	5.715892	256.348008
34.756702	2.297264	73.398501	2.830589	62.950954	2.864495	55.575418	2.491795	45.442791	2.509360	5.685481	256.046648
34.781707	2.282108	73.398327	2.816750	62.925329	2.852647	55.533570	2.480938	45.301161	2.499388	5.655069	255.745288
34.806712	2.266952	73.398153	2.802911	62.899705	2.840799	55.491722	2.470081	45.159530	2.489416	5.624658	255.443928
34.831717	2.251796	73.397979	2.789073	62.874080	2.828952	55.449873	2.459224	45.017899	2.479444	5.594247	255.142568
34.856722	2.236640	73.397805	2.775234	62.848455	2.817104	55.408025	2.448367	44.876269	2.469473	5.563836	254.841207
34.881726	2.221571	73.397600	2.761467	62.822817	2.805288	55.366207	2.437556	44.732551	2.459555	5.533768	254.538380
34.906731	2.207780	73.396940	2.748754	62.796992	2.793946	55.324822	2.427429	44.557992	2.450448	5.508763	254.213866
34.931736	2.193988	73.396280	2.736042	62.771166	2.782604	55.283437	2.417302	44.383433	2.441341	5.483758	253.889352
34.956741	2.180197	73.395619	2.723329	62.745341	2.771262	55.242053	2.407176	44.208875	2.432234	5.458753	253.564839
34.981746	2.166405	73.394959	2.710617	62.719516	2.759920	55.200668	2.397049	44.034316	2.423127	5.433748	253.240325
35.006750	2.152614	73.394299	2.697905	62.693690	2.748577	55.159283	2.386922	43.859757	2.414020	5.408744	252.915812
35.031755	2.138823	73.393639	2.685192	62.667865	2.737235	55.117898	2.376795	43.685199	2.404913	5.383739	252.591298
35.056760	2.125031	73.392979	2.672480	62.642040	2.725893	55.076514	2.366668	43.510640	2.395806	5.358734	252.266784
35.081765	2.111240	73.392319	2.659767	62.616214	2.714551	55.035129	2.356541	43.336081	2.386699	5.333729	251.942271
35.106770	2.097448	73.391659	2.647055	62.590389	2.703209	54.993744	2.346414	43.161523	2.377592	5.308724	251.617757
35.131775	2.083679	73.390998	2.634364	62.564753	2.691911	54.952602	2.336300	42.984838	2.368500	5.283897	251.291841
35.156779	2.070220	73.390325	2.621981	62.541827	2.681254	54.914926	2.326358	42.777722	2.359620	5.261613	250.945846
35.181784	2.056760	73.389652	2.609599	62.518901	2.670596	54.877250	2.316416	42.570607	2.350741	5.239329	250.599851
35.206789	2.043301	73.388979	2.597217	62.495976	2.659939	54.839575	2.306474	42.363491	2.341861	5.217044	250.253857
35.231794	2.029842	73.388306	2.584834	62.473050	2.649282	54.801899	2.296532	42.156375	2.332981	5.194760	249.907862
35.256799	2.016383	73.387633	2.572452	62.450124	2.638625	54.764224	2.286590	41.949260	2.324101	5.172476	249.561868
35.281804	2.002924	73.386961	2.560070	62.427199	2.627967	54.726548	2.276648	41.742144	2.315222	5.150191	249.215873
35.306808	1.989465	73.386288	2.547687	62.404273	2.617310	54.688872	2.266706	41.535029	2.306342	5.127907	248.869879
35.331813	1.976006	73.385615	2.535305	62.381347	2.606653	54.651197	2.256764	41.327913	2.297462	5.105623	248.523884
35.356818	1.962547	73.384942	2.522922	62.358422	2.595995	54.613521	2.246822	41.120798	2.288583	5.083338	248.177890
35.381823	1.949191	73.384237	2.510628	62.335888	2.585407	54.576340	2.236979	40.908376	2.279775	5.061200	247.828023
35.406828	1.937278	73.383082	2.499556	62.318788	2.575786	54.546024	2.228508	40.622357	2.271974	5.041086	247.424439
35.431832	1.925364	73.381928	2.488484	62.301689	2.566164	54.515708	2.220036	40.336338	2.264172	5.020972	247.020855
35.456837	1.913451	73.380774	2.477412	62.284590	2.556542	54.485391	2.211564	40.050318	2.256371	5.000859	246.617271
35.481842	1.901537	73.379620	2.466340	62.267490	2.546920	54.455075	2.203093	39.764299	2.248569	4.980745	246.213688
35.506847	1.889623	73.378466	2.455267	62.250391	2.537298	54.424759	2.194621	39.478279	2.240768	4.960631	245.810104
35.531852	1.877710	73.377311	2.444195	62.233292	2.527676	54.394443	2.186150	39.192260	2.232966	4.940517	245.406520
35.556857	1.865796	73.376157	2.433123	62.216192	2.518055	54.364127	2.177678	38.906240	2.225165	4.920403	245.002936
35.581861	1.853883	73.375003	2.422051	62.199093	2.508433	54.333810	2.169206	38.620221	2.217363	4.900289	244.599352
35.606866	1.841969	73.373849	2.410979	62.181994	2.498811	54.303494	2.160735	38.334201	2.209562	4.880175	244.195768
35.631871	1.830066	73.372661	2.399929	62.164934	2.489200	54.273264	2.152263	38.030614	2.201790	4.860174	243.774893
35.656876	1.818298	73.371020	2.389177	62.148404	2.479739	54.244186	2.143786	37.490607	2.194419	4.841691	243.121326
35.681881	1.806531	73.369380	2.378425	62.131874	2.470278	54.215108	2.135310	36.950600	2.187047	4.823207	242.467759
35.706886	1.794763	73.367740	2.367673	62.115343	2.460817	54.186031	2.126834	36.410592	2.179676	4.804723	241.814192
35.731890	1.782996	73.366099	2.356921	62.098813	2.451356	54.156953	2.118357	35.870585	2.172304	4.786240	241.160625
35.756895	1.771228	73.364459	2.346169	62.082283	2.441895	54.127875	2.109881	35.330578	2.164933	4.767756	240.507058
35.781900	1.759461	73.362819	2.335416	62.065753	2.432433	54.098798	2.101405	34.790571	2.157562	4.749273	239.853490
35.806905	1.747693	73.361179	2.324664	62.049223	2.422972	54.069720	2.092928	34.250564	2.150190	4.730789	239.199923
35.831910	1.735925	73.359538	2.313912	62.032693	2.413511	54.040643	2.084452	33.710557	2.142819	4.712306	238.546356
35.856914	1.724158	73.357898	2.303160	62.016163	2.404050	54.011565	2.075975	33.170550	2.135447	4.693822	237.892789
35.881919	1.712412	73.356223	2.292419	61.999564	2.394602	53.982434	2.067525	32.543231	2.128045	4.675454	237.151910
35.906924	1.700955	73.354097	2.281818	61.982075	2.385320	53.952603	2.059419	30.775179	2.120233	4.658601	235.270299
35.931929	1.689499	73.351970	2.271217	61.964586	2.376038	53.922772	2.051312	29.007126	2.112422	4.641748	233.388689
35.956934	1.678042	73.349844	2.260617	61.947096	2.366756	53.892941	2.043205	27.239073	2.104610	4.624895	231.507078
35.981939	1.666585	73.347717	2.250016	61.929607	2.357475	53.863110	2.035098	25.471020	2.096799	4.608041	229.625468
36.006943	1.655128	73.345591	2.239415	61.912118	2.348193	53.833279	2.026991	23.702968	2.088987	4.591188	227.743857
36.031948	1.643671	73.343465	2.228814	61.894628	2.338911	53.803448	2.018884	21.934915	2.081176	4.574335	225.862247
36.056953	1.632214	73.341338	2.218213	61.877139	2.329629	53.773618	2.010778	20.166862	2.073364	4.557482	223.980636
36.081958	1.620757	73.339212	2.207613	61.859649	2.320347	53.743787	2.002671	18.398809	2.065553	4.540628	222.099026
36.106963	1.609300	73.337085	2.197012	61.842160	2.311066	53.713956	1.994564	16.630757	2.057741	4.523775	220.217415
36.131967	1.597991	73.334937	2.186519	61.824657	2.301884	53.684163	1.986538	14.959671	2.050057	4.507041	218.433458
36.156972	1.588557	73.332503	2.177397	61.806983	2.293972	53.654859	1.979536	14.519454	2.043996	4.491823	217.889082
36.181977	1.579124	73.330069	2.168276	61.789308	2.286061	53.625555	1.972535	14.079237	2.037935	4.476605	217.344705
36.206982	1.569690	73.327635	2.159154	61.771634	2.278149	53.596251	1.965534	13.639020	2.031874	4.461387	216.800328
36.231987	1.560256	73.325202	2.150032	61.753960	2.270238	53.566947	1.958532	13.198803	2.025813	4.446168	216.255952
36.256992	1.550823	73.322768	2.140910	61.736285	2.262326	53.537643	1.951531	12.758586	2.019752	4.430950	215.711575
36.281996	1.541389	73.320334	2.131789	61.718611	2.254415	53.508339	1.944530	12.318369	2.013690	4.415732	215.167198
36.307001	1.531955	73.317900	2.122667	61.700937	2.246503	53.479035	1.937528	11.878152	2.007629	4.400514	214.622821
36.332006	1.522522	73.315467	2.113545	61.683262	2.238592	53.449731	1.930527	11.437935	2.001568	4.385296	214.078445
36.357011	1.513088	73.313033	2.104423	61.665588	2.230680	53.420427	1.923526	10.997718	1.995507	4.370077	213.534068
36.382016	1.503676	73.310576	2.095301	61.647888	2.222783	53.391088	1.916525	10.577647	1.989429	4.354921	213.009834
36.407021	1.494531	73.307830	2.086174	61.629872	2.215061	53.361310	1.909529	10.406209	1.983150	4.340528	212.734194
36.432025	1.485386	73.305084	2.077047	61.611855	2.207338	53.331533	1.902532	10.234771	1.976871	4.326136	212.458554
36.457030	1.476240	73.302339	2.067920	61.593839	2.199616	53.301756	1.895536	10.063333	1.970592	4.311743	212.182914
36.482035	1.467095	73.299593	2.058793	61.575822	2.191894	53.271978	1.888540	9.891895	1.964313	4.297350	211.907273
36.507040	1.457950	73.296847	2.049666	61.557805	2.184172	53.242201	1.881544	9.720457	1.958033	4.282957	211.631633
36.532045	1.448805	73.294101	2.040539	61.539789	2.176450	53.212424	1.874548	9.549019	1.951754	4.268564	211.355993
36.557049	1.439660	73.291356	2.031412	61.521772	2.168727	53.182646	1.867552	9.377581	1.945475	4.254172	211.080352
36.582054	1.430514	73.288610	2.022285	61.503756	2.161005	53.152869	1.860556	9.206142	1.939196	4.239779	210.804712
36.607059	1.421369	73.285864	2.013158	61.485739	2.153283	53.123091	1.853560	9.034704	1.932917	4.225386	210.529072
36.632064	1.412236	73.283078	2.004057	61.467619	2.145547	53.093278	1.846579	8.869536	1.926653	4.211035	210.259619
36.657069	1.403255	73.279816	1.995265	61.448253	2.137640	53.063038	1.839777	8.779649	1.920582	4.197187	210.064462
36.682074	1.394273	73.276553	1.986473	61.428886	2.129734	53.032797	1.832976	8.689762	1.914511	4.183339	209.869305
36.707078	1.385291	73.273291	1.977682	61.409520	2.121828	53.002556	1.826174	8.599875	1.908440	4.169492	209.674148
36.732083	1.376310	73.270028	1.968890	61.390153	2.113922	52.972316	1.819373	8.509988	1.902369	4.155644	209.478991
36.757088	1.367328	73.266765	1.960098	61.370787	2.106015	52.942075	1.812571	8.420101	1.896297	4.141796	209.283834
36.782093	1.358346	73.263503	1.951306	61.351420	2.098109	52.911834	1.805770	8.330214	1.890226	4.127948	209.088677
36.807098	1.349364	73.260240	1.942515	61.332054	2.090203	52.881593	1.798968	8.240327	1.884155	4.114100	208.893520
36.832102	1.340383	73.256978	1.933723	61.312688	2.082297	52.851353	1.792167	8.150440	1.878084	4.100252	208.698363
36.857107	1.331401	73.253715	1.924931	61.293321	2.074390	52.821112	1.785365	8.060553	1.872013	4.086404	208.503205
36.882112	1.322505	73.250401	1.916218	61.273879	2.066580	52.790833	1.778635	7.973199	1.865976	4.072662	208.310887
36.907117	1.314617	73.246483	1.908414	61.253548	2.059888	52.760108	1.772734	7.915455	1.860340	4.060160	208.151745
36.932122	1.306729	73.242565	1.900611	61.233217	2.053196	52.729382	1.766833	7.857712	1.854703	4.047657	207.992604
36.957127	1.298841	73.238647	1.892807	61.212886	2.046504	52.698656	1.760932	7.799968	1.849067	4.035155	207.833462
36.982131	1.290953	73.234729	1.885004	61.192555	2.039812	52.667931	1.755030	7.742224	1.843430	4.022652	207.674320
37.007136	1.283065	73.230811	1.877200	61.172224	2.033120	52.637205	1.749129	7.684481	1.837794	4.010150	207.515179
37.032141	1.275177	73.226893	1.869397	61.151893	2.026428	52.606480	1.743228	7.626737	1.832158	3.997648	207.356037
37.057146	1.267289	73.222975	1.861593	61.131562	2.019736	52.575754	1.737327	7.568994	1.826521	3.985145	207.196895
37.082151	1.259401	73.219057	1.853790	61.111231	2.013044	52.545029	1.731426	7.511250	1.820885	3.972643	207.037754
37.107156	1.251513	73.215138	1.845986	61.090900	2.006352	52.514303	1.725525	7.453506	1.815249	3.960140	206.878612
37.132160	1.243637	73.211085	1.838181	61.070393	1.999645	52.483535	1.719624	7.397060	1.809647	3.947682	206.720489
37.157165	1.235895	73.205491	1.830360	61.047878	1.992774	52.452277	1.713733	7.355383	1.804446	3.935725	206.573963
37.182170	1.228154	73.199898	1.822538	61.025364	1.985903	52.421019	1.707842	7.313706	1.799245	3.923768	206.427436
37.207175	1.220412	73.194304	1.814717	61.002850	1.979031	52.389762	1.701951	7.272029	1.794044	3.911811	206.280910
37.232180	1.212671	73.188710	1.806895	60.980335	1.972160	52.358504	1.696060	7.230351	1.788843	3.899854	206.134383
37.257184	1.204929	73.183116	1.799074	60.957821	1.965289	52.327247	1.690169	7.188674	1.783642	3.887897	205.987857
37.282189	1.197188	73.177522	1.791252	60.935307	1.958417	52.295989	1.684278	7.146997	1.778441	3.875940	205.841331
37.307194	1.189446	73.171928	1.783431	60.912792	1.951546	52.264731	1.678386	7.105320	1.773240	3.863983	205.694804
37.332199	1.181705	73.166335	1.775609	60.890278	1.944675	52.233474	1.672495	7.063643	1.768039	3.852026	205.548278
37.357204	1.173963	73.160741	1.767788	60.867764	1.937803	52.202216	1.666604	7.021966	1.762838	3.840069	205.401751
37.382209	1.166273	73.154955	1.760007	60.845038	1.930975	52.170916	1.660729	6.980934	1.757637	3.828180	205.255644
37.407213	1.159152	73.147043	1.752685	60.819966	1.924623	52.139152	1.655027	6.947060	1.752431	3.817053	205.114191
37.432218	1.152030	73.139131	1.745362	60.794894	1.918271	52.107387	1.649326	6.913186	1.747226	3.805925	204.972738
37.457223	1.144909	73.131218	1.738039	60.769822	1.911919	52.075623	1.643625	6.879312	1.742020	3.794798	204.831286
37.482228	1.137787	73.123306	1.730717	60.744751	1.905567	52.043858	1.637924	6.845438	1.736814	3.783671	204.689833
37.507233	1.130666	73.115394	1.723394	60.719679	1.899215	52.012094	1.632222	6.811564	1.731608	3.772543	204.548380
37.532237	1.123545	73.107482	1.716071	60.694607	1.892863	51.980329	1.626521	6.777690	1.726403	3.761416	204.406927
37.557242	1.116423	73.099569	1.708749	60.669535	1.886511	51.948565	1.620820	6.743816	1.721197	3.750288	204.265474
37.582247	1.109302	73.091657	1.701426	60.644464	1.880159	51.916800	1.615118	6.709942	1.715991	3.739161	204.124021
37.607252	1.102181	73.083745	1.694103	60.619392	1.873807	51.885036	1.609417	6.676068	1.710785	3.728034	203.982568
37.632257	1.095112	73.075779	1.686834	60.594189	1.867483	51.853269	1.603777	6.642635	1.705653	3.716928	203.841657
37.657262	1.088610	73.067229	1.680149	60.567562	1.861452	51.821472	1.598796	6.613973	1.701317	3.706056	203.706616
37.682266	1.082109	73.058679	1.673464	60.540935	1.855422	51.789676	1.593815	6.585310	1.696981	3.695184	203.571575
37.707271	1.075608	73.050130	1.666779	60.514308	1.849391	51.757879	1.588835	6.556648	1.692645	3.684311	203.436533
37.732276	1.069107	73.041580	1.660093	60.487681	1.843361	51.726083	1.583854	6.527985	1.688309	3.673439	203.301492
37.757281	1.062605	73.033030	1.653408	60.461055	1.837330	51.694286	1.578873	6.499323	1.683973	3.662567	203.166450
37.782286	1.056104	73.024481	1.646723	60.434428	1.831300	51.662490	1.573892	6.470660	1.679637	3.651695	203.031409
37.807291	1.049603	73.015931	1.640037	60.407801	1.825270	51.630693	1.568911	6.441998	1.675300	3.640823	202.896368
37.832295	1.043102	73.007381	1.633352	60.381174	1.819239	51.598896	1.563931	6.413336	1.670964	3.629951	202.761326
37.857300	1.036600	72.998832	1.626667	60.354547	1.813209	51.567100	1.558950	6.384673	1.666628	3.619079	202.626285
37.882305	1.030099	72.990282	1.619981	60.327904	1.807195	51.535303	1.553953	6.356277	1.662255	3.608276	202.491524
37.907310	1.023598	72.981732	1.613291	60.301081	1.801353	51.503502	1.548792	6.330692	1.657484	3.598204	202.359730
37.932315	1.017097	72.973183	1.606601	60.274259	1.795512	51.471701	1.543631	6.305107	1.652713	3.588132	202.227935
37.957319	1.010595	72.964633	1.599911	60.247436	1.789671	51.439899	1.538470	6.279522	1.647942	3.578060	202.096141
37.982324	1.004094	72.956083	1.593221	60.220614	1.783830	51.408098	1.533309	6.253937	1.643171	3.567988	201.964346
38.007329	0.997593	72.947534	1.586531	60.193791	1.777989	51.376297	1.528148	6.228352	1.638400	3.557916	201.832552
38.032334	0.991092	72.938984	1.579841	60.166969	1.772148	51.344496	1.522987	6.202767	1.633629	3.547844	201.700757
38.057339	0.984590	72.930434	1.573151	60.140146	1.766307	51.312694	1.517826	6.177182	1.628858	3.537772	201.568962
38.082344	0.978089	72.921885	1.566461	60.113324	1.760466	51.280893	1.512665	6.151598	1.624087	3.527700	201.437168
38.107348	0.971588	72.913335	1.559771	60.086501	1.754624	51.249092	1.507504	6.126013	1.619316	3.517628	201.305373
38.132353	0.965113	72.904801	1.553097	60.059506	1.748783	51.217225	1.502376	6.100656	1.614584	3.507582	201.173723
38.157358	0.958912	72.896425	1.546585	60.030734	1.742942	51.184680	1.497585	6.077654	1.610248	3.497795	201.043560
38.182363	0.952711	72.888050	1.540074	60.001961	1.737101	51.152135	1.492794	6.054652	1.605913	3.488008	200.913398
38.207368	0.946509	72.879674	1.533563	59.973188	1.731260	51.119590	1.488003	6.031649	1.601577	3.478222	200.783236
38.232373	0.940308	72.871298	1.527052	59.944415	1.725419	51.087045	1.483213	6.008647	1.597242	3.468435	200.653073
38.257377	0.934107	72.862923	1.520540	59.915642	1.719578	51.054500	1.478422	5.985645	1.592906	3.458649	200.522911
38.282382	0.927906	72.854547	1.514029	59.886869	1.713737	51.021954	1.473631	5.962643	1.588570	3.448862	200.392748
38.307387	0.921705	72.846171	1.507518	59.858096	1.707895	50.989409	1.468840	5.939640	1.584235	3.439075	200.262586
38.332392	0.915504	72.837796	1.501007	59.829324	1.702054	50.956864	1.464049	5.916638	1.579899	3.429289	200.132423
38.357397	0.909302	72.829420	1.494495	59.800551	1.696213	50.924319	1.459258	5.893636	1.575564	3.419502	200.002261
38.382401	0.903214	72.821017	1.488072	59.771692	1.690448	50.891664	1.454500	5.870765	1.571268	3.409814	199.872454
38.407406	0.898263	72.812334	1.482531	59.741964	1.685453	50.857897	1.450080	5.849219	1.567367	3.401117	199.746225
38.432411	0.893312	72.803652	1.476990	59.712237	1.680457	50.824130	1.445659	5.827672	1.563466	3.392420	199.619996
38.457416	0.888361	72.794970	1.471449	59.682509	1.675462	50.790363	1.441238	5.806126	1.559565	3.383723	199.493767
38.482421	0.883410	72.786287	1.465908	59.652782	1.670466	50.756596	1.436817	5.784580	1.555665	3.375026	199.367537
38.507426	0.878459	72.777605	1.460366	59.623055	1.665471	50.722829	1.432396	5.763033	1.551764	3.366329	199.241308
38.532430	0.873508	72.768923	1.454825	59.593327	1.660475	50.689062	1.427975	5.741487	1.547863	3.357632	199.115079
38.557435	0.868557	72.760240	1.449284	59.563600	1.655480	50.655296	1.423554	5.719941	1.543962	3.348935	198.988850
38.582440	0.863606	72.751558	1.443743	59.533873	1.650484	50.621529	1.419134	5.698394	1.540062	3.340238	198.862621
38.607445	0.858656	72.742875	1.438202	59.504145	1.645489	50.587762	1.414713	5.676848	1.536161	3.331542	198.736392
38.632450	0.853676	72.734178	1.432616	59.474224	1.640447	50.553906	1.410292	5.655497	1.532220	3.322871	198.609926
38.657454	0.848415	72.725340	1.426580	59.442392	1.634946	50.519181	1.405871	5.636063	1.527884	3.314459	198.481131
38.682459	0.843154	72.716501	1.420545	59.410561	1.629445	50.484456	1.401450	5.616629	1.523548	3.306048	198.352336
38.707464	0.837893	72.707662	1.414510	59.378729	1.623943	50.449731	1.397029	5.597196	1.519211	3.297636	198.223541
38.732469	0.832632	72.698823	1.408475	59.346898	1.618442	50.415006	1.392609	5.577762	1.514875	3.289224	198.094746
38.757474	0.827371	72.689984	1.402440	59.315066	1.612941	50.380281	1.388188	5.558328	1.510539	3.280813	197.965951
38.782479	0.822110	72.681145	1.396404	59.283235	1.607440	50.345556	1.383767	5.538894	1.506203	3.272401	197.837156
38.807483	0.816849	72.672306	1.390369	59.251404	1.601939	50.310831	1.379346	5.519461	1.501867	3.263990	197.708361
38.832488	0.811588	72.663467	1.384334	59.219572	1.596438	50.276106	1.374925	5.500027	1.497531	3.255578	197.579566
38.857493	0.806327	72.654628	1.378299	59.187741	1.590937	50.241381	1.370504	5.480593	1.493195	3.247166	197.450771
38.882498	0.801168	72.645929	1.372357	59.155859	1.585551	50.206546	1.366137	5.461249	1.488940	3.238752	197.322487
38.907503	0.796991	72.638574	1.367310	59.123496	1.581264	50.170658	1.362281	5.442765	1.485470	3.230310	197.199119
38.932508	0.792813	72.631219	1.362263	59.091133	1.576978	50.134770	1.358425	5.424282	1.481999	3.221869	197.075751
38.957512	0.788636	72.623865	1.357216	59.058769	1.572692	50.098882	1.354570	5.405798	1.478528	3.213427	196.952383
38.982517	0.784459	72.616510	1.352169	59.026406	1.568405	50.062993	1.350714	5.387315	1.475058	3.204985	196.829014
39.007522	0.780281	72.609155	1.347122	58.994043	1.564119	50.027105	1.346858	5.368831	1.471587	3.196544	196.705646
39.032527	0.776104	72.601801	1.342075	58.961680	1.559833	49.991217	1.343003	5.350347	1.468116	3.188102	196.582278
39.057532	0.771927	72.594446	1.337028	58.929316	1.555547	49.955329	1.339147	5.331864	1.464646	3.179660	196.458910
39.082536	0.767749	72.587091	1.331981	58.896953	1.551260	49.919441	1.335291	5.313380	1.461175	3.171219	196.335541
39.107541	0.763572	72.579737	1.326934	58.864590	1.546974	49.883553	1.331436	5.294897	1.457704	3.162777	196.212173
39.132546	0.759380	72.572508	1.321888	58.832152	1.542637	49.847545	1.327578	5.276528	1.454234	3.154391	196.088841
39.157551	0.755049	72.566464	1.316851	58.799014	1.537826	49.810413	1.323702	5.259243	1.450763	3.146524	195.965849
39.182556	0.750718	72.560419	1.311814	58.765875	1.533015	49.773281	1.319827	5.241957	1.447292	3.138657	195.842857
39.207561	0.746387	72.554375	1.306777	58.732737	1.528205	49.736149	1.315951	5.224672	1.443822	3.130791	195.719865
39.232565	0.742056	72.548330	1.301740	58.699599	1.523394	49.699017	1.312075	5.207386	1.440351	3.122924	195.596872
39.257570	0.737726	72.542286	1.296703	58.666461	1.518583	49.661885	1.308199	5.190101	1.436880	3.115057	195.473880
39.282575	0.733395	72.536241	1.291666	58.633323	1.513772	49.624753	1.304323	5.172815	1.433410	3.107190	195.350888
39.307580	0.729064	72.530197	1.286629	58.600185	1.508961	49.587621	1.300447	5.155530	1.429939	3.099323	195.227896
39.332585	0.724733	72.524153	1.281592	58.567046	1.504150	49.550489	1.296571	5.138244	1.426468	3.091457	195.104904
39.357589	0.720402	72.518108	1.276556	58.533908	1.499339	49.513357	1.292696	5.120959	1.422998	3.083590	194.981912
39.382594	0.716070	72.512045	1.271501	58.500383	1.494546	49.475543	1.288821	5.103766	1.419527	3.075748	194.857951
39.407599	0.711730	72.505809	1.266285	58.463300	1.489914	49.431466	1.284960	5.087426	1.416062	3.068137	194.725089
39.432604	0.707389	72.499573	1.261068	58.426218	1.485282	49.387390	1.281099	5.071086	1.412597	3.060525	194.592227
39.457609	0.703048	72.493337	1.255852	58.389135	1.480651	49.343313	1.277239	5.054746	1.409131	3.052914	194.459365
39.482614	0.698707	72.487101	1.250636	58.352052	1.476019	49.299236	1.273378	5.038406	1.405666	3.045302	194.326503
39.507618	0.694366	72.480865	1.245420	58.314969	1.471388	49.255159	1.269517	5.022066	1.402200	3.037691	194.193641
39.532623	0.690025	72.474629	1.240203	58.277886	1.466756	49.211082	1.265656	5.005726	1.398735	3.030079	194.060778
39.557628	0.685685	72.468393	1.234987	58.240804	1.462124	49.167005	1.261795	4.989386	1.395270	3.022468	193.927916
39.582633	0.681344	72.462158	1.229771	58.203721	1.457493	49.122928	1.257934	4.973046	1.391804	3.014856	193.795054
39.607638	0.677003	72.455922	1.224554	58.166638	1.452861	49.078851	1.254073	4.956706	1.388339	3.007245	193.662192
39.632643	0.672725	72.449636	1.219421	58.128950	1.448280	49.034056	1.250249	4.940461	1.384896	2.999662	193.528337
39.657647	0.669014	72.442900	1.215034	58.085819	1.444155	48.982798	1.246759	4.925076	1.381652	2.992341	193.385548
39.682652	0.665304	72.436165	1.210647	58.042688	1.440029	48.931539	1.243269	4.909691	1.378408	2.985020	193.242760
39.707657	0.661593	72.429430	1.206261	57.999558	1.435904	48.880280	1.239778	4.894306	1.375164	2.977698	193.099971
39.732662	0.657882	72.422695	1.201874	57.956427	1.431778	48.829022	1.236288	4.878921	1.371920	2.970377	192.957182
39.757667	0.654171	72.415959	1.197487	57.913296	1.427653	48.777763	1.232798	4.863535	1.368676	2.963055	192.814394
39.782671	0.650461	72.409224	1.193100	57.870165	1.423527	48.726504	1.229307	4.848150	1.365432	2.955734	192.671605
39.807676	0.646750	72.402489	1.188713	57.827034	1.419401	48.675246	1.225817	4.832765	1.362188	2.948413	192.528816
39.832681	0.643039	72.395753	1.184326	57.783903	1.415276	48.623987	1.222327	4.817380	1.358944	2.941091	192.386028
39.857686	0.639329	72.389018	1.179940	57.740772	1.411150	48.572728	1.218836	4.801995	1.355701	2.933770	192.243239
39.882691	0.635634	72.382199	1.175550	57.696705	1.407041	48.520410	1.215362	4.786680	1.352478	2.926500	192.098561
39.907696	0.632076	72.374639	1.171141	57.644395	1.403076	48.458761	1.212032	4.771987	1.349448	2.919689	191.937244
39.932700	0.628519	72.367080	1.166731	57.592085	1.399111	48.397112	1.208701	4.757295	1.346417	2.912878	191.775927
39.957705	0.624962	72.359520	1.162322	57.539774	1.395145	48.335462	1.205370	4.742602	1.343387	2.906066	191.614611
39.982710	0.621405	72.351961	1.157912	57.487464	1.391180	48.273813	1.202039	4.727909	1.340356	2.899255	191.453294
40.007715	0.617847	72.344401	1.153503	57.435154	1.387215	48.212163	1.198708	4.713216	1.337326	2.892444	191.291977
40.032720	0.614290	72.336842	1.149093	57.382843	1.383249	48.150514	1.195377	4.698523	1.334295	2.885632	191.130660
40.057724	0.610733	72.329282	1.144683	57.330533	1.379284	48.088864	1.192047	4.683830	1.331264	2.878821	190.969343
40.082729	0.607176	72.321723	1.140274	57.278223	1.375319	48.027215	1.188716	4.669138	1.328234	2.872010	190.808026
40.107734	0.603618	72.314163	1.135864	57.225912	1.371353	47.965566	1.185385	4.654445	1.325203	2.865199	190.646709
40.132739	0.600078	72.306519	1.131473	57.171192	1.367372	47.901113	1.182037	4.639825	1.322172	2.858417	190.480196
40.157744	0.596677	72.298144	1.127237	57.095675	1.363251	47.812475	1.178541	4.625834	1.319136	2.851891	190.268861
40.182749	0.593276	72.289768	1.123000	57.020159	1.359130	47.723838	1.175046	4.611844	1.316100	2.845365	190.057527
40.207753	0.589876	72.281392	1.118764	56.944642	1.355010	47.635201	1.171550	4.597853	1.313064	2.838839	189.846192
40.232758	0.586475	72.273017	1.114528	56.869126	1.350889	47.546564	1.168055	4.583863	1.310029	2.832313	189.634857
40.257763	0.583074	72.264641	1.110292	56.793610	1.346768	47.457926	1.164559	4.569872	1.306993	2.825787	189.423523
40.282768	0.579674	72.256265	1.106056	56.718093	1.342647	47.369289	1.161063	4.555882	1.303957	2.819261	189.212188
40.307773	0.576273	72.247890	1.101820	56.642577	1.338526	47.280652	1.157568	4.541891	1.300921	2.812735	189.000853
40.332778	0.572872	72.239514	1.097584	56.567061	1.334406	47.192015	1.154072	4.527901	1.297885	2.806209	188.789519
40.357782	0.569472	72.231139	1.093348	56.491544	1.330285	47.103377	1.150577	4.513910	1.294849	2.799683	188.578184
40.382787	0.566103	72.222677	1.089112	56.410689	1.326200	47.008494	1.147119	4.500019	1.291814	2.793157	188.355384
40.407792	0.563002	72.213485	1.084876	56.284713	1.322419	46.860829	1.143983	4.486969	1.288778	2.786636	188.035691
40.432797	0.559902	72.204293	1.080641	56.158737	1.318639	46.713164	1.140848	4.473918	1.285743	2.780115	187.715998
40.457802	0.556801	72.195101	1.076405	56.032760	1.314858	46.565498	1.137712	4.460868	1.282708	2.773594	187.396306
40.482806	0.553700	72.185910	1.072170	55.906784	1.311077	46.417833	1.134576	4.447818	1.279672	2.767072	187.076613
40.507811	0.550600	72.176718	1.067934	55.780808	1.307296	46.270168	1.131441	4.434767	1.276637	2.760551	186.756920
40.532816	0.547499	72.167526	1.063699	55.654832	1.303516	46.122502	1.128305	4.421717	1.273602	2.754030	186.437227
40.557821	0.544399	72.158334	1.059463	55.528856	1.299735	45.974837	1.125169	4.408667	1.270566	2.747509	186.117534
40.582826	0.541298	72.149142	1.055227	55.402879	1.295954	45.827172	1.122034	4.395616	1.267531	2.740987	185.797842
40.607831	0.538197	72.139951	1.050992	55.276903	1.292173	45.679506	1.118898	4.382566	1.264496	2.734466	185.478149
40.632835	0.535131	72.130655	1.046808	55.143340	1.288410	45.523524	1.115803	4.369570	1.261507	2.728034	185.142783
40.657840	0.532345	72.120501	1.043053	54.946942	1.284790	45.298661	1.113048	4.357026	1.258907	2.722337	184.677611
40.682845	0.529560	72.110347	1.039299	54.750544	1.281170	45.073799	1.110292	4.344481	1.256306	2.716641	184.212439
40.707850	0.526775	72.100193	1.035544	54.554146	1.277550	44.848936	1.107537	4.331936	1.253706	2.710945	183.747268
40.732855	0.523990	72.090039	1.031789	54.357748	1.273930	44.624073	1.104781	4.319392	1.251105	2.705248	183.282096
40.757860	0.521204	72.079885	1.028034	54.161349	1.270310	44.399211	1.102026	4.306847	1.248505	2.699552	182.816925
40.782864	0.518419	72.069732	1.024280	53.964951	1.266690	44.174348	1.099271	4.294303	1.245904	2.693856	182.351753
40.807869	0.515634	72.059578	1.020525	53.768553	1.263070	43.949485	1.096515	4.281758	1.243304	2.688159	181.886581
40.832874	0.512849	72.049424	1.016770	53.572155	1.259450	43.724623	1.093760	4.269213	1.240703	2.682463	181.421410
40.857879	0.510063	72.039270	1.013016	53.375757	1.255830	43.499760	1.091004	4.256669	1.238103	2.676767	180.956238
40.882884	0.507278	72.028991	1.009263	53.167960	1.252212	43.265844	1.088187	4.244176	1.235454	2.671068	180.470433
40.907888	0.504492	72.017701	1.005526	52.867618	1.248611	42.958428	1.084866	4.232107	1.232413	2.665352	179.817115
40.932893	0.501706	72.006411	1.001789	52.567275	1.245009	42.651012	1.081546	4.220038	1.229373	2.659636	179.163796
40.957898	0.498921	71.995121	0.998053	52.266933	1.241408	42.343596	1.078225	4.207969	1.226332	2.653920	178.510477
40.982903	0.496135	71.983831	0.994316	51.966591	1.237807	42.036180	1.074904	4.195900	1.223292	2.648205	177.857159
41.007908	0.493349	71.972540	0.990579	51.666249	1.234205	41.728764	1.071584	4.183830	1.220251	2.642489	177.203840
41.032913	0.490563	71.961250	0.986843	51.365907	1.230604	41.421347	1.068263	4.171761	1.217210	2.636773	176.550521
41.057917	0.487777	71.949960	0.983106	51.065564	1.227002	41.113931	1.064942	4.159692	1.214170	2.631057	175.897203
41.082922	0.484992	71.938670	0.979369	50.765222	1.223401	40.806515	1.061622	4.147623	1.211129	2.625341	175.243884
41.107927	0.482206	71.927380	0.975632	50.464880	1.219800	40.499099	1.058301	4.135553	1.208089	2.619625	174.590565
41.132932	0.479489	71.915997	0.971932	50.123523	1.216237	40.162669	1.055064	4.123537	1.205146	2.613912	173.867504
41.157937	0.477318	71.903877	0.968520	49.455647	1.212981	39.595255	1.052488	4.111937	1.202980	2.608215	172.589218
41.182941	0.475148	71.891758	0.965108	48.787770	1.209724	39.027841	1.049912	4.100337	1.200814	2.602519	171.310932
41.207946	0.472977	71.879638	0.961696	48.119894	1.206468	38.460426	1.047336	4.088738	1.198649	2.596823	170.032646
41.232951	0.470807	71.867519	0.958284	47.452017	1.203212	37.893012	1.044760	4.077138	1.196483	2.591126	168.754359
41.257956	0.468636	71.855399	0.954872	46.784141	1.199956	37.325598	1.042185	4.065538	1.194317	2.585430	167.476073
41.282961	0.466466	71.843279	0.951460	46.116264	1.196700	36.758184	1.039609	4.053938	1.192152	2.579734	166.197787
41.307966	0.464296	71.831160	0.948048	45.448388	1.193444	36.190770	1.037033	4.042339	1.189986	2.574037	164.919501
41.332970	0.462125	71.819040	0.944637	44.780511	1.190188	35.623355	1.034457	4.030739	1.187820	2.568341	163.641214
41.357975	0.459955	71.806921	0.941225	44.112635	1.186932	35.055941	1.031882	4.019139	1.185655	2.562645	162.362928
41.382980	0.457749	71.794648	0.937830	43.254101	1.183655	34.361739	1.029306	4.007620	1.183439	2.556978	160.767065
41.407985	0.455269	71.781177	0.934569	40.906747	1.180220	32.677464	1.026731	3.996723	1.180839	2.551547	156.691285
41.432990	0.452788	71.767706	0.931309	38.559393	1.176784	30.993189	1.024155	3.985826	1.178238	2.546116	152.615505
41.457995	0.450308	71.754236	0.928048	36.212039	1.173348	29.308914	1.021580	3.974929	1.175638	2.540685	148.539724
41.482999	0.447827	71.740765	0.924787	33.864685	1.169912	27.624639	1.019005	3.964032	1.173037	2.535254	144.463944
41.508004	0.445347	71.727295	0.921527	31.517331	1.166476	25.940364	1.016430	3.953135	1.170437	2.529823	140.388163
41.533009	0.442866	71.713824	0.918266	29.169976	1.163040	24.256089	1.013855	3.942239	1.167836	2.524392	136.312383
41.558014	0.440386	71.700353	0.915005	26.822622	1.159604	22.571813	1.011279	3.931342	1.165236	2.518961	132.236602
41.583019	0.437905	71.686883	0.911745	24.475268	1.156168	20.887538	1.008704	3.920445	1.162635	2.513530	128.160822
41.608023	0.435425	71.673412	0.908484	22.127914	1.152732	19.203263	1.006129	3.909548	1.160035	2.508099	124.085042
41.633028	0.432946	71.659790	0.905204	19.984704	1.149335	17.661876	1.003553	3.898705	1.157434	2.502667	120.356214
41.658033	0.430475	71.645004	0.901775	19.405594	1.146240	17.215260	1.000973	3.888273	1.154834	2.497226	119.285653
41.683038	0.428005	71.630219	0.898345	18.826484	1.143145	16.768643	0.998392	3.877841	1.152233	2.491785	118.215091
41.708043	0.425534	71.615433	0.894916	18.247374	1.140049	16.322027	0.995812	3.867409	1.149633	2.486344	117.144530
41.733048	0.423064	71.600647	0.891486	17.668264	1.136954	15.875410	0.993231	3.856977	1.147032	2.480902	116.073969
41.758052	0.420593	71.585862	0.888057	17.089154	1.133859	15.428794	0.990651	3.846545	1.144432	2.475461	115.003408
41.783057	0.418123	71.571076	0.884628	16.510044	1.130763	14.982177	0.988070	3.836113	1.141831	2.470020	113.932846
41.808062	0.415652	71.556291	0.881198	15.930934	1.127668	14.535561	0.985490	3.825681	1.139231	2.464579	112.862285
41.833067	0.413182	71.541505	0.877769	15.351824	1.124573	14.088944	0.982909	3.815249	1.136630	2.459138	111.791724
41.858072	0.410711	71.526719	0.874340	14.772714	1.121478	13.642328	0.980329	3.804817	1.134030	2.453697	110.721163
41.883076	0.408312	71.511801	0.870969	14.237015	1.118402	13.228152	0.977748	3.794412	1.131480	2.448287	109.726578
41.908081	0.406452	71.495884	0.868038	14.027737	1.115477	13.057911	0.975168	3.784212	1.129310	2.443112	109.303300
41.933086	0.404592	71.479967	0.865108	13.818459	1.112552	12.887669	0.972587	3.774012	1.127139	2.437936	108.880021
41.958091	0.402731	71.464050	0.862177	13.609182	1.109627	12.717427	0.970007	3.763813	1.124969	2.432760	108.456742
41.983096	0.400871	71.448133	0.859246	13.399904	1.106702	12.547186	0.967426	3.753613	1.122798	2.427584	108.033464
42.008101	0.399011	71.432216	0.856316	13.190627	1.103777	12.376944	0.964846	3.743413	1.120628	2.422409	107.610185
42.033105	0.397150	71.416299	0.853385	12.981349	1.100851	12.206703	0.962265	3.733213	1.118457	2.417233	107.186906
42.058110	0.395290	71.400382	0.850455	12.772071	1.097926	12.036461	0.959685	3.723013	1.116287	2.412057	106.763627
42.083115	0.393430	71.384464	0.847524	12.562794	1.095001	11.866220	0.957104	3.712814	1.114117	2.406881	106.340349
42.108120	0.391569	71.368547	0.844594	12.353516	1.092076	11.695978	0.954524	3.702614	1.111946	2.401706	105.917070
42.133125	0.389672	71.352374	0.841642	12.156059	1.089109	11.535203	0.951943	3.692471	1.109749	2.396563	105.514786
42.158130	0.387501	71.334313	0.838538	12.045862	1.085829	11.444309	0.949363	3.682746	1.107352	2.391667	105.267478
42.183134	0.385331	71.316251	0.835433	11.935664	1.082549	11.353414	0.946782	3.673021	1.104954	2.386771	105.020171
42.208139	0.383161	71.298190	0.832328	11.825466	1.079269	11.262520	0.944202	3.663296	1.102557	2.381875	104.772863
42.233144	0.380990	71.280128	0.829224	11.715268	1.075989	11.171625	0.941621	3.653571	1.100160	2.376978	104.525555
42.258149	0.378820	71.262067	0.826119	11.605070	1.072709	11.080731	0.939041	3.643846	1.097763	2.372082	104.278248
42.283154	0.376649	71.244005	0.823015	11.494873	1.069429	10.989836	0.936460	3.634121	1.095366	2.367186	104.030940
42.308158	0.374479	71.225944	0.819910	11.384675	1.066149	10.898942	0.933880	3.624396	1.092968	2.362290	103.783633
42.333163	0.372309	71.207882	0.816805	11.274477	1.062869	10.808047	0.931299	3.614671	1.090571	2.357394	103.536325
42.358168	0.370138	71.189821	0.813701	11.164279	1.059589	10.717153	0.928719	3.604946	1.088174	2.352497	103.289017
42.383173	0.368006	71.171546	0.810638	11.058490	1.056354	10.629980	0.926183	3.595281	1.085780	2.347602	103.049860
42.408178	0.366151	71.151724	0.807876	10.984657	1.053443	10.569785	0.923973	3.586047	1.083412	2.342711	102.869778
42.433183	0.364296	71.131902	0.805114	10.910825	1.050532	10.509589	0.921762	3.576813	1.081043	2.337820	102.689696
42.458187	0.362441	71.112081	0.802352	10.836992	1.047620	10.449393	0.919552	3.567579	1.078675	2.332929	102.509613
42.483192	0.360586	71.092259	0.799591	10.763159	1.044709	10.389197	0.917341	3.558345	1.076306	2.328038	102.329531
42.508197	0.358730	71.072437	0.796829	10.689326	1.041798	10.329002	0.915131	3.549111	1.073938	2.323147	102.149449
42.533202	0.356875	71.052615	0.794067	10.615494	1.038887	10.268806	0.912920	3.539877	1.071570	2.318256	101.969367
42.558207	0.355020	71.032793	0.791305	10.541661	1.035975	10.208610	0.910710	3.530643	1.069201	2.313365	101.789285
42.583211	0.353165	71.012972	0.788543	10.467828	1.033064	10.148415	0.908500	3.521409	1.066833	2.308474	101.609203
42.608216	0.351310	70.993150	0.785782	10.393996	1.030153	10.088219	0.906289	3.512175	1.064464	2.303583	101.429120
42.633221	0.349493	70.973085	0.783039	10.322359	1.027303	10.029868	0.904079	3.502972	1.062145	2.298728	101.253071
42.658226	0.347948	70.951287	0.780434	10.266359	1.024893	9.984655	0.901868	3.493991	1.060178	2.294122	101.105735
42.683231	0.346402	70.929490	0.777829	10.210358	1.022482	9.939442	0.899658	3.485011	1.058211	2.289516	100.958398
42.708236	0.344856	70.907692	0.775223	10.154358	1.020072	9.894229	0.897447	3.476030	1.056244	2.284911	100.811062
42.733240	0.343311	70.885895	0.772618	10.098357	1.017661	9.849016	0.895237	3.467049	1.054277	2.280305	100.663726
42.758245	0.341765	70.864097	0.770013	10.042356	1.015251	9.803802	0.893027	3.458068	1.052310	2.275699	100.516389
42.783250	0.340220	70.842300	0.767408	9.986356	1.012840	9.758589	0.890816	3.449087	1.050342	2.271094	100.369053
42.808255	0.338674	70.820503	0.764802	9.930355	1.010430	9.713376	0.888606	3.440107	1.048375	2.266488	100.221716
42.833260	0.337129	70.798705	0.762197	9.874355	1.008019	9.668163	0.886395	3.431126	1.046408	2.261883	100.074380
42.858265	0.335583	70.776908	0.759592	9.818354	1.005609	9.622950	0.884185	3.422145	1.044441	2.257277	99.927043
42.883269	0.334037	70.754882	0.757008	9.763585	1.003179	9.578718	0.881974	3.413221	1.042478	2.252704	99.781787
42.908274	0.332487	70.731263	0.754577	9.717429	1.000613	9.541355	0.879764	3.404695	1.040539	2.248358	99.651078
42.933279	0.330936	70.707644	0.752145	9.671272	0.998047	9.503992	0.877554	3.396168	1.038600	2.244012	99.520370
42.958284	0.329386	70.684024	0.749713	9.625116	0.995481	9.466629	0.875343	3.387642	1.036661	2.239666	99.389661
42.983289	0.327836	70.660405	0.747282	9.578960	0.992915	9.429266	0.873133	3.379115	1.034722	2.235319	99.258953
43.008293	0.326285	70.636786	0.744850	9.532804	0.990349	9.391903	0.870922	3.370589	1.032783	2.230973	99.128244
43.033298	0.324735	70.613167	0.742418	9.486647	0.987783	9.354539	0.868712	3.362063	1.030844	2.226627	98.997536
43.058303	0.323185	70.589547	0.739986	9.440491	0.985217	9.317176	0.866501	3.353536	1.028905	2.222281	98.866827
43.083308	0.321634	70.565928	0.737555	9.394335	0.982651	9.279813	0.864291	3.345010	1.026966	2.217935	98.736118
43.108313	0.320084	70.542309	0.735123	9.348178	0.980086	9.242450	0.862081	3.336484	1.025027	2.213589	98.605410
43.133318	0.318534	70.518498	0.732668	9.302760	0.977496	9.205771	0.859870	3.328017	1.023060	2.209275	98.475948
43.158322	0.316984	70.493371	0.730058	9.262413	0.974746	9.173791	0.857660	3.319960	1.020895	2.205179	98.355056
43.183327	0.315433	70.468244	0.727447	9.222067	0.971995	9.141812	0.855449	3.311903	1.018729	2.201084	98.234164
43.208332	0.313883	70.443117	0.724837	9.181720	0.969245	9.109832	0.853239	3.303846	1.016564	2.196988	98.113272
43.233337	0.312333	70.417990	0.722226	9.141374	0.966494	9.077853	0.851029	3.295790	1.014399	2.192893	97.992380
43.258342	0.310782	70.392864	0.719616	9.101027	0.963743	9.045873	0.848818	3.287733	1.012234	2.188797	97.871488
43.283347	0.309232	70.367737	0.717005	9.060681	0.960993	9.013894	0.846608	3.279676	1.010069	2.184701	97.750596
43.308351	0.307682	70.342610	0.714395	9.020334	0.958242	8.981915	0.844397	3.271619	1.007904	2.180606	97.629704
43.333356	0.306131	70.317483	0.711784	8.979988	0.955492	8.949935	0.842187	3.263562	1.005739	2.176510	97.508812
43.358361	0.304581	70.292356	0.709174	8.939641	0.952741	8.917956	0.839976	3.255505	1.003573	2.172415	97.387920
43.383366	0.303052	70.267018	0.706606	8.899865	0.950035	8.886351	0.837814	3.247416	1.001464	2.168286	97.267907
43.408371	0.301665	70.240251	0.704326	8.863943	0.947630	8.857279	0.835973	3.239107	0.999728	2.163936	97.153836
43.433375	0.300278	70.213483	0.702045	8.828020	0.945224	8.828206	0.834133	3.230797	0.997992	2.159585	97.039765
43.458380	0.298892	70.186716	0.699765	8.792098	0.942818	8.799134	0.832293	3.222488	0.996257	2.155234	96.925693
43.483385	0.297505	70.159949	0.697484	8.756175	0.940412	8.770062	0.830452	3.214178	0.994521	2.150883	96.811622
43.508390	0.296118	70.133182	0.695204	8.720253	0.938007	8.740989	0.828612	3.205869	0.992786	2.146532	96.697551
43.533395	0.294731	70.106415	0.692923	8.684330	0.935601	8.711917	0.826772	3.197559	0.991050	2.142181	96.583479
43.558400	0.293344	70.079648	0.690643	8.648407	0.933195	8.682845	0.824931	3.189250	0.989314	2.137831	96.469408
43.583404	0.291958	70.052880	0.688362	8.612485	0.930789	8.653772	0.823091	3.180941	0.987579	2.133480	96.355337
43.608409	0.290571	70.026113	0.686082	8.576562	0.928384	8.624700	0.821250	3.172631	0.985843	2.129129	96.241265
43.633414	0.289203	69.999023	0.683843	8.540994	0.926023	8.595945	0.819436	3.164417	0.984108	2.124817	96.127809
43.658419	0.287963	69.969786	0.681883	8.507776	0.923963	8.569302	0.817790	3.156836	0.982373	2.120761	96.018431
43.683424	0.286723	69.940550	0.679923	8.474558	0.921902	8.542658	0.816145	3.149254	0.980638	2.116705	95.909054
43.708428	0.285482	69.911314	0.677962	8.441339	0.919842	8.516014	0.814500	3.141673	0.978902	2.112648	95.799677
43.733433	0.284242	69.882077	0.676002	8.408121	0.917782	8.489370	0.812855	3.134091	0.977167	2.108592	95.690300
43.758438	0.283002	69.852841	0.674042	8.374903	0.915721	8.462726	0.811210	3.126510	0.975432	2.104536	95.580923
43.783443	0.281762	69.823604	0.672081	8.341685	0.913661	8.436082	0.809564	3.118928	0.973697	2.100480	95.471546
43.808448	0.280521	69.794368	0.670121	8.308467	0.911600	8.409438	0.807919	3.111347	0.971962	2.096424	95.362168
43.833453	0.279281	69.765132	0.668160	8.275249	0.909540	8.382794	0.806274	3.103765	0.970227	2.092368	95.252791
43.858457	0.278041	69.735895	0.666200	8.242031	0.907480	8.356150	0.804629	3.096184	0.968492	2.088312	95.143414
43.883462	0.273286	69.706384	0.655673	8.209179	0.893662	8.329745	0.792533	3.088602	0.954143	2.084251	94.987459
43.908467	0.245585	69.675080	0.589211	8.178713	0.803076	8.304899	0.712197	3.081021	0.857425	2.080155	94.527362
43.933472	0.217883	69.643776	0.522748	8.148248	0.712489	8.280052	0.631862	3.073439	0.760708	2.076060	94.067265
43.958477	0.190181	69.612472	0.456285	8.117782	0.621902	8.255206	0.551526	3.065858	0.663991	2.071964	93.607167
43.983482	0.162479	69.581168	0.389822	8.087317	0.531315	8.230360	0.471190	3.058277	0.567273	2.067869	93.147070
44.008486	0.134777	69.549864	0.323359	8.056851	0.440729	8.205513	0.390855	3.050695	0.470556	2.063773	92.686972
44.033491	0.107075	69.518560	0.256897	8.026386	0.350142	8.180667	0.310519	3.043114	0.373839	2.059678	92.226875
44.058496	0.079373	69.487256	0.190434	7.995920	0.259555	8.155820	0.230183	3.035532	0.277121	2.055582	91.766777
44.083501	0.051671	69.455952	0.123971	7.965455	0.168968	8.130974	0.149847	3.027951	0.180404	2.051487	91.306680
44.108506	0.023970	69.424648	0.057508	7.934989	0.078382	8.106127	0.069512	3.020369	0.083686	2.047391	90.846582
44.133510	0.000000	69.392946	0.000000	7.904736	0.000000	8.081483	0.000000	3.012851	0.000000	2.043335	90.435350
44.158515	0.000000	69.358686	0.000000	7.875847	0.000000	8.058133	0.000000	3.005740	0.000000	2.039529	90.337935
44.183520	0.000000	69.324426	0.000000	7.846959	0.000000	8.034784	0.000000	2.998628	0.000000	2.035723	90.240520
44.208525	0.000000	69.290166	0.000000	7.818070	0.000000	8.011435	0.000000	2.991517	0.000000	2.031917	90.143105
44.233530	0.000000	69.255906	0.000000	7.789181	0.000000	7.988085	0.000000	2.984406	0.000000	2.028111	90.045689
44.258535	0.000000	69.221647	0.000000	7.760293	0.000000	7.964736	0.000000	2.977294	0.000000	2.024305	89.948274
44.283539	0.000000	69.187387	0.000000	7.731404	0.000000	7.941386	0.000000	2.970183	0.000000	2.020499	89.850859
44.308544	0.000000	69.153127	0.000000	7.702515	0.000000	7.918037	0.000000	2.963072	0.000000	2.016693	89.753444
44.333549	0.000000	69.118867	0.000000	7.673627	0.000000	7.894688	0.000000	2.955960	0.000000	2.012887	89.656028
44.358554	0.000000	69.084607	0.000000	7.644738	0.000000	7.871338	0.000000	2.948849	0.000000	2.009081	89.558613
44.383559	0.000000	69.049919	0.000000	7.616090	0.000000	7.848160	0.000000	2.941773	0.000000	2.005314	89.461255
44.408563	0.000000	69.012521	0.000000	7.588962	0.000000	7.826059	0.000000	2.934919	0.000000	2.001793	89.364255
44.433568	0.000000	68.975124	0.000000	7.561834	0.000000	7.803959	0.000000	2.928066	0.000000	1.998272	89.267255
44.458573	0.000000	68.937727	0.000000	7.534706	0.000000	7.781859	0.000000	2.921212	0.000000	1.994752	89.170256
44.483578	0.000000	68.900330	0.000000	7.507578	0.000000	7.759759	0.000000	2.914359	0.000000	1.991231	89.073256
44.508583	0.000000	68.862932	0.000000	7.480451	0.000000	7.737658	0.000000	2.907505	0.000000	1.987710	88.976257
44.533588	0.000000	68.825535	0.000000	7.453323	0.000000	7.715558	0.000000	2.900652	0.000000	1.984190	88.879257
44.558592	0.000000	68.788138	0.000000	7.426195	0.000000	7.693458	0.000000	2.893798	0.000000	1.980669	88.782258
44.583597	0.000000	68.750741	0.000000	7.399067	0.000000	7.671358	0.000000	2.886945	0.000000	1.977148	88.685258
44.608602	0.000000	68.713344	0.000000	7.371939	0.000000	7.649258	0.000000	2.880091	0.000000	1.973628	88.588259
44.633607	0.000000	68.675555	0.000000	7.345048	0.000000	7.627286	0.000000	2.873267	0.000000	1.970068	88.491223
44.658612	0.000000	68.635330	0.000000	7.319628	0.000000	7.606112	0.000000	2.866626	0.000000	1.966267	88.393963
44.683617	0.000000	68.595106	0.000000	7.294209	0.000000	7.584937	0.000000	2.859985	0.000000	1.962467	88.296703
44.708621	0.000000	68.554881	0.000000	7.268790	0.000000	7.563763	0.000000	2.853343	0.000000	1.958666	88.199444
44.733626	0.000000	68.514657	0.000000	7.243371	0.000000	7.542589	0.000000	2.846702	0.000000	1.954865	88.102184
44.758631	0.000000	68.474432	0.000000	7.217951	0.000000	7.521415	0.000000	2.840061	0.000000	1.951064	88.004924
44.783636	0.000000	68.434208	0.000000	7.192532	0.000000	7.500241	0.000000	2.833419	0.000000	1.947264	87.907664
44.808641	0.000000	68.393983	0.000000	7.167113	0.000000	7.479067	0.000000	2.826778	0.000000	1.943463	87.810404
44.833645	0.000000	68.353759	0.000000	7.141694	0.000000	7.457893	0.000000	2.820137	0.000000	1.939662	87.713144
44.858650	0.000000	68.313534	0.000000	7.116274	0.000000	7.436719	0.000000	2.813496	0.000000	1.935862	87.615884
44.883655	0.000000	68.272592	0.000000	7.090988	0.000000	7.415679	0.000000	2.806856	0.000000	1.932059	87.518175
44.908660	0.000000	68.227265	0.000000	7.066512	0.000000	7.395464	0.000000	2.800224	0.000000	1.928249	87.417713
44.933665	0.000000	68.181937	0.000000	7.042036	0.000000	7.375248	0.000000	2.793593	0.000000	1.924438	87.317252
44.958670	0.000000	68.136610	0.000000	7.017560	0.000000	7.355032	0.000000	2.786962	0.000000	1.920627	87.216790
44.983674	0.000000	68.091282	0.000000	6.993084	0.000000	7.334816	0.000000	2.780331	0.000000	1.916816	87.116329
45.008679	0.000000	68.045955	0.000000	6.968608	0.000000	7.314600	0.000000	2.773699	0.000000	1.913006	87.015867
45.033684	0.000000	68.000627	0.000000	6.944132	0.000000	7.294384	0.000000	2.767068	0.000000	1.909195	86.915406
45.058689	0.000000	67.955300	0.000000	6.919656	0.000000	7.274168	0.000000	2.760437	0.000000	1.905384	86.814945
45.083694	0.000000	67.909972	0.000000	6.895180	0.000000	7.253952	0.000000	2.753805	0.000000	1.901573	86.714483
45.108698	0.000000	67.864645	0.000000	6.870704	0.000000	7.233736	0.000000	2.747174	0.000000	1.897763	86.614022
45.133703	0.000000	67.818500	0.000000	6.846475	0.000000	7.213694	0.000000	2.740575	0.000000	1.893990	86.513234
45.158708	0.000000	67.767436	0.000000	6.823733	0.000000	7.194700	0.000000	2.734166	0.000000	1.890444	86.410479
45.183713	0.000000	67.716371	0.000000	6.800992	0.000000	7.175706	0.000000	2.727756	0.000000	1.886899	86.307725
45.208718	0.000000	67.665306	0.000000	6.778251	0.000000	7.156712	0.000000	2.721347	0.000000	1.883354	86.204970
45.233723	0.000000	67.614242	0.000000	6.755509	0.000000	7.137718	0.000000	2.714938	0.000000	1.879808	86.102216
45.258727	0.000000	67.563177	0.000000	6.732768	0.000000	7.118724	0.000000	2.708529	0.000000	1.876263	85.999461
45.283732	0.000000	67.512113	0.000000	6.710027	0.000000	7.099730	0.000000	2.702120	0.000000	1.872717	85.896707
45.308737	0.000000	67.461048	0.000000	6.687285	0.000000	7.080736	0.000000	2.695711	0.000000	1.869172	85.793952
45.333742	0.000000	67.409983	0.000000	6.664544	0.000000	7.061742	0.000000	2.689302	0.000000	1.865626	85.691198
45.358747	0.000000	67.358919	0.000000	6.641803	0.000000	7.042748	0.000000	2.682893	0.000000	1.862081	85.588444
45.383752	0.000000	67.306909	0.000000	6.619153	0.000000	7.023833	0.000000	2.676520	0.000000	1.858577	85.484992
45.408756	0.000000	67.249302	0.000000	6.597045	0.000000	7.005388	0.000000	2.670359	0.000000	1.855316	85.377409
45.433761	0.000000	67.191694	0.000000	6.574938	0.000000	6.986943	0.000000	2.664197	0.000000	1.852055	85.269827
45.458766	0.000000	67.134086	0.000000	6.552830	0.000000	6.968498	0.000000	2.658036	0.000000	1.848795	85.162244
45.483771	0.000000	67.076478	0.000000	6.530722	0.000000	6.950052	0.000000	2.651875	0.000000	1.845534	85.054662
45.508776	0.000000	67.018870	0.000000	6.508614	0.000000	6.931607	0.000000	2.645714	0.000000	1.842274	84.947079
45.533780	0.000000	66.961262	0.000000	6.486507	0.000000	6.913162	0.000000	2.639553	0.000000	1.839013	84.839497
45.558785	0.000000	66.903655	0.000000	6.464399	0.000000	6.894717	0.000000	2.633391	0.000000	1.835752	84.731914
45.583790	0.000000	66.846047	0.000000	6.442291	0.000000	6.876272	0.000000	2.627230	0.000000	1.832492	84.624332
45.608795	0.000000	66.788439	0.000000	6.420184	0.000000	6.857826	0.000000	2.621069	0.000000	1.829231	84.516749
45.633800	0.000000	66.729070	0.000000	6.398276	0.000000	6.839528	0.000000	2.614944	0.000000	1.825970	84.407789
45.658805	0.000000	66.659427	0.000000	6.377539	0.000000	6.822085	0.000000	2.609031	0.000000	1.822710	84.290792
45.683809	0.000000	66.589784	0.000000	6.356801	0.000000	6.804642	0.000000	2.603118	0.000000	1.819449	84.173794
45.708814	0.000000	66.520141	0.000000	6.336064	0.000000	6.787199	0.000000	2.597204	0.000000	1.816189	84.056797
45.733819	0.000000	66.450498	0.000000	6.315326	0.000000	6.769756	0.000000	2.591291	0.000000	1.812928	83.939799
45.758824	0.000000	66.380855	0.000000	6.294588	0.000000	6.752313	0.000000	2.585378	0.000000	1.809667	83.822802
45.783829	0.000000	66.311213	0.000000	6.273851	0.000000	6.734870	0.000000	2.579464	0.000000	1.806407	83.705804
45.808834	0.000000	66.241570	0.000000	6.253113	0.000000	6.717427	0.000000	2.573551	0.000000	1.803146	83.588807
45.833838	0.000000	66.171927	0.000000	6.232376	0.000000	6.699984	0.000000	2.567638	0.000000	1.799885	83.471809
45.858843	0.000000	66.102284	0.000000	6.211638	0.000000	6.682541	0.000000	2.561724	0.000000	1.796625	83.354812
45.883848	0.000000	66.029440	0.000000	6.190986	0.000000	6.665134	0.000000	2.555845	0.000000	1.793326	83.234730
45.908853	0.000000	65.938204	0.000000	6.170823	0.000000	6.647933	0.000000	2.550159	0.000000	1.789810	83.096929
45.933858	0.000000	65.846968	0.000000	6.150660	0.000000	6.630731	0.000000	2.544473	0.000000	1.786294	82.959127
45.958862	0.000000	65.755732	0.000000	6.130498	0.000000	6.613530	0.000000	2.538787	0.000000	1.782778	82.821326
45.983867	0.000000	65.664496	0.000000	6.110335	0.000000	6.596329	0.000000	2.533101	0.000000	1.779263	82.683524
46.008872	0.000000	65.573260	0.000000	6.090173	0.000000	6.579127	0.000000	2.527416	0.000000	1.775747	82.545723
46.033877	0.000000	65.482025	0.000000	6.070010	0.000000	6.561926	0.000000	2.521730	0.000000	1.772231	82.407921
46.058882	0.000000	65.390789	0.000000	6.049847	0.000000	6.544725	0.000000	2.516044	0.000000	1.768715	82.270119
46.083887	0.000000	65.299553	0.000000	6.029685	0.000000	6.527524	0.000000	2.510358	0.000000	1.765199	82.132318
46.108891	0.000000	65.208317	0.000000	6.009522	0.000000	6.510322	0.000000	2.504672	0.000000	1.761683	81.994516
46.133896	0.000000	65.110802	0.000000	5.989531	0.000000	6.493229	0.000000	2.498986	0.000000	1.758205	81.850753
46.158901	0.000000	64.977750	0.000000	5.970507	0.000000	6.476744	0.000000	2.493300	0.000000	1.754945	81.673245
46.183906	0.000000	64.844698	0.000000	5.951483	0.000000	6.460259	0.000000	2.487614	0.000000	1.751684	81.495738
46.208911	0.000000	64.711646	0.000000	5.932460	0.000000	6.443774	0.000000	2.481927	0.000000	1.748423	81.318230
46.233915	0.000000	64.578594	0.000000	5.913436	0.000000	6.427289	0.000000	2.476241	0.000000	1.745163	81.140723
46.258920	0.000000	64.445542	0.000000	5.894412	0.000000	6.410805	0.000000	2.470555	0.000000	1.741902	80.963215
46.283925	0.000000	64.312490	0.000000	5.875389	0.000000	6.394320	0.000000	2.464868	0.000000	1.738641	80.785708
46.308930	0.000000	64.179438	0.000000	5.856365	0.000000	6.377835	0.000000	2.459182	0.000000	1.735381	80.608200
46.333935	0.000000	64.046386	0.000000	5.837341	0.000000	6.361350	0.000000	2.453495	0.000000	1.732120	80.430693
46.358940	0.000000	63.913334	0.000000	5.818318	0.000000	6.344865	0.000000	2.447809	0.000000	1.728860	80.253185
46.383944	0.000000	63.762147	0.000000	5.799409	0.000000	6.328484	0.000000	2.442156	0.000000	1.725724	80.057922
46.408949	0.000000	63.509857	0.000000	5.781144	0.000000	6.312683	0.000000	2.436692	0.000000	1.723289	79.763665
46.433954	0.000000	63.257567	0.000000	5.762880	0.000000	6.296881	0.000000	2.431228	0.000000	1.720853	79.469408
46.458959	0.000000	63.005276	0.000000	5.744615	0.000000	6.281079	0.000000	2.425764	0.000000	1.718417	79.175151
46.483964	0.000000	62.752986	0.000000	5.726350	0.000000	6.265277	0.000000	2.420300	0.000000	1.715981	78.880895
46.508969	0.000000	62.500696	0.000000	5.708085	0.000000	6.249475	0.000000	2.414836	0.000000	1.713546	78.586638
46.533973	0.000000	62.248406	0.000000	5.689820	0.000000	6.233673	0.000000	2.409372	0.000000	1.711110	78.292381
46.558978	0.000000	61.996115	0.000000	5.671556	0.000000	6.217872	0.000000	2.403907	0.000000	1.708674	77.998124
46.583983	0.000000	61.743825	0.000000	5.653291	0.000000	6.202070	0.000000	2.398443	0.000000	1.706239	77.703867
46.608988	0.000000	61.491535	0.000000	5.635026	0.000000	6.186268	0.000000	2.392979	0.000000	1.703803	77.409611
46.633993	0.000000	61.158931	0.000000	5.616912	0.000000	6.170585	0.000000	2.387553	0.000000	1.675527	77.009509
46.658997	0.000000	60.385185	0.000000	5.599629	0.000000	6.155554	0.000000	2.382337	0.000000	1.505320	76.028025
46.684002	0.000000	59.611439	0.000000	5.582345	0.000000	6.140522	0.000000	2.377122	0.000000	1.335113	75.046542
46.709007	0.000000	58.837693	0.000000	5.565061	0.000000	6.125491	0.000000	2.371906	0.000000	1.164906	74.065058
46.734012	0.000000	58.063947	0.000000	5.547777	0.000000	6.110460	0.000000	2.366690	0.000000	0.994699	73.083574
46.759017	0.000000	57.290201	0.000000	5.530494	0.000000	6.095429	0.000000	2.361475	0.000000	0.824492	72.102090
46.784022	0.000000	56.516455	0.000000	5.513210	0.000000	6.080397	0.000000	2.356259	0.000000	0.654285	71.120606
46.809026	0.000000	55.742708	0.000000	5.495926	0.000000	6.065366	0.000000	2.351043	0.000000	0.484078	70.139122
46.834031	0.000000	54.968962	0.000000	5.478643	0.000000	6.050335	0.000000	2.345827	0.000000	0.313871	69.157638
46.859036	0.000000	54.195216	0.000000	5.461359	0.000000	6.035303	0.000000	2.340612	0.000000	0.143664	68.176154
46.884041	0.000000	53.065879	0.000000	5.444199	0.000000	6.020393	0.000000	2.335397	0.000000	0.000000	66.865868
46.909046	0.000000	50.011904	0.000000	5.427712	0.000000	6.006137	0.000000	2.330186	0.000000	0.000000	63.775938
46.934050	0.000000	46.957928	0.000000	5.411224	0.000000	5.991881	0.000000	2.324975	0.000000	0.000000	60.686008
46.959055	0.000000	43.903953	0.000000	5.394737	0.000000	5.977625	0.000000	2.319764	0.000000	0.000000	57.596078
46.984060	0.000000	40.849977	0.000000	5.378249	0.000000	5.963369	0.000000	2.314553	0.000000	0.000000	54.506148
47.009065	0.000000	37.796002	0.000000	5.361762	0.000000	5.949113	0.000000	2.309342	0.000000	0.000000	51.416218
47.034070	0.000000	34.742027	0.000000	5.345274	0.000000	5.934857	0.000000	2.304131	0.000000	0.000000	48.326288
47.059075	0.000000	31.688051	0.000000	5.328787	0.000000	5.920601	0.000000	2.298920	0.000000	0.000000	45.236358
47.084079	0.000000	28.634076	0.000000	5.312299	0.000000	5.906345	0.000000	2.293709	0.000000	0.000000	42.146429
47.109084	0.000000	25.580100	0.000000	5.295812	0.000000	5.892089	0.000000	2.288498	0.000000	0.000000	39.056499
47.134089	0.000000	22.892019	0.000000	5.279388	0.000000	5.877797	0.000000	2.283326	0.000000	0.000000	36.332530
47.159094	0.000000	22.155685	0.000000	5.263307	0.000000	5.863315	0.000000	2.278363	0.000000	0.000000	35.560669
47.184099	0.000000	21.419350	0.000000	5.247225	0.000000	5.848833	0.000000	2.273399	0.000000	0.000000	34.788807
47.209104	0.000000	20.683016	0.000000	5.231144	0.000000	5.834350	0.000000	2.268436	0.000000	0.000000	34.016946
47.234108	0.000000	19.946681	0.000000	5.215062	0.000000	5.819868	0.000000	2.263473	0.000000	0.000000	33.245085
47.259113	0.000000	19.210347	0.000000	5.198981	0.000000	5.805385	0.000000	2.258510	0.000000	0.000000	32.473223
47.284118	0.000000	18.474013	0.000000	5.182899	0.000000	5.790903	0.000000	2.253547	0.000000	0.000000	31.701362
47.309123	0.000000	17.737678	0.000000	5.166818	0.000000	5.776421	0.000000	2.248584	0.000000	0.000000	30.929501
47.334128	0.000000	17.001344	0.000000	5.150737	0.000000	5.761938	0.000000	2.243621	0.000000	0.000000	30.157639
47.359132	0.000000	16.265009	0.000000	5.134655	0.000000	5.747456	0.000000	2.238658	0.000000	0.000000	29.385778
47.384137	0.000000	15.607718	0.000000	5.118694	0.000000	5.733126	0.000000	2.233730	0.000000	0.000000	28.693268
47.409142	0.000000	15.366013	0.000000	5.103367	0.000000	5.719602	0.000000	2.228989	0.000000	0.000000	28.417971
47.434147	0.000000	15.124308	0.000000	5.088040	0.000000	5.706078	0.000000	2.224248	0.000000	0.000000	28.142674
47.459152	0.000000	14.882603	0.000000	5.072712	0.000000	5.692554	0.000000	2.219507	0.000000	0.000000	27.867377
47.484157	0.000000	14.640899	0.000000	5.057385	0.000000	5.679029	0.000000	2.214766	0.000000	0.000000	27.592079
47.509161	0.000000	14.399194	0.000000	5.042058	0.000000	5.665505	0.000000	2.210025	0.000000	0.000000	27.316782
47.534166	0.000000	14.157489	0.000000	5.026730	0.000000	5.651981	0.000000	2.205284	0.000000	0.000000	27.041485
47.559171	0.000000	13.915784	0.000000	5.011403	0.000000	5.638457	0.000000	2.200544	0.000000	0.000000	26.766188
47.584176	0.000000	13.674079	0.000000	4.996076	0.000000	5.624933	0.000000	2.195803	0.000000	0.000000	26.490890
47.609181	0.000000	13.432375	0.000000	4.980748	0.000000	5.611408	0.000000	2.191062	0.000000	0.000000	26.215593
47.634185	0.000000	13.209108	0.000000	4.965545	0.000000	5.597955	0.000000	2.186321	0.000000	0.000000	25.958928
47.659190	0.000000	13.081409	0.000000	4.950982	0.000000	5.584867	0.000000	2.181580	0.000000	0.000000	25.798837
47.684195	0.000000	12.953710	0.000000	4.936418	0.000000	5.571779	0.000000	2.176839	0.000000	0.000000	25.638747
47.709200	0.000000	12.826011	0.000000	4.921855	0.000000	5.558692	0.000000	2.172098	0.000000	0.000000	25.478656
47.734205	0.000000	12.698312	0.000000	4.907292	0.000000	5.545604	0.000000	2.167357	0.000000	0.000000	25.318565
47.759210	0.000000	12.570613	0.000000	4.892729	0.000000	5.532516	0.000000	2.162616	0.000000	0.000000	25.158474
47.784214	0.000000	12.442914	0.000000	4.878166	0.000000	5.519429	0.000000	2.157875	0.000000	0.000000	24.998383
47.809219	0.000000	12.315215	0.000000	4.863602	0.000000	5.506341	0.000000	2.153134	0.000000	0.000000	24.838293
47.834224	0.000000	12.187516	0.000000	4.849039	0.000000	5.493254	0.000000	2.148393	0.000000	0.000000	24.678202
47.859229	0.000000	12.059816	0.000000	4.834476	0.000000	5.480166	0.000000	2.143653	0.000000	0.000000	24.518111
47.884234	0.000000	11.938650	0.000000	4.820006	0.000000	5.467164	0.000000	2.138950	0.000000	0.000000	24.364769
47.909239	0.000000	11.850867	0.000000	4.806012	0.000000	5.454598	0.000000	2.134441	0.000000	0.000000	24.245917
47.934243	0.000000	11.763083	0.000000	4.792018	0.000000	5.442032	0.000000	2.129932	0.000000	0.000000	24.127065
47.959248	0.000000	11.675300	0.000000	4.778024	0.000000	5.429465	0.000000	2.125424	0.000000	0.000000	24.008213
47.984253	0.000000	11.587516	0.000000	4.764030	0.000000	5.416899	0.000000	2.120915	0.000000	0.000000	23.889361
48.009258	0.000000	11.499733	0.000000	4.750036	0.000000	5.404333	0.000000	2.116406	0.000000	0.000000	23.770509
48.034263	0.000000	11.411950	0.000000	4.736042	0.000000	5.391767	0.000000	2.111897	0.000000	0.000000	23.651657
48.059267	0.000000	11.324166	0.000000	4.722048	0.000000	5.379201	0.000000	2.107389	0.000000	0.000000	23.532804
48.084272	0.000000	11.236383	0.000000	4.708054	0.000000	5.366635	0.000000	2.102880	0.000000	0.000000	23.413952
48.109277	0.000000	11.148600	0.000000	4.694060	0.000000	5.354069	0.000000	2.098371	0.000000	0.000000	23.295100
48.134282	0.000000	11.064009	0.000000	4.680168	0.000000	5.341545	0.000000	2.093824	0.000000	0.000000	23.179546
48.159287	0.000000	10.995507	0.000000	4.666785	0.000000	5.329233	0.000000	2.089083	0.000000	0.000000	23.080608
48.184292	0.000000	10.927006	0.000000	4.653403	0.000000	5.316920	0.000000	2.084342	0.000000	0.000000	22.981671
48.209296	0.000000	10.858504	0.000000	4.640021	0.000000	5.304608	0.000000	2.079601	0.000000	0.000000	22.882734
48.234301	0.000000	10.790002	0.000000	4.626639	0.000000	5.292295	0.000000	2.074861	0.000000	0.000000	22.783797
48.259306	0.000000	10.721500	0.000000	4.613256	0.000000	5.279983	0.000000	2.070120	0.000000	0.000000	22.684860
48.284311	0.000000	10.652999	0.000000	4.599874	0.000000	5.267671	0.000000	2.065379	0.000000	0.000000	22.585922
48.309316	0.000000	10.584497	0.000000	4.586492	0.000000	5.255358	0.000000	2.060638	0.000000	0.000000	22.486985
48.334321	0.000000	10.515995	0.000000	4.573110	0.000000	5.243046	0.000000	2.055897	0.000000	0.000000	22.388048
48.359325	0.000000	10.447494	0.000000	4.559728	0.000000	5.230734	0.000000	2.051156	0.000000	0.000000	22.289111
48.384330	0.000000	10.380884	0.000000	4.546414	0.000000	5.218470	0.000000	2.046495	0.000000	0.000000	22.192262
48.409335	0.000000	10.323678	0.000000	4.533438	0.000000	5.206448	0.000000	2.042229	0.000000	0.000000	22.105792
48.434340	0.000000	10.266472	0.000000	4.520462	0.000000	5.194426	0.000000	2.037962	0.000000	0.000000	22.019322
48.459345	0.000000	10.209265	0.000000	4.507487	0.000000	5.182404	0.000000	2.033696	0.000000	0.000000	21.932852
48.484349	0.000000	10.152059	0.000000	4.494511	0.000000	5.170382	0.000000	2.029430	0.000000	0.000000	21.846383
48.509354	0.000000	10.094853	0.000000	4.481536	0.000000	5.158360	0.000000	2.025164	0.000000	0.000000	21.759913
48.534359	0.000000	10.037646	0.000000	4.468560	0.000000	5.146338	0.000000	2.020898	0.000000	0.000000	21.673443
48.559364	0.000000	9.980440	0.000000	4.455585	0.000000	5.134316	0.000000	2.016632	0.000000	0.000000	21.586973
48.584369	0.000000	9.923234	0.000000	4.442609	0.000000	5.122294	0.000000	2.012366	0.000000	0.000000	21.500503
48.609374	0.000000	9.866028	0.000000	4.429633	0.000000	5.110273	0.000000	2.008100	0.000000	0.000000	21.414033
48.634378	0.000000	9.809986	0.000000	4.416720	0.000000	5.098330	0.000000	2.003796	0.000000	0.000000	21.328832
48.659383	0.000000	9.759653	0.000000	4.404114	0.000000	5.086776	0.000000	1.999308	0.000000	0.000000	21.249851
48.684388	0.000000	9.709320	0.000000	4.391507	0.000000	5.075222	0.000000	1.994821	0.000000	0.000000	21.170870
48.709393	0.000000	9.658987	0.000000	4.378900	0.000000	5.063668	0.000000	1.990333	0.000000	0.000000	21.091888
48.734398	0.000000	9.608654	0.000000	4.366293	0.000000	5.052114	0.000000	1.985845	0.000000	0.000000	21.012907
48.759402	0.000000	9.558321	0.000000	4.353686	0.000000	5.040561	0.000000	1.981357	0.000000	0.000000	20.933925
48.784407	0.000000	9.507988	0.000000	4.341080	0.000000	5.029007	0.000000	1.976870	0.000000	0.000000	20.854944
48.809412	0.000000	9.457655	0.000000	4.328473	0.000000	5.017453	0.000000	1.972382	0.000000	0.000000	20.775963
48.834417	0.000000	9.407322	0.000000	4.315866	0.000000	5.005899	0.000000	1.967894	0.000000	0.000000	20.696981
48.859422	0.000000	9.356989	0.000000	4.303259	0.000000	4.994345	0.000000	1.963406	0.000000	0.000000	20.618000
48.884427	0.000000	9.307384	0.000000	4.290814	0.000000	4.982871	0.000000	1.958995	0.000000	0.000000	20.540063
48.909431	0.000000	9.261294	0.000000	4.279151	0.000000	4.971780	0.000000	1.954951	0.000000	0.000000	20.467175
48.934436	0.000000	9.215204	0.000000	4.267487	0.000000	4.960690	0.000000	1.950907	0.000000	0.000000	20.394288
48.959441	0.000000	9.169115	0.000000	4.255823	0.000000	4.949599	0.000000	1.946863	0.000000	0.000000	20.321400
48.984446	0.000000	9.123025	0.000000	4.244160	0.000000	4.938509	0.000000	1.942819	0.000000	0.000000	20.248513
49.009451	0.000000	9.076935	0.000000	4.232496	0.000000	4.927418	0.000000	1.938775	0.000000	0.000000	20.175625
49.034456	0.000000	9.030846	0.000000	4.220833	0.000000	4.916328	0.000000	1.934731	0.000000	0.000000	20.102738
49.059460	0.000000	8.984756	0.000000	4.209169	0.000000	4.905237	0.000000	1.930687	0.000000	0.000000	20.029850
49.084465	0.000000	8.938667	0.000000	4.197506	0.000000	4.894147	0.000000	1.926643	0.000000	0.000000	19.956963
49.109470	0.000000	8.892577	0.000000	4.185842	0.000000	4.883056	0.000000	1.922600	0.000000	0.000000	19.884075
49.134475	0.000000	8.847086	0.000000	4.174245	0.000000	4.872005	0.000000	1.918604	0.000000	0.000000	19.811940
49.159480	0.000000	8.804451	0.000000	4.162961	0.000000	4.861141	0.000000	1.914840	0.000000	0.000000	19.743392
49.184484	0.000000	8.761815	0.000000	4.151678	0.000000	4.850277	0.000000	1.911075	0.000000	0.000000	19.674844
49.209489	0.000000	8.719180	0.000000	4.140394	0.000000	4.839413	0.000000	1.907311	0.000000	0.000000	19.606297
49.234494	0.000000	8.676544	0.000000	4.129111	0.000000	4.828548	0.000000	1.903546	0.000000	0.000000	19.537749
49.259499	0.000000	8.633909	0.000000	4.117827	0.000000	4.817684	0.000000	1.899782	0.000000	0.000000	19.469202
49.284504	0.000000	8.591273	0.000000	4.106544	0.000000	4.806820	0.000000	1.896017	0.000000	0.000000	19.400654
49.309509	0.000000	8.548638	0.000000	4.095260	0.000000	4.795956	0.000000	1.892252	0.000000	0.000000	19.332107
49.334513	0.000000	8.506002	0.000000	4.083977	0.000000	4.785092	0.000000	1.888488	0.000000	0.000000	19.263559
49.359518	0.000000	8.463367	0.000000	4.072693	0.000000	4.774228	0.000000	1.884723	0.000000	0.000000	19.195011
49.384523	0.000000	8.421304	0.000000	4.061488	0.000000	4.763456	0.000000	1.848641	0.000000	0.000000	19.094888
49.409528	0.000000	8.381936	0.000000	4.050647	0.000000	4.753119	0.000000	1.660443	0.000000	0.000000	18.846145
49.434533	0.000000	8.342569	0.000000	4.039806	0.000000	4.742783	0.000000	1.472245	0.000000	0.000000	18.597402
49.459537	0.000000	8.303201	0.000000	4.028965	0.000000	4.732446	0.000000	1.284046	0.000000	0.000000	18.348659
49.484542	0.000000	8.263833	0.000000	4.018124	0.000000	4.722109	0.000000	1.095848	0.000000	0.000000	18.099915
49.509547	0.000000	8.224466	0.000000	4.007283	0.000000	4.711773	0.000000	0.907650	0.000000	0.000000	17.851172
49.534552	0.000000	8.185098	0.000000	3.996443	0.000000	4.701436	0.000000	0.719452	0.000000	0.000000	17.602429
49.559557	0.000000	8.145731	0.000000	3.985602	0.000000	4.691099	0.000000	0.531254	0.000000	0.000000	17.353686
49.584562	0.000000	8.106363	0.000000	3.974761	0.000000	4.680762	0.000000	0.343056	0.000000	0.000000	17.104942
49.609566	0.000000	8.066996	0.000000	3.963920	0.000000	4.670426	0.000000	0.154858	0.000000	0.000000	16.856199
49.634571	0.000000	8.027465	0.000000	3.953215	0.000000	4.660227	0.000000	0.000000	0.000000	0.000000	16.640907
49.659576	0.000000	7.987179	0.000000	3.943139	0.000000	4.650670	0.000000	0.000000	0.000000	0.000000	16.580988
49.684581	0.000000	7.946893	0.000000	3.933063	0.000000	4.641114	0.000000	0.000000	0.000000	0.000000	16.521069
49.709586	0.000000	7.906606	0.000000	3.922987	0.000000	4.631557	0.000000	0.000000	0.000000	0.000000	16.461151
49.734591	0.000000	7.866320	0.000000	3.912911	0.000000	4.622000	0.000000	0.000000	0.000000	0.000000	16.401232
49.759595	0.000000	7.826034	0.000000	3.902835	0.000000	4.612444	0.000000	0.000000	0.000000	0.000000	16.341313
49.784600	0.000000	7.785748	0.000000	3.892759	0.000000	4.602887	0.000000	0.000000	0.000000	0.000000	16.281394
49.809605	0.000000	7.745461	0.000000	3.882683	0.000000	4.593330	0.000000	0.000000	0.000000	0.000000	16.221475
49.834610	0.000000	7.705175	0.000000	3.872608	0.000000	4.583773	0.000000	0.000000	0.000000	0.000000	16.161556
49.859615	0.000000	7.664889	0.000000	3.862532	0.000000	4.574217	0.000000	0.000000	0.000000	0.000000	16.101637
49.884619	0.000000	0.000000	0.000000	0.000000	0.000000	0.000000	0.000000	0.000000	0.000000	0.000000	0.000000
49.909624	0.000000	0.000000	0.000000	0.000000	0.000000	0.000000	0.000000	0.000000	0.000000	0.000000	0.000000
49.934629	0.000000	0.000000	0.000000	0.000000	0.000000	0.000000	0.000000	0.000000	0.000000	0.000000	0.000000
49.959634	0.000000	0.000000	0.000000	0.000000	0.000000	0.000000	0.000000	0.000000	0.000000	0.000000	0.000000
49.984639	0.000000	0.000000	0.000000	0.000000	0.000000	0.000000	0.000000	0.000000	0.000000	0.000000	0.000000
50.009644	0.000000	0.000000	0.000000	0.000000	0.000000	0.000000	0.000000	0.000000	0.000000	0.000000	0.000000
