Patient Name: EQUIPO 4 2025, QA
Patient ID: Eq4-2025
Plan: PerfDiag
Course: C-Fisica
Date: Friday, August 07, 2026 2:46:47 PM
Exported by: paberbuj

Start: (-29.79, -9.98, 0.00)
End:   (30.24, -9.98, -0.23)

	40x40	20x20	10x10	Total
-30.029627	6.295260	0.000000	0.000000	6.295260
-30.004622	6.320922	0.000000	0.000000	6.320922
-29.979616	6.346584	0.000000	0.000000	6.346584
-29.954611	6.372245	0.000000	0.000000	6.372245
-29.929606	6.397906	0.000000	0.000000	6.397906
-29.904600	6.423567	0.000000	0.000000	6.423567
-29.879595	6.449227	0.000000	0.000000	6.449227
-29.854589	6.474806	0.000000	0.000000	6.474806
-29.829584	6.500173	0.000000	0.000000	6.500173
-29.804578	6.525540	0.000000	0.000000	6.525540
-29.779573	6.550908	0.000000	0.000000	6.550908
-29.754568	6.576276	0.000000	0.000000	6.576276
-29.729562	6.601644	0.000000	0.000000	6.601644
-29.704557	6.627012	0.000000	0.000000	6.627012
-29.679551	6.652380	0.000000	0.000000	6.652380
-29.654546	6.677749	0.000000	0.000000	6.677749
-29.629540	6.703117	0.000000	0.000000	6.703117
-29.604535	6.728763	0.000000	0.000000	6.728763
-29.579530	6.755120	0.000000	0.000000	6.755120
-29.554524	6.781477	0.000000	0.000000	6.781477
-29.529519	6.807835	0.000000	0.000000	6.807835
-29.504513	6.834192	0.000000	0.000000	6.834192
-29.479508	6.860550	0.000000	0.000000	6.860550
-29.454502	6.886907	0.000000	0.000000	6.886907
-29.429497	6.913265	0.000000	0.000000	6.913265
-29.404491	6.939622	0.000000	0.000000	6.939622
-29.379486	6.965979	0.000000	0.000000	6.965979
-29.354481	6.992703	0.000000	0.000000	6.992703
-29.329475	7.020362	0.000000	0.000000	7.020362
-29.304470	7.048020	0.000000	0.000000	7.048020
-29.279464	7.075679	0.000000	0.000000	7.075679
-29.254459	7.103337	0.000000	0.000000	7.103337
-29.229453	7.130996	0.000000	0.000000	7.130996
-29.204448	7.158654	0.000000	0.000000	7.158654
-29.179443	7.186313	0.000000	0.000000	7.186313
-29.154437	7.213971	0.000000	0.000000	7.213971
-29.129432	7.241630	0.000000	0.000000	7.241630
-29.104426	7.269682	0.000000	0.000000	7.269682
-29.079421	7.298730	0.000000	0.000000	7.298730
-29.054415	7.327777	0.000000	0.000000	7.327777
-29.029410	7.356825	0.000000	0.000000	7.356825
-29.004405	7.385873	0.000000	0.000000	7.385873
-28.979399	7.414921	0.000000	0.000000	7.414921
-28.954394	7.443970	0.000000	0.000000	7.443970
-28.929388	7.473019	0.000000	0.000000	7.473019
-28.904383	7.502068	0.000000	0.000000	7.502068
-28.879377	7.531117	0.000000	0.000000	7.531117
-28.854372	7.560397	0.000000	0.000000	7.560397
-28.829367	7.590252	0.000000	0.000000	7.590252
-28.804361	7.620109	0.000000	0.000000	7.620109
-28.779356	7.649966	0.000000	0.000000	7.649966
-28.754350	7.679823	0.000000	0.000000	7.679823
-28.729345	7.709681	0.000000	0.000000	7.709681
-28.704339	7.739540	0.000000	0.000000	7.739540
-28.679334	7.769399	0.000000	0.000000	7.769399
-28.654329	7.799258	0.000000	0.000000	7.799258
-28.629323	7.829118	0.000000	0.000000	7.829118
-28.604318	7.859628	0.000000	0.000000	7.859628
-28.579312	7.891743	0.000000	0.000000	7.891743
-28.554307	7.923859	0.000000	0.000000	7.923859
-28.529301	7.955973	0.000000	0.000000	7.955973
-28.504296	7.988087	0.000000	0.000000	7.988087
-28.479291	8.020200	0.000000	0.000000	8.020200
-28.454285	8.052313	0.000000	0.000000	8.052313
-28.429280	8.084425	0.000000	0.000000	8.084425
-28.404274	8.116537	0.000000	0.000000	8.116537
-28.379269	8.148648	0.000000	0.000000	8.148648
-28.354263	8.181256	0.000000	0.000000	8.181256
-28.329258	8.215083	0.000000	0.000000	8.215083
-28.304252	8.248911	0.000000	0.000000	8.248911
-28.279247	8.282739	0.000000	0.000000	8.282739
-28.254242	8.316567	0.000000	0.000000	8.316567
-28.229236	8.350395	0.000000	0.000000	8.350395
-28.204231	8.384224	0.000000	0.000000	8.384224
-28.179225	8.418052	0.000000	0.000000	8.418052
-28.154220	8.451881	0.000000	0.000000	8.451881
-28.129214	8.485711	0.000000	0.000000	8.485711
-28.104209	8.519973	0.000000	0.000000	8.519973
-28.079204	8.555284	0.000000	0.000000	8.555284
-28.054198	8.590595	0.000000	0.000000	8.590595
-28.029193	8.625907	0.000000	0.000000	8.625907
-28.004187	8.661218	0.000000	0.000000	8.661218
-27.979182	8.696529	0.000000	0.000000	8.696529
-27.954176	8.731840	0.000000	0.000000	8.731840
-27.929171	8.767152	0.000000	0.000000	8.767152
-27.904166	8.802463	0.000000	0.000000	8.802463
-27.879160	8.837774	0.000000	0.000000	8.837774
-27.854155	8.873671	0.000000	0.000000	8.873671
-27.829149	8.910973	0.000000	0.000000	8.910973
-27.804144	8.948274	0.000000	0.000000	8.948274
-27.779138	8.985576	0.000000	0.000000	8.985576
-27.754133	9.022878	0.000000	0.000000	9.022878
-27.729128	9.060180	0.000000	0.000000	9.060180
-27.704122	9.097482	0.000000	0.000000	9.097482
-27.679117	9.134783	0.000000	0.000000	9.134783
-27.654111	9.172085	0.000000	0.000000	9.172085
-27.629106	9.209387	0.000000	0.000000	9.209387
-27.604100	9.247192	0.000000	0.000000	9.247192
-27.579095	9.286195	0.000000	0.000000	9.286195
-27.554090	9.325197	0.000000	0.000000	9.325197
-27.529084	9.364200	0.000000	0.000000	9.364200
-27.504079	9.403202	0.000000	0.000000	9.403202
-27.479073	9.442205	0.000000	0.000000	9.442205
-27.454068	9.481209	0.000000	0.000000	9.481209
-27.429062	9.520212	0.000000	0.000000	9.520212
-27.404057	9.559216	0.000000	0.000000	9.559216
-27.379052	9.598220	0.000000	0.000000	9.598220
-27.354046	9.637468	0.000000	0.000000	9.637468
-27.329041	9.677289	0.000000	0.000000	9.677289
-27.304035	9.717111	0.000000	0.000000	9.717111
-27.279030	9.756933	0.000000	0.000000	9.756933
-27.254024	9.796756	0.000000	0.000000	9.796756
-27.229019	9.836580	0.000000	0.000000	9.836580
-27.204013	9.876403	0.000000	0.000000	9.876403
-27.179008	9.916228	0.000000	0.000000	9.916228
-27.154003	9.956053	0.000000	0.000000	9.956053
-27.128997	9.995878	0.000000	0.000000	9.995878
-27.103992	10.036670	0.034884	0.000000	10.071554
-27.078986	10.079712	0.151011	0.000000	10.230723
-27.053981	10.122753	0.267139	0.000000	10.389892
-27.028975	10.165794	0.383266	0.000000	10.549060
-27.003970	10.208834	0.499393	0.000000	10.708227
-26.978965	10.251873	0.615521	0.000000	10.867394
-26.953959	10.294912	0.731648	0.000000	11.026560
-26.928954	10.337950	0.847775	0.000000	11.185726
-26.903948	10.380988	0.963903	0.000000	11.344891
-26.878943	10.424025	1.080030	0.000000	11.504055
-26.853937	10.467884	1.162081	0.000000	11.629965
-26.828932	10.513638	1.165556	0.000000	11.679194
-26.803927	10.559393	1.169030	0.000000	11.728423
-26.778921	10.605148	1.172505	0.000000	11.777653
-26.753916	10.650902	1.175980	0.000000	11.826882
-26.728910	10.696657	1.179455	0.000000	11.876111
-26.703905	10.742411	1.182930	0.000000	11.925341
-26.678899	10.788166	1.186404	0.000000	11.974570
-26.653894	10.833921	1.189879	0.000000	12.023800
-26.628889	10.879675	1.193354	0.000000	12.073029
-26.603883	10.925960	1.197135	0.000000	12.123095
-26.578878	10.973454	1.201616	0.000000	12.175070
-26.553872	11.020949	1.206097	0.000000	12.227046
-26.528867	11.068445	1.210578	0.000000	12.279023
-26.503861	11.115941	1.215059	0.000000	12.331000
-26.478856	11.163438	1.219540	0.000000	12.382978
-26.453851	11.210935	1.224021	0.000000	12.434956
-26.428845	11.258434	1.228502	0.000000	12.486935
-26.403840	11.305932	1.232983	0.000000	12.538915
-26.378834	11.353431	1.237464	0.000000	12.590895
-26.353829	11.401713	1.242116	0.000000	12.643830
-26.328823	11.451763	1.247157	0.000000	12.698921
-26.303818	11.501813	1.252199	0.000000	12.754012
-26.278813	11.551864	1.257240	0.000000	12.809103
-26.253807	11.601914	1.262281	0.000000	12.864195
-26.228802	11.651965	1.267322	0.000000	12.919287
-26.203796	11.702016	1.272363	0.000000	12.974378
-26.178791	11.752066	1.277404	0.000000	13.029470
-26.153785	11.802118	1.282445	0.000000	13.084562
-26.128780	11.852169	1.287486	0.000000	13.139655
-26.103774	11.903633	1.292527	0.000000	13.196160
-26.078769	11.958260	1.297568	0.000000	13.255828
-26.053764	12.012886	1.302609	0.000000	13.315495
-26.028758	12.067511	1.307650	0.000000	13.375161
-26.003753	12.122135	1.312691	0.000000	13.434826
-25.978747	12.176757	1.317732	0.000000	13.494490
-25.953742	12.231379	1.322773	0.000000	13.554153
-25.928736	12.286000	1.327814	0.000000	13.613814
-25.903731	12.340619	1.332856	0.000000	13.673475
-25.878726	12.395238	1.337897	0.000000	13.733135
-25.853720	12.451506	1.343112	0.000000	13.794617
-25.828715	12.511431	1.348713	0.000000	13.860143
-25.803709	12.571356	1.354314	0.000000	13.925670
-25.778704	12.631282	1.359915	0.000000	13.991197
-25.753698	12.691208	1.365516	0.000000	14.056725
-25.728693	12.751135	1.371118	0.000000	14.122253
-25.703688	12.811063	1.376719	0.000000	14.187782
-25.678682	12.870991	1.382320	0.000000	14.253311
-25.653677	12.930920	1.387921	0.000000	14.318841
-25.628671	12.990849	1.393522	0.000000	14.384371
-25.603666	13.053675	1.399051	0.000000	14.452725
-25.578660	13.122857	1.404419	0.000000	14.527275
-25.553655	13.192038	1.409787	0.000000	14.601825
-25.528650	13.261219	1.415155	0.000000	14.676374
-25.503644	13.330399	1.420523	0.000000	14.750922
-25.478639	13.399579	1.425891	0.000000	14.825470
-25.453633	13.468758	1.431260	0.000000	14.900017
-25.428628	13.537936	1.436628	0.000000	14.974564
-25.403622	13.607114	1.441996	0.000000	15.049110
-25.378617	13.676291	1.447364	0.000000	15.123655
-25.353612	13.750722	1.452699	0.000000	15.203421
-25.328606	13.836574	1.457964	0.000000	15.294537
-25.303601	13.922425	1.463228	0.000000	15.385653
-25.278595	14.008277	1.468492	0.000000	15.476769
-25.253590	14.094129	1.473756	0.000000	15.567885
-25.228584	14.179981	1.479020	0.000000	15.659001
-25.203579	14.265833	1.484284	0.000000	15.750117
-25.178574	14.351685	1.489548	0.000000	15.841233
-25.153568	14.437537	1.494812	0.000000	15.932349
-25.128563	14.523390	1.500076	0.000000	16.023466
-25.103557	14.620489	1.505554	0.000000	16.126043
-25.078552	14.741796	1.511492	0.000000	16.253289
-25.053546	14.863103	1.517431	0.000000	16.380534
-25.028541	14.984410	1.523369	0.000000	16.507779
-25.003535	15.105715	1.529307	0.000000	16.635023
-24.978530	15.227021	1.535245	0.000000	16.762266
-24.953525	15.348325	1.541184	0.000000	16.889509
-24.928519	15.469629	1.547122	0.000000	17.016751
-24.903514	15.590933	1.553060	0.000000	17.143993
-24.878508	15.712236	1.558999	0.000000	17.271234
-24.853503	15.868546	1.565079	0.000000	17.433626
-24.828497	16.099487	1.571464	0.000000	17.670950
-24.803492	16.330426	1.577848	0.000000	17.908274
-24.778487	16.561365	1.584232	0.000000	18.145597
-24.753481	16.792302	1.590616	0.000000	18.382919
-24.728476	17.023239	1.597001	0.000000	18.620240
-24.703470	17.254174	1.603385	0.000000	18.857559
-24.678465	17.485109	1.609769	0.000000	19.094878
-24.653459	17.716043	1.616154	0.000000	19.332196
-24.628454	17.946975	1.622538	0.000000	19.569513
-24.603449	18.301844	1.628851	0.000000	19.930694
-24.578443	18.918379	1.635012	0.000000	20.553391
-24.553438	19.534914	1.641173	0.000000	21.176088
-24.528432	20.151449	1.647335	0.000000	21.798783
-24.503427	20.767982	1.653496	0.000000	22.421478
-24.478421	21.384515	1.659657	0.000000	23.044172
-24.453416	22.001048	1.665818	0.000000	23.666866
-24.428411	22.617579	1.671980	0.000000	24.289559
-24.403405	23.234110	1.678141	0.000000	24.912251
-24.378400	23.850640	1.684302	0.000000	25.534943
-24.353394	24.966620	1.690643	0.000000	26.657263
-24.328389	27.126996	1.697358	0.000000	28.824354
-24.303383	29.287374	1.704074	0.000000	30.991447
-24.278378	31.447754	1.710789	0.000000	33.158543
-24.253373	33.608138	1.717504	0.000000	35.325642
-24.228367	35.768524	1.724220	0.000000	37.492743
-24.203362	37.928912	1.730935	0.000000	39.659847
-24.178356	40.089303	1.737651	0.000000	41.826954
-24.153351	42.249697	1.744366	0.000000	43.994063
-24.128345	44.410094	1.751081	0.000000	46.161175
-24.103340	46.047235	1.758162	0.000000	47.805398
-24.078335	46.600640	1.766000	0.000000	48.366640
-24.053329	47.154044	1.773838	0.000000	48.927882
-24.028324	47.707448	1.781675	0.000000	49.489123
-24.003318	48.260851	1.789513	0.000000	50.050364
-23.978313	48.814254	1.797351	0.000000	50.611604
-23.953307	49.367656	1.805188	0.000000	51.172844
-23.928302	49.921058	1.813026	0.000000	51.734084
-23.903296	50.474459	1.820864	0.000000	52.295323
-23.878291	51.027860	1.828701	0.000000	52.856561
-23.853286	51.474394	1.836467	0.000000	53.310861
-23.828280	51.701698	1.844086	0.000000	53.545784
-23.803275	51.929001	1.851704	0.000000	53.780705
-23.778269	52.156303	1.859323	0.000000	54.015626
-23.753264	52.383605	1.866942	0.000000	54.250547
-23.728258	52.610907	1.874560	0.000000	54.485467
-23.703253	52.838208	1.882179	0.000000	54.720387
-23.678248	53.065508	1.889798	0.000000	54.955306
-23.653242	53.292808	1.897416	0.000000	55.190225
-23.628237	53.520108	1.905035	0.000000	55.425143
-23.603231	53.713282	1.912801	0.000000	55.626082
-23.578226	53.837113	1.920865	0.000000	55.757978
-23.553220	53.960943	1.928930	0.000000	55.889873
-23.528215	54.084773	1.936995	0.000000	56.021768
-23.503210	54.208602	1.945059	0.000000	56.153662
-23.478204	54.332431	1.953124	0.000000	56.285555
-23.453199	54.456259	1.961189	0.000000	56.417448
-23.428193	54.580087	1.969253	0.000000	56.549340
-23.403188	54.703913	1.977318	0.000000	56.681231
-23.378182	54.827740	1.985382	0.000000	56.813122
-23.353177	54.939712	1.993669	0.000000	56.933381
-23.328172	55.027825	2.002402	0.000000	57.030227
-23.303166	55.115937	2.011135	0.000000	57.127072
-23.278161	55.204049	2.019867	0.000000	57.223916
-23.253155	55.292159	2.028600	0.000000	57.320760
-23.228150	55.380269	2.037333	0.000000	57.417602
-23.203144	55.468378	2.046066	0.000000	57.514444
-23.178139	55.556487	2.054799	0.000000	57.611286
-23.153134	55.644594	2.063532	0.000000	57.708126
-23.128128	55.732701	2.072265	0.000000	57.804966
-23.103123	55.815513	2.080886	0.000000	57.896398
-23.078117	55.887766	2.089283	0.000000	57.977050
-23.053112	55.960020	2.097681	0.000000	58.057701
-23.028106	56.032273	2.106079	0.000000	58.138352
-23.003101	56.104526	2.114477	0.000000	58.219002
-22.978096	56.176778	2.122874	0.000000	58.299653
-22.953090	56.249030	2.131272	0.000000	58.380303
-22.928085	56.321282	2.139670	0.000000	58.460952
-22.903079	56.393534	2.148068	0.000000	58.541602
-22.878074	56.465785	2.156466	0.000000	58.622251
-22.853068	56.535397	2.164940	0.000000	58.700336
-22.828063	56.599795	2.173564	0.000000	58.773359
-22.803057	56.664193	2.182189	0.000000	58.846383
-22.778052	56.728592	2.190814	0.000000	58.919406
-22.753047	56.792992	2.199439	0.000000	58.992430
-22.728041	56.857391	2.208064	0.000000	59.065455
-22.703036	56.921791	2.216688	0.000000	59.138480
-22.678030	56.986192	2.225313	0.000000	59.211505
-22.653025	57.050592	2.233938	0.000000	59.284530
-22.628019	57.114994	2.242563	0.000000	59.357556
-22.603014	57.177380	2.251782	0.000000	59.429162
-22.578009	57.235825	2.262163	0.000000	59.497988
-22.553003	57.294269	2.272544	0.000000	59.566813
-22.527998	57.352713	2.282925	0.000000	59.635638
-22.502992	57.411157	2.293306	0.000000	59.704463
-22.477987	57.469601	2.303686	0.000000	59.773287
-22.452981	57.528044	2.314066	0.000000	59.842110
-22.427976	57.586487	2.324446	0.000000	59.910933
-22.402971	57.644930	2.334826	0.000000	59.979756
-22.377965	57.703373	2.345205	0.000000	60.048578
-22.352960	57.760471	2.355479	0.000000	60.115950
-22.327954	57.814964	2.365550	0.000000	60.180514
-22.302949	57.869456	2.375621	0.000000	60.245078
-22.277943	57.923949	2.385692	0.000000	60.309641
-22.252938	57.978442	2.395763	0.000000	60.374205
-22.227933	58.032935	2.405834	0.000000	60.438768
-22.202927	58.087428	2.415905	0.000000	60.503332
-22.177922	58.141920	2.425975	0.000000	60.567896
-22.152916	58.196413	2.436046	0.000000	60.632459
-22.127911	58.250906	2.446117	0.000000	60.697023
-22.102905	58.304309	2.456397	0.000000	60.760706
-22.077900	58.355619	2.467078	0.000000	60.822697
-22.052895	58.406929	2.477760	0.000000	60.884689
-22.027889	58.458239	2.488442	0.000000	60.946681
-22.002884	58.509549	2.499124	0.000000	61.008673
-21.977878	58.560859	2.509806	0.000000	61.070665
-21.952873	58.612169	2.520489	0.000000	61.132658
-21.927867	58.663479	2.531171	0.000000	61.194651
-21.902862	58.714789	2.541855	0.000000	61.256644
-21.877857	58.766099	2.552538	0.000000	61.318637
-21.852851	58.816554	2.563579	0.000000	61.380133
-21.827846	58.865380	2.575300	0.000000	61.440679
-21.802840	58.914206	2.587020	0.000000	61.501226
-21.777835	58.963032	2.598741	0.000000	61.561772
-21.752829	59.011858	2.610461	0.000000	61.622319
-21.727824	59.060684	2.622181	0.000000	61.682864
-21.702818	59.109510	2.633900	0.000000	61.743410
-21.677813	59.158336	2.645620	0.000000	61.803955
-21.652808	59.207162	2.657339	0.000000	61.864500
-21.627802	59.255988	2.669057	0.000000	61.925045
-21.602797	59.303927	2.680608	0.000000	61.984535
-21.577791	59.350196	2.691842	0.000000	62.042038
-21.552786	59.396464	2.703076	0.000000	62.099540
-21.527780	59.442733	2.714311	0.000000	62.157043
-21.502775	59.489002	2.725545	0.000000	62.214547
-21.477770	59.535271	2.736780	0.000000	62.272051
-21.452764	59.581540	2.748016	0.000000	62.329555
-21.427759	59.627809	2.759251	0.000000	62.387060
-21.402753	59.674078	2.770487	0.000000	62.444565
-21.377748	59.720348	2.781723	0.000000	62.502071
-21.352742	59.765826	2.793143	0.000000	62.558969
-21.327737	59.809826	2.804905	0.000000	62.614731
-21.302732	59.853827	2.816668	0.000000	62.670494
-21.277726	59.897827	2.828430	0.000000	62.726258
-21.252721	59.941828	2.840193	0.000000	62.782021
-21.227715	59.985830	2.851955	0.000000	62.837785
-21.202710	60.029831	2.863717	0.000000	62.893548
-21.177704	60.073832	2.875480	0.000000	62.949312
-21.152699	60.117834	2.887242	0.000000	63.005077
-21.127694	60.161836	2.899005	0.000000	63.060841
-21.102688	60.205019	2.911353	0.021886	63.138259
-21.077683	60.246687	2.924786	0.084269	63.255742
-21.052677	60.288354	2.938219	0.146652	63.373225
-21.027672	60.330021	2.951652	0.209035	63.490708
-21.002666	60.371689	2.965085	0.271418	63.608192
-20.977661	60.413356	2.978517	0.333802	63.725675
-20.952656	60.455023	2.991950	0.396185	63.843158
-20.927650	60.496691	3.005383	0.458568	63.960641
-20.902645	60.538358	3.018816	0.520951	64.078125
-20.877639	60.580025	3.032249	0.583334	64.195608
-20.852634	60.620884	3.045753	0.624310	64.290947
-20.827628	60.660260	3.059388	0.626037	64.345685
-20.802623	60.699636	3.073023	0.627765	64.400423
-20.777618	60.739012	3.086657	0.629492	64.455161
-20.752612	60.778388	3.100292	0.631220	64.509899
-20.727607	60.817763	3.113926	0.632948	64.564637
-20.702601	60.857139	3.127560	0.634675	64.619375
-20.677596	60.896515	3.141194	0.636403	64.674112
-20.652590	60.935891	3.154828	0.638130	64.728849
-20.627585	60.975267	3.168461	0.639858	64.783587
-20.602579	61.013938	3.182237	0.642010	64.838185
-20.577574	61.051327	3.196271	0.644934	64.892532
-20.552569	61.088717	3.210305	0.647857	64.946879
-20.527563	61.126106	3.224339	0.650780	65.001226
-20.502558	61.163496	3.238373	0.653704	65.055573
-20.477552	61.200885	3.252408	0.656627	65.109920
-20.452547	61.238275	3.266443	0.659550	65.164268
-20.427541	61.275664	3.280477	0.662474	65.218615
-20.402536	61.313054	3.294512	0.665397	65.272963
-20.377531	61.350443	3.308548	0.668321	65.327311
-20.352525	61.387139	3.322888	0.671382	65.381410
-20.327520	61.422588	3.337778	0.674693	65.435059
-20.302514	61.458036	3.352669	0.678004	65.488709
-20.277509	61.493485	3.367559	0.681314	65.542359
-20.252503	61.528935	3.382449	0.684625	65.596008
-20.227498	61.564384	3.397339	0.687936	65.649659
-20.202493	61.599833	3.412229	0.691247	65.703309
-20.177487	61.635283	3.427119	0.694557	65.756960
-20.152482	61.670733	3.442009	0.697868	65.810611
-20.127476	61.706183	3.456900	0.701179	65.864262
-20.102471	61.741224	3.472356	0.704160	65.917740
-20.077465	61.775532	3.488822	0.706554	65.970908
-20.052460	61.809841	3.505289	0.708947	66.024077
-20.027455	61.844149	3.521755	0.711341	66.077245
-20.002449	61.878457	3.538222	0.713735	66.130414
-19.977444	61.912766	3.554688	0.716129	66.183583
-19.952438	61.947074	3.571155	0.718522	66.236751
-19.927433	61.981383	3.587621	0.720916	66.289920
-19.902427	62.015691	3.604087	0.723310	66.343088
-19.877422	62.050000	3.620554	0.725704	66.396257
-19.852417	62.083769	3.637139	0.728767	66.449675
-19.827411	62.116586	3.653932	0.733015	66.503533
-19.802406	62.149404	3.670726	0.737263	66.557392
-19.777400	62.182221	3.687519	0.741510	66.611250
-19.752395	62.215038	3.704313	0.745758	66.665109
-19.727389	62.247856	3.721106	0.750006	66.718967
-19.702384	62.280673	3.737900	0.754253	66.772826
-19.677379	62.313490	3.754693	0.758501	66.826684
-19.652373	62.346308	3.771487	0.762748	66.880543
-19.627368	62.379125	3.788280	0.766996	66.934402
-19.602362	62.411412	3.805675	0.770663	66.987751
-19.577357	62.442771	3.824124	0.773314	67.040209
-19.552351	62.474129	3.842573	0.775964	67.092667
-19.527346	62.505488	3.861021	0.778615	67.145125
-19.502340	62.536847	3.879470	0.781266	67.197582
-19.477335	62.568206	3.897918	0.783916	67.250040
-19.452330	62.599565	3.916366	0.786567	67.302498
-19.427324	62.630925	3.934814	0.789217	67.354956
-19.402319	62.662284	3.953261	0.791868	67.407413
-19.377313	62.693644	3.971709	0.794518	67.459871
-19.352308	62.724337	3.990178	0.797318	67.511833
-19.327302	62.753873	4.008687	0.800376	67.562936
-19.302297	62.783409	4.027197	0.803434	67.614039
-19.277292	62.812945	4.045706	0.806491	67.665142
-19.252286	62.842481	4.064215	0.809549	67.716245
-19.227281	62.872016	4.082725	0.812607	67.767348
-19.202275	62.901552	4.101235	0.815665	67.818452
-19.177270	62.931088	4.119745	0.818723	67.869556
-19.152264	62.960624	4.138255	0.821781	67.920659
-19.127259	62.990160	4.156765	0.824839	67.971764
-19.102254	63.019038	4.175468	0.828236	68.022742
-19.077248	63.046784	4.194502	0.832217	68.073503
-19.052243	63.074530	4.213536	0.836197	68.124264
-19.027237	63.102277	4.232570	0.840178	68.175025
-19.002232	63.130023	4.251604	0.844159	68.225786
-18.977226	63.157769	4.270638	0.848140	68.276547
-18.952221	63.185515	4.289672	0.852121	68.327308
-18.927216	63.213262	4.308706	0.856102	68.378069
-18.902210	63.241008	4.327740	0.860082	68.428830
-18.877205	63.268754	4.346774	0.864063	68.479591
-18.852199	63.295838	4.366240	0.868141	68.530219
-18.827194	63.321792	4.386442	0.872385	68.580618
-18.802188	63.347746	4.406644	0.876629	68.631018
-18.777183	63.373699	4.426846	0.880872	68.681418
-18.752178	63.399653	4.447048	0.885116	68.731818
-18.727172	63.425607	4.467251	0.889360	68.782218
-18.702167	63.451561	4.487453	0.893603	68.832618
-18.677161	63.477515	4.507656	0.897847	68.883018
-18.652156	63.503469	4.527859	0.902091	68.933419
-18.627150	63.529423	4.548062	0.906334	68.983820
-18.602145	63.554878	4.569045	0.910383	69.034306
-18.577140	63.579490	4.591344	0.914101	69.084935
-18.552134	63.604103	4.613643	0.917819	69.135564
-18.527129	63.628716	4.635941	0.921537	69.186193
-18.502123	63.653329	4.658239	0.925255	69.236822
-18.477118	63.677942	4.680536	0.928973	69.287451
-18.452112	63.702556	4.702833	0.932691	69.338079
-18.427107	63.727169	4.725129	0.936409	69.388707
-18.402101	63.751783	4.747425	0.940127	69.439335
-18.377096	63.776397	4.769721	0.943845	69.489963
-18.352091	63.800827	4.792353	0.947512	69.540693
-18.327085	63.824947	4.815550	0.951096	69.591593
-18.302080	63.849068	4.838747	0.954679	69.642494
-18.277074	63.873187	4.861944	0.958263	69.693394
-18.252069	63.897307	4.885141	0.961846	69.744294
-18.227063	63.921427	4.908338	0.965430	69.795194
-18.202058	63.945546	4.931535	0.969013	69.846094
-18.177053	63.969665	4.954732	0.972597	69.896994
-18.152047	63.993784	4.977929	0.976181	69.947893
-18.127042	64.017902	5.001126	0.979764	69.998793
-18.102036	64.041364	5.024845	0.984147	70.050356
-18.077031	64.063737	5.049429	0.989855	70.103021
-18.052025	64.086110	5.074012	0.995563	70.155685
-18.027020	64.108482	5.098596	1.001272	70.208350
-18.002015	64.130855	5.123178	1.006980	70.261014
-17.977009	64.153228	5.147761	1.012689	70.313678
-17.952004	64.175601	5.172344	1.018397	70.366341
-17.926998	64.197973	5.196926	1.024106	70.419005
-17.901993	64.220346	5.221508	1.029814	70.471668
-17.876987	64.242719	5.246089	1.035522	70.524331
-17.851982	64.264730	5.271349	1.040829	70.576909
-17.826977	64.286147	5.297724	1.045476	70.629348
-17.801971	64.307564	5.324100	1.050123	70.681787
-17.776966	64.328981	5.350476	1.054770	70.734227
-17.751960	64.350398	5.376852	1.059417	70.786667
-17.726955	64.371815	5.403228	1.064064	70.839108
-17.701949	64.393232	5.429605	1.068711	70.891548
-17.676944	64.414650	5.455982	1.073358	70.943990
-17.651939	64.436067	5.482359	1.078005	70.996432
-17.626933	64.457485	5.508736	1.082652	71.048874
-17.601928	64.478479	5.535532	1.087552	71.101563
-17.576922	64.498784	5.563008	1.092863	71.154655
-17.551917	64.519088	5.590485	1.098174	71.207747
-17.526911	64.539392	5.617962	1.103485	71.260840
-17.501906	64.559696	5.645440	1.108796	71.313932
-17.476901	64.580001	5.672917	1.114108	71.367025
-17.451895	64.600305	5.700395	1.119419	71.420119
-17.426890	64.620610	5.727872	1.124730	71.473212
-17.401884	64.640915	5.755350	1.130041	71.526306
-17.376879	64.661219	5.782828	1.135352	71.579400
-17.351873	64.681168	5.810545	1.141018	71.632731
-17.326868	64.700541	5.838648	1.147256	71.686445
-17.301862	64.719914	5.866752	1.153494	71.740160
-17.276857	64.739287	5.894855	1.159732	71.793874
-17.251852	64.758660	5.922960	1.165970	71.847590
-17.226846	64.778033	5.951064	1.172208	71.901305
-17.201841	64.797406	5.979169	1.178446	71.955021
-17.176835	64.816779	6.007275	1.184684	72.008737
-17.151830	64.836151	6.035381	1.190922	72.062454
-17.126824	64.855524	6.063487	1.197160	72.116171
-17.101819	64.874505	6.092545	1.202939	72.169989
-17.076814	64.892861	6.123125	1.207984	72.223970
-17.051808	64.911217	6.153704	1.213028	72.277949
-17.026803	64.929573	6.184283	1.218072	72.331928
-17.001797	64.947930	6.214861	1.223117	72.385907
-16.976792	64.966286	6.245438	1.228161	72.439884
-16.951786	64.984643	6.276014	1.233205	72.493862
-16.926781	65.003000	6.306589	1.238249	72.547838
-16.901776	65.021357	6.337163	1.243294	72.601814
-16.876770	65.039715	6.367736	1.248338	72.655789
-16.851765	65.057896	6.398741	1.253483	72.710120
-16.826759	65.075798	6.430429	1.258788	72.765016
-16.801754	65.093700	6.462119	1.264093	72.819912
-16.776748	65.111602	6.493808	1.269398	72.874809
-16.751743	65.129504	6.525498	1.274704	72.929706
-16.726738	65.147406	6.557189	1.280009	72.984603
-16.701732	65.165308	6.588880	1.285314	73.039501
-16.676727	65.183209	6.620571	1.290619	73.094399
-16.651721	65.201111	6.652263	1.295924	73.149298
-16.626716	65.219013	6.683955	1.301229	73.204197
-16.601710	65.236527	6.715996	1.307569	73.260092
-16.576705	65.253431	6.748586	1.315537	73.317554
-16.551700	65.270335	6.781177	1.323504	73.375016
-16.526694	65.287238	6.813768	1.331472	73.432478
-16.501689	65.304142	6.846359	1.339440	73.489941
-16.476683	65.321046	6.878951	1.347407	73.547404
-16.451678	65.337949	6.911544	1.355375	73.604868
-16.426672	65.354853	6.944136	1.363343	73.662332
-16.401667	65.371757	6.976730	1.371310	73.719797
-16.376662	65.388661	7.009323	1.379278	73.777262
-16.351656	65.405256	7.042922	1.386828	73.835006
-16.326651	65.421371	7.078086	1.393726	73.893182
-16.301645	65.437485	7.113249	1.400624	73.951359
-16.276640	65.453600	7.148412	1.407523	74.009535
-16.251634	65.469714	7.183575	1.414421	74.067710
-16.226629	65.485829	7.218737	1.421319	74.125885
-16.201623	65.501943	7.253899	1.428217	74.184060
-16.176618	65.518058	7.289061	1.435115	74.242234
-16.151613	65.534172	7.324222	1.442014	74.300408
-16.126607	65.550287	7.359383	1.448912	74.358581
-16.101602	65.566127	7.395335	1.456125	74.417587
-16.076596	65.581542	7.432513	1.463823	74.477878
-16.051591	65.596958	7.469689	1.471522	74.538169
-16.026585	65.612373	7.506866	1.479221	74.598460
-16.001580	65.627788	7.544042	1.486920	74.658750
-15.976575	65.643204	7.581217	1.494619	74.719040
-15.951569	65.658619	7.618393	1.502318	74.779329
-15.926564	65.674034	7.655567	1.510016	74.839618
-15.901558	65.689450	7.692742	1.517715	74.899907
-15.876553	65.704865	7.729916	1.525414	74.960195
-15.851547	65.720067	7.767782	1.533585	75.021434
-15.826542	65.734943	7.806710	1.542480	75.084133
-15.801537	65.749818	7.845638	1.551375	75.146831
-15.776531	65.764693	7.884567	1.560269	75.209529
-15.751526	65.779569	7.923495	1.569164	75.272228
-15.726520	65.794443	7.962424	1.578059	75.334926
-15.701515	65.809318	8.001354	1.586953	75.397625
-15.676509	65.824193	8.040283	1.595848	75.460324
-15.651504	65.839068	8.079213	1.604742	75.523023
-15.626499	65.853942	8.118143	1.613637	75.585722
-15.601493	65.868651	8.158240	1.621899	75.648790
-15.576488	65.883109	8.200109	1.629201	75.712419
-15.551482	65.897567	8.241978	1.636502	75.776048
-15.526477	65.912026	8.283847	1.643804	75.839676
-15.501471	65.926484	8.325715	1.651105	75.903304
-15.476466	65.940943	8.367582	1.658407	75.966932
-15.451461	65.955402	8.409450	1.665708	76.030560
-15.426455	65.969861	8.451316	1.673010	76.094187
-15.401450	65.984320	8.493183	1.680311	76.157814
-15.376444	65.998780	8.535048	1.687613	76.221441
-15.351439	66.013423	8.577571	1.694915	76.285909
-15.326433	66.028343	8.621084	1.702216	76.351643
-15.301428	66.043263	8.664597	1.709518	76.417377
-15.276423	66.058183	8.708110	1.716819	76.483112
-15.251417	66.073103	8.751624	1.724121	76.548848
-15.226412	66.088023	8.795139	1.731422	76.614584
-15.201406	66.102943	8.838654	1.738724	76.680321
-15.176401	66.117863	8.882170	1.746025	76.746058
-15.151395	66.132782	8.925687	1.753327	76.811796
-15.126390	66.147702	8.969204	1.760628	76.877535
-15.101384	66.162335	9.013402	1.769527	76.945265
-15.076379	66.176541	9.058617	1.780810	77.015967
-15.051374	66.190745	9.103832	1.792092	77.086669
-15.026368	66.204949	9.149047	1.803374	77.157371
-15.001363	66.219153	9.194264	1.814657	77.228074
-14.976357	66.233357	9.239481	1.825939	77.298777
-14.951352	66.247560	9.284698	1.837222	77.369480
-14.926346	66.261763	9.329917	1.848504	77.440183
-14.901341	66.275965	9.375136	1.859786	77.510887
-14.876336	66.290167	9.420355	1.871069	77.581591
-14.851330	66.304211	9.467216	1.881814	77.653242
-14.826325	66.318020	9.516504	1.891766	77.726290
-14.801319	66.331830	9.565790	1.901719	77.799338
-14.776314	66.345640	9.615075	1.911671	77.872386
-14.751308	66.359451	9.664360	1.921623	77.945433
-14.726303	66.373263	9.713643	1.931575	78.018480
-14.701298	66.387075	9.762925	1.941527	78.091526
-14.676292	66.400888	9.812206	1.951479	78.164572
-14.651287	66.414701	9.861485	1.961431	78.237617
-14.626281	66.428515	9.910764	1.971383	78.310662
-14.601276	66.442485	9.961348	1.981068	78.384901
-14.576270	66.456685	10.013847	1.990360	78.460891
-14.551265	66.470884	10.066345	1.999652	78.536881
-14.526260	66.485084	10.118843	2.008943	78.612870
-14.501254	66.499283	10.171340	2.018235	78.688859
-14.476249	66.513482	10.223837	2.027527	78.764847
-14.451243	66.527681	10.276334	2.036819	78.840834
-14.426238	66.541880	10.328830	2.046111	78.916821
-14.401232	66.556079	10.381326	2.055403	78.992808
-14.376227	66.570278	10.433821	2.064695	79.068794
-14.351222	66.584345	10.487589	2.074690	79.146623
-14.326216	66.598219	10.543207	2.085705	79.227132
-14.301211	66.612094	10.598827	2.096721	79.307641
-14.276205	66.625969	10.654446	2.107736	79.388151
-14.251200	66.639843	10.710067	2.118752	79.468661
-14.226194	66.653717	10.765687	2.129767	79.549172
-14.201189	66.667591	10.821309	2.140783	79.629683
-14.176184	66.681465	10.876931	2.151799	79.710194
-14.151178	66.695338	10.932554	2.162814	79.790706
-14.126173	66.709212	10.988177	2.173830	79.871218
-14.101167	66.722901	11.045711	2.185879	79.954492
-14.076162	66.736324	11.105999	2.199419	80.041742
-14.051156	66.749748	11.166286	2.212958	80.128992
-14.026151	66.763171	11.226572	2.226498	80.216241
-14.001145	66.776594	11.286857	2.240038	80.303490
-13.976140	66.790018	11.347142	2.253577	80.390738
-13.951135	66.803441	11.407427	2.267117	80.477985
-13.926129	66.816865	11.467711	2.280656	80.565232
-13.901124	66.830288	11.527994	2.294196	80.652478
-13.876118	66.843711	11.588277	2.307736	80.739724
-13.851113	66.856757	11.651572	2.320346	80.828675
-13.826107	66.869263	11.719172	2.331628	80.920063
-13.801102	66.881768	11.786773	2.342911	81.011452
-13.776097	66.894275	11.854374	2.354193	81.102841
-13.751091	66.906781	11.921975	2.365475	81.194232
-13.726086	66.919288	11.989578	2.376758	81.285623
-13.701080	66.931794	12.057180	2.388040	81.377015
-13.676075	66.944301	12.124784	2.399322	81.468408
-13.651069	66.956809	12.192388	2.410605	81.559801
-13.626064	66.969316	12.259992	2.421887	81.651196
-13.601059	66.981268	12.331641	2.434982	81.747891
-13.576053	66.992433	12.409017	2.450642	81.852092
-13.551048	67.003598	12.486395	2.466303	81.956295
-13.526042	67.014762	12.563773	2.481963	82.060499
-13.501037	67.025927	12.641154	2.497624	82.164704
-13.476031	67.037091	12.718535	2.513284	82.268910
-13.451026	67.048255	12.795918	2.528945	82.373117
-13.426021	67.059419	12.873302	2.544605	82.477326
-13.401015	67.070582	12.950688	2.560266	82.581535
-13.376010	67.081745	13.028075	2.575926	82.685746
-13.351004	67.092609	13.115248	2.590703	82.798560
-13.325999	67.103052	13.216159	2.604238	82.923450
-13.300993	67.113496	13.317069	2.617774	83.048338
-13.275988	67.123939	13.417977	2.631310	83.173225
-13.250983	67.134382	13.518884	2.644845	83.298111
-13.225977	67.144825	13.619789	2.658381	83.422996
-13.200972	67.155269	13.720694	2.671917	83.547879
-13.175966	67.165712	13.821596	2.685452	83.672761
-13.150961	67.176155	13.922498	2.698988	83.797641
-13.125955	67.186599	14.023398	2.712523	83.922520
-13.100950	67.196887	14.144772	2.726229	84.067888
-13.075945	67.206961	14.294642	2.740172	84.241776
-13.050939	67.217035	14.444513	2.754115	84.415663
-13.025934	67.227110	14.594382	2.768058	84.589550
-13.000928	67.237185	14.744251	2.782001	84.763437
-12.975923	67.247260	14.894120	2.795944	84.937324
-12.950917	67.257336	15.043988	2.809887	85.111210
-12.925912	67.267412	15.193855	2.823830	85.285097
-12.900906	67.277488	15.343722	2.837773	85.458983
-12.875901	67.287565	15.493588	2.851716	85.632869
-12.850896	67.297615	15.702995	2.866380	85.866990
-12.825890	67.307627	15.994564	2.882041	86.184232
-12.800885	67.317638	16.286134	2.897701	86.501473
-12.775879	67.327649	16.577704	2.913362	86.818715
-12.750874	67.337660	16.869276	2.929022	87.135957
-12.725868	67.347670	17.160847	2.944683	87.453200
-12.700863	67.357680	17.452420	2.960343	87.770443
-12.675858	67.367689	17.743993	2.976004	88.087686
-12.650852	67.377698	18.035567	2.991664	88.404929
-12.625847	67.387707	18.327141	3.007325	88.722173
-12.600841	67.397480	18.816533	3.024610	89.238622
-12.575836	67.406930	19.576550	3.044117	90.027597
-12.550830	67.416380	20.336567	3.063623	90.816571
-12.525825	67.425830	21.096584	3.083130	91.605545
-12.500820	67.435280	21.856601	3.102637	92.394518
-12.475814	67.444730	22.616617	3.122144	93.183491
-12.450809	67.454180	23.376633	3.141651	93.972464
-12.425803	67.463630	24.136649	3.161158	94.761437
-12.400798	67.473081	24.896664	3.180665	95.550410
-12.375792	67.482531	25.656680	3.200172	96.339382
-12.350787	67.491992	27.235768	3.218555	97.946315
-12.325782	67.501470	29.925794	3.235416	100.662680
-12.300776	67.510948	32.615821	3.252276	103.379045
-12.275771	67.520426	35.305848	3.269136	106.095410
-12.250765	67.529904	37.995876	3.285997	108.811777
-12.225760	67.539383	40.685904	3.302857	111.528144
-12.200754	67.548863	43.375933	3.319717	114.244513
-12.175749	67.558342	46.065962	3.336577	116.960882
-12.150744	67.567823	48.755991	3.353438	119.677251
-12.125738	67.577303	51.446021	3.370298	122.393622
-12.100733	67.587137	53.297275	3.387780	124.272191
-12.075727	67.597445	54.020606	3.406097	125.024147
-12.050722	67.607753	54.743936	3.424414	125.776102
-12.025716	67.618060	55.467264	3.442731	126.528056
-12.000711	67.628367	56.190592	3.461048	127.280008
-11.975706	67.638674	56.913919	3.479365	128.031958
-11.950700	67.648980	57.637245	3.497682	128.783907
-11.925695	67.659286	58.360570	3.515999	129.535855
-11.900689	67.669592	59.083894	3.534316	130.287802
-11.875684	67.679897	59.807216	3.552633	131.039747
-11.850678	67.690261	60.345652	3.572488	131.608401
-11.825673	67.700704	60.637591	3.594393	131.932688
-11.800667	67.711148	60.929530	3.616297	132.256975
-11.775662	67.721591	61.221469	3.638202	132.581262
-11.750657	67.732034	61.513409	3.660107	132.905549
-11.725651	67.742477	61.805349	3.682011	133.229837
-11.700646	67.752920	62.097288	3.703916	133.554125
-11.675640	67.763364	62.389228	3.725820	133.878412
-11.650635	67.773807	62.681169	3.747725	134.202700
-11.625629	67.784250	62.973109	3.769630	134.526989
-11.600624	67.794728	63.206260	3.791724	134.792712
-11.575619	67.805252	63.361701	3.814071	134.981023
-11.550613	67.815776	63.517142	3.836418	135.169336
-11.525608	67.826300	63.672585	3.858765	135.357650
-11.500602	67.836825	63.828028	3.881113	135.545965
-11.475597	67.847350	63.983471	3.903461	135.734282
-11.450591	67.857875	64.138916	3.925810	135.922600
-11.425586	67.868400	64.294360	3.948159	136.110920
-11.400581	67.878925	64.449806	3.970509	136.299241
-11.375575	67.889451	64.605252	3.992860	136.487563
-11.350570	67.899905	64.739927	4.015684	136.655515
-11.325564	67.910263	64.847378	4.039127	136.796768
-11.300559	67.920621	64.954830	4.062570	136.938020
-11.275553	67.930979	65.062281	4.086012	137.079272
-11.250548	67.941337	65.169733	4.109453	137.220523
-11.225543	67.951694	65.277185	4.132895	137.361774
-11.200537	67.962052	65.384637	4.156335	137.503024
-11.175532	67.972409	65.492089	4.179776	137.644274
-11.150526	67.982766	65.599542	4.203215	137.785523
-11.125521	67.993122	65.706994	4.226655	137.926771
-11.100515	68.003215	65.804562	4.251641	138.059418
-11.075510	68.012964	65.889287	4.278639	138.180890
-11.050505	68.022714	65.974011	4.305637	138.302362
-11.025499	68.032463	66.058736	4.332636	138.423835
-11.000494	68.042212	66.143461	4.359635	138.545308
-10.975488	68.051962	66.228185	4.386635	138.666782
-10.950483	68.061711	66.312911	4.413635	138.788257
-10.925477	68.071461	66.397636	4.440636	138.909733
-10.900472	68.081210	66.482361	4.467638	139.031209
-10.875467	68.090959	66.567087	4.494639	139.152686
-10.850461	68.100768	66.646799	4.521029	139.268596
-10.825456	68.110654	66.720050	4.546629	139.377333
-10.800450	68.120540	66.793301	4.572229	139.486070
-10.775445	68.130426	66.866551	4.597830	139.594807
-10.750439	68.140313	66.939800	4.623431	139.703543
-10.725434	68.150200	67.013048	4.649032	139.812280
-10.700428	68.160087	67.086296	4.674633	139.921016
-10.675423	68.169975	67.159542	4.700235	140.029752
-10.650418	68.179863	67.232788	4.725837	140.138488
-10.625412	68.189752	67.306033	4.751440	140.247224
-10.600407	68.199410	67.375628	4.778116	140.353155
-10.575401	68.208774	67.440563	4.806165	140.455503
-10.550396	68.218138	67.505498	4.834214	140.557850
-10.525390	68.227501	67.570434	4.862261	140.660196
-10.500385	68.236865	67.635369	4.890308	140.762542
-10.475380	68.246228	67.700305	4.918355	140.864887
-10.450374	68.255590	67.765241	4.946400	140.967232
-10.425369	68.264953	67.830178	4.974446	141.069576
-10.400363	68.274315	67.895114	5.002490	141.171920
-10.375358	68.283677	67.960051	5.030534	141.274263
-10.350352	68.292458	68.022519	5.060685	141.375662
-10.325347	68.300501	68.081859	5.093506	141.475866
-10.300342	68.308545	68.141199	5.126327	141.576071
-10.275336	68.316589	68.200540	5.159147	141.676277
-10.250331	68.324634	68.259881	5.191968	141.776483
-10.225325	68.332679	68.319222	5.224789	141.876690
-10.200320	68.340723	68.378564	5.257610	141.976897
-10.175314	68.348769	68.437905	5.290431	142.077105
-10.150309	68.356814	68.497247	5.323252	142.177314
-10.125304	68.364859	68.556590	5.356074	142.277523
-10.100298	68.372361	68.613654	5.389592	142.375606
-10.075293	68.379178	68.667856	5.423986	142.471020
-10.050287	68.385995	68.722059	5.458379	142.566432
-10.025282	68.392812	68.776261	5.492772	142.661844
-10.000276	68.399628	68.830464	5.527164	142.757256
-9.975271	68.406444	68.884666	5.561556	142.852666
-9.950266	68.413259	68.938869	5.595948	142.948076
-9.925260	68.420074	68.993071	5.630340	143.043485
-9.900255	68.426889	69.047274	5.664731	143.138894
-9.875249	68.433703	69.101476	5.699122	143.234302
-9.850244	68.440004	69.153884	5.734158	143.328045
-9.825238	68.445665	69.204057	5.769995	143.419718
-9.800233	68.451327	69.254230	5.805833	143.511389
-9.775228	68.456988	69.304403	5.841670	143.603061
-9.750222	68.462650	69.354575	5.877508	143.694733
-9.725217	68.468311	69.404747	5.913345	143.786404
-9.700211	68.473973	69.454919	5.949183	143.878075
-9.675206	68.479634	69.505091	5.985020	143.969745
-9.650200	68.485296	69.555262	6.020858	144.061416
-9.625195	68.490957	69.605433	6.056695	144.153086
-9.600189	68.496022	69.653545	6.094524	144.244092
-9.575184	68.500351	69.699115	6.134812	144.334278
-9.550179	68.504680	69.744686	6.175099	144.424466
-9.525173	68.509010	69.790256	6.215388	144.514654
-9.500168	68.513340	69.835827	6.255677	144.604844
-9.475162	68.517670	69.881398	6.295966	144.695035
-9.450157	68.522001	69.926970	6.336256	144.785227
-9.425151	68.526332	69.972541	6.376547	144.875421
-9.400146	68.530664	70.018113	6.416838	144.965615
-9.375141	68.534996	70.063685	6.457129	145.055810
-9.350135	68.538785	70.107447	6.496619	145.142851
-9.325130	68.541908	70.148993	6.535128	145.226029
-9.300124	68.545032	70.190539	6.573637	145.309208
-9.275119	68.548155	70.232084	6.612148	145.392387
-9.250113	68.551279	70.273629	6.650659	145.475567
-9.225108	68.554402	70.315174	6.689172	145.558748
-9.200103	68.557525	70.356719	6.727685	145.641929
-9.175097	68.560648	70.398263	6.766200	145.725111
-9.150092	68.563770	70.439807	6.804715	145.808293
-9.125086	68.566893	70.481351	6.843232	145.891476
-9.100081	68.569683	70.521208	6.883475	145.974365
-9.075075	68.572069	70.559017	6.925811	146.056897
-9.050070	68.574455	70.596826	6.968146	146.139427
-9.025065	68.576841	70.634636	7.010480	146.221956
-9.000059	68.579226	70.672445	7.052812	146.304483
-8.975054	68.581611	70.710255	7.095143	146.387010
-8.950048	68.583996	70.748065	7.137473	146.469534
-8.925043	68.586381	70.785875	7.179802	146.552058
-8.900037	68.588766	70.823685	7.222129	146.634580
-8.875032	68.591150	70.861496	7.264455	146.717101
-8.850027	68.593201	70.897899	7.309698	146.800798
-8.825021	68.594852	70.932608	7.358454	146.885914
-8.800016	68.596503	70.967318	7.407210	146.971031
-8.775010	68.598154	71.002028	7.455965	147.056148
-8.750005	68.599806	71.036738	7.504721	147.141266
-8.724999	68.601459	71.071449	7.553477	147.226385
-8.699994	68.603111	71.106160	7.602234	147.311504
-8.674989	68.604764	71.140871	7.650990	147.396624
-8.649983	68.606417	71.175582	7.699746	147.481745
-8.624978	68.608071	71.210293	7.748503	147.566867
-8.599972	68.609877	71.244343	7.798202	147.652422
-8.574967	68.611863	71.277603	7.849028	147.738495
-8.549961	68.613849	71.310863	7.899856	147.824568
-8.524956	68.615836	71.344123	7.950683	147.910642
-8.499950	68.617822	71.377383	8.001512	147.996718
-8.474945	68.619809	71.410643	8.052342	148.082794
-8.449940	68.621795	71.443903	8.103173	148.168871
-8.424934	68.623782	71.477163	8.154004	148.254949
-8.399929	68.625768	71.510423	8.204837	148.341027
-8.374923	68.627755	71.543683	8.255670	148.427107
-8.349918	68.630171	71.576327	8.307335	148.513833
-8.324912	68.633097	71.608244	8.359983	148.601324
-8.299907	68.636022	71.640161	8.412632	148.688815
-8.274902	68.638948	71.672078	8.465282	148.776307
-8.249896	68.641873	71.703994	8.517932	148.863799
-8.224891	68.644798	71.735911	8.570582	148.951291
-8.199885	68.647723	71.767828	8.623233	149.038784
-8.174880	68.650647	71.799744	8.675885	149.126277
-8.149874	68.653572	71.831661	8.728537	149.213770
-8.124869	68.656496	71.863578	8.781189	149.301263
-8.099864	68.659615	71.894928	8.836760	149.391303
-8.074858	68.662961	71.925613	8.895753	149.484327
-8.049853	68.666308	71.956298	8.954744	149.577350
-8.024847	68.669655	71.986983	9.013733	149.670371
-7.999842	68.673002	72.017667	9.072721	149.763390
-7.974836	68.676349	72.048351	9.131707	149.856407
-7.949831	68.679697	72.079035	9.190691	149.949423
-7.924826	68.683044	72.109718	9.249674	150.042436
-7.899820	68.686392	72.140402	9.308654	150.135448
-7.874815	68.689740	72.171085	9.367634	150.228459
-7.849809	68.692781	72.200594	9.432583	150.325959
-7.824804	68.695466	72.228737	9.504481	150.428684
-7.799798	68.698151	72.256880	9.576380	150.531411
-7.774793	68.700836	72.285023	9.648279	150.634138
-7.749788	68.703520	72.313165	9.720179	150.736865
-7.724782	68.706204	72.341308	9.792080	150.839592
-7.699777	68.708888	72.369450	9.863982	150.942320
-7.674771	68.711571	72.397592	9.935885	151.045048
-7.649766	68.714255	72.425734	10.007788	151.147777
-7.624760	68.716938	72.453876	10.079692	151.250506
-7.599755	68.719576	72.481429	10.157385	151.358390
-7.574750	68.722163	72.508302	10.241755	151.472220
-7.549744	68.724751	72.535176	10.326123	151.586050
-7.524739	68.727338	72.562050	10.410490	151.699878
-7.499733	68.729926	72.588923	10.494856	151.813704
-7.474728	68.732514	72.615797	10.579220	151.927530
-7.449722	68.735102	72.642670	10.663583	152.041355
-7.424717	68.737691	72.669544	10.747945	152.155179
-7.399711	68.740279	72.696417	10.832305	152.269002
-7.374706	68.742868	72.723291	10.916664	152.382823
-7.349701	68.745329	72.749020	11.015826	152.510175
-7.324695	68.747643	72.773441	11.131922	152.653006
-7.299690	68.749956	72.797863	11.248019	152.795838
-7.274684	68.752269	72.822285	11.364117	152.938670
-7.249679	68.754581	72.846706	11.480215	153.081503
-7.224673	68.756893	72.871129	11.596314	153.224336
-7.199668	68.759205	72.895551	11.712413	153.367169
-7.174663	68.761517	72.919974	11.828513	153.510003
-7.149657	68.763828	72.944396	11.944613	153.652837
-7.124652	68.766138	72.968820	12.060713	153.795671
-7.099646	68.768347	72.992591	12.206392	153.967329
-7.074641	68.770439	73.015622	12.385623	154.171683
-7.049635	68.772532	73.038653	12.564853	154.376038
-7.024630	68.774625	73.061684	12.744083	154.580391
-6.999625	68.776718	73.084716	12.923312	154.784745
-6.974619	68.778811	73.107747	13.102540	154.989099
-6.949614	68.780905	73.130779	13.281769	155.193453
-6.924608	68.782999	73.153811	13.460996	155.397806
-6.899603	68.785093	73.176843	13.640223	155.602160
-6.874597	68.787187	73.199876	13.819450	155.806513
-6.849592	68.789030	73.222344	14.085095	156.096469
-6.824587	68.790589	73.244179	14.447945	156.482713
-6.799581	68.792148	73.266014	14.810795	156.868956
-6.774576	68.793707	73.287848	15.173643	157.255198
-6.749570	68.795267	73.309683	15.536489	157.641439
-6.724565	68.796826	73.331517	15.899334	158.027678
-6.699559	68.798386	73.353352	16.262179	158.413917
-6.674554	68.799946	73.375186	16.625021	158.800154
-6.649549	68.801506	73.397021	16.987863	159.186390
-6.624543	68.803067	73.418856	17.350703	159.572625
-6.599538	68.804421	73.439648	17.992435	160.236505
-6.574532	68.805546	73.459277	18.945244	161.210068
-6.549527	68.806671	73.478907	19.898051	162.183629
-6.524521	68.807796	73.498535	20.850858	163.157189
-6.499516	68.808921	73.518163	21.803664	164.130748
-6.474511	68.810045	73.537791	22.756469	165.104305
-6.449505	68.811170	73.557419	23.709273	166.077861
-6.424500	68.812294	73.577045	24.662076	167.051415
-6.399494	68.813418	73.596672	25.614878	168.024968
-6.374489	68.814542	73.616298	26.567679	168.998519
-6.349483	68.815260	73.634630	28.681337	171.131227
-6.324478	68.815529	73.651530	32.078945	174.546004
-6.299472	68.815799	73.668430	35.476556	177.960785
-6.274467	68.816068	73.685331	38.874170	181.375569
-6.249462	68.816338	73.702231	42.271788	184.790357
-6.224456	68.816608	73.719131	45.669410	188.205149
-6.199451	68.816878	73.736032	49.067034	191.619945
-6.174445	68.817149	73.752932	52.464663	195.034744
-6.149440	68.817419	73.769832	55.862295	198.449546
-6.124434	68.817690	73.786733	59.259930	201.864353
-6.099429	68.817926	73.803359	61.478229	204.099514
-6.074424	68.818125	73.819684	62.403084	205.040893
-6.049418	68.818324	73.836009	63.327939	205.982273
-6.024413	68.818523	73.852335	64.252794	206.923653
-5.999407	68.818723	73.868662	65.177649	207.865033
-5.974402	68.818922	73.884988	66.102503	208.806413
-5.949396	68.819121	73.901316	67.027356	209.747793
-5.924391	68.819320	73.917643	67.952210	210.689173
-5.899386	68.819519	73.933971	68.877063	211.630553
-5.874380	68.819718	73.950300	69.801916	212.571934
-5.849375	68.819867	73.965993	70.455739	213.241599
-5.824369	68.819960	73.980997	70.814801	213.615758
-5.799364	68.820053	73.996000	71.173862	213.989915
-5.774358	68.820146	74.011003	71.532922	214.364071
-5.749353	68.820240	74.026006	71.891980	214.738225
-5.724348	68.820333	74.041009	72.251036	215.112378
-5.699342	68.820426	74.056012	72.610091	215.486529
-5.674337	68.820519	74.071015	72.969145	215.860679
-5.649331	68.820613	74.086018	73.328197	216.234828
-5.624326	68.820706	74.101021	73.687248	216.608975
-5.599320	68.820797	74.115496	73.957908	216.894201
-5.574315	68.820885	74.129402	74.133246	217.083533
-5.549310	68.820973	74.143307	74.308583	217.272864
-5.524304	68.821061	74.157212	74.483920	217.462194
-5.499299	68.821149	74.171117	74.659256	217.651522
-5.474293	68.821237	74.185021	74.834592	217.840850
-5.449288	68.821324	74.198925	75.009927	218.030176
-5.424282	68.821411	74.212828	75.185262	218.219501
-5.399277	68.821498	74.226731	75.360597	218.408825
-5.374272	68.821584	74.240633	75.535930	218.598148
-5.349266	68.821486	74.254049	75.679058	218.754593
-5.324261	68.821190	74.266946	75.787745	218.875880
-5.299255	68.820894	74.279842	75.896432	218.997168
-5.274250	68.820598	74.292739	76.005118	219.118455
-5.249244	68.820303	74.305635	76.113805	219.239743
-5.224239	68.820007	74.318531	76.222492	219.361030
-5.199233	68.819712	74.331427	76.331179	219.482318
-5.174228	68.819418	74.344322	76.439865	219.603605
-5.149223	68.819123	74.357218	76.548552	219.724893
-5.124217	68.818829	74.370113	76.657239	219.846181
-5.099212	68.818353	74.382232	76.751654	219.952239
-5.074206	68.817684	74.393527	76.830935	220.042146
-5.049201	68.817014	74.404823	76.910215	220.132052
-5.024195	68.816345	74.416120	76.989494	220.221958
-4.999190	68.815675	74.427417	77.068772	220.311864
-4.974185	68.815005	74.438714	77.148050	220.401769
-4.949179	68.814335	74.450012	77.227327	220.491674
-4.924174	68.813665	74.461310	77.306604	220.581579
-4.899168	68.812995	74.472608	77.385879	220.671483
-4.874163	68.812325	74.483907	77.465154	220.761386
-4.849157	68.810951	74.493894	77.536894	220.841739
-4.824152	68.808839	74.502500	77.600708	220.912048
-4.799147	68.806727	74.511106	77.664523	220.982356
-4.774141	68.804615	74.519712	77.728337	221.052664
-4.749136	68.802503	74.528317	77.792151	221.122971
-4.724130	68.800391	74.536923	77.855964	221.193278
-4.699125	68.798280	74.545528	77.919778	221.263585
-4.674119	68.796168	74.554132	77.983591	221.333891
-4.649114	68.794057	74.562737	78.047403	221.404197
-4.624109	68.791946	74.571341	78.111216	221.474502
-4.599103	68.789459	74.579018	78.167998	221.536475
-4.574098	68.786580	74.585729	78.217451	221.589760
-4.549092	68.783702	74.592440	78.266905	221.643046
-4.524087	68.780823	74.599152	78.316359	221.696333
-4.499081	68.777944	74.605864	78.365814	221.749621
-4.474076	68.775065	74.612576	78.415269	221.802911
-4.449071	68.772187	74.619289	78.464726	221.856201
-4.424065	68.769308	74.626002	78.514183	221.909493
-4.399060	68.766429	74.632716	78.563640	221.962786
-4.374054	68.763550	74.639430	78.613099	222.016079
-4.349049	68.760521	74.645862	78.659394	222.065777
-4.324043	68.757335	74.652001	78.702419	222.111755
-4.299038	68.754149	74.658140	78.745443	222.157732
-4.274033	68.750963	74.664278	78.788467	222.203709
-4.249027	68.747778	74.670416	78.831491	222.249685
-4.224022	68.744592	74.676554	78.874515	222.295661
-4.199016	68.741406	74.682692	78.917538	222.341636
-4.174011	68.738220	74.688830	78.960561	222.387611
-4.149005	68.735034	74.694967	79.003584	222.433586
-4.124000	68.731849	74.701104	79.046607	222.479560
-4.098994	68.728469	74.706546	79.087862	222.522877
-4.073989	68.724891	74.711276	79.127303	222.563470
-4.048984	68.721313	74.716005	79.166744	222.604063
-4.023978	68.717735	74.720735	79.206185	222.644655
-3.998973	68.714157	74.725464	79.245626	222.685247
-3.973967	68.710579	74.730193	79.285066	222.725839
-3.948962	68.707001	74.734922	79.324507	222.766430
-3.923956	68.703423	74.739650	79.363947	222.807021
-3.898951	68.699845	74.744379	79.403387	222.847611
-3.873946	68.696267	74.749107	79.442827	222.888201
-3.848940	68.692641	74.753380	79.480344	222.926365
-3.823935	68.688965	74.757190	79.515908	222.962063
-3.798929	68.685289	74.761000	79.551472	222.997761
-3.773924	68.681613	74.764809	79.587036	223.033458
-3.748918	68.677937	74.768619	79.622599	223.069156
-3.723913	68.674262	74.772429	79.658163	223.104854
-3.698908	68.670586	74.776239	79.693727	223.140551
-3.673902	68.666910	74.780049	79.729290	223.176249
-3.648897	68.663234	74.783858	79.764854	223.211947
-3.623891	68.659558	74.787668	79.800418	223.247644
-3.598886	68.656027	74.791186	79.833258	223.280472
-3.573880	68.652642	74.794411	79.863352	223.310405
-3.548875	68.649257	74.797635	79.893447	223.340340
-3.523870	68.645873	74.800860	79.923542	223.370274
-3.498864	68.642488	74.804085	79.953637	223.400209
-3.473859	68.639103	74.807310	79.983732	223.430145
-3.448853	68.635718	74.810535	80.013827	223.460080
-3.423848	68.632333	74.813760	80.043923	223.490016
-3.398842	68.628948	74.816986	80.074019	223.519953
-3.373837	68.625563	74.820212	80.104115	223.549890
-3.348832	68.622181	74.822856	80.133294	223.578331
-3.323826	68.618803	74.824918	80.161557	223.605277
-3.298821	68.615424	74.826980	80.189821	223.632224
-3.273815	68.612045	74.829042	80.218084	223.659170
-3.248810	68.608666	74.831104	80.246347	223.686117
-3.223804	68.605287	74.833167	80.274610	223.713064
-3.198799	68.601908	74.835229	80.302873	223.740011
-3.173794	68.598529	74.837292	80.331137	223.766958
-3.148788	68.595150	74.839354	80.359400	223.793904
-3.123783	68.591772	74.841417	80.387663	223.820852
-3.098777	68.588744	74.843952	80.413465	223.846161
-3.073772	68.586064	74.846957	80.436826	223.869847
-3.048766	68.583385	74.849961	80.460190	223.893536
-3.023761	68.580705	74.852966	80.483555	223.917226
-2.998755	68.578025	74.855971	80.506921	223.940917
-2.973750	68.575346	74.858975	80.530289	223.964610
-2.948745	68.572666	74.861981	80.553659	223.988305
-2.923739	68.569986	74.864986	80.577030	224.012002
-2.898734	68.567307	74.867991	80.600402	224.035700
-2.873728	68.564627	74.870997	80.623776	224.059400
-2.848723	68.562295	74.873899	80.646270	224.082465
-2.823717	68.560305	74.876700	80.667898	224.104903
-2.798712	68.558314	74.879500	80.689525	224.127340
-2.773707	68.556324	74.882301	80.711152	224.149777
-2.748701	68.554333	74.885102	80.732779	224.172214
-2.723696	68.552343	74.887902	80.754404	224.194650
-2.698690	68.550353	74.890703	80.776030	224.217085
-2.673685	68.548362	74.893503	80.797655	224.239520
-2.648679	68.546372	74.896304	80.819279	224.261955
-2.623674	68.544381	74.899105	80.840903	224.284389
-2.598669	68.542391	74.901786	80.861515	224.305692
-2.573663	68.540400	74.904351	80.881142	224.325893
-2.548658	68.538410	74.906916	80.900768	224.346094
-2.523652	68.536420	74.909481	80.920393	224.366293
-2.498647	68.534429	74.912045	80.940018	224.386492
-2.473641	68.532439	74.914608	80.959643	224.406690
-2.448636	68.530448	74.917171	80.979267	224.426886
-2.423631	68.528458	74.919734	80.998890	224.447082
-2.398625	68.526468	74.922296	81.018513	224.467277
-2.373620	68.524477	74.924858	81.038136	224.487471
-2.348614	68.522385	74.926804	81.056348	224.505538
-2.323609	68.520196	74.928156	81.073197	224.521549
-2.298603	68.518006	74.929508	81.090046	224.537560
-2.273598	68.515817	74.930860	81.106894	224.553572
-2.248593	68.513627	74.932213	81.123743	224.569584
-2.223587	68.511438	74.933567	81.140592	224.585596
-2.198582	68.509248	74.934920	81.157441	224.601609
-2.173576	68.507059	74.936274	81.174290	224.617623
-2.148571	68.504869	74.937629	81.191139	224.633637
-2.123565	68.502680	74.938984	81.207987	224.649651
-2.098560	68.500380	74.940006	81.223071	224.663457
-2.073555	68.497976	74.940707	81.236464	224.675147
-2.048549	68.495571	74.941410	81.249857	224.686838
-2.023544	68.493167	74.942112	81.263250	224.698530
-1.998538	68.490763	74.942815	81.276645	224.710223
-1.973533	68.488359	74.943518	81.290040	224.721917
-1.948527	68.485956	74.944221	81.303436	224.733612
-1.923522	68.483552	74.944924	81.316832	224.745308
-1.898516	68.481149	74.945628	81.330229	224.757006
-1.873511	68.478745	74.946332	81.343627	224.768704
-1.848506	68.476366	74.946889	81.355881	224.779136
-1.823500	68.474009	74.947308	81.367046	224.788363
-1.798495	68.471652	74.947726	81.378211	224.797589
-1.773489	68.469296	74.948144	81.389376	224.806815
-1.748484	68.466939	74.948561	81.400540	224.816041
-1.723478	68.464583	74.948979	81.411705	224.825267
-1.698473	68.462228	74.949396	81.422869	224.834492
-1.673468	68.459872	74.949812	81.434033	224.843717
-1.648462	68.457517	74.950229	81.445197	224.852942
-1.623457	68.455162	74.950645	81.456360	224.862167
-1.598451	68.452629	74.950370	81.465592	224.868591
-1.573446	68.449929	74.949443	81.473002	224.872374
-1.548440	68.447228	74.948515	81.480413	224.876157
-1.523435	68.444527	74.947587	81.487825	224.879939
-1.498430	68.441826	74.946659	81.495236	224.883721
-1.473424	68.439124	74.945730	81.502648	224.887502
-1.448419	68.436422	74.944801	81.510059	224.891283
-1.423413	68.433720	74.943873	81.517471	224.895064
-1.398408	68.431017	74.942943	81.524883	224.898844
-1.373402	68.428314	74.942014	81.532296	224.902624
-1.348397	68.425467	74.940771	81.538100	224.904338
-1.323392	68.422487	74.939235	81.542400	224.904121
-1.298386	68.419506	74.937699	81.546701	224.903905
-1.273381	68.416526	74.936163	81.551001	224.903690
-1.248375	68.413545	74.934628	81.555302	224.903475
-1.223370	68.410564	74.933093	81.559602	224.903260
-1.198364	68.407584	74.931558	81.563903	224.903045
-1.173359	68.404603	74.930024	81.568204	224.902831
-1.148354	68.401622	74.928489	81.572505	224.902617
-1.123348	68.398642	74.926955	81.576807	224.902404
-1.098343	68.395513	74.925057	81.580026	224.900596
-1.073337	68.392248	74.922820	81.582243	224.897311
-1.048332	68.388983	74.920584	81.584460	224.894026
-1.023326	68.385718	74.918348	81.586676	224.890741
-0.998321	68.382453	74.916111	81.588892	224.887456
-0.973316	68.379189	74.913875	81.591107	224.884171
-0.948310	68.375926	74.911638	81.593323	224.880886
-0.923305	68.372662	74.909402	81.595538	224.877602
-0.898299	68.369400	74.907165	81.597752	224.874317
-0.873294	68.366137	74.904929	81.599967	224.871032
-0.848288	68.363134	74.902526	81.600967	224.866627
-0.823283	68.360370	74.899972	81.600851	224.861193
-0.798277	68.357606	74.897418	81.600736	224.855760
-0.773272	68.354843	74.894864	81.600621	224.850328
-0.748267	68.352080	74.892311	81.600507	224.844898
-0.723261	68.349317	74.889758	81.600394	224.839469
-0.698256	68.346555	74.887206	81.600280	224.834041
-0.673250	68.343793	74.884654	81.600168	224.828615
-0.648245	68.341032	74.882102	81.600056	224.823189
-0.623239	68.338270	74.879551	81.599944	224.817766
-0.598234	68.335857	74.877293	81.598963	224.812113
-0.573229	68.333759	74.875303	81.597189	224.806252
-0.548223	68.331662	74.873314	81.595418	224.800393
-0.523218	68.329564	74.871324	81.593648	224.794536
-0.498212	68.327467	74.869335	81.591879	224.788681
-0.473207	68.325370	74.867347	81.590112	224.782829
-0.448201	68.323273	74.865359	81.588346	224.776978
-0.423196	68.321177	74.863371	81.586582	224.771130
-0.398191	68.319080	74.861384	81.584819	224.765283
-0.373185	68.316984	74.859397	81.583058	224.759439
-0.348180	68.316049	74.858456	81.582028	224.756534
-0.323174	68.316164	74.858461	81.581659	224.756283
-0.298169	68.316278	74.858465	81.581288	224.756031
-0.273163	68.316392	74.858469	81.580915	224.755777
-0.248158	68.316507	74.858473	81.580542	224.755521
-0.223153	68.316621	74.858477	81.580167	224.755265
-0.198147	68.316735	74.858482	81.579790	224.755007
-0.173142	68.316848	74.858486	81.579413	224.754747
-0.148136	68.316962	74.858490	81.579034	224.754486
-0.123131	68.317075	74.858494	81.578654	224.754223
-0.098125	68.318396	74.859547	81.578666	224.756609
-0.073120	68.320798	74.861539	81.579030	224.761368
-0.048115	68.323200	74.863531	81.579394	224.766126
-0.023109	68.325602	74.865523	81.579758	224.770883
0.001896	68.328004	74.867514	81.580121	224.775639
0.026902	68.330406	74.869504	81.580483	224.780393
0.051907	68.332808	74.871494	81.580845	224.785147
0.076913	68.335209	74.873484	81.581207	224.789900
0.101918	68.337610	74.875473	81.581568	224.794651
0.126923	68.340012	74.877462	81.581928	224.799402
0.151929	68.342651	74.879650	81.581678	224.803979
0.176934	68.345502	74.882014	81.580887	224.808403
0.201940	68.348352	74.884378	81.580095	224.812826
0.226945	68.351203	74.886742	81.579304	224.817248
0.251951	68.354053	74.889106	81.578512	224.821670
0.276956	68.356903	74.891469	81.577719	224.826092
0.301962	68.359753	74.893833	81.576927	224.830512
0.326967	68.362602	74.896196	81.576134	224.834932
0.351972	68.365451	74.898559	81.575342	224.839352
0.376978	68.368300	74.900922	81.574549	224.843771
0.401983	68.371222	74.903020	81.572553	224.846794
0.426989	68.374208	74.904884	81.569496	224.848588
0.451994	68.377194	74.906748	81.566440	224.850382
0.477000	68.380179	74.908612	81.563384	224.852175
0.502005	68.383165	74.910475	81.560328	224.853968
0.527010	68.386151	74.912339	81.557272	224.855761
0.552016	68.389137	74.914202	81.554216	224.857554
0.577021	68.392122	74.916064	81.551160	224.859346
0.602027	68.395108	74.917927	81.548104	224.861139
0.627032	68.398094	74.919789	81.545048	224.862930
0.652038	68.400956	74.921308	81.540787	224.863051
0.677043	68.403710	74.922527	81.535474	224.861712
0.702048	68.406464	74.923747	81.530161	224.860372
0.727054	68.409218	74.924966	81.524849	224.859033
0.752059	68.411971	74.926186	81.519536	224.857693
0.777065	68.414724	74.927406	81.514223	224.856352
0.802070	68.417476	74.928626	81.508910	224.855012
0.827076	68.420228	74.929846	81.503597	224.853671
0.852081	68.422980	74.931067	81.498284	224.852331
0.877086	68.425731	74.932288	81.492971	224.850990
0.902092	68.428465	74.933303	81.486498	224.848266
0.927097	68.431186	74.934140	81.479021	224.844347
0.952103	68.433907	74.934977	81.471544	224.840428
0.977108	68.436628	74.935814	81.464068	224.836511
1.002114	68.439350	74.936652	81.456593	224.832595
1.027119	68.442072	74.937489	81.449119	224.828681
1.052124	68.444795	74.938327	81.441646	224.824767
1.077130	68.447518	74.939164	81.434173	224.820855
1.102135	68.450241	74.940002	81.426701	224.816944
1.127141	68.452964	74.940840	81.419230	224.813034
1.152146	68.455485	74.941444	81.410155	224.807084
1.177152	68.457831	74.941847	81.399701	224.799379
1.202157	68.460177	74.942250	81.389245	224.791672
1.227162	68.462523	74.942652	81.378789	224.783964
1.252168	68.464868	74.943055	81.368332	224.776255
1.277173	68.467213	74.943457	81.357875	224.768545
1.302179	68.469558	74.943859	81.347416	224.760833
1.327184	68.471903	74.944260	81.336957	224.753120
1.352190	68.474247	74.944662	81.326497	224.745406
1.377195	68.476591	74.945063	81.316036	224.737690
1.402201	68.478963	74.944642	81.303168	224.726773
1.427206	68.481358	74.943522	81.288250	224.713130
1.452211	68.483752	74.942402	81.273331	224.699485
1.477217	68.486147	74.941282	81.258412	224.685841
1.502222	68.488542	74.940161	81.243492	224.672195
1.527228	68.490936	74.939041	81.228572	224.658549
1.552233	68.493330	74.937921	81.213651	224.644902
1.577239	68.495724	74.936801	81.198729	224.631254
1.602244	68.498118	74.935680	81.183807	224.617606
1.627249	68.500512	74.934560	81.168885	224.603957
1.652255	68.502738	74.933139	81.152721	224.588598
1.677260	68.504824	74.931462	81.135508	224.571794
1.702266	68.506909	74.929786	81.118295	224.554990
1.727271	68.508995	74.928109	81.101083	224.538187
1.752277	68.511081	74.926433	81.083871	224.521385
1.777282	68.513167	74.924757	81.066660	224.504584
1.802287	68.515253	74.923080	81.049450	224.487783
1.827293	68.517339	74.921404	81.032240	224.470983
1.852298	68.519426	74.919728	81.015030	224.454183
1.877304	68.521512	74.918051	80.997821	224.437385
1.902309	68.523603	74.916068	80.979608	224.419279
1.927315	68.525698	74.913827	80.960552	224.400078
1.952320	68.527792	74.911587	80.941498	224.380877
1.977325	68.529887	74.909346	80.922443	224.361676
2.002331	68.531981	74.907106	80.903389	224.342475
2.027336	68.534075	74.904866	80.884335	224.323275
2.052342	68.536168	74.902625	80.865281	224.304075
2.077347	68.538262	74.900385	80.846228	224.284875
2.102353	68.540356	74.898144	80.827175	224.265675
2.127358	68.542449	74.895904	80.808122	224.246475
2.152363	68.544593	74.893268	80.787229	224.225089
2.177369	68.546778	74.890304	80.764805	224.201888
2.202374	68.548964	74.887340	80.742381	224.178685
2.227380	68.551149	74.884376	80.719956	224.155481
2.252385	68.553335	74.881411	80.697530	224.132276
2.277391	68.555520	74.878446	80.675104	224.109070
2.302396	68.557706	74.875481	80.652676	224.085863
2.327401	68.559892	74.872515	80.630248	224.062655
2.352407	68.562077	74.869550	80.607819	224.039446
2.377412	68.564263	74.866584	80.585390	224.016236
2.402418	68.566806	74.863585	80.561140	223.991531
2.427423	68.569643	74.860561	80.535391	223.965595
2.452429	68.572481	74.857536	80.509643	223.939659
2.477434	68.575318	74.854510	80.483894	223.913722
2.502440	68.578155	74.851485	80.458145	223.887785
2.527445	68.580992	74.848459	80.432396	223.861847
2.552450	68.583828	74.845434	80.406646	223.835908
2.577456	68.586665	74.842408	80.380897	223.809969
2.602461	68.589501	74.839382	80.355147	223.784029
2.627467	68.592336	74.836356	80.329397	223.758089
2.652472	68.595550	74.833575	80.302906	223.732031
2.677478	68.599072	74.830996	80.275811	223.705879
2.702483	68.602594	74.828416	80.248717	223.679726
2.727488	68.606116	74.825836	80.221622	223.653575
2.752494	68.609639	74.823257	80.194528	223.627423
2.777499	68.613161	74.820677	80.167434	223.601272
2.802505	68.616684	74.818097	80.140340	223.575122
2.827510	68.620207	74.815518	80.113246	223.548971
2.852516	68.623731	74.812938	80.086153	223.522822
2.877521	68.627255	74.810358	80.059060	223.496672
2.902526	68.630784	74.807283	80.028931	223.466998
2.927532	68.634317	74.803806	79.996344	223.434468
2.952537	68.637851	74.800329	79.963757	223.401937
2.977543	68.641384	74.796852	79.931169	223.369405
3.002548	68.644917	74.793375	79.898581	223.336873
3.027554	68.648450	74.789898	79.865992	223.304340
3.052559	68.651982	74.786421	79.833403	223.271806
3.077564	68.655514	74.782944	79.800813	223.239272
3.102570	68.659046	74.779467	79.768223	223.206737
3.127575	68.662578	74.775991	79.735632	223.174201
3.152581	68.666220	74.772141	79.701527	223.139888
3.177586	68.669950	74.767992	79.666208	223.104150
3.202592	68.673681	74.763844	79.630888	223.068412
3.227597	68.677411	74.759696	79.595568	223.032675
3.252602	68.681142	74.755547	79.560248	222.996938
3.277608	68.684873	74.751399	79.524928	222.961201
3.302613	68.688605	74.747252	79.489608	222.925465
3.327619	68.692336	74.743104	79.454288	222.889729
3.352624	68.696068	74.738957	79.418969	222.853993
3.377630	68.699800	74.734809	79.383649	222.818258
3.402635	68.703225	74.730319	79.346445	222.779988
3.427640	68.706405	74.725555	79.307742	222.739701
3.452646	68.709584	74.720792	79.269038	222.699414
3.477651	68.712764	74.716028	79.230336	222.659128
3.502657	68.715944	74.711265	79.191633	222.618842
3.527662	68.719124	74.706503	79.152931	222.578557
3.552668	68.722303	74.701740	79.114229	222.538272
3.577673	68.725483	74.696978	79.075527	222.497988
3.602679	68.728663	74.692216	79.036826	222.457705
3.627684	68.731842	74.687454	78.998125	222.417422
3.652689	68.735050	74.682193	78.956086	222.373329
3.677695	68.738279	74.676537	78.911411	222.326227
3.702700	68.741508	74.670880	78.866737	222.279125
3.727706	68.744737	74.665223	78.822062	222.232022
3.752711	68.747966	74.659566	78.777387	222.184918
3.777717	68.751194	74.653908	78.732711	222.137813
3.802722	68.754422	74.648250	78.688035	222.090707
3.827727	68.757650	74.642591	78.643359	222.043600
3.852733	68.760878	74.636932	78.598683	221.996493
3.877738	68.764106	74.631272	78.554006	221.949384
3.902744	68.767225	74.624736	78.504602	221.896562
3.927749	68.770259	74.617515	78.451497	221.839271
3.952755	68.773294	74.610293	78.398393	221.781980
3.977760	68.776328	74.603072	78.345289	221.724690
4.002765	68.779363	74.595851	78.292185	221.667400
4.027771	68.782399	74.588631	78.239081	221.610111
4.052776	68.785434	74.581411	78.185977	221.552822
4.077782	68.788470	74.574191	78.132873	221.495533
4.102787	68.791506	74.566971	78.079769	221.438245
4.127793	68.794542	74.559751	78.026665	221.380958
4.152798	68.796761	74.551327	77.968373	221.316461
4.177803	68.798346	74.541968	77.906057	221.246371
4.202809	68.799931	74.532609	77.843741	221.176281
4.227814	68.801516	74.523249	77.781426	221.106191
4.252820	68.803100	74.513889	77.719112	221.036101
4.277825	68.804685	74.504529	77.656797	220.966011
4.302831	68.806269	74.495168	77.594484	220.895921
4.327836	68.807853	74.485807	77.532170	220.825831
4.352841	68.809437	74.476446	77.469858	220.755741
4.377847	68.811021	74.467085	77.407545	220.685652
4.402852	68.812103	74.456342	77.333745	220.602190
4.427858	68.812799	74.444535	77.251106	220.508440
4.452863	68.813496	74.432728	77.168467	220.414691
4.477869	68.814193	74.420922	77.085827	220.320942
4.502874	68.814889	74.409116	77.003187	220.227192
4.527879	68.815586	74.397310	76.920546	220.133442
4.552885	68.816283	74.385504	76.837905	220.039693
4.577890	68.816981	74.373699	76.755263	219.945943
4.602896	68.817678	74.361894	76.672621	219.852193
4.627901	68.818376	74.350089	76.589978	219.758443
4.652907	68.818819	74.337513	76.491913	219.648246
4.677912	68.819069	74.324349	76.382086	219.525504
4.702918	68.819318	74.311184	76.272259	219.402762
4.727923	68.819568	74.298019	76.162433	219.280020
4.752928	68.819817	74.284854	76.052607	219.157277
4.777934	68.820065	74.271688	75.942781	219.034535
4.802939	68.820314	74.258523	75.832955	218.911792
4.827945	68.820562	74.245357	75.723130	218.789049
4.852950	68.820810	74.232190	75.613305	218.666306
4.877956	68.821058	74.219024	75.503480	218.543562
4.902961	68.821276	74.205384	75.356881	218.383541
4.927966	68.821471	74.191388	75.182471	218.195330
4.952972	68.821666	74.177391	75.008064	218.007121
4.977977	68.821861	74.163395	74.833658	217.818914
5.002983	68.822056	74.149399	74.659254	217.630708
5.027988	68.822250	74.135403	74.484851	217.442505
5.052994	68.822445	74.121407	74.310451	217.254302
5.077999	68.822639	74.107411	74.136052	217.066102
5.103004	68.822833	74.093416	73.961654	216.877903
5.128010	68.823027	74.079420	73.787259	216.689706
5.153015	68.823166	74.064783	73.507765	216.395714
5.178021	68.823263	74.049665	73.149470	216.022398
5.203026	68.823360	74.034546	72.791176	215.649082
5.228032	68.823457	74.019427	72.432883	215.275768
5.253037	68.823554	74.004308	72.074591	214.902454
5.278042	68.823652	73.989189	71.716300	214.529140
5.303048	68.823749	73.974070	71.358009	214.155827
5.328053	68.823846	73.958950	70.999719	213.782515
5.353059	68.823943	73.943831	70.641430	213.409204
5.378064	68.824040	73.928711	70.283142	213.035893
5.403070	68.824005	73.912883	69.598177	212.335065
5.428075	68.823873	73.896528	68.670370	211.390771
5.453080	68.823741	73.880174	67.742562	210.446477
5.478086	68.823609	73.863820	66.814753	209.502182
5.503091	68.823477	73.847465	65.886943	208.557886
5.528097	68.823346	73.831111	64.959133	207.613590
5.553102	68.823216	73.814756	64.031322	206.669294
5.578108	68.823085	73.798402	63.103510	205.724997
5.603113	68.822955	73.782047	62.175697	204.780700
5.628118	68.822826	73.765693	61.247884	203.836402
5.653124	68.822595	73.748678	58.898951	201.470224
5.678129	68.822289	73.731177	55.502644	198.056110
5.703135	68.821983	73.713677	52.106332	194.641992
5.728140	68.821676	73.696177	48.710017	191.227870
5.753146	68.821370	73.678677	45.313697	187.813744
5.778151	68.821063	73.661178	41.917373	184.399614
5.803157	68.820756	73.643679	38.521045	180.985480
5.828162	68.820449	73.626181	35.124713	177.571343
5.853167	68.820142	73.608683	31.728376	174.157201
5.878173	68.819835	73.591185	28.332035	170.743055
5.903178	68.819159	73.572491	26.348724	168.740375
5.928184	68.818215	73.552921	25.397901	167.769037
5.953189	68.817271	73.533350	24.447081	166.797702
5.978195	68.816327	73.513779	23.496265	165.826371
6.003200	68.815382	73.494208	22.545452	164.855042
6.028205	68.814438	73.474636	21.594642	163.883716
6.053211	68.813493	73.455064	20.643836	162.912393
6.078216	68.812548	73.435492	19.693033	161.941073
6.103222	68.811604	73.415919	18.742233	160.969756
6.128227	68.810659	73.396346	17.791437	159.998441
6.153233	68.809255	73.375566	17.180810	159.365631
6.178238	68.807518	73.353913	16.816606	158.978036
6.203243	68.805781	73.332260	16.452402	158.590443
6.228249	68.804044	73.310607	16.088199	158.202851
6.253254	68.802307	73.288955	15.723997	157.815260
6.278260	68.800571	73.267303	15.359796	157.427670
6.303265	68.798834	73.245651	14.995596	157.040081
6.328271	68.797098	73.224000	14.631396	156.652493
6.353276	68.795361	73.202348	14.267197	156.264907
6.378281	68.793625	73.180697	13.902999	155.877321
6.403287	68.791644	73.157902	13.646709	155.596256
6.428292	68.789488	73.134286	13.467916	155.391690
6.453298	68.787332	73.110670	13.289124	155.187125
6.478303	68.785175	73.087053	13.110331	154.982560
6.503309	68.783018	73.063437	12.931539	154.777995
6.528314	68.780861	73.039822	12.752747	154.573429
6.553319	68.778704	73.016206	12.573954	154.368864
6.578325	68.776546	72.992591	12.395162	154.164298
6.603330	68.774388	72.968975	12.216369	153.959732
6.628336	68.772230	72.945360	12.037577	153.755167
6.653341	68.769801	72.920642	11.896911	153.587353
6.678347	68.767180	72.895137	11.783391	153.445708
6.703352	68.764559	72.869632	11.669872	153.304064
6.728357	68.761939	72.844126	11.556354	153.162419
6.753363	68.759318	72.818621	11.442836	153.020775
6.778368	68.756698	72.793114	11.329319	152.879131
6.803374	68.754078	72.767608	11.215802	152.737488
6.828379	68.751458	72.742101	11.102286	152.595844
6.853385	68.748838	72.716593	10.988770	152.454201
6.878390	68.746219	72.691085	10.875255	152.312559
6.903396	68.743527	72.665024	10.778487	152.187038
6.928401	68.740784	72.638572	10.693540	152.072896
6.953406	68.738041	72.612120	10.608592	151.958754
6.978412	68.735298	72.585668	10.523645	151.844612
7.003417	68.732555	72.559216	10.438698	151.730469
7.028423	68.729811	72.532764	10.353751	151.616326
7.053428	68.727068	72.506312	10.268804	151.502183
7.078434	68.724324	72.479859	10.183857	151.388040
7.103439	68.721581	72.453406	10.098910	151.273897
7.128444	68.718837	72.426953	10.013963	151.159753
7.153450	68.715925	72.399300	9.939552	151.054776
7.178455	68.712894	72.370808	9.872514	150.956216
7.203461	68.709863	72.342317	9.805476	150.857657
7.228466	68.706833	72.313827	9.738440	150.759099
7.253472	68.703803	72.285337	9.671404	150.660543
7.278477	68.700772	72.256848	9.604369	150.561989
7.303482	68.697742	72.228361	9.537334	150.463437
7.328488	68.694712	72.199874	9.470300	150.364886
7.353493	68.691682	72.171387	9.403267	150.266337
7.378499	68.688652	72.142902	9.336235	150.167789
7.403504	68.685651	72.113140	9.273910	150.072701
7.428510	68.682669	72.082492	9.214851	149.980013
7.453515	68.679688	72.051844	9.155792	149.887324
7.478520	68.676707	72.021195	9.096733	149.794635
7.503526	68.673725	71.990547	9.037674	149.701946
7.528531	68.670744	71.959898	8.978615	149.609256
7.553537	68.667762	71.929248	8.919556	149.516566
7.578542	68.664781	71.898599	8.860497	149.423876
7.603548	68.661800	71.867949	8.801438	149.331186
7.628553	68.658818	71.837299	8.742379	149.238496
7.653558	68.656194	71.805635	8.685590	149.147419
7.678564	68.653816	71.773274	8.630363	149.057453
7.703569	68.651438	71.740913	8.575136	148.967486
7.728575	68.649060	71.708550	8.519909	148.877519
7.753580	68.646682	71.676188	8.464681	148.787551
7.778586	68.644304	71.643824	8.409453	148.697582
7.803591	68.641927	71.611461	8.354225	148.607613
7.828596	68.639549	71.579096	8.298997	148.517643
7.853602	68.637172	71.546731	8.243769	148.427672
7.878607	68.634795	71.514365	8.188540	148.337701
7.903613	68.632648	71.481485	8.135871	148.250003
7.928618	68.630657	71.448254	8.084945	148.163856
7.953624	68.628667	71.415023	8.034020	148.077709
7.978629	68.626676	71.381792	7.983094	147.991562
8.003635	68.624686	71.348562	7.932168	147.905415
8.028640	68.622696	71.315332	7.881241	147.819269
8.053645	68.620705	71.282102	7.830314	147.733122
8.078651	68.618715	71.248873	7.779387	147.646975
8.103656	68.616724	71.215644	7.728460	147.560828
8.128662	68.614734	71.182416	7.677532	147.474682
8.153667	68.612794	71.147937	7.629184	147.389915
8.178673	68.610888	71.112614	7.582579	147.306082
8.203678	68.608982	71.077292	7.535974	147.222248
8.228683	68.607076	71.041970	7.489369	147.138415
8.253689	68.605170	71.006649	7.442764	147.054583
8.278694	68.603264	70.971328	7.396158	146.970750
8.303700	68.601357	70.936009	7.349552	146.886918
8.328705	68.599451	70.900690	7.302946	146.803087
8.353711	68.597544	70.865371	7.256340	146.719255
8.378716	68.595637	70.830054	7.209734	146.635424
8.403721	68.593563	70.793106	7.164105	146.550775
8.428727	68.591376	70.755067	7.119133	146.465576
8.453732	68.589190	70.717026	7.074160	146.380376
8.478738	68.587004	70.678985	7.029188	146.295176
8.503743	68.584817	70.640942	6.984216	146.209976
8.528749	68.582631	70.602899	6.939244	146.124775
8.553754	68.580445	70.564855	6.894273	146.039573
8.578759	68.578258	70.526810	6.849301	145.954370
8.603765	68.576072	70.488765	6.804330	145.869167
8.628770	68.573886	70.450718	6.759359	145.783963
8.653776	68.571169	70.410357	6.717727	145.699253
8.678781	68.568101	70.368459	6.678313	145.614873
8.703787	68.565032	70.326562	6.638899	145.530493
8.728792	68.561964	70.284665	6.599485	145.446114
8.753797	68.558896	70.242768	6.560071	145.361735
8.778803	68.555828	70.200872	6.520657	145.277357
8.803808	68.552760	70.158976	6.481243	145.192980
8.828814	68.549693	70.117081	6.441829	145.108603
8.853819	68.546625	70.075186	6.402415	145.024226
8.878825	68.543558	70.033292	6.363001	144.939851
8.903830	68.539452	69.988567	6.325251	144.853270
8.928835	68.534661	69.941978	6.288597	144.765237
8.953841	68.529871	69.895389	6.251943	144.677203
8.978846	68.525080	69.848801	6.215288	144.589169
9.003852	68.520289	69.802212	6.178634	144.501135
9.028857	68.515498	69.755623	6.141979	144.413100
9.053863	68.510707	69.709035	6.105324	144.325065
9.078868	68.505916	69.662446	6.068668	144.237030
9.103874	68.501124	69.615857	6.032013	144.148994
9.128879	68.496332	69.569269	5.995357	144.060958
9.153884	68.490906	69.520592	5.959598	143.971095
9.178890	68.485065	69.470552	5.924423	143.880040
9.203895	68.479224	69.420511	5.889248	143.788983
9.228901	68.473383	69.370469	5.854073	143.697925
9.253906	68.467541	69.320427	5.818898	143.606866
9.278912	68.461699	69.270383	5.783723	143.515806
9.303917	68.455857	69.220339	5.748548	143.424745
9.328922	68.450015	69.170294	5.713373	143.333682
9.353928	68.444173	69.120248	5.678198	143.242619
9.378933	68.438330	69.070201	5.643023	143.151555
9.403939	68.431805	69.017712	5.609062	143.058579
9.428944	68.424839	68.963643	5.575886	142.964368
9.453950	68.417874	68.909574	5.542710	142.870157
9.478955	68.410908	68.855505	5.509534	142.775947
9.503960	68.403942	68.801436	5.476358	142.681736
9.528966	68.396976	68.747368	5.443182	142.587526
9.553971	68.390010	68.693299	5.410006	142.493315
9.578977	68.383045	68.639231	5.376829	142.399105
9.603982	68.376079	68.585163	5.343653	142.304896
9.628988	68.369113	68.531096	5.310477	142.210686
9.653993	68.361467	68.473513	5.279320	142.114300
9.678998	68.353385	68.413679	5.249457	142.016520
9.704004	68.345303	68.353845	5.219593	141.918741
9.729009	68.337221	68.294013	5.189729	141.820963
9.754015	68.329139	68.234182	5.159864	141.723185
9.779020	68.321058	68.174351	5.129999	141.625408
9.804026	68.312976	68.114522	5.100133	141.527632
9.829031	68.304896	68.054694	5.070267	141.429857
9.854036	68.296815	67.994867	5.040401	141.332083
9.879042	68.288734	67.935042	5.010533	141.234309
9.904047	68.279961	67.871265	4.981578	141.132804
9.929053	68.270748	67.804977	4.953202	141.028927
9.954058	68.261535	67.738688	4.924827	140.925050
9.979064	68.252322	67.672399	4.896452	140.821173
10.004069	68.243109	67.606109	4.868077	140.717295
10.029074	68.233896	67.539819	4.839702	140.613417
10.054080	68.224682	67.473529	4.811327	140.509538
10.079085	68.215469	67.407238	4.782953	140.405659
10.104091	68.206255	67.340946	4.754579	140.301780
10.129096	68.197042	67.274655	4.726205	140.197901
10.154102	68.187429	67.203975	4.698284	140.089688
10.179107	68.177564	67.130531	4.670650	139.978745
10.204113	68.167700	67.057088	4.643016	139.867803
10.229118	68.157835	66.983645	4.615382	139.756861
10.254123	68.147970	66.910202	4.587748	139.645919
10.279129	68.138105	66.836759	4.560115	139.534978
10.304134	68.128239	66.763316	4.532482	139.424037
10.329140	68.118374	66.689874	4.504849	139.313096
10.354145	68.108508	66.616431	4.477216	139.202156
10.379151	68.098643	66.542989	4.449584	139.091216
10.404156	68.088799	66.461438	4.423944	138.974181
10.429161	68.078970	66.374825	4.399547	138.853341
10.454167	68.069141	66.288211	4.375149	138.732501
10.479172	68.059312	66.201596	4.350751	138.611660
10.504178	68.049484	66.114981	4.326353	138.490819
10.529183	68.039655	66.028366	4.301955	138.369977
10.554189	68.029827	65.941751	4.277556	138.249134
10.579194	68.019999	65.855135	4.253157	138.128291
10.604199	68.010171	65.768519	4.228758	138.007448
10.629205	68.000343	65.681903	4.204359	137.886604
10.654210	67.990294	65.582378	4.180177	137.752848
10.679216	67.980108	65.474864	4.156129	137.611101
10.704221	67.969923	65.367349	4.132082	137.469353
10.729227	67.959738	65.259833	4.108034	137.327604
10.754232	67.949552	65.152316	4.083986	137.185855
10.779237	67.939367	65.044799	4.059937	137.044104
10.804243	67.929182	64.937281	4.035889	136.902352
10.829248	67.918997	64.829762	4.011840	136.760599
10.854254	67.908812	64.722242	3.987792	136.618845
10.879259	67.898627	64.614721	3.963743	136.477091
10.904265	67.888168	64.477892	3.940776	136.306836
10.929270	67.877539	64.323088	3.918475	136.119101
10.954275	67.866910	64.168284	3.896173	135.931367
10.979281	67.856282	64.013482	3.873871	135.743634
11.004286	67.845653	63.858680	3.851569	135.555901
11.029292	67.835023	63.703879	3.829267	135.368169
11.054297	67.824394	63.549078	3.806965	135.180437
11.079303	67.813764	63.394279	3.784663	134.992706
11.104308	67.803134	63.239480	3.762361	134.804975
11.129313	67.792504	63.084682	3.740059	134.617245
11.154319	67.781988	62.844618	3.719238	134.345844
11.179324	67.771543	62.552724	3.699315	134.023582
11.204330	67.761097	62.260831	3.679392	133.701320
11.229335	67.750652	61.968938	3.659469	133.379058
11.254341	67.740206	61.677045	3.639545	133.056797
11.279346	67.729760	61.385154	3.619621	132.734535
11.304352	67.719315	61.093263	3.599696	132.412274
11.329357	67.708869	60.801373	3.579771	132.090013
11.354362	67.698424	60.509483	3.559845	131.767752
11.379368	67.687978	60.217595	3.539919	131.445491
11.404373	67.677796	59.656559	3.520671	130.855026
11.429379	67.667772	58.933373	3.501832	130.102978
11.454384	67.657749	58.210186	3.482994	129.350929
11.479390	67.647725	57.486998	3.464156	128.598880
11.504395	67.637702	56.763809	3.445319	127.846830
11.529400	67.627679	56.040619	3.426483	127.094780
11.554406	67.617656	55.317427	3.407647	126.342730
11.579411	67.607634	54.594235	3.388811	125.590680
11.604417	67.597611	53.871042	3.369976	124.838629
11.629422	67.587589	53.147848	3.351141	124.086578
11.654428	67.577535	51.192607	3.332408	122.102550
11.679433	67.567463	48.501733	3.313734	119.382931
11.704438	67.557391	45.810858	3.295061	116.663311
11.729444	67.547319	43.119983	3.276388	113.943690
11.754449	67.537247	40.429106	3.257716	111.224068
11.779455	67.527174	37.738229	3.239043	108.504446
11.804460	67.517101	35.047350	3.220371	105.784823
11.829466	67.507029	32.356471	3.201699	103.065198
11.854471	67.496956	29.665591	3.183027	100.345573
11.879476	67.486883	26.974710	3.164355	97.625947
11.904482	67.477032	25.497131	3.147205	96.121367
11.929487	67.467313	24.737511	3.130954	95.335778
11.954493	67.457595	23.977892	3.114703	94.550190
11.979498	67.447877	23.218275	3.098451	93.764603
12.004504	67.438158	22.458659	3.082198	92.979016
12.029509	67.428440	21.699044	3.065945	92.193430
12.054514	67.418722	20.939431	3.049691	91.407844
12.079520	67.409005	20.179819	3.033436	90.622259
12.104525	67.399287	19.420208	3.017180	89.836676
12.129531	67.389570	18.660598	3.000924	89.051092
12.154536	67.379705	18.196359	2.985232	88.561296
12.179542	67.369754	17.905335	2.969870	88.244959
12.204547	67.359803	17.614311	2.954509	87.928623
12.229552	67.349852	17.323288	2.939147	87.612287
12.254558	67.339901	17.032265	2.923786	87.295952
12.279563	67.329950	16.741243	2.908425	86.979618
12.304569	67.319999	16.450221	2.893065	86.663285
12.329574	67.310048	16.159200	2.877704	86.346952
12.354580	67.300097	15.868179	2.862344	86.030620
12.379585	67.290146	15.577158	2.846984	85.714288
12.404591	67.280118	15.375761	2.831754	85.487633
12.429596	67.270046	15.226449	2.816599	85.313094
12.454601	67.259973	15.077137	2.801445	85.138555
12.479607	67.249900	14.927824	2.786292	84.964016
12.504612	67.239827	14.778510	2.771139	84.789477
12.529618	67.229754	14.629197	2.755987	84.614938
12.554623	67.219681	14.479882	2.740836	84.440399
12.579629	67.209607	14.330568	2.725685	84.265860
12.604634	67.199533	14.181253	2.710535	84.091321
12.629639	67.189460	14.031937	2.695385	83.916782
12.654645	67.179151	13.913253	2.680781	83.773185
12.679650	67.168707	13.812210	2.666490	83.647407
12.704656	67.158263	13.711167	2.652199	83.521629
12.729661	67.147819	13.610123	2.637908	83.395850
12.754667	67.137375	13.509079	2.623617	83.270071
12.779672	67.126931	13.408034	2.609326	83.144291
12.804677	67.116487	13.306989	2.595035	83.018511
12.829683	67.106043	13.205943	2.580744	82.892730
12.854688	67.095599	13.104897	2.566452	82.766948
12.879694	67.085155	13.003851	2.552161	82.641167
12.904699	67.074202	12.917106	2.538831	82.530139
12.929705	67.062959	12.838524	2.526049	82.427532
12.954710	67.051716	12.759942	2.513268	82.324925
12.979715	67.040473	12.681359	2.500486	82.222318
13.004721	67.029230	12.602778	2.487704	82.119711
13.029726	67.017987	12.524196	2.474921	82.017104
13.054732	67.006744	12.445614	2.462139	81.914497
13.079737	66.995501	12.367033	2.449356	81.811890
13.104743	66.984258	12.288452	2.436573	81.709282
13.129748	66.973015	12.209871	2.423790	81.606675
13.154753	66.960943	12.138992	2.410803	81.510739
13.179759	66.948403	12.072470	2.397701	81.418575
13.204764	66.935864	12.005948	2.384600	81.326411
13.229770	66.923324	11.939426	2.371498	81.234248
13.254775	66.910785	11.872904	2.358397	81.142086
13.279781	66.898246	11.806382	2.345295	81.049924
13.304786	66.885707	11.739860	2.332194	80.957762
13.329792	66.873169	11.673338	2.319094	80.865601
13.354797	66.860631	11.606816	2.305993	80.773440
13.379802	66.848093	11.540294	2.292893	80.681280
13.404808	66.834859	11.478384	2.280907	80.594149
13.429813	66.821235	11.419058	2.269544	80.509838
13.454819	66.807611	11.359733	2.258182	80.425526
13.479824	66.793987	11.300409	2.246819	80.341214
13.504830	66.780362	11.241084	2.235455	80.256902
13.529835	66.766738	11.181761	2.224092	80.172590
13.554840	66.753113	11.122437	2.212727	80.088277
13.579846	66.739488	11.063114	2.201363	80.003965
13.604851	66.725862	11.003792	2.189998	79.919652
13.629857	66.712237	10.944470	2.178632	79.835339
13.654862	66.698736	10.888006	2.167749	79.754491
13.679868	66.685305	10.833131	2.157133	79.675569
13.704873	66.671874	10.778255	2.146517	79.596646
13.729878	66.658442	10.723380	2.135901	79.517724
13.754884	66.645011	10.668504	2.125286	79.438801
13.779889	66.631580	10.613629	2.114670	79.359878
13.804895	66.618149	10.558753	2.104054	79.280956
13.829900	66.604717	10.503878	2.093438	79.202033
13.854906	66.591286	10.449002	2.082822	79.123110
13.879911	66.577855	10.394127	2.072206	79.044188
13.904916	66.563977	10.341397	2.061642	78.967015
13.929922	66.549853	10.289846	2.051106	78.890805
13.954927	66.535729	10.238296	2.040571	78.814595
13.979933	66.521605	10.186745	2.030036	78.738385
14.004938	66.507481	10.135194	2.019501	78.662175
14.029944	66.493357	10.083642	2.008967	78.585965
14.054949	66.479233	10.032089	1.998433	78.509755
14.079954	66.465109	9.980537	1.987899	78.433545
14.104960	66.450985	9.928984	1.977366	78.357335
14.129965	66.436861	9.877430	1.966834	78.281125
14.154971	66.422543	9.827715	1.956591	78.206849
14.179976	66.408118	9.779003	1.946507	78.133628
14.204982	66.393693	9.730291	1.936423	78.060407
14.229987	66.379268	9.681578	1.926340	77.987186
14.254992	66.364843	9.632866	1.916256	77.913965
14.279998	66.350418	9.584154	1.906173	77.840745
14.305003	66.335993	9.535441	1.896091	77.767525
14.330009	66.321568	9.486729	1.886008	77.694305
14.355014	66.307143	9.438017	1.875926	77.621086
14.380020	66.292718	9.389304	1.865844	77.547867
14.405025	66.278489	9.342356	1.856419	77.477264
14.430031	66.264365	9.296360	1.847349	77.408073
14.455036	66.250241	9.250365	1.838277	77.338883
14.480041	66.236117	9.204369	1.829205	77.269692
14.505047	66.221993	9.158374	1.820133	77.200500
14.530052	66.207869	9.112379	1.811060	77.131309
14.555058	66.193745	9.066384	1.801987	77.062117
14.580063	66.179621	9.020390	1.792913	76.992924
14.605069	66.165498	8.974395	1.783839	76.923732
14.630074	66.151374	8.928401	1.774764	76.854539
14.655079	66.136601	8.884426	1.765491	76.786519
14.680085	66.121481	8.841533	1.756113	76.719127
14.705090	66.106360	8.798639	1.746736	76.651735
14.730096	66.091240	8.755746	1.737358	76.584345
14.755101	66.076120	8.712854	1.727981	76.516954
14.780107	66.061000	8.669961	1.718603	76.449564
14.805112	66.045880	8.627069	1.709226	76.382175
14.830117	66.030760	8.584177	1.699849	76.314786
14.855123	66.015640	8.541285	1.690473	76.247397
14.880128	66.000519	8.498393	1.681096	76.180009
14.905134	65.985529	8.456895	1.672583	76.115007
14.930139	65.970608	8.416135	1.664527	76.051271
14.955145	65.955688	8.375376	1.656471	75.987534
14.980150	65.940767	8.334616	1.648414	75.923796
15.005155	65.925846	8.293856	1.640356	75.860058
15.030161	65.910925	8.253095	1.632299	75.796319
15.055166	65.896004	8.212334	1.624241	75.732579
15.080172	65.881083	8.171573	1.616182	75.668838
15.105177	65.866162	8.130812	1.608123	75.605097
15.130183	65.851241	8.090051	1.600064	75.541356
15.155188	65.836321	8.050977	1.592447	75.479744
15.180193	65.821400	8.012789	1.585063	75.419253
15.205199	65.806480	7.974603	1.577680	75.358762
15.230204	65.791559	7.936416	1.570296	75.298272
15.255210	65.776639	7.898230	1.562913	75.237782
15.280215	65.761719	7.860043	1.555530	75.177292
15.305221	65.746798	7.821858	1.548147	75.116803
15.330226	65.731878	7.783672	1.540764	75.056314
15.355231	65.716958	7.745487	1.533382	74.995826
15.380237	65.702037	7.707302	1.525999	74.935338
15.405242	65.686788	7.670292	1.518670	74.875751
15.430248	65.671369	7.633894	1.511369	74.816632
15.455253	65.655949	7.597497	1.504067	74.757513
15.480259	65.640529	7.561099	1.496766	74.698394
15.505264	65.625110	7.524702	1.489464	74.639275
15.530270	65.609690	7.488304	1.482163	74.580156
15.555275	65.594270	7.451906	1.474861	74.521037
15.580280	65.578850	7.415509	1.467559	74.461918
15.605286	65.563431	7.379111	1.460258	74.402800
15.630291	65.548011	7.342713	1.452956	74.343681
15.655297	65.532174	7.307424	1.445655	74.285253
15.680302	65.516122	7.272707	1.438353	74.227182
15.705308	65.500070	7.237990	1.431052	74.169111
15.730313	65.484017	7.203272	1.423750	74.111040
15.755318	65.467965	7.168555	1.416449	74.052969
15.780324	65.451912	7.133838	1.409147	73.994897
15.805329	65.435859	7.099121	1.401846	73.936825
15.830335	65.419806	7.064403	1.394544	73.878753
15.855340	65.403753	7.029686	1.387243	73.820681
15.880346	65.387700	6.994969	1.379941	73.762609
15.905351	65.371139	6.960993	1.373338	73.705470
15.930356	65.354318	6.927396	1.367092	73.648806
15.955362	65.337497	6.893799	1.360846	73.592142
15.980367	65.320676	6.860202	1.354600	73.535478
16.005373	65.303855	6.826605	1.348353	73.478813
16.030378	65.287034	6.793007	1.342106	73.422147
16.055384	65.270212	6.759410	1.335858	73.365481
16.080389	65.253390	6.725813	1.329611	73.308814
16.105394	65.236568	6.692216	1.323362	73.252147
16.130400	65.219746	6.658619	1.317114	73.195479
16.155405	65.202495	6.626362	1.311232	73.140088
16.180411	65.185027	6.594782	1.305535	73.085344
16.205416	65.167559	6.563202	1.299839	73.030600
16.230422	65.150091	6.531623	1.294143	72.975857
16.255427	65.132623	6.500043	1.288447	72.921114
16.280432	65.115156	6.468464	1.282752	72.866372
16.305438	65.097688	6.436884	1.277057	72.811630
16.330443	65.080221	6.405304	1.271362	72.756888
16.355449	65.062754	6.373725	1.265668	72.702147
16.380454	65.045287	6.342145	1.259974	72.647406
16.405460	65.026913	6.311833	1.253771	72.592517
16.430465	65.008083	6.282157	1.247313	72.537553
16.455470	64.989253	6.252481	1.240856	72.482589
16.480476	64.970423	6.222805	1.234398	72.427626
16.505481	64.951593	6.193129	1.227941	72.372663
16.530487	64.932763	6.163452	1.221484	72.317700
16.555492	64.913934	6.133776	1.215028	72.262737
16.580498	64.895104	6.104100	1.208571	72.207775
16.605503	64.876275	6.074424	1.202115	72.152813
16.630509	64.857446	6.044747	1.195659	72.097851
16.655514	64.838104	6.015820	1.189974	72.043898
16.680519	64.818508	5.987264	1.184673	71.990445
16.705525	64.798912	5.958708	1.179372	71.936992
16.730530	64.779317	5.930152	1.174070	71.883538
16.755536	64.759721	5.901596	1.168769	71.830085
16.780541	64.740125	5.873040	1.163468	71.776632
16.805547	64.720529	5.844484	1.158166	71.723179
16.830552	64.700933	5.815928	1.152865	71.669726
16.855557	64.681338	5.787372	1.147564	71.616273
16.880563	64.661742	5.758816	1.142262	71.562820
16.905568	64.641298	5.731386	1.137008	71.509691
16.930574	64.620436	5.704510	1.131776	71.456722
16.955579	64.599574	5.677635	1.126544	71.403753
16.980585	64.578712	5.650759	1.121312	71.350783
17.005590	64.557850	5.623883	1.116080	71.297813
17.030595	64.536988	5.597008	1.110847	71.244843
17.055601	64.516126	5.570132	1.105614	71.191873
17.080606	64.495264	5.543256	1.100381	71.138902
17.105612	64.474402	5.516381	1.095148	71.085931
17.130617	64.453540	5.489505	1.089915	71.032959
17.155623	64.431895	5.463276	1.084818	70.979990
17.180628	64.409869	5.437362	1.079790	70.927021
17.205633	64.387843	5.411448	1.074761	70.874052
17.230639	64.365816	5.385534	1.069732	70.821083
17.255644	64.343789	5.359620	1.064704	70.768114
17.280650	64.321763	5.333706	1.059677	70.715145
17.305655	64.299736	5.307791	1.054649	70.662176
17.330661	64.277709	5.281876	1.049622	70.609207
17.355666	64.255682	5.255961	1.044595	70.556238
17.380671	64.233654	5.230046	1.039569	70.503269
17.405677	64.211245	5.204825	1.034929	70.450999
17.430682	64.188652	5.179938	1.030475	70.399065
17.455688	64.166058	5.155051	1.026021	70.347131
17.480693	64.143465	5.130164	1.021567	70.295195
17.505699	64.120871	5.105276	1.017112	70.243259
17.530704	64.098276	5.080389	1.012656	70.191322
17.555709	64.075682	5.055501	1.008201	70.139383
17.580715	64.053087	5.030613	1.003744	70.087444
17.605720	64.030492	5.005724	0.999287	70.035504
17.630726	64.007897	4.980835	0.994830	69.983562
17.655731	63.984619	4.957374	0.990643	69.932636
17.680737	63.961015	4.934597	0.986586	69.882197
17.705742	63.937411	4.911819	0.982529	69.831759
17.730748	63.913808	4.889042	0.978472	69.781322
17.755753	63.890206	4.866265	0.974415	69.730886
17.780758	63.866604	4.843489	0.970359	69.680452
17.805764	63.843003	4.820713	0.966303	69.630019
17.830769	63.819402	4.797938	0.962247	69.579587
17.855775	63.795802	4.775163	0.958191	69.529156
17.880780	63.772203	4.752388	0.954135	69.478726
17.905786	63.747567	4.730741	0.949807	69.428115
17.930791	63.722440	4.709627	0.945350	69.377417
17.955796	63.697313	4.688514	0.940893	69.326720
17.980802	63.672186	4.667401	0.936436	69.276022
18.005807	63.647058	4.646288	0.931979	69.225325
18.030813	63.621930	4.625175	0.927522	69.174627
18.055818	63.596802	4.604062	0.923066	69.123930
18.080824	63.571673	4.582949	0.918610	69.073232
18.105829	63.546544	4.561837	0.914154	69.022534
18.130834	63.521414	4.540725	0.909698	68.971837
18.155840	63.495550	4.519872	0.905615	68.921038
18.180845	63.469342	4.499141	0.901708	68.870191
18.205851	63.443134	4.478409	0.897800	68.819343
18.230856	63.416925	4.457676	0.893892	68.768494
18.255862	63.390717	4.436943	0.889984	68.717644
18.280867	63.364508	4.416210	0.886075	68.666793
18.305872	63.338299	4.395475	0.882167	68.615941
18.330878	63.312090	4.374740	0.878258	68.565088
18.355883	63.285881	4.354005	0.874349	68.514235
18.380889	63.259672	4.333269	0.870440	68.463380
18.405894	63.232509	4.313311	0.866482	68.412302
18.430900	63.204904	4.293715	0.862501	68.361120
18.455905	63.177299	4.274119	0.858520	68.309938
18.480910	63.149695	4.254522	0.854539	68.258756
18.505916	63.122090	4.234926	0.850558	68.207575
18.530921	63.094486	4.215330	0.846577	68.156393
18.555927	63.066882	4.195734	0.842597	68.105212
18.580932	63.039278	4.176137	0.838616	68.054031
18.605938	63.011674	4.156541	0.834635	68.002850
18.630943	62.984070	4.136945	0.830654	67.951669
18.655948	62.955000	4.118013	0.826673	67.899687
18.680954	62.925256	4.099388	0.822692	67.847336
18.705959	62.895512	4.080762	0.818712	67.794986
18.730965	62.865768	4.062138	0.814731	67.742636
18.755970	62.836024	4.043513	0.810750	67.690287
18.780976	62.806279	4.024889	0.806769	67.637938
18.805981	62.776535	4.006266	0.802788	67.585589
18.830987	62.746791	3.987642	0.798807	67.533241
18.855992	62.717047	3.969020	0.794826	67.480893
18.880997	62.687303	3.950397	0.790846	67.428546
18.906003	62.656332	3.932255	0.787724	67.376311
18.931008	62.624803	3.914331	0.784994	67.324128
18.956014	62.593273	3.896408	0.782265	67.271946
18.981019	62.561744	3.878484	0.779535	67.219763
19.006025	62.530214	3.860560	0.776806	67.167581
19.031030	62.498685	3.842636	0.774077	67.115398
19.056035	62.467156	3.824713	0.771348	67.063216
19.081041	62.435626	3.806789	0.768620	67.011035
19.106046	62.404097	3.788865	0.765891	66.958853
19.131052	62.372567	3.770941	0.763163	66.906672
19.156057	62.339935	3.754029	0.760355	66.854319
19.181063	62.306805	3.737572	0.757511	66.801888
19.206068	62.273675	3.721116	0.754667	66.749457
19.231073	62.240545	3.704659	0.751822	66.697026
19.256079	62.207415	3.688203	0.748977	66.644595
19.281084	62.174284	3.671747	0.746132	66.592164
19.306090	62.141154	3.655290	0.743287	66.539732
19.331095	62.108024	3.638834	0.740442	66.487300
19.356101	62.074894	3.622377	0.737596	66.434868
19.381106	62.041764	3.605921	0.734751	66.382436
19.406111	62.007076	3.590153	0.731577	66.328806
19.431117	61.971692	3.574693	0.728256	66.274641
19.456122	61.936308	3.559233	0.724935	66.220476
19.481128	61.900924	3.543772	0.721615	66.166311
19.506133	61.865539	3.528312	0.718294	66.112145
19.531139	61.830154	3.512852	0.714973	66.057978
19.556144	61.794768	3.497391	0.711652	66.003812
19.581149	61.759382	3.481931	0.708332	65.949645
19.606155	61.723995	3.466471	0.705011	65.895477
19.631160	61.688609	3.451011	0.701690	65.841310
19.656166	61.652948	3.435636	0.698834	65.787419
19.681171	61.617167	3.420300	0.696184	65.733651
19.706177	61.581386	3.404964	0.693533	65.679883
19.731182	61.545604	3.389628	0.690883	65.626114
19.756187	61.509821	3.374292	0.688232	65.572345
19.781193	61.474038	3.358955	0.685582	65.518575
19.806198	61.438255	3.343619	0.682931	65.464805
19.831204	61.402472	3.328283	0.680280	65.411035
19.856209	61.366688	3.312947	0.677630	65.357265
19.881215	61.330904	3.297611	0.674979	65.303494
19.906220	61.294043	3.282851	0.672114	65.249008
19.931226	61.256712	3.268343	0.669155	65.194210
19.956231	61.219381	3.253835	0.666196	65.139412
19.981236	61.182051	3.239327	0.663236	65.084614
20.006242	61.144721	3.224819	0.660276	65.029816
20.031247	61.107391	3.210311	0.657316	64.975017
20.056253	61.070061	3.195802	0.654355	64.920219
20.081258	61.032732	3.181294	0.651394	64.865420
20.106264	60.995404	3.166785	0.648433	64.810621
20.131269	60.958075	3.152276	0.645471	64.755823
20.156274	60.919121	3.138634	0.643118	64.700873
20.181280	60.879461	3.125369	0.641029	64.645859
20.206285	60.839801	3.112104	0.638940	64.590845
20.231291	60.800142	3.098839	0.636852	64.535832
20.256296	60.760482	3.085575	0.634763	64.480820
20.281302	60.720823	3.072310	0.632675	64.425809
20.306307	60.681165	3.059046	0.630588	64.370798
20.331312	60.641506	3.045781	0.628500	64.315788
20.356318	60.601848	3.032517	0.626413	64.260778
20.381323	60.562190	3.019253	0.624327	64.205770
20.406329	60.520347	3.006611	0.580051	64.107008
20.431334	60.477566	2.994234	0.517668	63.989467
20.456340	60.434784	2.981858	0.455284	63.871927
20.481345	60.392002	2.969482	0.392901	63.754385
20.506350	60.349219	2.957106	0.330518	63.636843
20.531356	60.306436	2.944731	0.268135	63.519301
20.556361	60.263651	2.932355	0.205752	63.401759
20.581367	60.220867	2.919980	0.143369	63.284216
20.606372	60.178082	2.907605	0.080986	63.166672
20.631378	60.135296	2.895230	0.018603	63.049128
20.656383	60.091354	2.882773	0.000000	62.974127
20.681388	60.046921	2.870281	0.000000	62.917202
20.706394	60.002489	2.857789	0.000000	62.860278
20.731399	59.958058	2.845297	0.000000	62.803354
20.756405	59.913627	2.832804	0.000000	62.746431
20.781410	59.869196	2.820312	0.000000	62.689508
20.806416	59.824766	2.807819	0.000000	62.632585
20.831421	59.780337	2.795326	0.000000	62.575663
20.856426	59.735908	2.782833	0.000000	62.518741
20.881432	59.691479	2.770340	0.000000	62.461819
20.906437	59.644850	2.758762	0.000000	62.403613
20.931443	59.597296	2.747570	0.000000	62.344866
20.956448	59.549741	2.736378	0.000000	62.286119
20.981454	59.502186	2.725185	0.000000	62.227371
21.006459	59.454630	2.713993	0.000000	62.168623
21.031465	59.407074	2.702801	0.000000	62.109875
21.056470	59.359518	2.691608	0.000000	62.051126
21.081475	59.311961	2.680416	0.000000	61.992377
21.106481	59.264405	2.669224	0.000000	61.933628
21.131486	59.216847	2.658031	0.000000	61.874879
21.156492	59.168497	2.646832	0.000000	61.815328
21.181497	59.119815	2.635629	0.000000	61.755445
21.206503	59.071133	2.624427	0.000000	61.695560
21.231508	59.022450	2.613225	0.000000	61.635675
21.256513	58.973767	2.602022	0.000000	61.575790
21.281519	58.925083	2.590820	0.000000	61.515903
21.306524	58.876399	2.579618	0.000000	61.456017
21.331530	58.827715	2.568415	0.000000	61.396130
21.356535	58.779029	2.557213	0.000000	61.336242
21.381541	58.730344	2.546011	0.000000	61.276354
21.406546	58.680109	2.535020	0.000000	61.215129
21.431551	58.629235	2.524117	0.000000	61.153353
21.456557	58.578362	2.513214	0.000000	61.091576
21.481562	58.527490	2.502310	0.000000	61.029799
21.506568	58.476617	2.491406	0.000000	60.968023
21.531573	58.425744	2.480502	0.000000	60.906246
21.556579	58.374872	2.469597	0.000000	60.844469
21.581584	58.323999	2.458693	0.000000	60.782692
21.606589	58.273127	2.447788	0.000000	60.720915
21.631595	58.222255	2.436882	0.000000	60.659138
21.656600	58.168689	2.426754	0.000000	60.595443
21.681606	58.114024	2.416943	0.000000	60.530967
21.706611	58.059360	2.407132	0.000000	60.466492
21.731617	58.004696	2.397321	0.000000	60.402017
21.756622	57.950032	2.387511	0.000000	60.337543
21.781627	57.895369	2.377701	0.000000	60.273070
21.806633	57.840707	2.367891	0.000000	60.208597
21.831638	57.786045	2.358081	0.000000	60.144126
21.856644	57.731383	2.348272	0.000000	60.079655
21.881649	57.676722	2.338463	0.000000	60.015185
21.906655	57.618702	2.328858	0.000000	59.947560
21.931660	57.559325	2.319336	0.000000	59.878661
21.956665	57.499947	2.309814	0.000000	59.809762
21.981671	57.440569	2.300292	0.000000	59.740862
22.006676	57.381191	2.290770	0.000000	59.671961
22.031682	57.321812	2.281248	0.000000	59.603060
22.056687	57.262433	2.271726	0.000000	59.534159
22.081693	57.203054	2.262204	0.000000	59.465258
22.106698	57.143674	2.252682	0.000000	59.396356
22.131704	57.084294	2.243160	0.000000	59.327454
22.156709	57.021509	2.233672	0.000000	59.255181
22.181714	56.957363	2.224198	0.000000	59.181561
22.206720	56.893215	2.214724	0.000000	59.107939
22.231725	56.829068	2.205249	0.000000	59.034317
22.256731	56.764919	2.195775	0.000000	58.960694
22.281736	56.700770	2.186300	0.000000	58.887070
22.306742	56.636620	2.176825	0.000000	58.813445
22.331747	56.572469	2.167350	0.000000	58.739819
22.356752	56.508318	2.157875	0.000000	58.666192
22.381758	56.444165	2.148399	0.000000	58.592564
22.406763	56.374191	2.139475	0.000000	58.513666
22.431769	56.301915	2.130770	0.000000	58.432685
22.456774	56.229640	2.122064	0.000000	58.351704
22.481780	56.157367	2.113358	0.000000	58.270725
22.506785	56.085094	2.104652	0.000000	58.189746
22.531790	56.012823	2.095946	0.000000	58.108769
22.556796	55.940554	2.087240	0.000000	58.027794
22.581801	55.868285	2.078534	0.000000	57.946819
22.606807	55.796018	2.069828	0.000000	57.865845
22.631812	55.723752	2.061121	0.000000	57.784873
22.656818	55.639292	2.052825	0.000000	57.692117
22.681823	55.550058	2.044689	0.000000	57.594747
22.706828	55.460824	2.036554	0.000000	57.497378
22.731834	55.371591	2.028418	0.000000	57.400009
22.756839	55.282358	2.020283	0.000000	57.302641
22.781845	55.193125	2.012149	0.000000	57.205274
22.806850	55.103893	2.004014	0.000000	57.107908
22.831856	55.014662	1.995880	0.000000	57.010542
22.856861	54.925431	1.987746	0.000000	56.913177
22.881866	54.836200	1.979612	0.000000	56.815812
22.906872	54.721344	1.971446	0.000000	56.692790
22.931877	54.596558	1.963267	0.000000	56.559825
22.956883	54.471772	1.955089	0.000000	56.426861
22.981888	54.346986	1.946910	0.000000	56.293896
23.006894	54.222201	1.938731	0.000000	56.160932
23.031899	54.097416	1.930552	0.000000	56.027969
23.056904	53.972632	1.922374	0.000000	55.895005
23.081910	53.847847	1.914195	0.000000	55.762042
23.106915	53.723063	1.906016	0.000000	55.629079
23.131921	53.598280	1.897837	0.000000	55.496117
23.156926	53.399514	1.890307	0.000000	55.289821
23.181932	53.172379	1.883026	0.000000	55.055404
23.206937	52.945244	1.875744	0.000000	54.820988
23.231943	52.718111	1.868463	0.000000	54.586574
23.256948	52.490979	1.861181	0.000000	54.352160
23.281953	52.263847	1.853899	0.000000	54.117747
23.306959	52.036717	1.846618	0.000000	53.883335
23.331964	51.809588	1.839336	0.000000	53.648924
23.356970	51.582459	1.832055	0.000000	53.414514
23.381975	51.355332	1.824773	0.000000	53.180105
23.406981	50.891131	1.817692	0.000000	52.708823
23.431986	50.336968	1.810687	0.000000	52.147654
23.456991	49.782804	1.803682	0.000000	51.586486
23.481997	49.228639	1.796677	0.000000	51.025316
23.507002	48.674474	1.789672	0.000000	50.464147
23.532008	48.120308	1.782668	0.000000	49.902977
23.557013	47.566142	1.775664	0.000000	49.341806
23.582019	47.011975	1.768660	0.000000	48.780635
23.607024	46.457807	1.761657	0.000000	48.219464
23.632029	45.903638	1.754654	0.000000	47.658292
23.657035	44.180321	1.747500	0.000000	45.927821
23.682040	42.018011	1.740289	0.000000	43.758300
23.707046	39.855698	1.733078	0.000000	41.588776
23.732051	37.693382	1.725867	0.000000	39.419248
23.757057	35.531062	1.718655	0.000000	37.249718
23.782062	33.368740	1.711444	0.000000	35.080184
23.807067	31.206415	1.704232	0.000000	32.910646
23.832073	29.044086	1.697020	0.000000	30.741106
23.857078	26.881755	1.689807	0.000000	28.571562
23.882084	24.719421	1.682595	0.000000	26.402015
23.907089	23.686946	1.675903	0.000000	25.362849
23.932095	23.074233	1.669404	0.000000	24.743637
23.957100	22.461522	1.662906	0.000000	24.124428
23.982105	21.848813	1.656407	0.000000	23.505221
24.007111	21.236107	1.649909	0.000000	22.886016
24.032116	20.623403	1.643411	0.000000	22.266813
24.057122	20.010701	1.636912	0.000000	21.647613
24.082127	19.398001	1.630414	0.000000	21.028415
24.107133	18.785304	1.623915	0.000000	20.409219
24.132138	18.172609	1.617417	0.000000	19.790026
24.157143	17.840033	1.611544	0.000000	19.451578
24.182149	17.610423	1.605902	0.000000	19.216325
24.207154	17.380813	1.600260	0.000000	18.981073
24.232160	17.151204	1.594618	0.000000	18.745822
24.257165	16.921597	1.588976	0.000000	18.510573
24.282171	16.691990	1.583334	0.000000	18.275325
24.307176	16.462385	1.577693	0.000000	18.040078
24.332182	16.232781	1.572052	0.000000	17.804832
24.357187	16.003177	1.566411	0.000000	17.569588
24.382192	15.773575	1.560770	0.000000	17.334345
24.407198	15.623532	1.554980	0.000000	17.178511
24.432203	15.502420	1.549136	0.000000	17.051556
24.457209	15.381308	1.543292	0.000000	16.924600
24.482214	15.260196	1.537448	0.000000	16.797644
24.507220	15.139083	1.531604	0.000000	16.670688
24.532225	15.017971	1.525761	0.000000	16.543731
24.557230	14.896858	1.519917	0.000000	16.416775
24.582236	14.775745	1.514074	0.000000	16.289818
24.607241	14.654631	1.508230	0.000000	16.162861
24.632247	14.533518	1.502387	0.000000	16.035905
24.657252	14.438971	1.496519	0.000000	15.935490
24.682258	14.353983	1.490642	0.000000	15.844625
24.707263	14.268996	1.484764	0.000000	15.753760
24.732268	14.184009	1.478886	0.000000	15.662895
24.757274	14.099023	1.473008	0.000000	15.572031
24.782279	14.014037	1.467130	0.000000	15.481167
24.807285	13.929052	1.461251	0.000000	15.390303
24.832290	13.844067	1.455372	0.000000	15.299440
24.857296	13.759084	1.449493	0.000000	15.208577
24.882301	13.674100	1.443614	0.000000	15.117714
24.907306	13.601069	1.438360	0.000000	15.039429
24.932312	13.532291	1.433329	0.000000	14.965620
24.957317	13.463513	1.428298	0.000000	14.891811
24.982323	13.394736	1.423267	0.000000	14.818002
25.007328	13.325958	1.418236	0.000000	14.744194
25.032334	13.257181	1.413205	0.000000	14.670386
25.057339	13.188404	1.408173	0.000000	14.596578
25.082344	13.119628	1.403142	0.000000	14.522770
25.107350	13.050851	1.398111	0.000000	14.448963
25.132355	12.982075	1.393080	0.000000	14.375155
25.157361	12.920508	1.387491	0.000000	14.307999
25.182366	12.861480	1.381704	0.000000	14.243184
25.207372	12.802453	1.375918	0.000000	14.178370
25.232377	12.743426	1.370131	0.000000	14.113557
25.257382	12.684400	1.364344	0.000000	14.048744
25.282388	12.625374	1.358557	0.000000	13.983931
25.307393	12.566349	1.352770	0.000000	13.919119
25.332399	12.507325	1.346982	0.000000	13.854308
25.357404	12.448302	1.341195	0.000000	13.789497
25.382410	12.389279	1.335407	0.000000	13.724686
25.407415	12.333883	1.330310	0.000000	13.664194
25.432421	12.279750	1.325455	0.000000	13.605204
25.457426	12.225616	1.320599	0.000000	13.546215
25.482431	12.171482	1.315743	0.000000	13.487225
25.507437	12.117347	1.310888	0.000000	13.428235
25.532442	12.063213	1.306033	0.000000	13.369245
25.557448	12.009078	1.301178	0.000000	13.310255
25.582453	11.954942	1.296323	0.000000	13.251265
25.607459	11.900807	1.291468	0.000000	13.192275
25.632464	11.846671	1.286614	0.000000	13.133285
25.657469	11.794765	1.282037	0.000000	13.076803
25.682475	11.743628	1.277556	0.000000	13.021184
25.707480	11.692490	1.273075	0.000000	12.965566
25.732486	11.641352	1.268594	0.000000	12.909947
25.757491	11.590214	1.264114	0.000000	12.854327
25.782497	11.539075	1.259633	0.000000	12.798707
25.807502	11.487936	1.255152	0.000000	12.743087
25.832507	11.436796	1.250671	0.000000	12.687467
25.857513	11.385656	1.246190	0.000000	12.631846
25.882518	11.334516	1.241709	0.000000	12.576224
25.907524	11.285667	1.236670	0.000000	12.522337
25.932529	11.237600	1.231441	0.000000	12.469041
25.957535	11.189532	1.226212	0.000000	12.415744
25.982540	11.141465	1.220983	0.000000	12.362448
26.007545	11.093397	1.215754	0.000000	12.309151
26.032551	11.045330	1.210524	0.000000	12.255855
26.057556	10.997263	1.205295	0.000000	12.202558
26.082562	10.949197	1.200065	0.000000	12.149262
26.107567	10.901130	1.194835	0.000000	12.095965
26.132573	10.853064	1.189605	0.000000	12.042669
26.157578	10.807440	1.185307	0.000000	11.992748
26.182583	10.762640	1.181324	0.000000	11.943964
26.207589	10.717840	1.177340	0.000000	11.895180
26.232594	10.673040	1.173355	0.000000	11.846396
26.257600	10.628240	1.169371	0.000000	11.797611
26.282605	10.583441	1.165386	0.000000	11.748827
26.307611	10.538642	1.161401	0.000000	11.700043
26.332616	10.493843	1.157416	0.000000	11.651259
26.357621	10.449044	1.153431	0.000000	11.602475
26.382627	10.404246	1.149445	0.000000	11.553691
26.407632	10.361066	1.062280	0.000000	11.423346
26.432638	10.318424	0.947409	0.000000	11.265834
26.457643	10.275782	0.832539	0.000000	11.108321
26.482649	10.233139	0.717669	0.000000	10.950809
26.507654	10.190496	0.602800	0.000000	10.793296
26.532660	10.147852	0.487931	0.000000	10.635783
26.557665	10.105207	0.373063	0.000000	10.478270
26.582670	10.062562	0.258195	0.000000	10.320757
26.607676	10.019916	0.143327	0.000000	10.163243
26.632681	9.977270	0.028460	0.000000	10.005730
26.657687	9.936574	0.000000	0.000000	9.936574
26.682692	9.896520	0.000000	0.000000	9.896520
26.707698	9.856466	0.000000	0.000000	9.856466
26.732703	9.816413	0.000000	0.000000	9.816413
26.757708	9.776361	0.000000	0.000000	9.776361
26.782714	9.736308	0.000000	0.000000	9.736308
26.807719	9.696256	0.000000	0.000000	9.696256
26.832725	9.656205	0.000000	0.000000	9.656205
26.857730	9.616154	0.000000	0.000000	9.616154
26.882736	9.576103	0.000000	0.000000	9.576103
26.907741	9.537405	0.000000	0.000000	9.537405
26.932746	9.499148	0.000000	0.000000	9.499148
26.957752	9.460890	0.000000	0.000000	9.460890
26.982757	9.422633	0.000000	0.000000	9.422633
27.007763	9.384375	0.000000	0.000000	9.384375
27.032768	9.346117	0.000000	0.000000	9.346117
27.057774	9.307859	0.000000	0.000000	9.307859
27.082779	9.269600	0.000000	0.000000	9.269600
27.107784	9.231342	0.000000	0.000000	9.231342
27.132790	9.193083	0.000000	0.000000	9.193083
27.157795	9.156304	0.000000	0.000000	9.156304
27.182801	9.120002	0.000000	0.000000	9.120002
27.207806	9.083699	0.000000	0.000000	9.083699
27.232812	9.047396	0.000000	0.000000	9.047396
27.257817	9.011093	0.000000	0.000000	9.011093
27.282822	8.974790	0.000000	0.000000	8.974790
27.307828	8.938488	0.000000	0.000000	8.938488
27.332833	8.902185	0.000000	0.000000	8.902185
27.357839	8.865882	0.000000	0.000000	8.865882
27.382844	8.829579	0.000000	0.000000	8.829579
27.407850	8.794575	0.000000	0.000000	8.794575
27.432855	8.759984	0.000000	0.000000	8.759984
27.457860	8.725393	0.000000	0.000000	8.725393
27.482866	8.690802	0.000000	0.000000	8.690802
27.507871	8.656211	0.000000	0.000000	8.656211
27.532877	8.621620	0.000000	0.000000	8.621620
27.557882	8.587029	0.000000	0.000000	8.587029
27.582888	8.552437	0.000000	0.000000	8.552437
27.607893	8.517846	0.000000	0.000000	8.517846
27.632899	8.483255	0.000000	0.000000	8.483255
27.657904	8.449878	0.000000	0.000000	8.449878
27.682909	8.416885	0.000000	0.000000	8.416885
27.707915	8.383890	0.000000	0.000000	8.383890
27.732920	8.350896	0.000000	0.000000	8.350896
27.757926	8.317902	0.000000	0.000000	8.317902
27.782931	8.284907	0.000000	0.000000	8.284907
27.807937	8.251913	0.000000	0.000000	8.251913
27.832942	8.218918	0.000000	0.000000	8.218918
27.857947	8.185923	0.000000	0.000000	8.185923
27.882953	8.152927	0.000000	0.000000	8.152927
27.907958	8.120978	0.000000	0.000000	8.120978
27.932964	8.089353	0.000000	0.000000	8.089353
27.957969	8.057729	0.000000	0.000000	8.057729
27.982975	8.026105	0.000000	0.000000	8.026105
28.007980	7.994480	0.000000	0.000000	7.994480
28.032985	7.962856	0.000000	0.000000	7.962856
28.057991	7.931232	0.000000	0.000000	7.931232
28.082996	7.899607	0.000000	0.000000	7.899607
28.108002	7.867983	0.000000	0.000000	7.867983
28.133007	7.836359	0.000000	0.000000	7.836359
28.158013	7.805617	0.000000	0.000000	7.805617
28.183018	7.775147	0.000000	0.000000	7.775147
28.208023	7.744676	0.000000	0.000000	7.744676
28.233029	7.714205	0.000000	0.000000	7.714205
28.258034	7.683734	0.000000	0.000000	7.683734
28.283040	7.653262	0.000000	0.000000	7.653262
28.308045	7.622790	0.000000	0.000000	7.622790
28.333051	7.592317	0.000000	0.000000	7.592317
28.358056	7.561844	0.000000	0.000000	7.561844
28.383061	7.531371	0.000000	0.000000	7.531371
28.408067	7.502102	0.000000	0.000000	7.502102
28.433072	7.473198	0.000000	0.000000	7.473198
28.458078	7.444295	0.000000	0.000000	7.444295
28.483083	7.415393	0.000000	0.000000	7.415393
28.508089	7.386491	0.000000	0.000000	7.386491
28.533094	7.357589	0.000000	0.000000	7.357589
28.558099	7.328687	0.000000	0.000000	7.328687
28.583105	7.299786	0.000000	0.000000	7.299786
28.608110	7.270886	0.000000	0.000000	7.270886
28.633116	7.241985	0.000000	0.000000	7.241985
28.658121	7.213916	0.000000	0.000000	7.213916
28.683127	7.186096	0.000000	0.000000	7.186096
28.708132	7.158276	0.000000	0.000000	7.158276
28.733138	7.130455	0.000000	0.000000	7.130455
28.758143	7.102635	0.000000	0.000000	7.102635
28.783148	7.074814	0.000000	0.000000	7.074814
28.808154	7.046994	0.000000	0.000000	7.046994
28.833159	7.019173	0.000000	0.000000	7.019173
28.858165	6.991352	0.000000	0.000000	6.991352
28.883170	6.963530	0.000000	0.000000	6.963530
28.908176	6.936636	0.000000	0.000000	6.936636
28.933181	6.910017	0.000000	0.000000	6.910017
28.958186	6.883397	0.000000	0.000000	6.883397
28.983192	6.856777	0.000000	0.000000	6.856777
29.008197	6.830157	0.000000	0.000000	6.830157
29.033203	6.803536	0.000000	0.000000	6.803536
29.058208	6.776916	0.000000	0.000000	6.776916
29.083214	6.750295	0.000000	0.000000	6.750295
29.108219	6.723674	0.000000	0.000000	6.723674
29.133224	6.697053	0.000000	0.000000	6.697053
29.158230	6.671404	0.000000	0.000000	6.671404
29.183235	6.646040	0.000000	0.000000	6.646040
29.208241	6.620677	0.000000	0.000000	6.620677
29.233246	6.595314	0.000000	0.000000	6.595314
29.258252	6.569950	0.000000	0.000000	6.569950
29.283257	6.544587	0.000000	0.000000	6.544587
29.308262	6.519223	0.000000	0.000000	6.519223
29.333268	6.493860	0.000000	0.000000	6.493860
29.358273	6.468496	0.000000	0.000000	6.468496
29.383279	6.443133	0.000000	0.000000	6.443133
29.408284	6.417924	0.000000	0.000000	6.417924
29.433290	6.392759	0.000000	0.000000	6.392759
29.458295	6.367595	0.000000	0.000000	6.367595
29.483300	6.342431	0.000000	0.000000	6.342431
29.508306	6.317266	0.000000	0.000000	6.317266
29.533311	6.292102	0.000000	0.000000	6.292102
29.558317	6.266938	0.000000	0.000000	6.266938
29.583322	6.241773	0.000000	0.000000	6.241773
29.608328	6.216609	0.000000	0.000000	6.216609
29.633333	6.191445	0.000000	0.000000	6.191445
29.658338	0.000000	0.000000	0.000000	0.000000
29.683344	0.000000	0.000000	0.000000	0.000000
29.708349	0.000000	0.000000	0.000000	0.000000
29.733355	0.000000	0.000000	0.000000	0.000000
29.758360	0.000000	0.000000	0.000000	0.000000
29.783366	0.000000	0.000000	0.000000	0.000000
29.808371	0.000000	0.000000	0.000000	0.000000
29.833377	0.000000	0.000000	0.000000	0.000000
29.858382	0.000000	0.000000	0.000000	0.000000
29.883387	0.000000	0.000000	0.000000	0.000000
29.908393	0.000000	0.000000	0.000000	0.000000
29.933398	0.000000	0.000000	0.000000	0.000000
29.958404	0.000000	0.000000	0.000000	0.000000
29.983409	0.000000	0.000000	0.000000	0.000000
30.008415	0.000000	0.000000	0.000000	0.000000
