Patient Name: EQUIPO 4 2025, QA
Patient ID: Eq4-2025
Plan: PerfDiag
Course: C-Fisica
Date: Friday, August 07, 2026 2:47:06 PM
Exported by: paberbuj

Start: (-29.79, -20.00, 0.00)
End:   (30.24, -20.00, -0.23)

	40x40	20x20	10x10	Total
-30.029627	4.768365	0.000000	0.000000	4.768365
-30.004622	4.792970	0.000000	0.000000	4.792970
-29.979616	4.817575	0.000000	0.000000	4.817575
-29.954611	4.842180	0.000000	0.000000	4.842180
-29.929606	4.866785	0.000000	0.000000	4.866785
-29.904600	4.891390	0.000000	0.000000	4.891390
-29.879595	4.915996	0.000000	0.000000	4.915996
-29.854589	4.940261	0.000000	0.000000	4.940261
-29.829584	4.963638	0.000000	0.000000	4.963638
-29.804578	4.987014	0.000000	0.000000	4.987014
-29.779573	5.010391	0.000000	0.000000	5.010391
-29.754568	5.033768	0.000000	0.000000	5.033768
-29.729562	5.057145	0.000000	0.000000	5.057145
-29.704557	5.080522	0.000000	0.000000	5.080522
-29.679551	5.103898	0.000000	0.000000	5.103898
-29.654546	5.127275	0.000000	0.000000	5.127275
-29.629540	5.150652	0.000000	0.000000	5.150652
-29.604535	5.174380	0.000000	0.000000	5.174380
-29.579530	5.199013	0.000000	0.000000	5.199013
-29.554524	5.223647	0.000000	0.000000	5.223647
-29.529519	5.248281	0.000000	0.000000	5.248281
-29.504513	5.272914	0.000000	0.000000	5.272914
-29.479508	5.297548	0.000000	0.000000	5.297548
-29.454502	5.322182	0.000000	0.000000	5.322182
-29.429497	5.346815	0.000000	0.000000	5.346815
-29.404491	5.371449	0.000000	0.000000	5.371449
-29.379486	5.396083	0.000000	0.000000	5.396083
-29.354481	5.421061	0.000000	0.000000	5.421061
-29.329475	5.446918	0.000000	0.000000	5.446918
-29.304470	5.472775	0.000000	0.000000	5.472775
-29.279464	5.498633	0.000000	0.000000	5.498633
-29.254459	5.524490	0.000000	0.000000	5.524490
-29.229453	5.550347	0.000000	0.000000	5.550347
-29.204448	5.576205	0.000000	0.000000	5.576205
-29.179443	5.602062	0.000000	0.000000	5.602062
-29.154437	5.627919	0.000000	0.000000	5.627919
-29.129432	5.653777	0.000000	0.000000	5.653777
-29.104426	5.679918	0.000000	0.000000	5.679918
-29.079421	5.706775	0.000000	0.000000	5.706775
-29.054415	5.733633	0.000000	0.000000	5.733633
-29.029410	5.760490	0.000000	0.000000	5.760490
-29.004405	5.787348	0.000000	0.000000	5.787348
-28.979399	5.814205	0.000000	0.000000	5.814205
-28.954394	5.841063	0.000000	0.000000	5.841063
-28.929388	5.867921	0.000000	0.000000	5.867921
-28.904383	5.894778	0.000000	0.000000	5.894778
-28.879377	5.921636	0.000000	0.000000	5.921636
-28.854372	5.948779	0.000000	0.000000	5.948779
-28.829367	5.976636	0.000000	0.000000	5.976636
-28.804361	6.004494	0.000000	0.000000	6.004494
-28.779356	6.032352	0.000000	0.000000	6.032352
-28.754350	6.060210	0.000000	0.000000	6.060210
-28.729345	6.088069	0.000000	0.000000	6.088069
-28.704339	6.115927	0.000000	0.000000	6.115927
-28.679334	6.143786	0.000000	0.000000	6.143786
-28.654329	6.171645	0.000000	0.000000	6.171645
-28.629323	6.199504	0.000000	0.000000	6.199504
-28.604318	6.227655	0.000000	0.000000	6.227655
-28.579312	6.256527	0.000000	0.000000	6.256527
-28.554307	6.285398	0.000000	0.000000	6.285398
-28.529301	6.314270	0.000000	0.000000	6.314270
-28.504296	6.343142	0.000000	0.000000	6.343142
-28.479291	6.372013	0.000000	0.000000	6.372013
-28.454285	6.400885	0.000000	0.000000	6.400885
-28.429280	6.429756	0.000000	0.000000	6.429756
-28.404274	6.458628	0.000000	0.000000	6.458628
-28.379269	6.487499	0.000000	0.000000	6.487499
-28.354263	6.516795	0.000000	0.000000	6.516795
-28.329258	6.547128	0.000000	0.000000	6.547128
-28.304252	6.577460	0.000000	0.000000	6.577460
-28.279247	6.607793	0.000000	0.000000	6.607793
-28.254242	6.638126	0.000000	0.000000	6.638126
-28.229236	6.668458	0.000000	0.000000	6.668458
-28.204231	6.698790	0.000000	0.000000	6.698790
-28.179225	6.729122	0.000000	0.000000	6.729122
-28.154220	6.759454	0.000000	0.000000	6.759454
-28.129214	6.789785	0.000000	0.000000	6.789785
-28.104209	6.820555	0.000000	0.000000	6.820555
-28.079204	6.852389	0.000000	0.000000	6.852389
-28.054198	6.884223	0.000000	0.000000	6.884223
-28.029193	6.916056	0.000000	0.000000	6.916056
-28.004187	6.947890	0.000000	0.000000	6.947890
-27.979182	6.979723	0.000000	0.000000	6.979723
-27.954176	7.011557	0.000000	0.000000	7.011557
-27.929171	7.043391	0.000000	0.000000	7.043391
-27.904166	7.075224	0.000000	0.000000	7.075224
-27.879160	7.107058	0.000000	0.000000	7.107058
-27.854155	7.139045	0.000000	0.000000	7.139045
-27.829149	7.171402	0.000000	0.000000	7.171402
-27.804144	7.203759	0.000000	0.000000	7.203759
-27.779138	7.236118	0.000000	0.000000	7.236118
-27.754133	7.268477	0.000000	0.000000	7.268477
-27.729128	7.300837	0.000000	0.000000	7.300837
-27.704122	7.333197	0.000000	0.000000	7.333197
-27.679117	7.365559	0.000000	0.000000	7.365559
-27.654111	7.397921	0.000000	0.000000	7.397921
-27.629106	7.430283	0.000000	0.000000	7.430283
-27.604100	7.463295	0.000000	0.000000	7.463295
-27.579095	7.497847	0.000000	0.000000	7.497847
-27.554090	7.532399	0.000000	0.000000	7.532399
-27.529084	7.566949	0.000000	0.000000	7.566949
-27.504079	7.601500	0.000000	0.000000	7.601500
-27.479073	7.636049	0.000000	0.000000	7.636049
-27.454068	7.670599	0.000000	0.000000	7.670599
-27.429062	7.705147	0.000000	0.000000	7.705147
-27.404057	7.739695	0.000000	0.000000	7.739695
-27.379052	7.774243	0.000000	0.000000	7.774243
-27.354046	7.809245	0.000000	0.000000	7.809245
-27.329041	7.845317	0.000000	0.000000	7.845317
-27.304035	7.881389	0.000000	0.000000	7.881389
-27.279030	7.917461	0.000000	0.000000	7.917461
-27.254024	7.953533	0.000000	0.000000	7.953533
-27.229019	7.989605	0.000000	0.000000	7.989605
-27.204013	8.025677	0.000000	0.000000	8.025677
-27.179008	8.061749	0.000000	0.000000	8.061749
-27.154003	8.097820	0.000000	0.000000	8.097820
-27.128997	8.133892	0.000000	0.000000	8.133892
-27.103992	8.170337	0.000000	0.000000	8.170337
-27.078986	8.207649	0.000000	0.000000	8.207649
-27.053981	8.244962	0.000000	0.000000	8.244962
-27.028975	8.282274	0.000000	0.000000	8.282274
-27.003970	8.319587	0.000000	0.000000	8.319587
-26.978965	8.356900	0.000000	0.000000	8.356900
-26.953959	8.394213	0.000000	0.000000	8.394213
-26.928954	8.431527	0.000000	0.000000	8.431527
-26.903948	8.468840	0.000000	0.000000	8.468840
-26.878943	8.506154	0.000000	0.000000	8.506154
-26.853937	8.544144	0.000000	0.000000	8.544144
-26.828932	8.583693	0.000000	0.000000	8.583693
-26.803927	8.623242	0.000000	0.000000	8.623242
-26.778921	8.662791	0.000000	0.000000	8.662791
-26.753916	8.702340	0.000000	0.000000	8.702340
-26.728910	8.741889	0.000000	0.000000	8.741889
-26.703905	8.781438	0.000000	0.000000	8.781438
-26.678899	8.820987	0.000000	0.000000	8.820987
-26.653894	8.860536	0.000000	0.000000	8.860536
-26.628889	8.900085	0.000000	0.000000	8.900085
-26.603883	8.939876	0.000000	0.000000	8.939876
-26.578878	8.980219	0.000000	0.000000	8.980219
-26.553872	9.020564	0.000000	0.000000	9.020564
-26.528867	9.060909	0.000000	0.000000	9.060909
-26.503861	9.101255	0.000000	0.000000	9.101255
-26.478856	9.141602	0.000000	0.000000	9.141602
-26.453851	9.181949	0.000000	0.000000	9.181949
-26.428845	9.222297	0.000000	0.000000	9.222297
-26.403840	9.262646	0.000000	0.000000	9.262646
-26.378834	9.302996	0.000000	0.000000	9.302996
-26.353829	9.344093	0.000000	0.000000	9.344093
-26.328823	9.386879	0.000000	0.000000	9.386879
-26.303818	9.429664	0.000000	0.000000	9.429664
-26.278813	9.472449	0.000000	0.000000	9.472449
-26.253807	9.515234	0.000000	0.000000	9.515234
-26.228802	9.558019	0.000000	0.000000	9.558019
-26.203796	9.600804	0.000000	0.000000	9.600804
-26.178791	9.643588	0.000000	0.000000	9.643588
-26.153785	9.686372	0.000000	0.000000	9.686372
-26.128780	9.729157	0.000000	0.000000	9.729157
-26.103774	9.772846	0.000000	0.000000	9.772846
-26.078769	9.818563	0.000000	0.000000	9.818563
-26.053764	9.864280	0.000000	0.000000	9.864280
-26.028758	9.909995	0.000000	0.000000	9.909995
-26.003753	9.955711	0.000000	0.000000	9.955711
-25.978747	10.001425	0.000000	0.000000	10.001425
-25.953742	10.047139	0.000000	0.000000	10.047139
-25.928736	10.092853	0.000000	0.000000	10.092853
-25.903731	10.138566	0.000000	0.000000	10.138566
-25.878726	10.184279	0.000000	0.000000	10.184279
-25.853720	10.230713	0.000000	0.000000	10.230713
-25.828715	10.278751	0.000000	0.000000	10.278751
-25.803709	10.326788	0.000000	0.000000	10.326788
-25.778704	10.374827	0.000000	0.000000	10.374827
-25.753698	10.422865	0.000000	0.000000	10.422865
-25.728693	10.470904	0.000000	0.000000	10.470904
-25.703688	10.518943	0.000000	0.000000	10.518943
-25.678682	10.566983	0.000000	0.000000	10.566983
-25.653677	10.615023	0.000000	0.000000	10.615023
-25.628671	10.663063	0.000000	0.000000	10.663063
-25.603666	10.712178	0.000000	0.000000	10.712178
-25.578660	10.763650	0.000000	0.000000	10.763650
-25.553655	10.815123	0.000000	0.000000	10.815123
-25.528650	10.866595	0.000000	0.000000	10.866595
-25.503644	10.918067	0.000000	0.000000	10.918067
-25.478639	10.969539	0.000000	0.000000	10.969539
-25.453633	11.021011	0.000000	0.000000	11.021011
-25.428628	11.072483	0.000000	0.000000	11.072483
-25.403622	11.123954	0.000000	0.000000	11.123954
-25.378617	11.175425	0.000000	0.000000	11.175425
-25.353612	11.227702	0.000000	0.000000	11.227702
-25.328606	11.281732	0.000000	0.000000	11.281732
-25.303601	11.335763	0.000000	0.000000	11.335763
-25.278595	11.389794	0.000000	0.000000	11.389794
-25.253590	11.443825	0.000000	0.000000	11.443825
-25.228584	11.497857	0.000000	0.000000	11.497857
-25.203579	11.551890	0.000000	0.000000	11.551890
-25.178574	11.605923	0.000000	0.000000	11.605923
-25.153568	11.659957	0.000000	0.000000	11.659957
-25.128563	11.713991	0.000000	0.000000	11.713991
-25.103557	11.768743	0.000000	0.000000	11.768743
-25.078552	11.825041	0.000000	0.000000	11.825041
-25.053546	11.881339	0.000000	0.000000	11.881339
-25.028541	11.937639	0.000000	0.000000	11.937639
-25.003535	11.993939	0.000000	0.000000	11.993939
-24.978530	12.050240	0.000000	0.000000	12.050240
-24.953525	12.106542	0.000000	0.000000	12.106542
-24.928519	12.162845	0.000000	0.000000	12.162845
-24.903514	12.219149	0.000000	0.000000	12.219149
-24.878508	12.275454	0.000000	0.000000	12.275454
-24.853503	12.333288	0.035851	0.000000	12.369139
-24.828497	12.394378	0.148128	0.000000	12.542505
-24.803492	12.455466	0.260405	0.000000	12.715871
-24.778487	12.516554	0.372681	0.000000	12.889235
-24.753481	12.577640	0.484958	0.000000	13.062598
-24.728476	12.638725	0.597235	0.000000	13.235961
-24.703470	12.699809	0.709512	0.000000	13.409322
-24.678465	12.760892	0.821789	0.000000	13.582681
-24.653459	12.821974	0.934066	0.000000	13.756040
-24.628454	12.883055	1.046343	0.000000	13.929398
-24.603449	12.945854	1.123896	0.000000	14.069750
-24.578443	13.012282	1.128137	0.000000	14.140419
-24.553438	13.078711	1.132377	0.000000	14.211088
-24.528432	13.145140	1.136618	0.000000	14.281758
-24.503427	13.211569	1.140859	0.000000	14.352428
-24.478421	13.277998	1.145100	0.000000	14.423098
-24.453416	13.344428	1.149340	0.000000	14.493768
-24.428411	13.410858	1.153581	0.000000	14.564439
-24.403405	13.477288	1.157822	0.000000	14.635110
-24.378400	13.543718	1.162063	0.000000	14.705780
-24.353394	13.611233	1.166743	0.000000	14.777976
-24.328389	13.681017	1.172345	0.000000	14.853362
-24.303383	13.750802	1.177946	0.000000	14.928748
-24.278378	13.820589	1.183547	0.000000	15.004136
-24.253373	13.890376	1.189148	0.000000	15.079525
-24.228367	13.960165	1.194749	0.000000	15.154914
-24.203362	14.029955	1.200351	0.000000	15.230305
-24.178356	14.099746	1.205952	0.000000	15.305698
-24.153351	14.169538	1.211553	0.000000	15.381091
-24.128345	14.239331	1.217154	0.000000	15.456485
-24.103340	14.311658	1.222755	0.000000	15.534414
-24.078335	14.389232	1.228356	0.000000	15.617589
-24.053329	14.466805	1.233958	0.000000	15.700763
-24.028324	14.544378	1.239559	0.000000	15.783937
-24.003318	14.621950	1.245160	0.000000	15.867110
-23.978313	14.699522	1.250761	0.000000	15.950283
-23.953307	14.777093	1.256362	0.000000	16.033455
-23.928302	14.854663	1.261963	0.000000	16.116627
-23.903296	14.932233	1.267565	0.000000	16.199798
-23.878291	15.009802	1.273166	0.000000	16.282968
-23.853286	15.090794	1.278951	0.000000	16.369744
-23.828280	15.178806	1.285112	0.000000	16.463918
-23.803275	15.266818	1.291273	0.000000	16.558091
-23.778269	15.354829	1.297434	0.000000	16.652264
-23.753264	15.442840	1.303596	0.000000	16.746436
-23.728258	15.530850	1.309757	0.000000	16.840607
-23.703253	15.618860	1.315918	0.000000	16.934778
-23.678248	15.706869	1.322080	0.000000	17.028949
-23.653242	15.794878	1.328241	0.000000	17.123119
-23.628237	15.882886	1.334402	0.000000	17.217288
-23.603231	15.976347	1.340564	0.000000	17.316911
-23.578226	16.080891	1.346725	0.000000	17.427615
-23.553220	16.185434	1.352886	0.000000	17.538320
-23.528215	16.289977	1.359047	0.000000	17.649025
-23.503210	16.394521	1.365209	0.000000	17.759729
-23.478204	16.499064	1.371370	0.000000	17.870434
-23.453199	16.603607	1.377531	0.000000	17.981139
-23.428193	16.708151	1.383693	0.000000	18.091843
-23.403188	16.812694	1.389854	0.000000	18.202548
-23.378182	16.917237	1.396015	0.000000	18.313253
-23.353177	17.031627	1.402173	0.000000	18.433800
-23.328172	17.165834	1.408324	0.000000	18.574159
-23.303166	17.300042	1.414476	0.000000	18.714518
-23.278161	17.434249	1.420627	0.000000	18.854876
-23.253155	17.568456	1.426778	0.000000	18.995235
-23.228150	17.702663	1.432930	0.000000	19.135593
-23.203144	17.836870	1.439081	0.000000	19.275951
-23.178139	17.971077	1.445232	0.000000	19.416309
-23.153134	18.105283	1.451383	0.000000	19.556666
-23.128128	18.239489	1.457535	0.000000	19.697024
-23.103123	18.394046	1.463689	0.000000	19.857735
-23.078117	18.589179	1.469851	0.000000	20.059030
-23.053112	18.784313	1.476012	0.000000	20.260325
-23.028106	18.979449	1.482173	0.000000	20.461622
-23.003101	19.174585	1.488335	0.000000	20.662920
-22.978096	19.369723	1.494496	0.000000	20.864219
-22.953090	19.564861	1.500657	0.000000	21.065519
-22.928085	19.760001	1.506818	0.000000	21.266820
-22.903079	19.955142	1.512980	0.000000	21.468122
-22.878074	20.150284	1.519141	0.000000	21.669425
-22.853068	20.403497	1.525867	0.000000	21.929365
-22.828063	20.771408	1.533709	0.000000	22.305117
-22.803057	21.139320	1.541550	0.000000	22.680871
-22.778052	21.507235	1.549392	0.000000	23.056627
-22.753047	21.875152	1.557234	0.000000	23.432385
-22.728041	22.243071	1.565075	0.000000	23.808146
-22.703036	22.610992	1.572917	0.000000	24.183909
-22.678030	22.978916	1.580759	0.000000	24.559674
-22.653025	23.346841	1.588600	0.000000	24.935442
-22.628019	23.714769	1.596442	0.000000	25.311211
-22.603014	24.346796	1.604094	0.000000	25.950890
-22.578009	25.495565	1.611376	0.000000	27.106940
-22.553003	26.644331	1.618657	0.000000	28.262988
-22.527998	27.793094	1.625939	0.000000	29.419033
-22.502992	28.941855	1.633220	0.000000	30.575075
-22.477987	30.090613	1.640502	0.000000	31.731114
-22.452981	31.239368	1.647783	0.000000	32.887151
-22.427976	32.388121	1.655065	0.000000	34.043186
-22.402971	33.536871	1.662346	0.000000	35.199217
-22.377965	34.685619	1.669628	0.000000	36.355247
-22.352960	37.022335	1.677098	0.000000	38.699433
-22.327954	41.661788	1.684935	0.000000	43.346723
-22.302949	46.301237	1.692771	0.000000	47.994008
-22.277943	50.940682	1.700608	0.000000	52.641289
-22.252938	55.580121	1.708444	0.000000	57.288565
-22.227933	60.219557	1.716280	0.000000	61.935837
-22.202927	64.858988	1.724117	0.000000	66.583105
-22.177922	69.498415	1.731953	0.000000	71.230368
-22.152916	74.137837	1.739790	0.000000	75.877626
-22.127911	78.777254	1.747626	0.000000	80.524880
-22.102905	82.214931	1.755947	0.000000	83.970877
-22.077900	83.344853	1.765197	0.000000	85.110050
-22.052895	84.474775	1.774448	0.000000	86.249223
-22.027889	85.604696	1.783698	0.000000	87.388394
-22.002884	86.734616	1.792949	0.000000	88.527564
-21.977878	87.864535	1.802199	0.000000	89.666734
-21.952873	88.994453	1.811449	0.000000	90.805902
-21.927867	90.124370	1.820700	0.000000	91.945070
-21.902862	91.254286	1.829950	0.000000	93.084237
-21.877857	92.384202	1.839201	0.000000	94.223403
-21.852851	93.252592	1.848456	0.000000	95.101048
-21.827846	93.623423	1.857721	0.000000	95.481144
-21.802840	93.994256	1.866986	0.000000	95.861242
-21.777835	94.365089	1.876251	0.000000	96.241340
-21.752829	94.735923	1.885517	0.000000	96.621440
-21.727824	95.106757	1.894783	0.000000	97.001540
-21.702818	95.477593	1.904049	0.000000	97.381641
-21.677813	95.848429	1.913315	0.000000	97.761744
-21.652808	96.219266	1.922581	0.000000	98.141847
-21.627802	96.590103	1.931848	0.000000	98.521951
-21.602797	96.900527	1.941475	0.000000	98.842002
-21.577791	97.097072	1.951780	0.000000	99.048852
-21.552786	97.293617	1.962085	0.000000	99.255702
-21.527780	97.490162	1.972390	0.000000	99.462552
-21.502775	97.686707	1.982694	0.000000	99.669401
-21.477770	97.883253	1.992997	0.000000	99.876250
-21.452764	98.079798	2.003300	0.000000	100.083098
-21.427759	98.276343	2.013603	0.000000	100.289946
-21.402753	98.472888	2.023906	0.000000	100.496793
-21.377748	98.669433	2.034207	0.000000	100.703640
-21.352742	98.844374	2.044441	0.000000	100.888814
-21.327737	98.978968	2.054547	0.000000	101.033515
-21.302732	99.113562	2.064653	0.000000	101.178215
-21.277726	99.248157	2.074760	0.000000	101.322917
-21.252721	99.382753	2.084866	0.000000	101.467619
-21.227715	99.517348	2.094973	0.000000	101.612321
-21.202710	99.651944	2.105080	0.000000	101.757024
-21.177704	99.786541	2.115187	0.000000	101.901728
-21.152699	99.921137	2.125295	0.000000	102.046432
-21.127694	100.055735	2.135403	0.000000	102.191137
-21.102688	100.179827	2.145604	0.000000	102.325432
-21.077683	100.284483	2.155980	0.000000	102.440463
-21.052677	100.389139	2.166355	0.000000	102.555494
-21.027672	100.493795	2.176731	0.000000	102.670526
-21.002666	100.598452	2.187106	0.000000	102.785558
-20.977661	100.703109	2.197482	0.000000	102.900591
-20.952656	100.807767	2.207857	0.000000	103.015624
-20.927650	100.912424	2.218233	0.000000	103.130657
-20.902645	101.017083	2.228608	0.000000	103.245691
-20.877639	101.121741	2.238984	0.000000	103.360725
-20.852634	101.220232	2.249848	0.000000	103.470080
-20.827628	101.307413	2.261611	0.000000	103.569024
-20.802623	101.394594	2.273373	0.000000	103.667968
-20.777618	101.481775	2.285136	0.000000	103.766911
-20.752612	101.568956	2.296898	0.000000	103.865854
-20.727607	101.656136	2.308661	0.000000	103.964797
-20.702601	101.743317	2.320423	0.000000	104.063740
-20.677596	101.830497	2.332186	0.000000	104.162683
-20.652590	101.917677	2.343948	0.000000	104.261625
-20.627585	102.004857	2.355711	0.000000	104.360567
-20.602579	102.088225	2.367669	0.000000	104.455894
-20.577574	102.164670	2.379981	0.000000	104.544651
-20.552569	102.241115	2.392294	0.000000	104.633408
-20.527563	102.317559	2.404606	0.000000	104.722165
-20.502558	102.394003	2.416919	0.000000	104.810922
-20.477552	102.470448	2.429231	0.000000	104.899679
-20.452547	102.546891	2.441544	0.000000	104.988435
-20.427541	102.623335	2.453857	0.000000	105.077192
-20.402536	102.699779	2.466169	0.000000	105.165948
-20.377531	102.776222	2.478482	0.000000	105.254704
-20.352525	102.849694	2.491103	0.000000	105.340797
-20.327520	102.917819	2.504279	0.000000	105.422098
-20.302514	102.985944	2.517455	0.000000	105.503399
-20.277509	103.054069	2.530631	0.000000	105.584700
-20.252503	103.122195	2.543807	0.000000	105.666002
-20.227498	103.190321	2.556983	0.000000	105.747304
-20.202493	103.258448	2.570159	0.000000	105.828607
-20.177487	103.326575	2.583335	0.000000	105.909910
-20.152482	103.394702	2.596511	0.000000	105.991213
-20.127476	103.462830	2.609687	0.000000	106.072517
-20.102471	103.528730	2.623440	0.000000	106.152170
-20.077465	103.590658	2.638219	0.000000	106.228878
-20.052460	103.652587	2.652999	0.000000	106.305586
-20.027455	103.714516	2.667779	0.000000	106.382294
-20.002449	103.776444	2.682558	0.000000	106.459002
-19.977444	103.838373	2.697337	0.000000	106.535710
-19.952438	103.900302	2.712116	0.000000	106.612418
-19.927433	103.962232	2.726894	0.000000	106.689126
-19.902427	104.024161	2.741673	0.000000	106.765834
-19.877422	104.086091	2.756451	0.000000	106.842542
-19.852417	104.145955	2.771256	0.000000	106.917210
-19.827411	104.202167	2.786107	0.000000	106.988274
-19.802406	104.258378	2.800958	0.000000	107.059337
-19.777400	104.314590	2.815810	0.000000	107.130400
-19.752395	104.370802	2.830661	0.000000	107.201463
-19.727389	104.427014	2.845512	0.000000	107.272526
-19.702384	104.483226	2.860363	0.000000	107.343589
-19.677379	104.539438	2.875215	0.000000	107.414652
-19.652373	104.595650	2.890066	0.000000	107.485715
-19.627368	104.651861	2.904917	0.000000	107.556778
-19.602362	104.706108	2.919880	0.000000	107.625988
-19.577357	104.756914	2.935038	0.000000	107.691952
-19.552351	104.807720	2.950196	0.000000	107.757916
-19.527346	104.858526	2.965355	0.000000	107.823881
-19.502340	104.909332	2.980514	0.000000	107.889846
-19.477335	104.960139	2.995673	0.000000	107.955811
-19.452330	105.010945	3.010832	0.000000	108.021777
-19.427324	105.061752	3.025992	0.000000	108.087744
-19.402319	105.112559	3.041152	0.000000	108.153711
-19.377313	105.163366	3.056312	0.000000	108.219678
-19.352308	105.212687	3.072162	0.021475	108.306325
-19.327302	105.259429	3.089212	0.080223	108.428864
-19.302297	105.306170	3.106261	0.138971	108.551403
-19.277292	105.352912	3.123311	0.197719	108.673941
-19.252286	105.399653	3.140360	0.256467	108.796480
-19.227281	105.446395	3.157408	0.315215	108.919018
-19.202275	105.493136	3.174457	0.373963	109.041556
-19.177270	105.539878	3.191505	0.432711	109.164094
-19.152264	105.586619	3.208553	0.491459	109.286632
-19.127259	105.633361	3.225601	0.550207	109.409169
-19.102254	105.679073	3.242671	0.588088	109.509833
-19.077248	105.723016	3.259778	0.590079	109.572873
-19.052243	105.766959	3.276886	0.592069	109.635915
-19.027237	105.810902	3.293994	0.594060	109.698956
-19.002232	105.854845	3.311102	0.596050	109.761997
-18.977226	105.898788	3.328211	0.598040	109.825039
-18.952221	105.942731	3.345319	0.600031	109.888081
-18.927216	105.986674	3.362428	0.602021	109.951123
-18.902210	106.030617	3.379537	0.604012	110.014166
-18.877205	106.074560	3.396647	0.606002	110.077209
-18.852199	106.117314	3.414075	0.608612	110.140002
-18.827194	106.158043	3.432049	0.612279	110.202370
-18.802188	106.198772	3.450022	0.615945	110.264739
-18.777183	106.239501	3.467996	0.619612	110.327108
-18.752178	106.280230	3.485970	0.623278	110.389477
-18.727172	106.320959	3.503944	0.626944	110.451847
-18.702167	106.361687	3.521918	0.630611	110.514216
-18.677161	106.402416	3.539893	0.634277	110.576586
-18.652156	106.443145	3.557867	0.637944	110.638956
-18.627150	106.483874	3.575842	0.641610	110.701327
-18.602145	106.523445	3.594619	0.645019	110.763083
-18.577140	106.561059	3.614751	0.647994	110.823804
-18.552134	106.598673	3.634882	0.650969	110.884524
-18.527129	106.636287	3.655013	0.653944	110.945245
-18.502123	106.673902	3.675144	0.656919	111.005965
-18.477118	106.711518	3.695274	0.659894	111.066686
-18.452112	106.749134	3.715404	0.662869	111.127407
-18.427107	106.786750	3.735534	0.665844	111.188128
-18.402101	106.824366	3.755664	0.668819	111.248850
-18.377096	106.861983	3.775794	0.671794	111.309571
-18.352091	106.898744	3.796435	0.675026	111.370205
-18.327085	106.934070	3.817934	0.678688	111.430692
-18.302080	106.969397	3.839433	0.682349	111.491179
-18.277074	107.004723	3.860932	0.686011	111.551666
-18.252069	107.040049	3.882430	0.689673	111.612152
-18.227063	107.075376	3.903928	0.693334	111.672638
-18.202058	107.110702	3.925426	0.696996	111.733124
-18.177053	107.146028	3.946924	0.700658	111.793610
-18.152047	107.181355	3.968422	0.704319	111.854096
-18.127042	107.216681	3.989919	0.707981	111.914581
-18.102036	107.250911	4.011974	0.711763	111.974648
-18.077031	107.283321	4.034955	0.715743	112.034020
-18.052025	107.315731	4.057936	0.719724	112.093392
-18.027020	107.348142	4.080917	0.723705	112.152764
-18.002015	107.380553	4.103898	0.727686	112.212136
-17.977009	107.412964	4.126879	0.731667	112.271509
-17.952004	107.445375	4.149859	0.735648	112.330881
-17.926998	107.477786	4.172840	0.739628	112.390254
-17.901993	107.510197	4.195821	0.743609	112.449627
-17.876987	107.542609	4.218801	0.747590	112.509000
-17.851982	107.574056	4.242298	0.751321	112.567675
-17.826977	107.603916	4.266644	0.754642	112.625202
-17.801971	107.633777	4.290989	0.757963	112.682729
-17.776966	107.663637	4.315335	0.761283	112.740256
-17.751960	107.693498	4.339681	0.764604	112.797783
-17.726955	107.723358	4.364026	0.767925	112.855310
-17.701949	107.753219	4.388372	0.771245	112.912837
-17.676944	107.783080	4.412718	0.774566	112.970364
-17.651939	107.812940	4.437064	0.777887	113.027891
-17.626933	107.842801	4.461409	0.781208	113.085418
-17.601928	107.871671	4.485884	0.784779	113.142334
-17.576922	107.898925	4.510568	0.788760	113.198253
-17.551917	107.926179	4.535252	0.792741	113.254172
-17.526911	107.953432	4.559937	0.796722	113.310091
-17.501906	107.980686	4.584622	0.800703	113.366010
-17.476901	108.007939	4.609307	0.804683	113.421929
-17.451895	108.035192	4.633992	0.808664	113.477848
-17.426890	108.062445	4.658677	0.812645	113.533767
-17.401884	108.089698	4.683363	0.816626	113.589686
-17.376879	108.116950	4.708049	0.820607	113.645605
-17.351873	108.143026	4.733256	0.824962	113.701243
-17.326868	108.167200	4.759304	0.829922	113.756427
-17.301862	108.191375	4.785353	0.834882	113.811611
-17.276857	108.215551	4.811402	0.839843	113.866795
-17.251852	108.239727	4.837451	0.844803	113.921980
-17.226846	108.263903	4.863499	0.849763	113.977165
-17.201841	108.288079	4.889548	0.854723	114.032350
-17.176835	108.312256	4.915597	0.859683	114.087536
-17.151830	108.336434	4.941646	0.864643	114.142723
-17.126824	108.360611	4.967694	0.869603	114.197909
-17.101819	108.384087	4.994584	0.874068	114.252740
-17.076814	108.406439	5.022821	0.877740	114.307001
-17.051808	108.428792	5.051058	0.881412	114.361261
-17.026803	108.451144	5.079294	0.885083	114.415521
-17.001797	108.473496	5.107530	0.888755	114.469781
-16.976792	108.495848	5.135766	0.892427	114.524041
-16.951786	108.518200	5.164002	0.896098	114.578300
-16.926781	108.540552	5.192238	0.899770	114.632559
-16.901776	108.562904	5.220473	0.903442	114.686818
-16.876770	108.585256	5.248708	0.907113	114.741077
-16.851765	108.606837	5.277368	0.911160	114.795364
-16.826759	108.627195	5.306702	0.915801	114.849697
-16.801754	108.647552	5.336035	0.920441	114.904029
-16.776748	108.667909	5.365369	0.925082	114.958360
-16.751743	108.688266	5.394703	0.929723	115.012692
-16.726738	108.708622	5.424036	0.934364	115.067022
-16.701732	108.728979	5.453369	0.939005	115.121353
-16.676727	108.749335	5.482702	0.943646	115.175683
-16.651721	108.769691	5.512034	0.948287	115.230012
-16.626716	108.790047	5.541367	0.952928	115.284341
-16.601710	108.809670	5.571599	0.958347	115.339616
-16.576705	108.828142	5.603247	0.964988	115.396376
-16.551700	108.846614	5.634895	0.971630	115.453138
-16.526694	108.865086	5.666542	0.978271	115.509899
-16.501689	108.883558	5.698190	0.984912	115.566661
-16.476683	108.902030	5.729838	0.991554	115.623422
-16.451678	108.920503	5.761486	0.998195	115.680184
-16.426672	108.938976	5.793134	1.004837	115.736946
-16.401667	108.957449	5.824782	1.011478	115.793709
-16.376662	108.975923	5.856429	1.018119	115.850471
-16.351656	108.993729	5.889191	1.024239	115.907158
-16.326651	109.010494	5.923689	1.029545	115.963728
-16.301645	109.027260	5.958188	1.034851	116.020298
-16.276640	109.044026	5.992686	1.040156	116.076869
-16.251634	109.060792	6.027185	1.045462	116.133440
-16.226629	109.077559	6.061684	1.050768	116.190011
-16.201623	109.094325	6.096183	1.056074	116.246583
-16.176618	109.111092	6.130682	1.061380	116.303155
-16.151613	109.127859	6.165182	1.066686	116.359727
-16.126607	109.144626	6.199682	1.071992	116.416300
-16.101602	109.160748	6.234731	1.077956	116.473435
-16.076596	109.175872	6.270629	1.084939	116.531440
-16.051591	109.190996	6.306527	1.091921	116.589444
-16.026585	109.206120	6.342426	1.098903	116.647449
-16.001580	109.221244	6.378324	1.105886	116.705454
-15.976575	109.236367	6.414223	1.112868	116.763459
-15.951569	109.251491	6.450122	1.119850	116.821464
-15.926564	109.266614	6.486022	1.126833	116.879469
-15.901558	109.281737	6.521921	1.133815	116.937474
-15.876553	109.296860	6.557821	1.140798	116.995479
-15.851547	109.311438	6.594579	1.147507	117.053524
-15.826542	109.325183	6.632653	1.153797	117.111633
-15.801537	109.338928	6.670726	1.160087	117.169741
-15.776531	109.352673	6.708799	1.166378	117.227850
-15.751526	109.366419	6.746872	1.172668	117.285960
-15.726520	109.380165	6.784946	1.178959	117.344069
-15.701515	109.393911	6.823019	1.185249	117.402179
-15.676509	109.407658	6.861092	1.191540	117.460290
-15.651504	109.421405	6.899165	1.197830	117.518401
-15.626499	109.435153	6.937239	1.204120	117.576512
-15.601493	109.448463	6.976272	1.210286	117.635021
-15.576488	109.461108	7.016762	1.216263	117.694133
-15.551482	109.473754	7.057251	1.222239	117.753244
-15.526477	109.486399	7.097740	1.228216	117.812355
-15.501471	109.499044	7.138229	1.234192	117.871465
-15.476466	109.511689	7.178717	1.240169	117.930576
-15.451461	109.524335	7.219205	1.246145	117.989685
-15.426455	109.536980	7.259693	1.252122	118.048795
-15.401450	109.549625	7.300180	1.258098	118.107903
-15.376444	109.562271	7.340666	1.264075	118.167012
-15.351439	109.574505	7.381805	1.270718	118.227028
-15.326433	109.586121	7.423926	1.278365	118.288412
-15.301428	109.597737	7.466047	1.286013	118.349796
-15.276423	109.609353	7.508168	1.293660	118.411181
-15.251417	109.620968	7.550290	1.301307	118.472565
-15.226412	109.632583	7.592412	1.308954	118.533950
-15.201406	109.644198	7.634535	1.316602	118.595335
-15.176401	109.655813	7.676658	1.324249	118.656721
-15.151395	109.667428	7.718782	1.331896	118.718106
-15.126390	109.679042	7.760906	1.339543	118.779492
-15.101384	109.690008	7.803993	1.347582	118.841583
-15.076379	109.700008	7.848515	1.356204	118.904727
-15.051374	109.710007	7.893038	1.364825	118.967871
-15.026368	109.720007	7.937561	1.373447	119.031015
-15.001363	109.730007	7.982083	1.382069	119.094159
-14.976357	109.740007	8.026606	1.390691	119.157304
-14.951352	109.750007	8.071129	1.399313	119.220448
-14.926346	109.760007	8.115651	1.407934	119.283593
-14.901341	109.770008	8.160174	1.416556	119.346738
-14.876336	109.780009	8.204696	1.425178	119.409884
-14.851330	109.789724	8.250500	1.433804	119.474028
-14.826325	109.799017	8.298198	1.442436	119.539651
-14.801319	109.808310	8.345896	1.451068	119.605273
-14.776314	109.817603	8.393593	1.459699	119.670895
-14.751308	109.826896	8.441289	1.468331	119.736516
-14.726303	109.836189	8.488984	1.476963	119.802136
-14.701298	109.845483	8.536679	1.485595	119.867757
-14.676292	109.854776	8.584373	1.494227	119.933376
-14.651287	109.864070	8.632067	1.502858	119.998996
-14.626281	109.873364	8.679760	1.511490	120.064615
-14.601276	109.882209	8.728692	1.521197	120.132098
-14.576270	109.890395	8.779441	1.532479	120.202315
-14.551265	109.898580	8.830190	1.543762	120.272532
-14.526260	109.906766	8.880939	1.555044	120.342749
-14.501254	109.914951	8.931689	1.566326	120.412966
-14.476249	109.923136	8.982439	1.577609	120.483183
-14.451243	109.931321	9.033189	1.588891	120.553400
-14.426238	109.939505	9.083939	1.600173	120.623618
-14.401232	109.947690	9.134689	1.611456	120.693835
-14.376227	109.955874	9.185440	1.622738	120.764052
-14.351222	109.963472	9.237818	1.633110	120.834400
-14.326216	109.970218	9.292560	1.642158	120.904936
-14.301211	109.976965	9.347301	1.651206	120.975472
-14.276205	109.983711	9.402042	1.660255	121.046008
-14.251200	109.990457	9.456783	1.669304	121.116544
-14.226194	109.997203	9.511523	1.678353	121.187079
-14.201189	110.003950	9.566262	1.687403	121.257615
-14.176184	110.010696	9.621002	1.696452	121.328150
-14.151178	110.017442	9.675741	1.705502	121.398685
-14.126173	110.024188	9.730479	1.714552	121.469220
-14.101167	110.030712	9.786647	1.723802	121.541160
-14.076162	110.036914	9.844875	1.733337	121.615127
-14.051156	110.043117	9.903103	1.742873	121.689093
-14.026151	110.049319	9.961331	1.752408	121.763058
-14.001145	110.055522	10.019559	1.761943	121.837024
-13.976140	110.061724	10.077787	1.771478	121.910989
-13.951135	110.067927	10.136015	1.781012	121.984954
-13.926129	110.074129	10.194243	1.790546	122.058919
-13.901124	110.080332	10.252471	1.800080	122.132883
-13.876118	110.086534	10.310699	1.809614	122.206848
-13.851113	110.092423	10.370050	1.820830	122.283303
-13.826107	110.097865	10.431005	1.834448	122.363318
-13.801102	110.103307	10.491961	1.848067	122.443335
-13.776097	110.108749	10.552919	1.861685	122.523354
-13.751091	110.114191	10.613878	1.875304	122.603374
-13.726086	110.119633	10.674839	1.888923	122.683395
-13.701080	110.125075	10.735802	1.902541	122.763418
-13.676075	110.130517	10.796766	1.916160	122.843442
-13.651069	110.135959	10.857731	1.929778	122.923468
-13.626064	110.141401	10.918698	1.943397	123.003495
-13.601059	110.146737	10.982542	1.956080	123.085360
-13.576053	110.151924	11.050458	1.967441	123.169823
-13.551048	110.157110	11.118373	1.978801	123.254284
-13.526042	110.162297	11.186287	1.990162	123.338745
-13.501037	110.167483	11.254199	2.001523	123.423205
-13.476031	110.172669	11.322111	2.012884	123.507664
-13.451026	110.177856	11.390020	2.024245	123.592121
-13.426021	110.183042	11.457929	2.035607	123.676578
-13.401015	110.188228	11.525836	2.046969	123.761034
-13.376010	110.193415	11.593742	2.058331	123.845488
-13.351004	110.198719	11.664472	2.069795	123.932985
-13.325999	110.204188	11.739166	2.081402	124.024756
-13.300993	110.209657	11.813859	2.093009	124.116526
-13.275988	110.215127	11.888553	2.104616	124.208296
-13.250983	110.220596	11.963246	2.116224	124.300066
-13.225977	110.226065	12.037940	2.127831	124.391836
-13.200972	110.231534	12.112632	2.139438	124.483605
-13.175966	110.237004	12.187325	2.151046	124.575375
-13.150961	110.242473	12.262018	2.162653	124.667144
-13.125955	110.247942	12.336710	2.174260	124.758913
-13.100950	110.253521	12.415149	2.187506	124.856176
-13.075945	110.259252	12.498802	2.203032	124.961087
-13.050939	110.264983	12.582456	2.218558	125.065997
-13.025934	110.270715	12.666109	2.234083	125.170906
-13.000928	110.276446	12.749761	2.249608	125.275815
-12.975923	110.282177	12.833414	2.265133	125.380724
-12.950917	110.287908	12.917066	2.280658	125.485632
-12.925912	110.293639	13.000718	2.296182	125.590540
-12.900906	110.299371	13.084370	2.311706	125.695447
-12.875901	110.305102	13.168022	2.327230	125.800354
-12.850896	110.312094	13.257564	2.342924	125.912582
-12.825890	110.320827	13.355233	2.358852	126.034912
-12.800885	110.329560	13.452902	2.374780	126.157242
-12.775879	110.338293	13.550571	2.390708	126.279572
-12.750874	110.347026	13.648240	2.406636	126.401902
-12.725868	110.355759	13.745908	2.422564	126.524231
-12.700863	110.364492	13.843576	2.438492	126.646560
-12.675858	110.373225	13.941244	2.454421	126.768889
-12.650852	110.381958	14.038912	2.470349	126.891218
-12.625847	110.390691	14.136579	2.486277	127.013546
-12.600841	110.400476	14.242774	2.502913	127.146162
-12.575836	110.411700	14.360636	2.520517	127.292854
-12.550830	110.422925	14.478499	2.538122	127.439546
-12.525825	110.434150	14.596364	2.555727	127.586240
-12.500820	110.445375	14.714230	2.573331	127.732936
-12.475814	110.456599	14.832098	2.590936	127.879633
-12.450809	110.467824	14.949967	2.608540	128.026331
-12.425803	110.479049	15.067837	2.626145	128.173031
-12.400798	110.490273	15.185710	2.643750	128.319733
-12.375792	110.501498	15.303583	2.661354	128.466436
-12.350787	110.513355	15.437612	2.679541	128.630508
-12.325782	110.526070	15.593551	2.698518	128.818138
-12.300776	110.538784	15.749490	2.717495	129.005769
-12.275771	110.551499	15.905430	2.736472	129.193401
-12.250765	110.564214	16.061370	2.755450	129.381033
-12.225760	110.576928	16.217310	2.774428	129.568666
-12.200754	110.589643	16.373251	2.793406	129.756299
-12.175749	110.602358	16.529192	2.812384	129.943934
-12.150744	110.615072	16.685134	2.831362	130.131568
-12.125738	110.627787	16.841076	2.850341	130.319204
-12.100733	110.640336	17.032597	2.868834	130.541767
-12.075727	110.652664	17.271959	2.886674	130.811298
-12.050722	110.664992	17.511319	2.904514	131.080826
-12.025716	110.677320	17.750677	2.922354	131.350351
-12.000711	110.689649	17.990032	2.940193	131.619874
-11.975706	110.701978	18.229385	2.958032	131.889395
-11.950700	110.714308	18.468735	2.975871	132.158913
-11.925695	110.726638	18.708082	2.993709	132.428429
-11.900689	110.738968	18.947427	3.011548	132.697943
-11.875684	110.751299	19.186769	3.029386	132.967454
-11.850678	110.763533	19.523231	3.047975	133.334739
-11.825673	110.775638	19.989180	3.067564	133.832383
-11.800667	110.787744	20.455129	3.087154	134.330028
-11.775662	110.799849	20.921081	3.106744	134.827674
-11.750657	110.811954	21.387034	3.126334	135.325321
-11.725651	110.824059	21.852988	3.145924	135.822970
-11.700646	110.836163	22.318944	3.165513	136.320620
-11.675640	110.848267	22.784901	3.185103	136.818272
-11.650635	110.860372	23.250860	3.204693	137.315924
-11.625629	110.872476	23.716820	3.224283	137.813578
-11.600624	110.884151	24.540961	3.245725	138.670837
-11.575619	110.895259	25.838564	3.269615	140.003438
-11.550613	110.906367	27.136173	3.293505	141.336046
-11.525608	110.917475	28.433790	3.317395	142.668661
-11.500602	110.928583	29.731414	3.341286	144.001283
-11.475597	110.939691	31.029045	3.365176	145.333912
-11.450591	110.950798	32.326684	3.389066	146.666548
-11.425586	110.961905	33.624329	3.412956	147.999190
-11.400581	110.973012	34.921981	3.436847	149.331840
-11.375575	110.984119	36.219641	3.460737	150.664497
-11.350570	110.995069	39.457616	3.483768	153.936453
-11.325564	111.005815	45.238488	3.505672	159.749975
-11.300559	111.016560	51.019350	3.527577	165.563488
-11.275553	111.027306	56.800201	3.549482	171.376989
-11.250548	111.038052	62.581041	3.571386	177.190480
-11.225543	111.048799	68.361870	3.593291	183.003959
-11.200537	111.059545	74.142688	3.615195	188.817428
-11.175532	111.070292	79.923495	3.637100	194.630887
-11.150526	111.081039	85.704291	3.659005	200.444334
-11.125521	111.091786	91.485076	3.680909	206.257771
-11.100515	111.100651	95.307206	3.703388	210.111245
-11.075510	111.107071	96.584273	3.726613	211.417957
-11.050505	111.113491	97.861346	3.749838	212.724675
-11.025499	111.119911	99.138426	3.773063	214.031399
-11.000494	111.126331	100.415511	3.796288	215.338130
-10.975488	111.132751	101.692603	3.819512	216.644866
-10.950483	111.139171	102.969700	3.842737	217.951609
-10.925477	111.145591	104.246804	3.865962	219.258358
-10.900472	111.152012	105.523914	3.889187	220.565113
-10.875467	111.158432	106.801030	3.912412	221.871874
-10.850461	111.163235	107.722290	3.938302	222.823827
-10.825456	111.165954	108.185077	3.967627	223.318659
-10.800450	111.168674	108.647863	3.996953	223.813490
-10.775445	111.171394	109.110648	4.026278	224.308319
-10.750439	111.174113	109.573431	4.055604	224.803148
-10.725434	111.176833	110.036213	4.084929	225.297975
-10.700428	111.179552	110.498994	4.114256	225.792802
-10.675423	111.182272	110.961773	4.143582	226.287627
-10.650418	111.184991	111.424551	4.172909	226.782451
-10.625412	111.187711	111.887328	4.202235	227.277274
-10.600407	111.189808	112.250600	4.231315	227.671723
-10.575401	111.191112	112.486764	4.260078	227.937954
-10.550396	111.192417	112.722927	4.288840	228.204185
-10.525390	111.193721	112.959091	4.317603	228.470415
-10.500385	111.195026	113.195253	4.346365	228.736644
-10.475380	111.196331	113.431415	4.375127	229.002873
-10.450374	111.197636	113.667576	4.403889	229.269101
-10.425369	111.198941	113.903736	4.432650	229.535328
-10.400363	111.200247	114.139896	4.461412	229.801555
-10.375358	111.201552	114.376056	4.490173	230.067781
-10.350352	111.202618	114.575758	4.520648	230.299024
-10.325347	111.203380	114.729288	4.553294	230.485963
-10.300342	111.204142	114.882818	4.585941	230.672901
-10.275336	111.204904	115.036347	4.618588	230.859840
-10.250331	111.205666	115.189877	4.651236	231.046779
-10.225325	111.206428	115.343406	4.683883	231.233718
-10.200320	111.207190	115.496936	4.716531	231.420657
-10.175314	111.207952	115.650465	4.749179	231.607597
-10.150309	111.208714	115.803995	4.781827	231.794536
-10.125304	111.209476	115.957524	4.814476	231.981477
-10.100298	111.210130	116.093319	4.847547	232.150997
-10.075293	111.210649	116.206842	4.881150	232.298641
-10.050287	111.211168	116.320364	4.914753	232.446285
-10.025282	111.211686	116.433886	4.948356	232.593929
-10.000276	111.212205	116.547408	4.981960	232.741573
-9.975271	111.212723	116.660930	5.015563	232.889217
-9.950266	111.213242	116.774452	5.049167	233.036861
-9.925260	111.213761	116.887973	5.082772	233.184505
-9.900255	111.214279	117.001494	5.116376	233.332149
-9.875249	111.214798	117.115015	5.149981	233.479794
-9.850244	111.215292	117.218711	5.183554	233.617557
-9.825238	111.215757	117.310175	5.217085	233.743017
-9.800233	111.216221	117.401639	5.250617	233.868477
-9.775228	111.216685	117.493102	5.284149	233.993936
-9.750222	111.217148	117.584565	5.317681	234.119395
-9.725217	111.217612	117.676028	5.351213	234.244853
-9.700211	111.218075	117.767491	5.384745	234.370311
-9.675206	111.218538	117.858954	5.418277	234.495769
-9.650200	111.219001	117.950416	5.451809	234.621226
-9.625195	111.219464	118.041878	5.485341	234.746683
-9.600189	111.220153	118.127696	5.520861	234.868710
-9.575184	111.221121	118.206546	5.558836	234.986503
-9.550179	111.222089	118.285397	5.596811	235.104297
-9.525173	111.223057	118.364248	5.634785	235.222090
-9.500168	111.224024	118.443099	5.672759	235.339882
-9.475162	111.224992	118.521951	5.710732	235.457675
-9.450157	111.225959	118.600803	5.748705	235.575467
-9.425151	111.226926	118.679656	5.786677	235.693259
-9.400146	111.227893	118.758509	5.824649	235.811050
-9.375141	111.228860	118.837362	5.862620	235.928842
-9.350135	111.230813	118.913372	5.902914	236.047099
-9.325130	111.233975	118.985900	5.946053	236.165928
-9.300124	111.237136	119.058429	5.989192	236.284758
-9.275119	111.240298	119.130957	6.032332	236.403588
-9.250113	111.243461	119.203486	6.075471	236.522418
-9.225108	111.246624	119.276015	6.118610	236.641248
-9.200103	111.249787	119.348543	6.161749	236.760079
-9.175097	111.252951	119.421072	6.204888	236.878910
-9.150092	111.256115	119.493600	6.248027	236.997742
-9.125086	111.259279	119.566129	6.291166	237.116574
-9.100081	111.263225	119.636288	6.334353	237.233866
-9.075075	111.268119	119.703573	6.377597	237.349289
-9.050070	111.273012	119.770857	6.420842	237.464711
-9.025065	111.277906	119.838140	6.464087	237.580132
-9.000059	111.282799	119.905423	6.507332	237.695554
-8.975054	111.287692	119.972706	6.550578	237.810975
-8.950048	111.292584	120.039988	6.593823	237.926396
-8.925043	111.297477	120.107270	6.637069	238.041816
-8.900037	111.302369	120.174551	6.680316	238.157236
-8.875032	111.307261	120.241832	6.723562	238.272656
-8.850027	111.310980	120.305329	6.770277	238.386585
-8.825021	111.313286	120.364271	6.821165	238.498722
-8.800016	111.315593	120.423214	6.872053	238.610859
-8.775010	111.317900	120.482157	6.922941	238.722998
-8.750005	111.320207	120.541101	6.973830	238.835137
-8.724999	111.322514	120.600045	7.024719	238.947277
-8.699994	111.324821	120.658989	7.075608	239.059418
-8.674989	111.327129	120.717934	7.126497	239.171560
-8.649983	111.329437	120.776879	7.177387	239.283703
-8.624978	111.331745	120.835825	7.228277	239.395847
-8.599972	111.332881	120.890992	7.278697	239.502570
-8.574967	111.332619	120.941650	7.328557	239.602826
-8.549961	111.332357	120.992307	7.378418	239.703083
-8.524956	111.332095	121.042964	7.428281	239.803340
-8.499950	111.331833	121.093622	7.478144	239.903599
-8.474945	111.331572	121.144279	7.528008	240.003858
-8.449940	111.331310	121.194936	7.577873	240.104119
-8.424934	111.331048	121.245594	7.627739	240.204381
-8.399929	111.330786	121.296251	7.677606	240.304643
-8.374923	111.330524	121.346908	7.727475	240.404907
-8.349918	111.329350	121.394357	7.779999	240.503707
-8.324912	111.327098	121.438010	7.835666	240.600774
-8.299907	111.324846	121.481663	7.891332	240.697841
-8.274902	111.322593	121.525315	7.946997	240.794906
-8.249896	111.320341	121.568968	8.002661	240.891970
-8.224891	111.318089	121.612621	8.058324	240.989034
-8.199885	111.315836	121.656273	8.113986	241.086096
-8.174880	111.313584	121.699926	8.169647	241.183157
-8.149874	111.311332	121.743578	8.225307	241.280217
-8.124869	111.309079	121.787231	8.280966	241.377277
-8.099864	111.306405	121.828822	8.341456	241.476683
-8.074858	111.303236	121.867993	8.407616	241.578845
-8.049853	111.300066	121.907165	8.473775	241.681006
-8.024847	111.296895	121.946337	8.539935	241.783167
-7.999842	111.293725	121.985508	8.606095	241.885328
-7.974836	111.290554	122.024680	8.672256	241.987489
-7.949831	111.287382	122.063852	8.738416	242.089650
-7.924826	111.284210	122.103023	8.804577	242.191811
-7.899820	111.281038	122.142195	8.870738	242.293971
-7.874815	111.277866	122.181367	8.936899	242.396132
-7.849809	111.273309	122.217555	9.005095	242.495960
-7.824804	111.267143	122.250272	9.075660	242.593075
-7.799798	111.260977	122.282989	9.146225	242.690191
-7.774793	111.254812	122.315706	9.216792	242.787310
-7.749788	111.248646	122.348423	9.287360	242.884429
-7.724782	111.242481	122.381140	9.357929	242.981550
-7.699777	111.236316	122.413857	9.428500	243.078673
-7.674771	111.230151	122.446574	9.499072	243.175797
-7.649766	111.223986	122.479291	9.569645	243.272922
-7.624760	111.217822	122.512008	9.640219	243.370049
-7.599755	111.210359	122.541740	9.715577	243.467677
-7.574750	111.201398	122.568029	9.796452	243.565880
-7.549744	111.192438	122.594318	9.877326	243.664082
-7.524739	111.183477	122.620607	9.958199	243.762283
-7.499733	111.174516	122.646896	10.039071	243.860483
-7.474728	111.165555	122.673185	10.119942	243.958683
-7.449722	111.156594	122.699474	10.200813	244.056881
-7.424717	111.147633	122.725763	10.281682	244.155078
-7.399711	111.138672	122.752052	10.362550	244.253274
-7.374706	111.129711	122.778341	10.443417	244.351469
-7.349701	111.119867	122.802600	10.533577	244.456045
-7.324695	111.109014	122.824537	10.634370	244.567921
-7.299690	111.098160	122.846473	10.735163	244.679796
-7.274684	111.087307	122.868409	10.835955	244.791670
-7.249679	111.076453	122.890344	10.936747	244.903545
-7.224673	111.065600	122.912279	11.037539	245.015418
-7.199668	111.054748	122.934213	11.138331	245.127292
-7.174663	111.043895	122.956147	11.239122	245.239164
-7.149657	111.033042	122.978081	11.339913	245.351037
-7.124652	111.022190	123.000014	11.440704	245.462908
-7.099646	111.011257	123.020593	11.554962	245.586813
-7.074641	111.000233	123.039635	11.684499	245.724367
-7.049635	110.989208	123.058677	11.814036	245.861921
-7.024630	110.978183	123.077718	11.943574	245.999475
-6.999625	110.967158	123.096760	12.073111	246.137030
-6.974619	110.956133	123.115802	12.202649	246.274584
-6.949614	110.945107	123.134844	12.332187	246.412139
-6.924608	110.934082	123.153886	12.461726	246.549694
-6.899603	110.923056	123.172928	12.591265	246.687248
-6.874597	110.912030	123.191970	12.720804	246.824803
-6.849592	110.900860	123.209875	12.874677	246.985412
-6.824587	110.889528	123.226502	13.055923	247.171954
-6.799581	110.878197	123.243130	13.237170	247.358496
-6.774576	110.866866	123.259757	13.418416	247.545038
-6.749570	110.855534	123.276385	13.599662	247.731581
-6.724565	110.844203	123.293013	13.780908	247.918124
-6.699559	110.832873	123.309641	13.962154	248.104668
-6.674554	110.821542	123.326269	14.143401	248.291212
-6.649549	110.810212	123.342898	14.324647	248.477757
-6.624543	110.798882	123.359527	14.505893	248.664301
-6.599538	110.787514	123.375016	14.738822	248.901353
-6.574532	110.776106	123.389235	15.029399	249.194740
-6.549527	110.764697	123.403453	15.319979	249.488129
-6.524521	110.753288	123.417671	15.610561	249.781520
-6.499516	110.741880	123.431888	15.901145	250.074913
-6.474511	110.730471	123.446106	16.191731	250.368308
-6.449505	110.719062	123.460323	16.482320	250.661705
-6.424500	110.707654	123.474540	16.772911	250.955104
-6.399494	110.696245	123.488757	17.063504	251.248506
-6.374489	110.684836	123.502973	17.354099	251.541909
-6.349483	110.673826	123.516531	17.780275	251.970633
-6.324478	110.663258	123.529362	18.356410	252.549029
-6.299472	110.652690	123.542192	18.932549	253.127431
-6.274467	110.642122	123.555023	19.508694	253.705839
-6.249462	110.631554	123.567855	20.084844	254.284252
-6.224456	110.620986	123.580686	20.660999	254.862672
-6.199451	110.610419	123.593519	21.237160	255.441097
-6.174445	110.599851	123.606351	21.813325	256.019528
-6.149440	110.589284	123.619185	22.389496	256.597965
-6.124434	110.578717	123.632018	22.965672	257.176407
-6.099429	110.569487	123.645512	24.041102	258.256101
-6.074424	110.561722	123.659729	25.664083	259.885534
-6.049418	110.553957	123.673946	27.287059	261.514962
-6.024413	110.546192	123.688163	28.910031	263.144386
-5.999407	110.538427	123.702379	30.532998	264.773804
-5.974402	110.530662	123.716595	32.155961	266.403218
-5.949396	110.522896	123.730811	33.778919	268.032626
-5.924391	110.515130	123.745027	35.401873	269.662030
-5.899386	110.507364	123.759243	37.024822	271.291429
-5.874380	110.499598	123.773458	38.647767	272.920823
-5.849375	110.493136	123.788295	42.933186	277.214617
-5.824369	110.488093	123.803807	50.114186	284.406086
-5.799364	110.483051	123.819319	57.295176	291.597546
-5.774358	110.478007	123.834832	64.476156	298.788995
-5.749353	110.472964	123.850345	71.657126	305.980435
-5.724348	110.467921	123.865858	78.838086	313.171864
-5.699342	110.462877	123.881371	86.019036	320.363284
-5.674337	110.457833	123.896885	93.199976	327.554694
-5.649331	110.452789	123.912399	100.380906	334.746094
-5.624326	110.447745	123.927913	107.561826	341.937483
-5.599320	110.443017	123.942841	112.057871	346.443729
-5.574315	110.438632	123.957137	113.658457	348.054226
-5.549310	110.434246	123.971434	115.259039	349.664719
-5.524304	110.429861	123.985730	116.859618	351.275209
-5.499299	110.425476	124.000026	118.460192	352.885694
-5.474293	110.421091	124.014322	120.060762	354.496176
-5.449288	110.416707	124.028619	121.661329	356.106654
-5.424282	110.412322	124.042915	123.261891	357.717129
-5.399277	110.407938	124.057211	124.862449	359.327599
-5.374272	110.403554	124.071508	126.463004	360.938066
-5.349266	110.399013	124.085258	127.566525	362.050796
-5.324261	110.394304	124.098424	128.138529	362.631257
-5.299255	110.389595	124.111590	128.710537	363.211722
-5.274250	110.384886	124.124756	129.282551	363.792192
-5.249244	110.380177	124.137922	129.854569	364.372668
-5.224239	110.375468	124.151088	130.426593	364.953148
-5.199233	110.370759	124.164254	130.998621	365.533634
-5.174228	110.366049	124.177420	131.570655	366.114124
-5.149223	110.361340	124.190586	132.142693	366.694619
-5.124217	110.356631	124.203752	132.714736	367.275120
-5.099212	110.351919	124.216135	133.144843	367.712897
-5.074206	110.347205	124.227687	133.424431	367.999323
-5.049201	110.342491	124.239239	133.704021	368.285751
-5.024195	110.337776	124.250790	133.983613	368.572179
-4.999190	110.333062	124.262341	134.263206	368.858609
-4.974185	110.328348	124.273892	134.542801	369.145041
-4.949179	110.323633	124.285442	134.822398	369.431474
-4.924174	110.318919	124.296991	135.101997	369.717908
-4.899168	110.314205	124.308541	135.381598	370.004343
-4.874163	110.309490	124.320090	135.661200	370.290780
-4.849157	110.304523	124.330649	135.886873	370.522045
-4.824152	110.299290	124.340169	136.055836	370.695295
-4.799147	110.294057	124.349689	136.224798	370.868544
-4.774141	110.288824	124.359209	136.393759	371.041793
-4.749136	110.283591	124.368729	136.562721	371.215041
-4.724130	110.278358	124.378249	136.731682	371.388289
-4.699125	110.273125	124.387769	136.900643	371.561537
-4.674119	110.267892	124.397288	137.069604	371.734785
-4.649114	110.262659	124.406808	137.238565	371.908032
-4.624109	110.257426	124.416328	137.407525	372.081280
-4.599103	110.251715	124.424530	137.550262	372.226507
-4.574098	110.245506	124.431356	137.665656	372.342518
-4.549092	110.239297	124.438183	137.781050	372.458529
-4.524087	110.233087	124.445009	137.896444	372.574540
-4.499081	110.226878	124.451836	138.011838	372.690552
-4.474076	110.220668	124.458664	138.127232	372.806564
-4.449071	110.214459	124.465491	138.242626	372.922576
-4.424065	110.208249	124.472319	138.358019	373.038588
-4.399060	110.202040	124.479147	138.473413	373.154600
-4.374054	110.195830	124.485975	138.588807	373.270613
-4.349049	110.188893	124.491293	138.689291	373.369477
-4.324043	110.181203	124.495049	138.774359	373.450611
-4.299038	110.173514	124.498806	138.859427	373.531747
-4.274033	110.165824	124.502562	138.944497	373.612883
-4.249027	110.158134	124.506319	139.029568	373.694021
-4.224022	110.150444	124.510076	139.114639	373.775160
-4.199016	110.142755	124.513833	139.199712	373.856300
-4.174011	110.135065	124.517591	139.284785	373.937441
-4.149005	110.127375	124.521348	139.369860	374.018584
-4.124000	110.119685	124.525106	139.454936	374.099727
-4.098994	110.111660	124.528032	139.529585	374.169278
-4.073989	110.103292	124.530105	139.593544	374.226941
-4.048984	110.094923	124.532179	139.657503	374.284605
-4.023978	110.086555	124.534252	139.721463	374.342270
-3.998973	110.078186	124.536326	139.785423	374.399935
-3.973967	110.069818	124.538400	139.849384	374.457602
-3.948962	110.061450	124.540474	139.913345	374.515269
-3.923956	110.053083	124.542548	139.977306	374.572937
-3.898951	110.044715	124.544623	140.041269	374.630607
-3.873946	110.036348	124.546697	140.105231	374.688277
-3.848940	110.027893	124.548190	140.163497	374.739580
-3.823935	110.019348	124.549091	140.215969	374.784407
-3.798929	110.010803	124.549991	140.268440	374.829234
-3.773924	110.002258	124.550890	140.320911	374.874059
-3.748918	109.993712	124.551789	140.373382	374.918884
-3.723913	109.985167	124.552688	140.425852	374.963707
-3.698908	109.976621	124.553586	140.478321	375.008529
-3.673902	109.968075	124.554484	140.530791	375.053350
-3.648897	109.959529	124.555382	140.583259	375.098170
-3.623891	109.950983	124.556279	140.635727	375.142989
-3.598886	109.942412	124.556397	140.684464	375.183273
-3.573880	109.933817	124.555729	140.729440	375.218986
-3.548875	109.925222	124.555062	140.774415	375.254699
-3.523870	109.916627	124.554394	140.819390	375.290411
-3.498864	109.908033	124.553726	140.864364	375.326123
-3.473859	109.899438	124.553058	140.909339	375.361835
-3.448853	109.890844	124.552389	140.954313	375.397546
-3.423848	109.882250	124.551721	140.999287	375.433257
-3.398842	109.873656	124.551052	141.044260	375.468968
-3.373837	109.865062	124.550383	141.089234	375.504679
-3.348832	109.856462	124.549319	141.129434	375.535215
-3.323826	109.847854	124.547862	141.164863	375.560579
-3.298821	109.839247	124.546405	141.200292	375.585944
-3.273815	109.830640	124.544948	141.235722	375.611310
-3.248810	109.822033	124.543492	141.271152	375.636677
-3.223804	109.813426	124.542036	141.306583	375.662046
-3.198799	109.804819	124.540581	141.342015	375.687415
-3.173794	109.796213	124.539126	141.377446	375.712786
-3.148788	109.787607	124.537672	141.412879	375.738157
-3.123783	109.779001	124.536218	141.448311	375.763530
-3.098777	109.770353	124.534371	141.481441	375.786165
-3.073772	109.761662	124.532136	141.512288	375.806086
-3.048766	109.752972	124.529900	141.543134	375.826006
-3.023761	109.744282	124.527664	141.573980	375.845926
-2.998755	109.735592	124.525429	141.604827	375.865847
-2.973750	109.726901	124.523193	141.635673	375.885767
-2.948745	109.718211	124.520957	141.666519	375.905688
-2.923739	109.709521	124.518721	141.697366	375.925608
-2.898734	109.700831	124.516486	141.728212	375.945529
-2.873728	109.692141	124.514250	141.759059	375.965449
-2.848723	109.683569	124.511564	141.785705	375.980838
-2.823717	109.675114	124.508436	141.808224	375.991773
-2.798712	109.666659	124.505308	141.830744	376.002710
-2.773707	109.658204	124.502180	141.853265	376.013650
-2.748701	109.649749	124.499053	141.875789	376.024591
-2.723696	109.641294	124.495926	141.898314	376.035535
-2.698690	109.632839	124.492800	141.920841	376.046480
-2.673685	109.624384	124.489674	141.943370	376.057428
-2.648679	109.615929	124.486549	141.965900	376.068378
-2.623674	109.607474	124.483424	141.988432	376.079330
-2.598669	109.599020	124.479985	142.008688	376.087694
-2.573663	109.590568	124.476241	142.026722	376.093531
-2.548658	109.582115	124.472496	142.044755	376.099366
-2.523652	109.573662	124.468752	142.062787	376.105201
-2.498647	109.565210	124.465007	142.080818	376.111034
-2.473641	109.556757	124.461261	142.098848	376.116866
-2.448636	109.548304	124.457516	142.116877	376.122697
-2.423631	109.539852	124.453770	142.134905	376.128527
-2.398625	109.531399	124.450024	142.152932	376.134356
-2.373620	109.522946	124.446278	142.170959	376.140183
-2.348614	109.514241	124.441651	142.187096	376.142988
-2.323609	109.505291	124.436173	142.201409	376.142873
-2.298603	109.496341	124.430696	142.215721	376.142757
-2.273598	109.487391	124.425218	142.230032	376.142641
-2.248593	109.478441	124.419741	142.244343	376.142524
-2.223587	109.469491	124.414264	142.258653	376.142408
-2.198582	109.460541	124.408787	142.272963	376.142291
-2.173576	109.451591	124.403311	142.287273	376.142174
-2.148571	109.442641	124.397834	142.301582	376.142056
-2.123565	109.433691	124.392358	142.315890	376.141939
-2.098560	109.424543	124.386247	142.327756	376.138546
-2.073555	109.415206	124.379528	142.337281	376.132015
-2.048549	109.405869	124.372809	142.346807	376.125484
-2.023544	109.396532	124.366089	142.356334	376.118955
-1.998538	109.387195	124.359370	142.365862	376.112427
-1.973533	109.377859	124.352651	142.375391	376.105901
-1.948527	109.368523	124.345931	142.384921	376.099375
-1.923522	109.359187	124.339212	142.394452	376.092851
-1.898516	109.349851	124.332493	142.403984	376.086328
-1.873511	109.340515	124.325774	142.413517	376.079806
-1.848506	109.331054	124.318767	142.421120	376.070941
-1.823500	109.321472	124.311488	142.426887	376.059847
-1.798495	109.311891	124.304208	142.432655	376.048754
-1.773489	109.302311	124.296929	142.438423	376.037662
-1.748484	109.292730	124.289649	142.444191	376.026570
-1.723478	109.283149	124.282370	142.449959	376.015478
-1.698473	109.273569	124.275091	142.455727	376.004387
-1.673468	109.263989	124.267811	142.461496	375.993296
-1.648462	109.254409	124.260532	142.467265	375.982206
-1.623457	109.244829	124.253252	142.473035	375.971116
-1.598451	109.235196	124.245550	142.476857	375.957602
-1.573446	109.225512	124.237448	142.478844	375.941804
-1.548440	109.215828	124.229347	142.480830	375.926005
-1.523435	109.206145	124.221245	142.482817	375.910207
-1.498430	109.196461	124.213143	142.484804	375.894408
-1.473424	109.186777	124.205042	142.486791	375.878610
-1.448419	109.177094	124.196940	142.488777	375.862811
-1.423413	109.167410	124.188839	142.490764	375.847013
-1.398408	109.157726	124.180737	142.492751	375.831214
-1.373402	109.148042	124.172636	142.494738	375.815416
-1.348397	109.138407	124.164093	142.494917	375.797417
-1.323392	109.128817	124.155139	142.493406	375.777362
-1.298386	109.119228	124.146184	142.491896	375.757308
-1.273381	109.109638	124.137230	142.490386	375.737254
-1.248375	109.100049	124.128275	142.488876	375.717200
-1.223370	109.090460	124.119321	142.487366	375.697147
-1.198364	109.080872	124.110366	142.485857	375.677095
-1.173359	109.071283	124.101411	142.484348	375.657042
-1.148354	109.061695	124.092457	142.482839	375.636991
-1.123348	109.052106	124.083502	142.481330	375.616939
-1.098343	109.043237	124.075115	142.478882	375.597234
-1.073337	109.035034	124.067252	142.475562	375.577848
-1.048332	109.026832	124.059390	142.472241	375.558463
-1.023326	109.018629	124.051529	142.468921	375.539079
-0.998321	109.010426	124.043668	142.465601	375.519695
-0.973316	109.002223	124.035807	142.462281	375.500311
-0.948310	108.994020	124.027947	142.458960	375.480928
-0.923305	108.985817	124.020087	142.455640	375.461545
-0.898299	108.977614	124.012228	142.452320	375.442162
-0.873294	108.969411	124.004369	142.449000	375.422780
-0.848288	108.961771	123.996941	142.445126	375.403839
-0.823283	108.954649	123.989910	142.440745	375.385304
-0.798277	108.947528	123.982879	142.436365	375.366772
-0.773272	108.940407	123.975849	142.431986	375.348242
-0.748267	108.933286	123.968819	142.427608	375.329713
-0.723261	108.926167	123.961789	142.423231	375.311187
-0.698256	108.919047	123.954760	142.418855	375.292662
-0.673250	108.911929	123.947732	142.414480	375.274140
-0.648245	108.904810	123.940703	142.410106	375.255619
-0.623239	108.897693	123.933675	142.405733	375.237101
-0.598234	108.891748	123.927496	142.400598	375.219842
-0.573229	108.886871	123.922090	142.394771	375.203733
-0.548223	108.881995	123.916686	142.388947	375.187627
-0.523218	108.877119	123.911283	142.383124	375.171527
-0.498212	108.872244	123.905881	142.377305	375.155430
-0.473207	108.867370	123.900481	142.371488	375.139338
-0.448201	108.862496	123.895082	142.365673	375.123250
-0.423196	108.857622	123.889684	142.359861	375.107167
-0.398191	108.852750	123.884287	142.354051	375.091087
-0.373185	108.847877	123.878891	142.348244	375.075012
-0.348180	108.845639	123.876500	142.345378	375.067518
-0.323174	108.845781	123.876822	142.345169	375.067773
-0.298169	108.845923	123.877144	142.344959	375.068026
-0.273163	108.846065	123.877466	142.344746	375.068277
-0.248158	108.846206	123.877787	142.344533	375.068526
-0.223153	108.846347	123.878108	142.344318	375.068773
-0.198147	108.846488	123.878428	142.344101	375.069017
-0.173142	108.846629	123.878748	142.343883	375.069260
-0.148136	108.846770	123.879068	142.343663	375.069501
-0.123131	108.846911	123.879387	142.343442	375.069739
-0.098125	108.849750	123.882228	142.345392	375.077369
-0.073120	108.855007	123.887330	142.349287	375.091624
-0.048115	108.860264	123.892432	142.353181	375.105876
-0.023109	108.865520	123.897532	142.357074	375.120126
0.001896	108.870776	123.902632	142.360965	375.134373
0.026902	108.876032	123.907730	142.364855	375.148618
0.051907	108.881288	123.912828	142.368744	375.162860
0.076913	108.886543	123.917925	142.372632	375.177100
0.101918	108.891797	123.923021	142.376519	375.191337
0.126923	108.897051	123.928117	142.380404	375.205572
0.151929	108.903093	123.934238	142.384006	375.221337
0.176934	108.909835	123.941271	142.387357	375.238463
0.201940	108.916576	123.948304	142.390707	375.255588
0.226945	108.923317	123.955337	142.394057	375.272711
0.251951	108.930058	123.962369	142.397407	375.289834
0.276956	108.936798	123.969400	142.400756	375.306954
0.301962	108.943538	123.976432	142.404105	375.324074
0.326967	108.950277	123.983462	142.407453	375.341192
0.351972	108.957016	123.990493	142.410800	375.358309
0.376978	108.963755	123.997523	142.414148	375.375425
0.401983	108.971288	124.004830	142.416963	375.393081
0.426989	108.979521	124.012383	142.419310	375.411213
0.451994	108.987753	124.019935	142.421656	375.429345
0.477000	108.995985	124.027488	142.424002	375.447475
0.502005	109.004217	124.035040	142.426348	375.465605
0.527010	109.012448	124.042593	142.428693	375.483734
0.552016	109.020679	124.050145	142.431037	375.501861
0.577021	109.028910	124.057698	142.433381	375.519989
0.602027	109.037140	124.065250	142.435724	375.538115
0.627032	109.045370	124.072803	142.438067	375.556240
0.652038	109.054320	124.080969	142.439846	375.575135
0.677043	109.063899	124.089671	142.441131	375.594702
0.702048	109.073478	124.098373	142.442418	375.614269
0.727054	109.083057	124.107074	142.443704	375.633836
0.752059	109.092636	124.115775	142.444992	375.653403
0.777065	109.102214	124.124475	142.446280	375.672969
0.802070	109.111793	124.133175	142.447568	375.692536
0.827076	109.121371	124.141875	142.448857	375.712103
0.852081	109.130949	124.150574	142.450146	375.731669
0.877086	109.140527	124.159273	142.451436	375.751235
0.902092	109.150097	124.167811	142.451422	375.769329
0.927097	109.159660	124.176210	142.450277	375.786147
0.952103	109.169223	124.184609	142.449132	375.802965
0.977108	109.178787	124.193008	142.447987	375.819782
1.002114	109.188350	124.201407	142.446842	375.836600
1.027119	109.197914	124.209807	142.445696	375.853417
1.052124	109.207478	124.218206	142.444551	375.870235
1.077130	109.217043	124.226605	142.443404	375.887052
1.102135	109.226607	124.235004	142.442258	375.903869
1.127141	109.236172	124.243403	142.441112	375.920686
1.152146	109.245818	124.251429	142.437369	375.934616
1.177152	109.255534	124.259135	142.431395	375.946064
1.202157	109.265250	124.266841	142.425420	375.957511
1.227162	109.274965	124.274547	142.419445	375.968957
1.252168	109.284680	124.282252	142.413470	375.980402
1.277173	109.294395	124.289957	142.407494	375.991846
1.302179	109.304109	124.297662	142.401517	376.003288
1.327184	109.313823	124.305367	142.395540	376.014730
1.352190	109.323536	124.313071	142.389563	376.026170
1.377195	109.333249	124.320776	142.383585	376.037610
1.402201	109.342746	124.327723	142.375100	376.045570
1.427206	109.352059	124.334026	142.364481	376.050566
1.452211	109.361373	124.340329	142.353861	376.055562
1.477217	109.370687	124.346631	142.343241	376.060559
1.502222	109.380001	124.352933	142.332621	376.065555
1.527228	109.389315	124.359235	142.322002	376.070552
1.552233	109.398629	124.365537	142.311382	376.075548
1.577239	109.407944	124.371839	142.300762	376.080545
1.602244	109.417259	124.378140	142.290142	376.085541
1.627249	109.426573	124.384441	142.279523	376.090538
1.652255	109.435897	124.390204	142.267100	376.093201
1.677260	109.445227	124.395512	142.253155	376.093894
1.702266	109.454556	124.400821	142.239209	376.094587
1.727271	109.463886	124.406130	142.225264	376.095280
1.752277	109.473215	124.411440	142.211319	376.095973
1.777282	109.482544	124.416750	142.197373	376.096667
1.802287	109.491873	124.422060	142.183428	376.097361
1.827293	109.501202	124.427371	142.169482	376.098055
1.852298	109.510531	124.432682	142.155537	376.098749
1.877304	109.519859	124.437993	142.141591	376.099444
1.902309	109.528779	124.442705	142.125037	376.096520
1.927315	109.537356	124.446914	142.106296	376.090566
1.952320	109.545933	124.451122	142.087555	376.084610
1.977325	109.554510	124.455329	142.068813	376.078652
2.002331	109.563087	124.459537	142.050070	376.072694
2.027336	109.571663	124.463743	142.031327	376.066734
2.052342	109.580240	124.467950	142.012583	376.060772
2.077347	109.588816	124.472156	141.993838	376.054810
2.102353	109.597392	124.476361	141.975092	376.048846
2.127358	109.605968	124.480567	141.956345	376.042880
2.152363	109.614613	124.484002	141.934156	376.032772
2.177369	109.623317	124.486798	141.909108	376.019223
2.202374	109.632020	124.489594	141.884060	376.005673
2.227380	109.640723	124.492389	141.859011	375.992123
2.252385	109.649426	124.495183	141.833962	375.978571
2.277391	109.658129	124.497978	141.808913	375.965020
2.302396	109.666832	124.500772	141.783863	375.951467
2.327401	109.675535	124.503565	141.758813	375.937914
2.352407	109.684238	124.506358	141.733763	375.924360
2.377412	109.692941	124.509151	141.708713	375.910805
2.402418	109.701509	124.511482	141.681282	375.894273
2.427423	109.709964	124.513434	141.651892	375.875289
2.452429	109.718419	124.515386	141.622502	375.856306
2.477434	109.726874	124.517338	141.593111	375.837324
2.502440	109.735329	124.519291	141.563722	375.818342
2.527445	109.743784	124.521245	141.534332	375.799361
2.552450	109.752239	124.523199	141.504943	375.780381
2.577456	109.760694	124.525153	141.475554	375.761401
2.602461	109.769149	124.527108	141.446165	375.742422
2.627467	109.777604	124.529063	141.416776	375.723443
2.652472	109.786129	124.530556	141.383107	375.699792
2.677478	109.794710	124.531671	141.345941	375.672322
2.702483	109.803291	124.532787	141.308774	375.644852
2.727488	109.811872	124.533902	141.271607	375.617382
2.752494	109.820453	124.535018	141.234440	375.589910
2.777499	109.829033	124.536133	141.197272	375.562438
2.802505	109.837614	124.537248	141.160103	375.534965
2.827510	109.846194	124.538364	141.122934	375.507492
2.852516	109.854774	124.539479	141.085764	375.480018
2.877521	109.863354	124.540595	141.048594	375.452543
2.902526	109.872000	124.541322	141.008487	375.421808
2.927532	109.880699	124.541734	140.966002	375.388435
2.952537	109.889399	124.542146	140.923517	375.355063
2.977543	109.898100	124.542559	140.881032	375.321691
3.002548	109.906801	124.542972	140.838547	375.288320
3.027554	109.915502	124.543385	140.796062	375.254949
3.052559	109.924204	124.543798	140.753577	375.221579
3.077564	109.932906	124.544212	140.711092	375.188210
3.102570	109.941608	124.544626	140.668607	375.154841
3.127575	109.950311	124.545040	140.626122	375.121473
3.152581	109.958803	124.544914	140.578124	375.081841
3.177586	109.967126	124.544355	140.525700	375.037181
3.202592	109.975448	124.543796	140.473276	374.992520
3.227597	109.983771	124.543237	140.420851	374.947859
3.252602	109.992093	124.542677	140.368427	374.903197
3.277608	110.000415	124.542116	140.316003	374.858534
3.302613	110.008737	124.541555	140.263579	374.813871
3.327619	110.017058	124.540994	140.211155	374.769207
3.352624	110.025380	124.540432	140.158730	374.724542
3.377630	110.033701	124.539870	140.106306	374.679877
3.402635	110.042095	124.538449	140.045470	374.626014
3.427640	110.050548	124.536344	139.977936	374.564828
3.452646	110.059001	124.534240	139.910402	374.503642
3.477651	110.067453	124.532135	139.842868	374.442456
3.502657	110.075906	124.530030	139.775333	374.381269
3.527662	110.084359	124.527925	139.707798	374.320082
3.552668	110.092811	124.525820	139.640263	374.258895
3.577673	110.101264	124.523714	139.572728	374.197707
3.602679	110.109717	124.521608	139.505193	374.136518
3.627684	110.118170	124.519503	139.437657	374.075329
3.652689	110.126134	124.515990	139.359198	374.001322
3.677695	110.133714	124.511368	139.272117	373.917199
3.702700	110.141294	124.506745	139.185035	373.833075
3.727706	110.148874	124.502123	139.097954	373.748951
3.752711	110.156453	124.497502	139.010872	373.664827
3.777717	110.164032	124.492880	138.923790	373.580703
3.802722	110.171611	124.488259	138.836708	373.496578
3.827727	110.179190	124.483638	138.749626	373.412453
3.852733	110.186768	124.479017	138.662543	373.328329
3.877738	110.194347	124.474396	138.575460	373.244204
3.902744	110.201024	124.468049	138.470437	373.139510
3.927749	110.206995	124.460350	138.351375	373.018719
3.952755	110.212966	124.452650	138.232312	372.897928
3.977760	110.218937	124.444951	138.113249	372.777137
4.002765	110.224909	124.437251	137.994187	372.656346
4.027771	110.230880	124.429551	137.875124	372.535555
4.052776	110.236851	124.421851	137.756062	372.414763
4.077782	110.242822	124.414150	137.636999	372.293972
4.102787	110.248794	124.406449	137.517936	372.173179
4.127793	110.254765	124.398748	137.398874	372.052387
4.152798	110.260307	124.389702	137.249179	371.899189
4.177803	110.265516	124.379613	137.075716	371.720845
4.202809	110.270726	124.369524	136.902251	371.542501
4.227814	110.275935	124.359436	136.728785	371.364156
4.252820	110.281144	124.349348	136.555317	371.185809
4.277825	110.286353	124.339260	136.381848	371.007461
4.302831	110.291562	124.329173	136.208378	370.829113
4.327836	110.296772	124.319086	136.034905	370.650763
4.352841	110.301981	124.309000	135.861432	370.472412
4.377847	110.307190	124.298914	135.687956	370.294060
4.402852	110.312265	124.288034	135.454291	370.054589
4.427858	110.317236	124.276543	135.174321	369.768099
4.452863	110.322207	124.265052	134.894348	369.481607
4.477869	110.327178	124.253561	134.614374	369.195113
4.502874	110.332149	124.242070	134.334399	368.908618
4.527879	110.337120	124.230579	134.054421	368.622120
4.552885	110.342091	124.219088	133.774442	368.335621
4.577890	110.347062	124.207597	133.494461	368.049120
4.602896	110.352033	124.196106	133.214478	367.762617
4.627901	110.357004	124.184615	132.934494	367.476113
4.652907	110.361899	124.172172	132.488733	367.022804
4.677912	110.366736	124.159002	131.916528	366.442267
4.702918	110.371573	124.145832	131.344325	365.861730
4.727923	110.376410	124.132661	130.772122	365.281193
4.752928	110.381246	124.119490	130.199921	364.700657
4.777934	110.386082	124.106318	129.627721	364.120121
4.802939	110.390919	124.093146	129.055521	363.539586
4.827945	110.395754	124.079974	128.483323	362.959051
4.852950	110.400590	124.066801	127.911126	362.378516
4.877956	110.405426	124.053628	127.338929	361.797982
4.902961	110.410268	124.039495	126.170672	360.620435
4.927966	110.415117	124.024636	124.551652	358.991404
4.952972	110.419965	124.009778	122.932632	357.362375
4.977977	110.424814	123.994919	121.313614	355.733347
5.002983	110.429663	123.980060	119.694597	354.104321
5.027988	110.434512	123.965202	118.075582	352.475296
5.052994	110.439361	123.950343	116.456567	350.846272
5.077999	110.444211	123.935485	114.837554	349.217250
5.103004	110.449061	123.920626	113.218542	347.588229
5.128010	110.453911	123.905768	111.599531	345.959210
5.153015	110.458747	123.890277	106.812461	341.161484
5.178021	110.463574	123.874311	99.650051	333.987936
5.203026	110.468401	123.858346	92.487655	326.814402
5.228032	110.473228	123.842382	85.325273	319.640882
5.253037	110.478055	123.826417	78.162903	312.467376
5.278042	110.482882	123.810454	71.000548	305.293883
5.303048	110.487710	123.794490	63.838205	298.120405
5.328053	110.492537	123.778527	56.675877	290.946942
5.353059	110.497365	123.762565	49.513561	283.773492
5.378064	110.502193	123.746603	42.351259	276.600056
5.403070	110.508725	123.731660	38.369717	272.610102
5.428075	110.516522	123.717474	36.752640	270.986636
5.453080	110.524319	123.703288	35.135556	269.363163
5.478086	110.532116	123.689101	33.518464	267.739681
5.503091	110.539913	123.674915	31.901365	266.116192
5.528097	110.547709	123.660728	30.284259	264.492695
5.553102	110.555505	123.646541	28.667145	262.869190
5.578108	110.563301	123.632353	27.050023	261.245678
5.603113	110.571097	123.618166	25.432894	259.622157
5.628118	110.578893	123.603978	23.815758	257.998629
5.653124	110.588336	123.590280	22.795271	256.973886
5.678129	110.598992	123.576943	22.214521	256.390456
5.703135	110.609649	123.563606	21.633771	255.807025
5.728140	110.620306	123.550268	21.053020	255.223594
5.753146	110.630962	123.536931	20.472269	254.640162
5.778151	110.641619	123.523593	19.891518	254.056730
5.803157	110.652276	123.510255	19.310767	253.473297
5.828162	110.662932	123.496917	18.730016	252.889864
5.853167	110.673589	123.483578	18.149264	252.306431
5.878173	110.684246	123.470239	17.568512	251.722997
5.903178	110.695123	123.456028	17.157770	251.308921
5.928184	110.706162	123.441179	16.871253	251.018594
5.953189	110.717200	123.426331	16.584737	250.728268
5.978195	110.728239	123.411483	16.298222	250.437943
6.003200	110.739277	123.396635	16.011706	250.147619
6.028205	110.750315	123.381788	15.725192	249.857295
6.053211	110.761353	123.366941	15.438678	249.566972
6.078216	110.772391	123.352095	15.152164	249.276649
6.103222	110.783428	123.337249	14.865651	248.986328
6.128227	110.794465	123.322403	14.579138	248.696007
6.153233	110.805576	123.306236	14.354616	248.466428
6.178238	110.816740	123.289111	14.174998	248.280849
6.203243	110.827904	123.271985	13.995380	248.095269
6.228249	110.839068	123.254859	13.815761	247.909688
6.253254	110.850232	123.237733	13.636141	247.724105
6.278260	110.861396	123.220606	13.456520	247.538521
6.303265	110.872560	123.203479	13.276898	247.352936
6.328271	110.883724	123.186351	13.097274	247.167349
6.353276	110.894888	123.169223	12.917650	246.981761
6.378281	110.906052	123.152094	12.738025	246.796171
6.403287	110.917162	123.133857	12.588685	246.639704
6.428292	110.928234	123.114825	12.461095	246.504154
6.453298	110.939307	123.095793	12.333505	246.368605
6.478303	110.950379	123.076762	12.205915	246.233056
6.503309	110.961452	123.057731	12.078326	246.097508
6.528314	110.972524	123.038700	11.950737	245.961962
6.553319	110.983597	123.019670	11.823148	245.826416
6.578325	110.994670	123.000640	11.695560	245.690870
6.603330	111.005744	122.981611	11.567971	245.555326
6.628336	111.016817	122.962582	11.440383	245.419783
6.653341	111.027584	122.941845	11.329835	245.299264
6.678347	111.038133	122.919891	11.231418	245.189442
6.703352	111.048682	122.897937	11.133001	245.079619
6.728357	111.059230	122.875983	11.034583	244.969797
6.753363	111.069779	122.854030	10.936166	244.859974
6.778368	111.080327	122.832076	10.837748	244.750151
6.803374	111.090875	122.810123	10.739330	244.640328
6.828379	111.101423	122.788171	10.640911	244.530504
6.853385	111.111970	122.766218	10.542493	244.420681
6.878390	111.122518	122.744265	10.444074	244.310857
6.903396	111.132350	122.719841	10.354896	244.207087
6.928401	111.141676	122.693672	10.272242	244.107590
6.953406	111.151003	122.667502	10.189587	244.008092
6.978412	111.160330	122.641332	10.106931	243.908592
7.003417	111.169656	122.615162	10.024275	243.809092
7.028423	111.178982	122.588992	9.941618	243.709592
7.053428	111.188308	122.562821	9.858961	243.610090
7.078434	111.197634	122.536650	9.776303	243.510587
7.103439	111.206959	122.510479	9.693645	243.411083
7.128444	111.216284	122.484308	9.610986	243.311579
7.153450	111.223648	122.454431	9.534401	243.212480
7.178455	111.229638	122.421961	9.462066	243.113665
7.203461	111.235628	122.389490	9.389731	243.014849
7.228466	111.241618	122.357019	9.317396	242.916033
7.253472	111.247608	122.324547	9.245061	242.817217
7.278477	111.253599	122.292075	9.172726	242.718400
7.303482	111.259589	122.259603	9.100391	242.619582
7.328488	111.265579	122.227130	9.028056	242.520765
7.353493	111.271569	122.194656	8.955721	242.421947
7.378499	111.277559	122.162182	8.883386	242.323128
7.403504	111.281952	122.125794	8.816709	242.224455
7.428510	111.285236	122.086692	8.753956	242.125883
7.453515	111.288521	122.047590	8.691202	242.027313
7.478520	111.291806	122.008489	8.628448	241.928743
7.503526	111.295091	121.969389	8.565694	241.830174
7.528531	111.298377	121.930290	8.502939	241.731605
7.553537	111.301663	121.891191	8.440183	241.633037
7.578542	111.304949	121.852094	8.377427	241.534470
7.603548	111.308236	121.812997	8.314670	241.435904
7.628553	111.311524	121.773901	8.251913	241.337338
7.653558	111.314198	121.731590	8.191533	241.237321
7.678564	111.316450	121.687066	8.132788	241.136304
7.703569	111.318703	121.642542	8.074042	241.035287
7.728575	111.320955	121.598018	8.015297	240.934269
7.753580	111.323207	121.553493	7.956551	240.833251
7.778586	111.325460	121.508967	7.897806	240.732233
7.803591	111.327712	121.464442	7.839060	240.631214
7.828596	111.329964	121.419916	7.780315	240.530194
7.853602	111.332217	121.375389	7.721569	240.429175
7.878607	111.334469	121.330862	7.662824	240.328155
7.903613	111.335662	121.282354	7.608937	240.226954
7.928618	111.336134	121.231132	7.558364	240.125630
7.953624	111.336604	121.179909	7.507792	240.024306
7.978629	111.337075	121.128687	7.457219	239.922981
8.003635	111.337545	121.077465	7.406647	239.821657
8.028640	111.338015	121.026243	7.356075	239.720332
8.053645	111.338484	120.975021	7.305503	239.619008
8.078651	111.338953	120.923798	7.254932	239.517683
8.103656	111.339421	120.872576	7.204360	239.416358
8.128662	111.339890	120.821354	7.153789	239.315033
8.153667	111.338532	120.764962	7.105757	239.209251
8.178673	111.335942	120.705076	7.059439	239.100457
8.203678	111.333351	120.645190	7.013122	238.991663
8.228683	111.330761	120.585304	6.966804	238.882868
8.253689	111.328171	120.525418	6.920486	238.774074
8.278694	111.325581	120.465532	6.874167	238.665280
8.303700	111.322991	120.405646	6.827849	238.556486
8.328705	111.320402	120.345760	6.781530	238.447691
8.353711	111.317812	120.285874	6.735211	238.338897
8.378716	111.315223	120.225988	6.688892	238.230102
8.403721	111.311215	120.161849	6.643287	238.116350
8.428727	111.306256	120.094860	6.598160	237.999276
8.453732	111.301298	120.027870	6.553033	237.882201
8.478738	111.296339	119.960880	6.507906	237.765125
8.503743	111.291381	119.893889	6.462779	237.648048
8.528749	111.286422	119.826896	6.417652	237.530970
8.553754	111.281464	119.759903	6.372525	237.413892
8.578759	111.276505	119.692910	6.327398	237.296813
8.603765	111.271547	119.625915	6.282271	237.179733
8.628770	111.266589	119.558920	6.237144	237.062652
8.653776	111.262585	119.488988	6.194768	236.946341
8.678781	111.259216	119.417107	6.154219	236.830542
8.703787	111.255846	119.345228	6.113669	236.714744
8.728792	111.252477	119.273349	6.073119	236.598946
8.753797	111.249108	119.201471	6.032569	236.483148
8.778803	111.245740	119.129594	5.992018	236.367352
8.803808	111.242371	119.057718	5.951466	236.251555
8.828814	111.239003	118.985843	5.910914	236.135759
8.853819	111.235635	118.913968	5.870362	236.019964
8.878825	111.232267	118.842094	5.829808	235.904169
8.903830	111.230360	118.765800	5.791409	235.787570
8.928835	111.229417	118.686595	5.754429	235.670440
8.953841	111.228473	118.607390	5.717448	235.553311
8.978846	111.227528	118.528186	5.680468	235.436182
9.003852	111.226584	118.448982	5.643488	235.319054
9.028857	111.225640	118.369779	5.606508	235.201926
9.053863	111.224695	118.290576	5.569528	235.084799
9.078868	111.223750	118.211374	5.532549	234.967672
9.103874	111.222805	118.132171	5.495570	234.850546
9.128879	111.221860	118.052970	5.458591	234.733420
9.153884	111.221315	117.965967	5.422618	234.609900
9.178890	111.221032	117.873873	5.387302	234.482207
9.203895	111.220748	117.781779	5.351987	234.354514
9.228901	111.220465	117.689685	5.316671	234.226821
9.253906	111.220182	117.597591	5.281356	234.099129
9.278912	111.219899	117.505497	5.246041	233.971436
9.303917	111.219615	117.413403	5.210726	233.843744
9.328922	111.219332	117.321309	5.175412	233.716053
9.353928	111.219049	117.229215	5.140097	233.588361
9.378933	111.218766	117.137121	5.104783	233.460670
9.403939	111.218423	117.030774	5.071044	233.320241
9.428944	111.218042	116.915209	5.038322	233.171573
9.453950	111.217661	116.799643	5.005600	233.022905
9.478955	111.217281	116.684077	4.972878	232.874236
9.503960	111.216900	116.568511	4.940156	232.725568
9.528966	111.216520	116.452946	4.907434	232.576899
9.553971	111.216140	116.337380	4.874711	232.428231
9.578977	111.215760	116.221814	4.841988	232.279562
9.603982	111.215381	116.106248	4.809264	232.130893
9.628988	111.215001	115.990683	4.776541	231.982225
9.653993	111.214210	115.850279	4.745559	231.810047
9.678998	111.213154	115.693949	4.715694	231.622797
9.704004	111.212097	115.537618	4.685829	231.435544
9.729009	111.211040	115.381287	4.655964	231.248291
9.754015	111.209983	115.224954	4.626099	231.061036
9.779020	111.208926	115.068620	4.596234	230.873779
9.804026	111.207868	114.912285	4.566369	230.686522
9.829031	111.206810	114.755949	4.536503	230.499262
9.854036	111.205751	114.599612	4.506638	230.312002
9.879042	111.204692	114.443274	4.476773	230.124740
9.904047	111.203463	114.237297	4.447390	229.888150
9.929053	111.202126	113.999775	4.418312	229.620213
9.954058	111.200790	113.762251	4.389234	229.352275
9.979064	111.199454	113.524726	4.360156	229.084336
10.004069	111.198118	113.287200	4.331078	228.816395
10.029074	111.196782	113.049673	4.301999	228.548454
10.054080	111.195446	112.812145	4.272920	228.280511
10.079085	111.194111	112.574615	4.243841	228.012568
10.104091	111.192776	112.337085	4.214762	227.744623
10.129096	111.191440	112.099554	4.185683	227.476677
10.154102	111.189315	111.724077	4.158320	227.071712
10.179107	111.186690	111.261712	4.132040	226.580442
10.204113	111.184066	110.799351	4.105758	226.089176
10.229118	111.181441	110.336995	4.079476	225.597912
10.254123	111.178817	109.874642	4.053194	225.106653
10.279129	111.176192	109.412294	4.026911	224.615397
10.304134	111.173566	108.949950	4.000628	224.124144
10.329140	111.170941	108.487610	3.974344	223.632895
10.354145	111.168315	108.025274	3.948060	223.141649
10.379151	111.165689	107.562943	3.921775	222.650407
10.404156	111.160570	106.592097	3.896588	221.649255
10.429161	111.153893	105.303763	3.872087	220.329744
10.454167	111.147216	104.015430	3.847587	219.010233
10.479172	111.140539	102.727097	3.823087	217.690723
10.504178	111.133862	101.438764	3.798588	216.371214
10.529183	111.127185	100.150431	3.774089	215.051706
10.554189	111.120509	98.862099	3.749591	213.732199
10.579194	111.113832	97.573767	3.725093	212.412692
10.604199	111.107155	96.285435	3.700596	211.093186
10.629205	111.100478	94.997103	3.676099	209.773680
10.654210	111.091181	90.934665	3.651407	205.677254
10.679216	111.080263	85.155564	3.626594	199.862421
10.704221	111.069344	79.376455	3.601782	194.047581
10.729227	111.058425	73.597340	3.576970	188.232735
10.754232	111.047507	67.818217	3.552159	182.417883
10.779237	111.036588	62.039088	3.527348	176.603024
10.804243	111.025670	56.259951	3.502537	170.788158
10.829248	111.014751	50.480808	3.477728	164.973287
10.854254	111.003833	44.701658	3.452918	159.158408
10.879259	110.992914	38.922501	3.428109	153.343524
10.904265	110.981686	35.926404	3.405339	150.313429
10.929270	110.970268	34.637239	3.383818	148.991325
10.954275	110.958851	33.348080	3.362296	147.669228
10.979281	110.947433	32.058928	3.340774	146.347135
11.004286	110.936016	30.769782	3.319251	145.025048
11.029292	110.924598	29.480641	3.297727	143.702966
11.054297	110.913181	28.191507	3.276202	142.380890
11.079303	110.901763	26.902379	3.254677	141.058819
11.104308	110.890345	25.613257	3.233151	139.736753
11.129313	110.878928	24.324141	3.211624	138.414692
11.154319	110.867185	23.549024	3.191223	137.607432
11.179324	110.855244	23.086349	3.171507	137.113101
11.204330	110.843304	22.623673	3.151792	136.618768
11.229335	110.831363	22.160994	3.132077	136.124434
11.254341	110.819423	21.698313	3.112362	135.630098
11.279346	110.807482	21.235631	3.092647	135.135760
11.304352	110.795542	20.772946	3.072932	134.641420
11.329357	110.783601	20.310259	3.053218	134.147078
11.354362	110.771660	19.847570	3.033504	133.652734
11.379368	110.759720	19.384879	3.013790	133.158388
11.404373	110.747558	19.062177	2.994708	132.804443
11.429379	110.735263	18.823815	2.976005	132.535083
11.454384	110.722968	18.585452	2.957303	132.265724
11.479390	110.710674	18.347088	2.938602	131.996364
11.504395	110.698380	18.108725	2.919900	131.727004
11.529400	110.686086	17.870360	2.901199	131.457645
11.554406	110.673792	17.631996	2.882498	131.188285
11.579411	110.661498	17.393631	2.863797	130.918926
11.604417	110.649205	17.155265	2.845096	130.649566
11.629422	110.636911	16.916899	2.826396	130.380206
11.654428	110.624360	16.729757	2.808799	130.162917
11.679433	110.611655	16.573202	2.791861	129.976718
11.704438	110.598950	16.416647	2.774923	129.790520
11.729444	110.586245	16.260092	2.757985	129.604322
11.754449	110.573540	16.103537	2.741047	129.418124
11.779455	110.560835	15.946983	2.724109	129.231927
11.804460	110.548129	15.790430	2.707171	129.045730
11.829466	110.535424	15.633877	2.690233	128.859534
11.854471	110.522719	15.477324	2.673295	128.673338
11.879476	110.510014	15.320772	2.656357	128.487143
11.904482	110.498179	15.188735	2.639930	128.326843
11.929487	110.486858	15.071205	2.623804	128.181867
11.954493	110.475538	14.953674	2.607679	128.036890
11.979498	110.464218	14.836142	2.591553	127.891914
12.004504	110.452899	14.718611	2.575427	127.746936
12.029509	110.441579	14.601080	2.559300	127.601959
12.054514	110.430260	14.483548	2.543174	127.456981
12.079520	110.418941	14.366016	2.527047	127.312003
12.104525	110.407622	14.248484	2.510920	127.167025
12.129531	110.396303	14.130951	2.494793	127.022047
12.154536	110.386724	14.026946	2.478989	126.892659
12.179542	110.378164	13.930874	2.463375	126.772413
12.204547	110.369604	13.834802	2.447760	126.652166
12.229552	110.361044	13.738730	2.432146	126.531920
12.254558	110.352483	13.642657	2.416532	126.411672
12.279563	110.343922	13.546585	2.400918	126.291425
12.304569	110.335360	13.450513	2.385304	126.171177
12.329574	110.326798	13.354441	2.369689	126.050929
12.354580	110.318236	13.258369	2.354075	125.930680
12.379585	110.309674	13.162297	2.338461	125.810431
12.404591	110.302583	13.074673	2.323861	125.701116
12.429596	110.296348	12.991959	2.309849	125.598155
12.454601	110.290113	12.909245	2.295836	125.495194
12.479607	110.283878	12.826531	2.281823	125.392233
12.504612	110.277643	12.743818	2.267810	125.289271
12.529618	110.271408	12.661105	2.253796	125.186309
12.554623	110.265173	12.578392	2.239782	125.083347
12.579629	110.258938	12.495680	2.225767	124.980384
12.604634	110.252703	12.412967	2.211752	124.877421
12.629639	110.246467	12.330255	2.197736	124.774458
12.654645	110.240823	12.253244	2.184038	124.678105
12.679650	110.235518	12.179516	2.170525	124.585559
12.704656	110.230213	12.105787	2.157013	124.493013
12.729661	110.224909	12.032058	2.143501	124.400468
12.754667	110.219605	11.958329	2.129989	124.307923
12.779672	110.214301	11.884599	2.116478	124.215378
12.804677	110.208997	11.810869	2.102968	124.122834
12.829683	110.203693	11.737138	2.089458	124.030289
12.854688	110.198390	11.663407	2.075948	123.937745
12.879694	110.193087	11.589675	2.062439	123.845201
12.904699	110.187904	11.520037	2.049212	123.757153
12.929705	110.182790	11.452736	2.036146	123.671671
12.954710	110.177675	11.385435	2.023079	123.586189
12.979715	110.172560	11.318134	2.010013	123.500708
13.004721	110.167445	11.250834	1.996947	123.415227
13.029726	110.162330	11.183534	1.983882	123.329746
13.054732	110.157215	11.116234	1.970817	123.244265
13.079737	110.152099	11.048934	1.957751	123.158785
13.104743	110.146984	10.981634	1.944687	123.073305
13.129748	110.141868	10.914335	1.931622	122.987825
13.154753	110.136388	10.850426	1.919989	122.906803
13.179759	110.130702	10.788435	1.909165	122.828302
13.204764	110.125016	10.726444	1.898341	122.749802
13.229770	110.119330	10.664454	1.887517	122.671301
13.254775	110.113644	10.602463	1.876693	122.592800
13.279781	110.107959	10.540473	1.865868	122.514300
13.304786	110.102273	10.478483	1.855043	122.435799
13.329792	110.096587	10.416493	1.844218	122.357298
13.354797	110.090901	10.354504	1.833392	122.278797
13.379802	110.085215	10.292515	1.822567	122.200297
13.404808	110.079043	10.233355	1.811580	122.123978
13.429813	110.072598	10.175782	1.800503	122.048884
13.454819	110.066154	10.118208	1.789427	121.973789
13.479824	110.059709	10.060635	1.778350	121.898694
13.504830	110.053264	10.003061	1.767274	121.823599
13.529835	110.046819	9.945486	1.756198	121.748504
13.554840	110.040375	9.887912	1.745123	121.673409
13.579846	110.033930	9.830337	1.734047	121.598314
13.604851	110.027485	9.772762	1.722972	121.523219
13.629857	110.021040	9.715187	1.711897	121.448125
13.654862	110.014231	9.660177	1.701760	121.376167
13.679868	110.007219	9.606591	1.692143	121.305952
13.704873	110.000207	9.553005	1.682525	121.235736
13.729878	109.993194	9.499419	1.672906	121.165519
13.754884	109.986182	9.445833	1.663287	121.095302
13.779889	109.979170	9.392248	1.653667	121.025085
13.804895	109.972158	9.338663	1.644046	120.954867
13.829900	109.965146	9.285078	1.634424	120.884648
13.854906	109.958134	9.231493	1.624802	120.814429
13.879911	109.951122	9.177908	1.615179	120.744209
13.904916	109.943469	9.126442	1.606049	120.675960
13.929922	109.935463	9.076140	1.597191	120.608795
13.954927	109.927457	9.025839	1.588334	120.541630
13.979933	109.919452	8.975537	1.579477	120.474466
14.004938	109.911446	8.925235	1.570621	120.407301
14.029944	109.903440	8.874933	1.561765	120.340138
14.054949	109.895434	8.824631	1.552909	120.272974
14.079954	109.887429	8.774328	1.544054	120.205811
14.104960	109.879423	8.724025	1.535200	120.138648
14.129965	109.871417	8.673722	1.526346	120.071485
14.154971	109.862784	8.625342	1.517642	120.005768
14.179976	109.853808	8.578010	1.509021	119.940838
14.204982	109.844832	8.530678	1.500399	119.875909
14.229987	109.835856	8.483345	1.491777	119.810979
14.254992	109.826881	8.436013	1.483155	119.746049
14.279998	109.817905	8.388681	1.474533	119.681119
14.305003	109.808929	8.341349	1.465912	119.616190
14.330009	109.799953	8.294017	1.457290	119.551260
14.355014	109.790978	8.246685	1.448668	119.486330
14.380020	109.782002	8.199353	1.440046	119.421401
14.405025	109.772010	8.153784	1.431622	119.357415
14.430031	109.761468	8.109167	1.423305	119.293940
14.455036	109.750925	8.064551	1.414987	119.230464
14.480041	109.740383	8.019935	1.406670	119.166988
14.505047	109.729840	7.975320	1.398352	119.103512
14.530052	109.719296	7.930704	1.390035	119.040035
14.555058	109.708752	7.886089	1.381718	118.976559
14.580063	109.698208	7.841474	1.373400	118.913082
14.605069	109.687664	7.796859	1.365083	118.849605
14.630074	109.677119	7.752244	1.356765	118.786128
14.655079	109.665949	7.708962	1.349113	118.724024
14.680085	109.654446	7.666394	1.341816	118.662655
14.705090	109.642943	7.623825	1.334519	118.601287
14.730096	109.631440	7.581256	1.327222	118.539918
14.755101	109.619937	7.538687	1.319926	118.478550
14.780107	109.608434	7.496119	1.312629	118.417182
14.805112	109.596932	7.453550	1.305332	118.355814
14.830117	109.585429	7.410981	1.298035	118.294446
14.855123	109.573927	7.368413	1.290739	118.233079
14.880128	109.562426	7.325844	1.283442	118.171712
14.905134	109.550124	7.284863	1.276074	118.111062
14.930139	109.537399	7.244724	1.268669	118.050792
14.955145	109.524674	7.204585	1.261265	117.990524
14.980150	109.511949	7.164447	1.253860	117.930256
15.005155	109.499224	7.124308	1.246456	117.869988
15.030161	109.486499	7.084170	1.239052	117.809721
15.055166	109.473775	7.044032	1.231649	117.749455
15.080172	109.461050	7.003894	1.224245	117.689190
15.105177	109.448326	6.963756	1.216842	117.628925
15.130183	109.435602	6.923619	1.209439	117.568660
15.155188	109.421997	6.884952	1.202468	117.509418
15.180193	109.407929	6.847058	1.195724	117.450711
15.205199	109.393860	6.809164	1.188980	117.392005
15.230204	109.379791	6.771269	1.182237	117.333297
15.255210	109.365723	6.733374	1.175494	117.274590
15.280215	109.351654	6.695478	1.168751	117.215882
15.305221	109.337584	6.657582	1.162008	117.157174
15.330226	109.323515	6.619685	1.155265	117.098466
15.355231	109.309445	6.581788	1.148523	117.039757
15.380237	109.295376	6.543891	1.141781	116.981048
15.405242	109.280410	6.507409	1.135685	116.923504
15.430248	109.264978	6.471664	1.129925	116.866567
15.455253	109.249545	6.435920	1.124165	116.809630
15.480259	109.234113	6.400176	1.118404	116.752693
15.505264	109.218681	6.364433	1.112642	116.695755
15.530270	109.203249	6.328690	1.106880	116.638818
15.555275	109.187816	6.292947	1.101117	116.581881
15.580280	109.172384	6.257205	1.095354	116.524943
15.605286	109.156951	6.221463	1.089591	116.468005
15.630291	109.141519	6.185722	1.083827	116.411067
15.655297	109.124800	6.151450	1.077926	116.354176
15.680302	109.107418	6.117937	1.071955	116.297309
15.705308	109.090036	6.084423	1.065983	116.240442
15.730313	109.072653	6.050908	1.060012	116.183574
15.755318	109.055270	6.017394	1.054041	116.126705
15.780324	109.037888	5.983880	1.048070	116.069837
15.805329	109.020504	5.950365	1.042098	116.012968
15.830335	109.003121	5.916850	1.036127	115.956098
15.855340	108.985738	5.883335	1.030156	115.899228
15.880346	108.968354	5.849819	1.024185	115.842358
15.905351	108.950158	5.817598	1.018785	115.786542
15.930356	108.931548	5.786038	1.013678	115.731263
15.955362	108.912937	5.754477	1.008570	115.675984
15.980367	108.894325	5.722916	1.003462	115.620703
16.005373	108.875714	5.691355	0.998353	115.565422
16.030378	108.857102	5.659794	0.993244	115.510140
16.055384	108.838491	5.628232	0.988134	115.454857
16.080389	108.819879	5.596671	0.983023	115.399573
16.105394	108.801266	5.565109	0.977912	115.344288
16.130400	108.782654	5.533547	0.972801	115.289002
16.155405	108.762964	5.503553	0.967863	115.234380
16.180411	108.742728	5.474353	0.963013	115.180095
16.205416	108.722493	5.445154	0.958164	115.125810
16.230422	108.702258	5.415955	0.953315	115.071527
16.255427	108.682023	5.386756	0.948466	115.017245
16.280432	108.661788	5.357557	0.943618	114.962963
16.305438	108.641553	5.328359	0.938771	114.908683
16.330443	108.621319	5.299160	0.933924	114.854403
16.355449	108.601085	5.269962	0.929077	114.800124
16.380454	108.580851	5.240764	0.924231	114.745846
16.405460	108.558916	5.212855	0.919385	114.691155
16.430465	108.536127	5.185591	0.914539	114.636257
16.455470	108.513339	5.158327	0.909693	114.581360
16.480476	108.490550	5.131064	0.904848	114.526463
16.505481	108.467762	5.103801	0.900004	114.471567
16.530487	108.444973	5.076538	0.895160	114.416671
16.555492	108.422184	5.049276	0.890316	114.361776
16.580498	108.399394	5.022013	0.885473	114.306881
16.605503	108.376605	4.994751	0.880630	114.251987
16.630509	108.353815	4.967489	0.875788	114.197093
16.655514	108.329769	4.940541	0.871211	114.141521
16.680519	108.305099	4.913748	0.866765	114.085612
16.705525	108.280428	4.886954	0.862319	114.029701
16.730530	108.255757	4.860161	0.857872	113.973789
16.755536	108.231085	4.833367	0.853425	113.917877
16.780541	108.206413	4.806573	0.848977	113.861963
16.805547	108.181741	4.779778	0.844529	113.806048
16.830552	108.157068	4.752984	0.840080	113.750132
16.855557	108.132395	4.726189	0.835630	113.694214
16.880563	108.107721	4.699394	0.831180	113.638296
16.905568	108.081391	4.673613	0.826599	113.581603
16.930574	108.054246	4.648330	0.821953	113.524530
16.955579	108.027101	4.623048	0.817308	113.467457
16.980585	107.999956	4.597766	0.812662	113.410384
17.005590	107.972811	4.572484	0.808016	113.353312
17.030595	107.945667	4.547203	0.803371	113.296240
17.055601	107.918523	4.521921	0.798725	113.239169
17.080606	107.891379	4.496640	0.794079	113.182098
17.105612	107.864235	4.471359	0.789433	113.125027
17.130617	107.837091	4.446078	0.784788	113.067957
17.155623	107.808065	4.421608	0.780589	113.010262
17.180628	107.778122	4.397533	0.776608	112.952263
17.205633	107.748180	4.373458	0.772627	112.894265
17.230639	107.718237	4.349383	0.768646	112.836266
17.255644	107.688295	4.325308	0.764666	112.778268
17.280650	107.658353	4.301233	0.760685	112.720270
17.305655	107.628411	4.277158	0.756704	112.662272
17.330661	107.598469	4.253083	0.752723	112.604275
17.355666	107.568527	4.229008	0.748742	112.546277
17.380671	107.538586	4.204933	0.744761	112.488280
17.405677	107.506621	4.181987	0.741379	112.429988
17.430682	107.473679	4.159587	0.738287	112.371553
17.455688	107.440737	4.137188	0.735194	112.313119
17.480693	107.407796	4.114788	0.732102	112.254685
17.505699	107.374855	4.092388	0.729009	112.196252
17.530704	107.341913	4.069988	0.725918	112.137819
17.555709	107.308972	4.047588	0.722826	112.079386
17.580715	107.276032	4.025188	0.719735	112.020954
17.605720	107.243091	4.002788	0.716643	111.962522
17.630726	107.210151	3.980388	0.713553	111.904091
17.655731	107.175345	3.959125	0.710308	111.844778
17.680737	107.139648	3.938406	0.706990	111.785044
17.705742	107.103950	3.917687	0.703672	111.725309
17.730748	107.068252	3.896968	0.700353	111.665574
17.755753	107.032554	3.876249	0.697035	111.605838
17.780758	106.996855	3.855530	0.693717	111.546102
17.805764	106.961156	3.834810	0.690399	111.486366
17.830769	106.925457	3.814091	0.687081	111.426629
17.855775	106.889757	3.793372	0.683763	111.366892
17.880780	106.854057	3.772653	0.680444	111.307154
17.905786	106.816525	3.752879	0.677185	111.246588
17.930791	106.778126	3.733551	0.673953	111.185630
17.955796	106.739726	3.714224	0.670721	111.124671
17.980802	106.701326	3.694897	0.667488	111.063711
18.005807	106.662926	3.675569	0.664256	111.002751
18.030813	106.624525	3.656242	0.661023	110.941790
18.055818	106.586124	3.636914	0.657790	110.880829
18.080824	106.547723	3.617587	0.654556	110.819867
18.105829	106.509321	3.598260	0.651323	110.758904
18.130834	106.470919	3.578932	0.648089	110.697941
18.155840	106.430681	3.560035	0.644864	110.635580
18.180845	106.389582	3.541338	0.641644	110.572564
18.205851	106.348482	3.522641	0.638423	110.509546
18.230856	106.307382	3.503944	0.635202	110.446528
18.255862	106.266282	3.485247	0.631981	110.383510
18.280867	106.225181	3.466549	0.628759	110.320490
18.305872	106.184080	3.447852	0.625538	110.257469
18.330878	106.142979	3.429154	0.622316	110.194448
18.355883	106.101877	3.410455	0.619093	110.131425
18.380889	106.060774	3.391757	0.615871	110.068402
18.405894	106.017627	3.373922	0.613185	110.004733
18.430900	105.973529	3.356487	0.610749	109.940765
18.455905	105.929432	3.339053	0.608312	109.876798
18.480910	105.885336	3.321620	0.605877	109.812832
18.505916	105.841240	3.304186	0.603441	109.748867
18.530921	105.797144	3.286753	0.601006	109.684902
18.555927	105.753048	3.269320	0.598570	109.620938
18.580932	105.708953	3.251887	0.596136	109.556975
18.605938	105.664858	3.234454	0.593701	109.493013
18.630943	105.620764	3.217021	0.591267	109.429052
18.655948	105.574166	3.200407	0.550043	109.324616
18.680954	105.526418	3.184168	0.490981	109.201566
18.705959	105.478669	3.167929	0.431918	109.078516
18.730965	105.430920	3.151691	0.372856	108.955466
18.755970	105.383171	3.135452	0.313793	108.832416
18.780976	105.335422	3.119213	0.254731	108.709366
18.805981	105.287673	3.102975	0.195669	108.586316
18.830987	105.239924	3.086736	0.136606	108.463266
18.855992	105.192175	3.070498	0.077544	108.340216
18.880997	105.144426	3.054259	0.018481	108.217167
18.906003	105.093686	3.038405	0.000000	108.132091
18.931008	105.041583	3.022727	0.000000	108.064311
18.956014	104.989481	3.007049	0.000000	107.996530
18.981019	104.937379	2.991371	0.000000	107.928750
19.006025	104.885277	2.975693	0.000000	107.860970
19.031030	104.833175	2.960015	0.000000	107.793190
19.056035	104.781073	2.944337	0.000000	107.725410
19.081041	104.728971	2.928659	0.000000	107.657630
19.106046	104.676870	2.912981	0.000000	107.589851
19.131052	104.624769	2.897303	0.000000	107.522072
19.156057	104.569108	2.882191	0.000000	107.451299
19.181063	104.511842	2.867335	0.000000	107.379177
19.206068	104.454575	2.852478	0.000000	107.307054
19.231073	104.397308	2.837622	0.000000	107.234930
19.256079	104.340040	2.822765	0.000000	107.162806
19.281084	104.282772	2.807909	0.000000	107.090681
19.306090	104.225503	2.793053	0.000000	107.018556
19.331095	104.168234	2.778196	0.000000	106.946430
19.356101	104.110964	2.763340	0.000000	106.874304
19.381106	104.053693	2.748483	0.000000	106.802177
19.406111	103.993388	2.734087	0.000000	106.727475
19.431117	103.931727	2.719895	0.000000	106.651623
19.456122	103.870066	2.705704	0.000000	106.575769
19.481128	103.808403	2.691512	0.000000	106.499915
19.506133	103.746740	2.677320	0.000000	106.424060
19.531139	103.685076	2.663128	0.000000	106.348204
19.556144	103.623411	2.648935	0.000000	106.272347
19.581149	103.561746	2.634743	0.000000	106.196489
19.606155	103.500080	2.620550	0.000000	106.120630
19.631160	103.438413	2.606357	0.000000	106.044770
19.656166	103.372685	2.592821	0.000000	105.965506
19.681171	103.305161	2.579577	0.000000	105.884739
19.706177	103.237639	2.566333	0.000000	105.803972
19.731182	103.170117	2.553089	0.000000	105.723206
19.756187	103.102595	2.539845	0.000000	105.642440
19.781193	103.035074	2.526602	0.000000	105.561676
19.806198	102.967553	2.513358	0.000000	105.480912
19.831204	102.900033	2.500115	0.000000	105.400149
19.856209	102.832514	2.486872	0.000000	105.319386
19.881215	102.764995	2.473630	0.000000	105.238625
19.906220	102.691114	2.461423	0.000000	105.152537
19.931226	102.614447	2.449671	0.000000	105.064118
19.956231	102.537782	2.437918	0.000000	104.975700
19.981236	102.461116	2.426166	0.000000	104.887282
20.006242	102.384452	2.414413	0.000000	104.798865
20.031247	102.307788	2.402661	0.000000	104.710449
20.056253	102.231124	2.390909	0.000000	104.622033
20.081258	102.154461	2.379156	0.000000	104.533617
20.106264	102.077799	2.367404	0.000000	104.445202
20.131269	102.001137	2.355651	0.000000	104.356788
20.156274	101.916524	2.344128	0.000000	104.260652
20.181280	101.828463	2.332704	0.000000	104.161167
20.206285	101.740401	2.321280	0.000000	104.061681
20.231291	101.652337	2.309856	0.000000	103.962193
20.256296	101.564272	2.298431	0.000000	103.862703
20.281302	101.476206	2.287006	0.000000	103.763212
20.306307	101.388139	2.275581	0.000000	103.663720
20.331312	101.300070	2.264156	0.000000	103.564226
20.356318	101.212000	2.252730	0.000000	103.464731
20.381323	101.123929	2.241305	0.000000	103.365234
20.406329	101.024243	2.230034	0.000000	103.254277
20.431334	100.919572	2.218831	0.000000	103.138403
20.456340	100.814901	2.207628	0.000000	103.022529
20.481345	100.710231	2.196424	0.000000	102.906655
20.506350	100.605560	2.185221	0.000000	102.790781
20.531356	100.500890	2.174017	0.000000	102.674908
20.556361	100.396220	2.162814	0.000000	102.559034
20.581367	100.291551	2.151610	0.000000	102.443161
20.606372	100.186881	2.140407	0.000000	102.327288
20.631378	100.082212	2.129203	0.000000	102.211415
20.656383	99.955146	2.118744	0.000000	102.073891
20.681388	99.818565	2.108601	0.000000	101.927167
20.706394	99.681985	2.098459	0.000000	101.780444
20.731399	99.545406	2.088316	0.000000	101.633723
20.756405	99.408828	2.078174	0.000000	101.487002
20.781410	99.272251	2.068032	0.000000	101.340283
20.806416	99.135674	2.057891	0.000000	101.193565
20.831421	98.999099	2.047749	0.000000	101.046848
20.856426	98.862525	2.037608	0.000000	100.900133
20.881432	98.725951	2.027467	0.000000	100.753418
20.906437	98.544431	2.017511	0.000000	100.561942
20.931443	98.344003	2.007634	0.000000	100.351636
20.956448	98.143574	1.997756	0.000000	100.141330
20.981454	97.943145	1.987879	0.000000	99.931024
21.006459	97.742716	1.978002	0.000000	99.720718
21.031465	97.542286	1.968125	0.000000	99.510411
21.056470	97.341856	1.958249	0.000000	99.300105
21.081475	97.141426	1.948372	0.000000	99.089798
21.106481	96.940995	1.938496	0.000000	98.879491
21.131486	96.740563	1.928620	0.000000	98.669183
21.156492	96.417246	1.919245	0.000000	98.336491
21.181497	96.042757	1.910079	0.000000	97.952835
21.206503	95.668267	1.900912	0.000000	97.569180
21.231508	95.293778	1.891745	0.000000	97.185524
21.256513	94.919289	1.882578	0.000000	96.801868
21.281519	94.544801	1.873411	0.000000	96.418212
21.306524	94.170312	1.864244	0.000000	96.034556
21.331530	93.795824	1.855076	0.000000	95.650900
21.356535	93.421336	1.845908	0.000000	95.267244
21.381541	93.046848	1.836740	0.000000	94.883588
21.406546	92.132261	1.828118	0.000000	93.960379
21.431551	90.995034	1.819721	0.000000	92.814755
21.456557	89.857807	1.811324	0.000000	91.669131
21.481562	88.720581	1.802927	0.000000	90.523508
21.506568	87.583355	1.794530	0.000000	89.377885
21.531573	86.446130	1.786133	0.000000	88.232263
21.556579	85.308905	1.777736	0.000000	87.086641
21.581584	84.171680	1.769339	0.000000	85.941019
21.606589	83.034455	1.760942	0.000000	84.795398
21.631595	81.897231	1.752545	0.000000	83.649777
21.656600	78.281389	1.744029	0.000000	80.025418
21.681606	73.654172	1.735463	0.000000	75.389636
21.706611	69.026962	1.726898	0.000000	70.753859
21.731617	64.399757	1.718331	0.000000	66.118088
21.756622	59.772558	1.709765	0.000000	61.482323
21.781627	55.145365	1.701197	0.000000	56.846562
21.806633	50.518178	1.692630	0.000000	52.210807
21.831638	45.890996	1.684062	0.000000	47.575058
21.856644	41.263820	1.675493	0.000000	42.939314
21.881649	36.636650	1.666925	0.000000	38.303575
21.906655	34.491169	1.659184	0.000000	36.150352
21.931660	33.348004	1.651778	0.000000	34.999782
21.956665	32.204838	1.644372	0.000000	33.849210
21.981671	31.061669	1.636967	0.000000	32.698636
22.006676	29.918498	1.629563	0.000000	31.548061
22.031682	28.775324	1.622158	0.000000	30.397483
22.056687	27.632149	1.614754	0.000000	29.246903
22.081693	26.488970	1.607351	0.000000	28.096321
22.106698	25.345789	1.599948	0.000000	26.945737
22.131704	24.202606	1.592545	0.000000	25.795152
22.156709	23.612389	1.585630	0.000000	25.198019
22.181714	23.243225	1.578908	0.000000	24.822133
22.206720	22.874060	1.572187	0.000000	24.446247
22.231725	22.504895	1.565465	0.000000	24.070360
22.256731	22.135730	1.558744	0.000000	23.694473
22.281736	21.766564	1.552023	0.000000	23.318586
22.306742	21.397397	1.545301	0.000000	22.942698
22.331747	21.028230	1.538580	0.000000	22.566810
22.356752	20.659063	1.531858	0.000000	22.190922
22.381758	20.289896	1.525137	0.000000	21.815033
22.406763	20.046244	1.518415	0.000000	21.564660
22.431769	19.852253	1.511694	0.000000	21.363947
22.456774	19.658263	1.504973	0.000000	21.163235
22.481780	19.464272	1.498251	0.000000	20.962523
22.506785	19.270281	1.491530	0.000000	20.761811
22.531790	19.076290	1.484808	0.000000	20.561098
22.556796	18.882299	1.478087	0.000000	20.360386
22.581801	18.688308	1.471366	0.000000	20.159674
22.606807	18.494317	1.464644	0.000000	19.958962
22.631812	18.300327	1.457923	0.000000	19.758249
22.656818	18.149964	1.451611	0.000000	19.601575
22.681823	18.016686	1.445460	0.000000	19.462146
22.706828	17.883408	1.439308	0.000000	19.322716
22.731834	17.750129	1.433157	0.000000	19.183287
22.756839	17.616851	1.427006	0.000000	19.043857
22.781845	17.483574	1.420855	0.000000	18.904428
22.806850	17.350296	1.414703	0.000000	18.764999
22.831856	17.217019	1.408552	0.000000	18.625571
22.856861	17.083741	1.402401	0.000000	18.486142
22.881866	16.950464	1.396249	0.000000	18.346714
22.906872	16.838197	1.390091	0.000000	18.228288
22.931877	16.734071	1.383930	0.000000	18.118001
22.956883	16.629946	1.377768	0.000000	18.007715
22.981888	16.525822	1.371607	0.000000	17.897429
23.006894	16.421697	1.365446	0.000000	17.787143
23.031899	16.317573	1.359284	0.000000	17.676858
23.056904	16.213450	1.353123	0.000000	17.566573
23.081910	16.109327	1.346962	0.000000	17.456289
23.106915	16.005204	1.340801	0.000000	17.346004
23.131921	15.901082	1.334639	0.000000	17.235721
23.156926	15.808923	1.328517	0.000000	17.137440
23.181932	15.721353	1.322408	0.000000	17.043762
23.206937	15.633783	1.316300	0.000000	16.950083
23.231943	15.546213	1.310192	0.000000	16.856404
23.256948	15.458642	1.304083	0.000000	16.762726
23.281953	15.371072	1.297974	0.000000	16.669046
23.306959	15.283502	1.291865	0.000000	16.575367
23.331964	15.195932	1.285756	0.000000	16.481688
23.356970	15.108362	1.279646	0.000000	16.388008
23.381975	15.020792	1.273537	0.000000	16.294328
23.406981	14.940371	1.267950	0.000000	16.208321
23.431986	14.862663	1.262563	0.000000	16.125226
23.456991	14.784954	1.257175	0.000000	16.042129
23.481997	14.707245	1.251788	0.000000	15.959033
23.507002	14.629535	1.246401	0.000000	15.875936
23.532008	14.551824	1.241014	0.000000	15.792838
23.557013	14.474113	1.235628	0.000000	15.709741
23.582019	14.396402	1.230241	0.000000	15.626643
23.607024	14.318689	1.224855	0.000000	15.543544
23.632029	14.240977	1.219469	0.000000	15.460445
23.657035	14.168582	1.214140	0.000000	15.382722
23.682040	14.098184	1.208832	0.000000	15.307016
23.707046	14.027787	1.203524	0.000000	15.231311
23.732051	13.957389	1.198216	0.000000	15.155605
23.757057	13.886991	1.192908	0.000000	15.079900
23.782062	13.816594	1.187601	0.000000	15.004194
23.807067	13.746196	1.182293	0.000000	14.928489
23.832073	13.675798	1.176985	0.000000	14.852783
23.857078	13.605401	1.171677	0.000000	14.777078
23.882084	13.535003	1.166369	0.000000	14.701372
23.907089	13.468937	1.161106	0.000000	14.630044
23.932095	13.404481	1.155860	0.000000	14.560341
23.957100	13.340025	1.150613	0.000000	14.490638
23.982105	13.275569	1.145366	0.000000	14.420935
24.007111	13.211113	1.140118	0.000000	14.351231
24.032116	13.146658	1.134870	0.000000	14.281528
24.057122	13.082203	1.129621	0.000000	14.211824
24.082127	13.017748	1.124372	0.000000	14.142120
24.107133	12.953293	1.119123	0.000000	14.072415
24.132138	12.888838	1.113873	0.000000	14.002711
24.157143	12.827365	1.031097	0.000000	13.858462
24.182149	12.766987	0.919826	0.000000	13.686813
24.207154	12.706609	0.808556	0.000000	13.515164
24.232160	12.646231	0.697285	0.000000	13.343516
24.257165	12.585852	0.586015	0.000000	13.171868
24.282171	12.525474	0.474746	0.000000	13.000220
24.307176	12.465095	0.363477	0.000000	12.828572
24.332182	12.404716	0.252208	0.000000	12.656924
24.357187	12.344337	0.140940	0.000000	12.485277
24.382192	12.283957	0.029672	0.000000	12.313630
24.407198	12.226318	0.000000	0.000000	12.226318
24.432203	12.169675	0.000000	0.000000	12.169675
24.457209	12.113031	0.000000	0.000000	12.113031
24.482214	12.056388	0.000000	0.000000	12.056388
24.507220	11.999744	0.000000	0.000000	11.999744
24.532225	11.943100	0.000000	0.000000	11.943100
24.557230	11.886456	0.000000	0.000000	11.886456
24.582236	11.829812	0.000000	0.000000	11.829812
24.607241	11.773168	0.000000	0.000000	11.773168
24.632247	11.716523	0.000000	0.000000	11.716523
24.657252	11.662213	0.000000	0.000000	11.662213
24.682258	11.608742	0.000000	0.000000	11.608742
24.707263	11.555272	0.000000	0.000000	11.555272
24.732268	11.501801	0.000000	0.000000	11.501801
24.757274	11.448331	0.000000	0.000000	11.448331
24.782279	11.394861	0.000000	0.000000	11.394861
24.807285	11.341390	0.000000	0.000000	11.341390
24.832290	11.287920	0.000000	0.000000	11.287920
24.857296	11.234449	0.000000	0.000000	11.234449
24.882301	11.180979	0.000000	0.000000	11.180979
24.907306	11.129716	0.000000	0.000000	11.129716
24.932312	11.079240	0.000000	0.000000	11.079240
24.957317	11.028763	0.000000	0.000000	11.028763
24.982323	10.978286	0.000000	0.000000	10.978286
25.007328	10.927810	0.000000	0.000000	10.927810
25.032334	10.877333	0.000000	0.000000	10.877333
25.057339	10.826856	0.000000	0.000000	10.826856
25.082344	10.776379	0.000000	0.000000	10.776379
25.107350	10.725903	0.000000	0.000000	10.725903
25.132355	10.675426	0.000000	0.000000	10.675426
25.157361	10.626815	0.000000	0.000000	10.626815
25.182366	10.578860	0.000000	0.000000	10.578860
25.207372	10.530905	0.000000	0.000000	10.530905
25.232377	10.482949	0.000000	0.000000	10.482949
25.257382	10.434994	0.000000	0.000000	10.434994
25.282388	10.387038	0.000000	0.000000	10.387038
25.307393	10.339082	0.000000	0.000000	10.339082
25.332399	10.291126	0.000000	0.000000	10.291126
25.357404	10.243170	0.000000	0.000000	10.243170
25.382410	10.195213	0.000000	0.000000	10.195213
25.407415	10.149438	0.000000	0.000000	10.149438
25.432421	10.104422	0.000000	0.000000	10.104422
25.457426	10.059407	0.000000	0.000000	10.059407
25.482431	10.014391	0.000000	0.000000	10.014391
25.507437	9.969375	0.000000	0.000000	9.969375
25.532442	9.924359	0.000000	0.000000	9.924359
25.557448	9.879344	0.000000	0.000000	9.879344
25.582453	9.834328	0.000000	0.000000	9.834328
25.607459	9.789312	0.000000	0.000000	9.789312
25.632464	9.744297	0.000000	0.000000	9.744297
25.657469	9.700587	0.000000	0.000000	9.700587
25.682475	9.657328	0.000000	0.000000	9.657328
25.707480	9.614068	0.000000	0.000000	9.614068
25.732486	9.570809	0.000000	0.000000	9.570809
25.757491	9.527549	0.000000	0.000000	9.527549
25.782497	9.484290	0.000000	0.000000	9.484290
25.807502	9.441030	0.000000	0.000000	9.441030
25.832507	9.397771	0.000000	0.000000	9.397771
25.857513	9.354511	0.000000	0.000000	9.354511
25.882518	9.311252	0.000000	0.000000	9.311252
25.907524	9.269649	0.000000	0.000000	9.269649
25.932529	9.228610	0.000000	0.000000	9.228610
25.957535	9.187571	0.000000	0.000000	9.187571
25.982540	9.146532	0.000000	0.000000	9.146532
26.007545	9.105493	0.000000	0.000000	9.105493
26.032551	9.064454	0.000000	0.000000	9.064454
26.057556	9.023415	0.000000	0.000000	9.023415
26.082562	8.982376	0.000000	0.000000	8.982376
26.107567	8.941338	0.000000	0.000000	8.941338
26.132573	8.900299	0.000000	0.000000	8.900299
26.157578	8.860439	0.000000	0.000000	8.860439
26.182583	8.820976	0.000000	0.000000	8.820976
26.207589	8.781513	0.000000	0.000000	8.781513
26.232594	8.742049	0.000000	0.000000	8.742049
26.257600	8.702585	0.000000	0.000000	8.702585
26.282605	8.663121	0.000000	0.000000	8.663121
26.307611	8.623656	0.000000	0.000000	8.623656
26.332616	8.584191	0.000000	0.000000	8.584191
26.357621	8.544725	0.000000	0.000000	8.544725
26.382627	8.505259	0.000000	0.000000	8.505259
26.407632	8.467423	0.000000	0.000000	8.467423
26.432638	8.430128	0.000000	0.000000	8.430128
26.457643	8.392834	0.000000	0.000000	8.392834
26.482649	8.355540	0.000000	0.000000	8.355540
26.507654	8.318246	0.000000	0.000000	8.318246
26.532660	8.280952	0.000000	0.000000	8.280952
26.557665	8.243658	0.000000	0.000000	8.243658
26.582670	8.206364	0.000000	0.000000	8.206364
26.607676	8.169070	0.000000	0.000000	8.169070
26.632681	8.131776	0.000000	0.000000	8.131776
26.657687	8.095782	0.000000	0.000000	8.095782
26.682692	8.060216	0.000000	0.000000	8.060216
26.707698	8.024651	0.000000	0.000000	8.024651
26.732703	7.989085	0.000000	0.000000	7.989085
26.757708	7.953519	0.000000	0.000000	7.953519
26.782714	7.917954	0.000000	0.000000	7.917954
26.807719	7.882388	0.000000	0.000000	7.882388
26.832725	7.846823	0.000000	0.000000	7.846823
26.857730	7.811257	0.000000	0.000000	7.811257
26.882736	7.775691	0.000000	0.000000	7.775691
26.907741	7.741250	0.000000	0.000000	7.741250
26.932746	7.707175	0.000000	0.000000	7.707175
26.957752	7.673099	0.000000	0.000000	7.673099
26.982757	7.639024	0.000000	0.000000	7.639024
27.007763	7.604949	0.000000	0.000000	7.604949
27.032768	7.570874	0.000000	0.000000	7.570874
27.057774	7.536798	0.000000	0.000000	7.536798
27.082779	7.502723	0.000000	0.000000	7.502723
27.107784	7.468648	0.000000	0.000000	7.468648
27.132790	7.434573	0.000000	0.000000	7.434573
27.157795	7.401653	0.000000	0.000000	7.401653
27.182801	7.369105	0.000000	0.000000	7.369105
27.207806	7.336557	0.000000	0.000000	7.336557
27.232812	7.304009	0.000000	0.000000	7.304009
27.257817	7.271461	0.000000	0.000000	7.271461
27.282822	7.238912	0.000000	0.000000	7.238912
27.307828	7.206363	0.000000	0.000000	7.206363
27.332833	7.173815	0.000000	0.000000	7.173815
27.357839	7.141265	0.000000	0.000000	7.141265
27.382844	7.108716	0.000000	0.000000	7.108716
27.407850	7.076939	0.000000	0.000000	7.076939
27.432855	7.045408	0.000000	0.000000	7.045408
27.457860	7.013877	0.000000	0.000000	7.013877
27.482866	6.982345	0.000000	0.000000	6.982345
27.507871	6.950814	0.000000	0.000000	6.950814
27.532877	6.919282	0.000000	0.000000	6.919282
27.557882	6.887750	0.000000	0.000000	6.887750
27.582888	6.856218	0.000000	0.000000	6.856218
27.607893	6.824686	0.000000	0.000000	6.824686
27.632899	6.793153	0.000000	0.000000	6.793153
27.657904	6.762883	0.000000	0.000000	6.762883
27.682909	6.733009	0.000000	0.000000	6.733009
27.707915	6.703136	0.000000	0.000000	6.703136
27.732920	6.673263	0.000000	0.000000	6.673263
27.757926	6.643390	0.000000	0.000000	6.643390
27.782931	6.613517	0.000000	0.000000	6.613517
27.807937	6.583645	0.000000	0.000000	6.583645
27.832942	6.553772	0.000000	0.000000	6.553772
27.857947	6.523900	0.000000	0.000000	6.523900
27.882953	6.494028	0.000000	0.000000	6.494028
27.907958	6.464929	0.000000	0.000000	6.464929
27.932964	6.436069	0.000000	0.000000	6.436069
27.957969	6.407210	0.000000	0.000000	6.407210
27.982975	6.378351	0.000000	0.000000	6.378351
28.007980	6.349491	0.000000	0.000000	6.349491
28.032985	6.320632	0.000000	0.000000	6.320632
28.057991	6.291772	0.000000	0.000000	6.291772
28.082996	6.262913	0.000000	0.000000	6.262913
28.108002	6.234054	0.000000	0.000000	6.234054
28.133007	6.205194	0.000000	0.000000	6.205194
28.158013	6.177303	0.000000	0.000000	6.177303
28.183018	6.149709	0.000000	0.000000	6.149709
28.208023	6.122116	0.000000	0.000000	6.122116
28.233029	6.094523	0.000000	0.000000	6.094523
28.258034	6.066929	0.000000	0.000000	6.066929
28.283040	6.039336	0.000000	0.000000	6.039336
28.308045	6.011742	0.000000	0.000000	6.011742
28.333051	5.984149	0.000000	0.000000	5.984149
28.358056	5.956556	0.000000	0.000000	5.956556
28.383061	5.928962	0.000000	0.000000	5.928962
28.408067	5.902144	0.000000	0.000000	5.902144
28.433072	5.875561	0.000000	0.000000	5.875561
28.458078	5.848978	0.000000	0.000000	5.848978
28.483083	5.822394	0.000000	0.000000	5.822394
28.508089	5.795811	0.000000	0.000000	5.795811
28.533094	5.769227	0.000000	0.000000	5.769227
28.558099	5.742643	0.000000	0.000000	5.742643
28.583105	5.716059	0.000000	0.000000	5.716059
28.608110	5.689474	0.000000	0.000000	5.689474
28.633116	5.662890	0.000000	0.000000	5.662890
28.658121	5.637269	0.000000	0.000000	5.637269
28.683127	5.611938	0.000000	0.000000	5.611938
28.708132	5.586607	0.000000	0.000000	5.586607
28.733138	5.561276	0.000000	0.000000	5.561276
28.758143	5.535944	0.000000	0.000000	5.535944
28.783148	5.510612	0.000000	0.000000	5.510612
28.808154	5.485280	0.000000	0.000000	5.485280
28.833159	5.459948	0.000000	0.000000	5.459948
28.858165	5.434616	0.000000	0.000000	5.434616
28.883170	5.409284	0.000000	0.000000	5.409284
28.908176	5.384857	0.000000	0.000000	5.384857
28.933181	5.360699	0.000000	0.000000	5.360699
28.958186	5.336541	0.000000	0.000000	5.336541
28.983192	5.312383	0.000000	0.000000	5.312383
29.008197	5.288225	0.000000	0.000000	5.288225
29.033203	5.264068	0.000000	0.000000	5.264068
29.058208	5.239911	0.000000	0.000000	5.239911
29.083214	5.215754	0.000000	0.000000	5.215754
29.108219	5.191597	0.000000	0.000000	5.191597
29.133224	5.167440	0.000000	0.000000	5.167440
29.158230	5.143713	0.000000	0.000000	5.143713
29.183235	5.120112	0.000000	0.000000	5.120112
29.208241	5.096511	0.000000	0.000000	5.096511
29.233246	5.072909	0.000000	0.000000	5.072909
29.258252	5.049308	0.000000	0.000000	5.049308
29.283257	5.025706	0.000000	0.000000	5.025706
29.308262	5.002104	0.000000	0.000000	5.002104
29.333268	4.978501	0.000000	0.000000	4.978501
29.358273	4.954899	0.000000	0.000000	4.954899
29.383279	4.931296	0.000000	0.000000	4.931296
29.408284	4.907096	0.000000	0.000000	4.907096
29.433290	4.882723	0.000000	0.000000	4.882723
29.458295	4.858349	0.000000	0.000000	4.858349
29.483300	4.833976	0.000000	0.000000	4.833976
29.508306	4.809604	0.000000	0.000000	4.809604
29.533311	4.785231	0.000000	0.000000	4.785231
29.558317	4.760859	0.000000	0.000000	4.760859
29.583322	4.736486	0.000000	0.000000	4.736486
29.608328	4.712114	0.000000	0.000000	4.712114
29.633333	4.687743	0.000000	0.000000	4.687743
29.658338	0.000000	0.000000	0.000000	0.000000
29.683344	0.000000	0.000000	0.000000	0.000000
29.708349	0.000000	0.000000	0.000000	0.000000
29.733355	0.000000	0.000000	0.000000	0.000000
29.758360	0.000000	0.000000	0.000000	0.000000
29.783366	0.000000	0.000000	0.000000	0.000000
29.808371	0.000000	0.000000	0.000000	0.000000
29.833377	0.000000	0.000000	0.000000	0.000000
29.858382	0.000000	0.000000	0.000000	0.000000
29.883387	0.000000	0.000000	0.000000	0.000000
29.908393	0.000000	0.000000	0.000000	0.000000
29.933398	0.000000	0.000000	0.000000	0.000000
29.958404	0.000000	0.000000	0.000000	0.000000
29.983409	0.000000	0.000000	0.000000	0.000000
30.008415	0.000000	0.000000	0.000000	0.000000
