Patient Name: EQUIPO 4 2025, QA
Patient ID: Eq4-2025
Plan: PerfDiag
Course: C-Fisica
Date: Friday, August 07, 2026 2:49:08 PM
Exported by: paberbuj

Start: (-29.79, -28.61, 0.00)
End:   (30.24, -28.61, -0.23)

	40x40	20x20	10x10	Total
-30.029627	2.827057	0.000000	0.000000	2.827057
-30.004622	2.839631	0.000000	0.000000	2.839631
-29.979616	2.852205	0.000000	0.000000	2.852205
-29.954611	2.864779	0.000000	0.000000	2.864779
-29.929606	2.877354	0.000000	0.000000	2.877354
-29.904600	2.889930	0.000000	0.000000	2.889930
-29.879595	2.902505	0.000000	0.000000	2.902505
-29.854589	2.916136	0.000000	0.000000	2.916136
-29.829584	2.932514	0.000000	0.000000	2.932514
-29.804578	2.948892	0.000000	0.000000	2.948892
-29.779573	2.965270	0.000000	0.000000	2.965270
-29.754568	2.981648	0.000000	0.000000	2.981648
-29.729562	2.998025	0.000000	0.000000	2.998025
-29.704557	3.014402	0.000000	0.000000	3.014402
-29.679551	3.030779	0.000000	0.000000	3.030779
-29.654546	3.047155	0.000000	0.000000	3.047155
-29.629540	3.063531	0.000000	0.000000	3.063531
-29.604535	3.080196	0.000000	0.000000	3.080196
-29.579530	3.097609	0.000000	0.000000	3.097609
-29.554524	3.115022	0.000000	0.000000	3.115022
-29.529519	3.132435	0.000000	0.000000	3.132435
-29.504513	3.149848	0.000000	0.000000	3.149848
-29.479508	3.167260	0.000000	0.000000	3.167260
-29.454502	3.184673	0.000000	0.000000	3.184673
-29.429497	3.202086	0.000000	0.000000	3.202086
-29.404491	3.219498	0.000000	0.000000	3.219498
-29.379486	3.236911	0.000000	0.000000	3.236911
-29.354481	3.254862	0.000000	0.000000	3.254862
-29.329475	3.274186	0.000000	0.000000	3.274186
-29.304470	3.293510	0.000000	0.000000	3.293510
-29.279464	3.312834	0.000000	0.000000	3.312834
-29.254459	3.332158	0.000000	0.000000	3.332158
-29.229453	3.351483	0.000000	0.000000	3.351483
-29.204448	3.370807	0.000000	0.000000	3.370807
-29.179443	3.390131	0.000000	0.000000	3.390131
-29.154437	3.409455	0.000000	0.000000	3.409455
-29.129432	3.428779	0.000000	0.000000	3.428779
-29.104426	3.447972	0.000000	0.000000	3.447972
-29.079421	3.466832	0.000000	0.000000	3.466832
-29.054415	3.485692	0.000000	0.000000	3.485692
-29.029410	3.504551	0.000000	0.000000	3.504551
-29.004405	3.523411	0.000000	0.000000	3.523411
-28.979399	3.542271	0.000000	0.000000	3.542271
-28.954394	3.561131	0.000000	0.000000	3.561131
-28.929388	3.579991	0.000000	0.000000	3.579991
-28.904383	3.598851	0.000000	0.000000	3.598851
-28.879377	3.617711	0.000000	0.000000	3.617711
-28.854372	3.636441	0.000000	0.000000	3.636441
-28.829367	3.654844	0.000000	0.000000	3.654844
-28.804361	3.673248	0.000000	0.000000	3.673248
-28.779356	3.691651	0.000000	0.000000	3.691651
-28.754350	3.710054	0.000000	0.000000	3.710054
-28.729345	3.728458	0.000000	0.000000	3.728458
-28.704339	3.746861	0.000000	0.000000	3.746861
-28.679334	3.765264	0.000000	0.000000	3.765264
-28.654329	3.783668	0.000000	0.000000	3.783668
-28.629323	3.802071	0.000000	0.000000	3.802071
-28.604318	3.821044	0.000000	0.000000	3.821044
-28.579312	3.841430	0.000000	0.000000	3.841430
-28.554307	3.861815	0.000000	0.000000	3.861815
-28.529301	3.882200	0.000000	0.000000	3.882200
-28.504296	3.902585	0.000000	0.000000	3.902585
-28.479291	3.922970	0.000000	0.000000	3.922970
-28.454285	3.943355	0.000000	0.000000	3.943355
-28.429280	3.963740	0.000000	0.000000	3.963740
-28.404274	3.984125	0.000000	0.000000	3.984125
-28.379269	4.004511	0.000000	0.000000	4.004511
-28.354263	4.025178	0.000000	0.000000	4.025178
-28.329258	4.046539	0.000000	0.000000	4.046539
-28.304252	4.067899	0.000000	0.000000	4.067899
-28.279247	4.089260	0.000000	0.000000	4.089260
-28.254242	4.110622	0.000000	0.000000	4.110622
-28.229236	4.131983	0.000000	0.000000	4.131983
-28.204231	4.153345	0.000000	0.000000	4.153345
-28.179225	4.174708	0.000000	0.000000	4.174708
-28.154220	4.196070	0.000000	0.000000	4.196070
-28.129214	4.217433	0.000000	0.000000	4.217433
-28.104209	4.238939	0.000000	0.000000	4.238939
-28.079204	4.260790	0.000000	0.000000	4.260790
-28.054198	4.282641	0.000000	0.000000	4.282641
-28.029193	4.304492	0.000000	0.000000	4.304492
-28.004187	4.326343	0.000000	0.000000	4.326343
-27.979182	4.348194	0.000000	0.000000	4.348194
-27.954176	4.370045	0.000000	0.000000	4.370045
-27.929171	4.391896	0.000000	0.000000	4.391896
-27.904166	4.413747	0.000000	0.000000	4.413747
-27.879160	4.435598	0.000000	0.000000	4.435598
-27.854155	4.457617	0.000000	0.000000	4.457617
-27.829149	4.480040	0.000000	0.000000	4.480040
-27.804144	4.502462	0.000000	0.000000	4.502462
-27.779138	4.524885	0.000000	0.000000	4.524885
-27.754133	4.547308	0.000000	0.000000	4.547308
-27.729128	4.569730	0.000000	0.000000	4.569730
-27.704122	4.592153	0.000000	0.000000	4.592153
-27.679117	4.614576	0.000000	0.000000	4.614576
-27.654111	4.636999	0.000000	0.000000	4.636999
-27.629106	4.659421	0.000000	0.000000	4.659421
-27.604100	4.682999	0.000000	0.000000	4.682999
-27.579095	4.709320	0.000000	0.000000	4.709320
-27.554090	4.735641	0.000000	0.000000	4.735641
-27.529084	4.761962	0.000000	0.000000	4.761962
-27.504079	4.788283	0.000000	0.000000	4.788283
-27.479073	4.814604	0.000000	0.000000	4.814604
-27.454068	4.840925	0.000000	0.000000	4.840925
-27.429062	4.867246	0.000000	0.000000	4.867246
-27.404057	4.893567	0.000000	0.000000	4.893567
-27.379052	4.919888	0.000000	0.000000	4.919888
-27.354046	4.946479	0.000000	0.000000	4.946479
-27.329041	4.973703	0.000000	0.000000	4.973703
-27.304035	5.000927	0.000000	0.000000	5.000927
-27.279030	5.028150	0.000000	0.000000	5.028150
-27.254024	5.055373	0.000000	0.000000	5.055373
-27.229019	5.082596	0.000000	0.000000	5.082596
-27.204013	5.109818	0.000000	0.000000	5.109818
-27.179008	5.137040	0.000000	0.000000	5.137040
-27.154003	5.164261	0.000000	0.000000	5.164261
-27.128997	5.191483	0.000000	0.000000	5.191483
-27.103992	5.218436	0.000000	0.000000	5.218436
-27.078986	5.244765	0.000000	0.000000	5.244765
-27.053981	5.271095	0.000000	0.000000	5.271095
-27.028975	5.297424	0.000000	0.000000	5.297424
-27.003970	5.323754	0.000000	0.000000	5.323754
-26.978965	5.350084	0.000000	0.000000	5.350084
-26.953959	5.376413	0.000000	0.000000	5.376413
-26.928954	5.402743	0.000000	0.000000	5.402743
-26.903948	5.429072	0.000000	0.000000	5.429072
-26.878943	5.455402	0.000000	0.000000	5.455402
-26.853937	5.481467	0.000000	0.000000	5.481467
-26.828932	5.506924	0.000000	0.000000	5.506924
-26.803927	5.532382	0.000000	0.000000	5.532382
-26.778921	5.557840	0.000000	0.000000	5.557840
-26.753916	5.583298	0.000000	0.000000	5.583298
-26.728910	5.608757	0.000000	0.000000	5.608757
-26.703905	5.634216	0.000000	0.000000	5.634216
-26.678899	5.659675	0.000000	0.000000	5.659675
-26.653894	5.685135	0.000000	0.000000	5.685135
-26.628889	5.710594	0.000000	0.000000	5.710594
-26.603883	5.737215	0.000000	0.000000	5.737215
-26.578878	5.766486	0.000000	0.000000	5.766486
-26.553872	5.795756	0.000000	0.000000	5.795756
-26.528867	5.825026	0.000000	0.000000	5.825026
-26.503861	5.854297	0.000000	0.000000	5.854297
-26.478856	5.883567	0.000000	0.000000	5.883567
-26.453851	5.912837	0.000000	0.000000	5.912837
-26.428845	5.942108	0.000000	0.000000	5.942108
-26.403840	5.971378	0.000000	0.000000	5.971378
-26.378834	6.000649	0.000000	0.000000	6.000649
-26.353829	6.029922	0.000000	0.000000	6.029922
-26.328823	6.059199	0.000000	0.000000	6.059199
-26.303818	6.088477	0.000000	0.000000	6.088477
-26.278813	6.117755	0.000000	0.000000	6.117755
-26.253807	6.147032	0.000000	0.000000	6.147032
-26.228802	6.176310	0.000000	0.000000	6.176310
-26.203796	6.205587	0.000000	0.000000	6.205587
-26.178791	6.234865	0.000000	0.000000	6.234865
-26.153785	6.264142	0.000000	0.000000	6.264142
-26.128780	6.293420	0.000000	0.000000	6.293420
-26.103774	6.322705	0.000000	0.000000	6.322705
-26.078769	6.352006	0.000000	0.000000	6.352006
-26.053764	6.381307	0.000000	0.000000	6.381307
-26.028758	6.410608	0.000000	0.000000	6.410608
-26.003753	6.439909	0.000000	0.000000	6.439909
-25.978747	6.469210	0.000000	0.000000	6.469210
-25.953742	6.498511	0.000000	0.000000	6.498511
-25.928736	6.527813	0.000000	0.000000	6.527813
-25.903731	6.557114	0.000000	0.000000	6.557114
-25.878726	6.586415	0.000000	0.000000	6.586415
-25.853720	6.615441	0.000000	0.000000	6.615441
-25.828715	6.643858	0.000000	0.000000	6.643858
-25.803709	6.672275	0.000000	0.000000	6.672275
-25.778704	6.700693	0.000000	0.000000	6.700693
-25.753698	6.729111	0.000000	0.000000	6.729111
-25.728693	6.757529	0.000000	0.000000	6.757529
-25.703688	6.785948	0.000000	0.000000	6.785948
-25.678682	6.814367	0.000000	0.000000	6.814367
-25.653677	6.842787	0.000000	0.000000	6.842787
-25.628671	6.871207	0.000000	0.000000	6.871207
-25.603666	6.901143	0.000000	0.000000	6.901143
-25.578660	6.934404	0.000000	0.000000	6.934404
-25.553655	6.967665	0.000000	0.000000	6.967665
-25.528650	7.000926	0.000000	0.000000	7.000926
-25.503644	7.034186	0.000000	0.000000	7.034186
-25.478639	7.067446	0.000000	0.000000	7.067446
-25.453633	7.100705	0.000000	0.000000	7.100705
-25.428628	7.133964	0.000000	0.000000	7.133964
-25.403622	7.167223	0.000000	0.000000	7.167223
-25.378617	7.200481	0.000000	0.000000	7.200481
-25.353612	7.234048	0.000000	0.000000	7.234048
-25.328606	7.268288	0.000000	0.000000	7.268288
-25.303601	7.302528	0.000000	0.000000	7.302528
-25.278595	7.336768	0.000000	0.000000	7.336768
-25.253590	7.371008	0.000000	0.000000	7.371008
-25.228584	7.405247	0.000000	0.000000	7.405247
-25.203579	7.439487	0.000000	0.000000	7.439487
-25.178574	7.473727	0.000000	0.000000	7.473727
-25.153568	7.507967	0.000000	0.000000	7.507967
-25.128563	7.542207	0.000000	0.000000	7.542207
-25.103557	7.576608	0.000000	0.000000	7.576608
-25.078552	7.611357	0.000000	0.000000	7.611357
-25.053546	7.646105	0.000000	0.000000	7.646105
-25.028541	7.680854	0.000000	0.000000	7.680854
-25.003535	7.715602	0.000000	0.000000	7.715602
-24.978530	7.750351	0.000000	0.000000	7.750351
-24.953525	7.785100	0.000000	0.000000	7.785100
-24.928519	7.819848	0.000000	0.000000	7.819848
-24.903514	7.854597	0.000000	0.000000	7.854597
-24.878508	7.889345	0.000000	0.000000	7.889345
-24.853503	7.923514	0.000000	0.000000	7.923514
-24.828497	7.956449	0.000000	0.000000	7.956449
-24.803492	7.989384	0.000000	0.000000	7.989384
-24.778487	8.022319	0.000000	0.000000	8.022319
-24.753481	8.055254	0.000000	0.000000	8.055254
-24.728476	8.088190	0.000000	0.000000	8.088190
-24.703470	8.121126	0.000000	0.000000	8.121126
-24.678465	8.154062	0.000000	0.000000	8.154062
-24.653459	8.186999	0.000000	0.000000	8.186999
-24.628454	8.219936	0.000000	0.000000	8.219936
-24.603449	8.253956	0.000000	0.000000	8.253956
-24.578443	8.290262	0.000000	0.000000	8.290262
-24.553438	8.326567	0.000000	0.000000	8.326567
-24.528432	8.362873	0.000000	0.000000	8.362873
-24.503427	8.399178	0.000000	0.000000	8.399178
-24.478421	8.435484	0.000000	0.000000	8.435484
-24.453416	8.471790	0.000000	0.000000	8.471790
-24.428411	8.508095	0.000000	0.000000	8.508095
-24.403405	8.544401	0.000000	0.000000	8.544401
-24.378400	8.580707	0.000000	0.000000	8.580707
-24.353394	8.617325	0.000000	0.000000	8.617325
-24.328389	8.654596	0.000000	0.000000	8.654596
-24.303383	8.691867	0.000000	0.000000	8.691867
-24.278378	8.729138	0.000000	0.000000	8.729138
-24.253373	8.766410	0.000000	0.000000	8.766410
-24.228367	8.803682	0.000000	0.000000	8.803682
-24.203362	8.840955	0.000000	0.000000	8.840955
-24.178356	8.878228	0.000000	0.000000	8.878228
-24.153351	8.915501	0.000000	0.000000	8.915501
-24.128345	8.952774	0.000000	0.000000	8.952774
-24.103340	8.990171	0.000000	0.000000	8.990171
-24.078335	9.027821	0.000000	0.000000	9.027821
-24.053329	9.065471	0.000000	0.000000	9.065471
-24.028324	9.103120	0.000000	0.000000	9.103120
-24.003318	9.140768	0.000000	0.000000	9.140768
-23.978313	9.178416	0.000000	0.000000	9.178416
-23.953307	9.216063	0.000000	0.000000	9.216063
-23.928302	9.253709	0.000000	0.000000	9.253709
-23.903296	9.291354	0.000000	0.000000	9.291354
-23.878291	9.328999	0.000000	0.000000	9.328999
-23.853286	9.366380	0.000000	0.000000	9.366380
-23.828280	9.403220	0.000000	0.000000	9.403220
-23.803275	9.440060	0.000000	0.000000	9.440060
-23.778269	9.476900	0.000000	0.000000	9.476900
-23.753264	9.513741	0.000000	0.000000	9.513741
-23.728258	9.550581	0.000000	0.000000	9.550581
-23.703253	9.587421	0.000000	0.000000	9.587421
-23.678248	9.624261	0.000000	0.000000	9.624261
-23.653242	9.661101	0.000000	0.000000	9.661101
-23.628237	9.697941	0.000000	0.000000	9.697941
-23.603231	9.735119	0.000000	0.000000	9.735119
-23.578226	9.772983	0.000000	0.000000	9.772983
-23.553220	9.810848	0.000000	0.000000	9.810848
-23.528215	9.848713	0.000000	0.000000	9.848713
-23.503210	9.886578	0.000000	0.000000	9.886578
-23.478204	9.924443	0.000000	0.000000	9.924443
-23.453199	9.962308	0.000000	0.000000	9.962308
-23.428193	10.000173	0.000000	0.000000	10.000173
-23.403188	10.038038	0.000000	0.000000	10.038038
-23.378182	10.075903	0.000000	0.000000	10.075903
-23.353177	10.115060	0.000000	0.000000	10.115060
-23.328172	10.156821	0.000000	0.000000	10.156821
-23.303166	10.198581	0.000000	0.000000	10.198581
-23.278161	10.240343	0.000000	0.000000	10.240343
-23.253155	10.282104	0.000000	0.000000	10.282104
-23.228150	10.323866	0.000000	0.000000	10.323866
-23.203144	10.365628	0.000000	0.000000	10.365628
-23.178139	10.407391	0.000000	0.000000	10.407391
-23.153134	10.449153	0.000000	0.000000	10.449153
-23.128128	10.490917	0.000000	0.000000	10.490917
-23.103123	10.532883	0.000000	0.000000	10.532883
-23.078117	10.575253	0.000000	0.000000	10.575253
-23.053112	10.617623	0.000000	0.000000	10.617623
-23.028106	10.659995	0.000000	0.000000	10.659995
-23.003101	10.702367	0.000000	0.000000	10.702367
-22.978096	10.744740	0.000000	0.000000	10.744740
-22.953090	10.787113	0.000000	0.000000	10.787113
-22.928085	10.829488	0.000000	0.000000	10.829488
-22.903079	10.871863	0.000000	0.000000	10.871863
-22.878074	10.914238	0.000000	0.000000	10.914238
-22.853068	10.957395	0.034458	0.000000	10.991853
-22.828063	11.002094	0.136976	0.000000	11.139069
-22.803057	11.046791	0.239493	0.000000	11.286285
-22.778052	11.091488	0.342011	0.000000	11.433499
-22.753047	11.136185	0.444529	0.000000	11.580713
-22.728041	11.180880	0.547046	0.000000	11.727926
-22.703036	11.225575	0.649564	0.000000	11.875139
-22.678030	11.270269	0.752081	0.000000	12.022350
-22.653025	11.314963	0.854599	0.000000	12.169561
-22.628019	11.359655	0.957116	0.000000	12.316772
-22.603014	11.404936	1.026476	0.000000	12.431412
-22.578009	11.451369	1.030957	0.000000	12.482325
-22.553003	11.497801	1.035438	0.000000	12.533239
-22.527998	11.544234	1.039919	0.000000	12.584153
-22.502992	11.590666	1.044400	0.000000	12.635066
-22.477987	11.637099	1.048881	0.000000	12.685980
-22.452981	11.683532	1.053362	0.000000	12.736893
-22.427976	11.729965	1.057843	0.000000	12.787807
-22.402971	11.776397	1.062323	0.000000	12.838721
-22.377965	11.822830	1.066804	0.000000	12.889634
-22.352960	11.872368	1.071841	0.000000	12.944209
-22.327954	11.927926	1.077953	0.000000	13.005879
-22.302949	11.983485	1.084066	0.000000	13.067550
-22.277943	12.039044	1.090178	0.000000	13.129222
-22.252938	12.094604	1.096290	0.000000	13.190895
-22.227933	12.150165	1.102403	0.000000	13.252568
-22.202927	12.205727	1.108515	0.000000	13.314242
-22.177922	12.261289	1.114628	0.000000	13.375917
-22.152916	12.316852	1.120740	0.000000	13.437592
-22.127911	12.372415	1.126853	0.000000	13.499268
-22.102905	12.432490	1.132790	0.000000	13.565280
-22.077900	12.501227	1.138391	0.000000	13.639618
-22.052895	12.569963	1.143992	0.000000	13.713955
-22.027889	12.638698	1.149594	0.000000	13.788292
-22.002884	12.707433	1.155195	0.000000	13.862627
-21.977878	12.776166	1.160796	0.000000	13.936962
-21.952873	12.844900	1.166397	0.000000	14.011297
-21.927867	12.913632	1.171998	0.000000	14.085630
-21.902862	12.982363	1.177599	0.000000	14.159963
-21.877857	13.051094	1.183201	0.000000	14.234295
-21.852851	13.125822	1.189160	0.000000	14.314983
-21.827846	13.211961	1.195802	0.000000	14.407763
-21.802840	13.298100	1.202444	0.000000	14.500544
-21.777835	13.384239	1.209085	0.000000	14.593325
-21.752829	13.470378	1.215727	0.000000	14.686105
-21.727824	13.556517	1.222368	0.000000	14.778886
-21.702818	13.642656	1.229010	0.000000	14.871667
-21.677813	13.728795	1.235652	0.000000	14.964447
-21.652808	13.814934	1.242293	0.000000	15.057228
-21.627802	13.901074	1.248935	0.000000	15.150008
-21.602797	14.000793	1.255202	0.000000	15.255995
-21.577791	14.126112	1.260764	0.000000	15.386876
-21.552786	14.251431	1.266325	0.000000	15.517756
-21.527780	14.376749	1.271887	0.000000	15.648636
-21.502775	14.502068	1.277449	0.000000	15.779517
-21.477770	14.627387	1.283010	0.000000	15.910397
-21.452764	14.752706	1.288572	0.000000	16.041278
-21.427759	14.878024	1.294134	0.000000	16.172158
-21.402753	15.003343	1.299695	0.000000	16.303038
-21.377748	15.128662	1.305257	0.000000	16.433919
-21.352742	15.288097	1.310846	0.000000	16.598943
-21.327737	15.511247	1.316487	0.000000	16.827734
-21.302732	15.734398	1.322128	0.000000	17.056525
-21.277726	15.957550	1.327768	0.000000	17.285318
-21.252721	16.180703	1.333409	0.000000	17.514112
-21.227715	16.403858	1.339050	0.000000	17.742908
-21.202710	16.627014	1.344690	0.000000	17.971704
-21.177704	16.850171	1.350331	0.000000	18.200502
-21.152699	17.073329	1.355972	0.000000	18.429301
-21.127694	17.296489	1.361613	0.000000	18.658101
-21.102688	17.639788	1.367812	0.000000	19.007600
-21.077683	18.205392	1.375044	0.000000	19.580437
-21.052677	18.771001	1.382277	0.000000	20.153278
-21.027672	19.336616	1.389510	0.000000	20.726126
-21.002666	19.902235	1.396743	0.000000	21.298978
-20.977661	20.467860	1.403975	0.000000	21.871836
-20.952656	21.033490	1.411208	0.000000	22.444698
-20.927650	21.599126	1.418441	0.000000	23.017566
-20.902645	22.164766	1.425673	0.000000	23.590440
-20.877639	22.730412	1.432906	0.000000	24.163318
-20.852634	23.996181	1.440142	0.000000	25.436322
-20.827628	26.545544	1.447384	0.000000	27.992928
-20.802623	29.094904	1.454626	0.000000	30.549530
-20.777618	31.644262	1.461868	0.000000	33.106130
-20.752612	34.193618	1.469110	0.000000	35.662728
-20.727607	36.742971	1.476352	0.000000	38.219323
-20.702601	39.292322	1.483594	0.000000	40.775916
-20.677596	41.841670	1.490836	0.000000	43.332506
-20.652590	44.391016	1.498078	0.000000	45.889094
-20.627585	46.940360	1.505320	0.000000	48.445680
-20.602579	51.783634	1.512760	0.000000	53.296395
-20.577574	60.794121	1.520562	0.000000	62.314682
-20.552569	69.804598	1.528363	0.000000	71.332961
-20.527563	78.815065	1.536165	0.000000	80.351230
-20.502558	87.825524	1.543966	0.000000	89.369490
-20.477552	96.835973	1.551767	0.000000	98.387740
-20.452547	105.846412	1.559569	0.000000	107.405981
-20.427541	114.856843	1.567370	0.000000	116.424213
-20.402536	123.867264	1.575172	0.000000	125.442435
-20.377531	132.877675	1.582973	0.000000	134.460648
-20.352525	139.184474	1.591175	0.000000	140.775648
-20.327520	140.624644	1.600097	0.000000	142.224742
-20.302514	142.064817	1.609019	0.000000	143.673836
-20.277509	143.504991	1.617942	0.000000	145.122933
-20.252503	144.945166	1.626864	0.000000	146.572030
-20.227498	146.385343	1.635786	0.000000	148.021130
-20.202493	147.825522	1.644709	0.000000	149.470230
-20.177487	149.265702	1.653631	0.000000	150.919333
-20.152482	150.705883	1.662553	0.000000	152.368437
-20.127476	152.146066	1.671476	0.000000	153.817542
-20.102471	153.200216	1.680208	0.000000	154.880424
-20.077465	153.565807	1.688600	0.000000	155.254407
-20.052460	153.931398	1.696993	0.000000	155.628391
-20.027455	154.296991	1.705385	0.000000	156.002376
-20.002449	154.662584	1.713778	0.000000	156.376362
-19.977444	155.028179	1.722170	0.000000	156.750349
-19.952438	155.393774	1.730563	0.000000	157.124336
-19.927433	155.759369	1.738955	0.000000	157.498324
-19.902427	156.124966	1.747348	0.000000	157.872313
-19.877422	156.490563	1.755740	0.000000	158.246303
-19.852417	156.774501	1.764943	0.000000	158.539444
-19.827411	156.914105	1.775578	0.000000	158.689683
-19.802406	157.053710	1.786214	0.000000	158.839924
-19.777400	157.193316	1.796849	0.000000	158.990165
-19.752395	157.332924	1.807485	0.000000	159.140408
-19.727389	157.472532	1.818120	0.000000	159.290652
-19.702384	157.612142	1.828755	0.000000	159.440898
-19.677379	157.751753	1.839391	0.000000	159.591144
-19.652373	157.891365	1.850026	0.000000	159.741391
-19.627368	158.030979	1.860661	0.000000	159.891640
-19.602362	158.154366	1.871083	0.000000	160.025449
-19.577357	158.249331	1.881132	0.000000	160.130463
-19.552351	158.344298	1.891180	0.000000	160.235478
-19.527346	158.439265	1.901229	0.000000	160.340494
-19.502340	158.534234	1.911278	0.000000	160.445511
-19.477335	158.629202	1.921327	0.000000	160.550529
-19.452330	158.724172	1.931375	0.000000	160.655547
-19.427324	158.819142	1.941424	0.000000	160.760567
-19.402319	158.914114	1.951473	0.000000	160.865587
-19.377313	159.009085	1.961522	0.000000	160.970607
-19.352308	159.095018	1.971770	0.000000	161.066788
-19.327302	159.165260	1.982363	0.000000	161.147623
-19.302297	159.235500	1.992957	0.000000	161.228457
-19.277292	159.305740	2.003550	0.000000	161.309290
-19.252286	159.375978	2.014143	0.000000	161.390121
-19.227281	159.446215	2.024737	0.000000	161.470952
-19.202275	159.516451	2.035330	0.000000	161.551781
-19.177270	159.586686	2.045924	0.000000	161.632610
-19.152264	159.656920	2.056517	0.000000	161.713437
-19.127259	159.727153	2.067110	0.000000	161.794263
-19.102254	159.787162	2.077899	0.000000	161.865061
-19.077248	159.829589	2.089022	0.000000	161.918611
-19.052243	159.872016	2.100145	0.000000	161.972161
-19.027237	159.914443	2.111268	0.000000	162.025712
-19.002232	159.956871	2.122392	0.000000	162.079263
-18.977226	159.999299	2.133515	0.000000	162.132814
-18.952221	160.041728	2.144638	0.000000	162.186366
-18.927216	160.084157	2.155762	0.000000	162.239919
-18.902210	160.126587	2.166885	0.000000	162.293471
-18.877205	160.169016	2.178008	0.000000	162.347024
-18.852199	160.203777	2.188953	0.000000	162.392731
-18.827194	160.225466	2.199595	0.000000	162.425061
-18.802188	160.247156	2.210236	0.000000	162.457393
-18.777183	160.268848	2.220878	0.000000	162.489725
-18.752178	160.290540	2.231519	0.000000	162.522059
-18.727172	160.312233	2.242161	0.000000	162.554394
-18.702167	160.333927	2.252802	0.000000	162.586730
-18.677161	160.355623	2.263444	0.000000	162.619067
-18.652156	160.377319	2.274085	0.000000	162.651405
-18.627150	160.399017	2.284727	0.000000	162.683744
-18.602145	160.412919	2.296005	0.000000	162.708924
-18.577140	160.413651	2.308358	0.000000	162.722009
-18.552134	160.414382	2.320711	0.000000	162.735093
-18.527129	160.415112	2.333063	0.000000	162.748175
-18.502123	160.415841	2.345416	0.000000	162.761257
-18.477118	160.416568	2.357769	0.000000	162.774337
-18.452112	160.417295	2.370122	0.000000	162.787417
-18.427107	160.418020	2.382475	0.000000	162.800495
-18.402101	160.418745	2.394828	0.000000	162.813572
-18.377096	160.419468	2.407180	0.000000	162.826648
-18.352091	160.425630	2.420764	0.000000	162.846393
-18.327085	160.440898	2.436407	0.000000	162.877305
-18.302080	160.456167	2.452050	0.000000	162.908216
-18.277074	160.471435	2.467693	0.000000	162.939128
-18.252069	160.486703	2.483336	0.000000	162.970039
-18.227063	160.501972	2.498979	0.000000	163.000950
-18.202058	160.517240	2.514622	0.000000	163.031862
-18.177053	160.532508	2.530265	0.000000	163.062773
-18.152047	160.547777	2.545908	0.000000	163.093685
-18.127042	160.563045	2.561551	0.000000	163.124596
-18.102036	160.583084	2.577387	0.000000	163.160471
-18.077031	160.611038	2.593542	0.000000	163.204580
-18.052025	160.638992	2.609697	0.000000	163.248689
-18.027020	160.666947	2.625852	0.000000	163.292798
-18.002015	160.694901	2.642007	0.000000	163.336908
-17.977009	160.722855	2.658162	0.000000	163.381017
-17.952004	160.750809	2.674317	0.000000	163.425126
-17.926998	160.778764	2.690472	0.000000	163.469235
-17.901993	160.806718	2.706627	0.000000	163.513345
-17.876987	160.834672	2.722782	0.000000	163.557454
-17.851982	160.859818	2.739167	0.020941	163.619926
-17.826977	160.880346	2.755930	0.076318	163.712594
-17.801971	160.900875	2.772693	0.131694	163.805263
-17.776966	160.921404	2.789457	0.187071	163.897932
-17.751960	160.941934	2.806220	0.242448	163.990602
-17.726955	160.962464	2.822983	0.297825	164.083272
-17.701949	160.982994	2.839747	0.353201	164.175942
-17.676944	161.003525	2.856510	0.408578	164.268613
-17.651939	161.024056	2.873273	0.463955	164.361284
-17.626933	161.044588	2.890036	0.519332	164.453956
-17.601928	161.062184	2.906794	0.554659	164.523637
-17.576922	161.074997	2.923541	0.557310	164.555848
-17.551917	161.087811	2.940288	0.559960	164.588059
-17.526911	161.100625	2.957035	0.562611	164.620272
-17.501906	161.113440	2.973783	0.565261	164.652484
-17.476901	161.126256	2.990530	0.567912	164.684698
-17.451895	161.139073	3.007277	0.570562	164.716912
-17.426890	161.151890	3.024024	0.573213	164.749127
-17.401884	161.164708	3.040771	0.575864	164.781342
-17.376879	161.177526	3.057518	0.578514	164.813558
-17.351873	161.186541	3.074075	0.581165	164.841781
-17.326868	161.189410	3.090325	0.583816	164.863551
-17.301862	161.192277	3.106575	0.586467	164.885320
-17.276857	161.195145	3.122826	0.589119	164.907089
-17.251852	161.198011	3.139076	0.591770	164.928857
-17.226846	161.200877	3.155326	0.594421	164.950624
-17.201841	161.203741	3.171576	0.597072	164.972390
-17.176835	161.206606	3.187827	0.599724	164.994156
-17.151830	161.209469	3.204077	0.602375	165.015921
-17.126824	161.212331	3.220327	0.605026	165.037685
-17.101819	161.208313	3.237217	0.607681	165.053212
-17.076814	161.193280	3.255132	0.610341	165.058752
-17.051808	161.178246	3.273046	0.613001	165.064293
-17.026803	161.163214	3.290961	0.615660	165.069835
-17.001797	161.148181	3.308875	0.618320	165.075377
-16.976792	161.133150	3.326790	0.620980	165.080919
-16.951786	161.118118	3.344704	0.623640	165.086462
-16.926781	161.103087	3.362619	0.626300	165.092006
-16.901776	161.088056	3.380533	0.628960	165.097549
-16.876770	161.073026	3.398448	0.631620	165.103093
-16.851765	161.064333	3.417158	0.634980	165.116471
-16.826759	161.065694	3.437131	0.639453	165.142278
-16.801754	161.067055	3.457104	0.643925	165.168084
-16.776748	161.068417	3.477076	0.648396	165.193889
-16.751743	161.069778	3.497048	0.652867	165.219693
-16.726738	161.071139	3.517020	0.657338	165.245497
-16.701732	161.072500	3.536991	0.661808	165.271299
-16.676727	161.073861	3.556961	0.666278	165.297100
-16.651721	161.075222	3.576932	0.670747	165.322901
-16.626716	161.076583	3.596901	0.675216	165.348700
-16.601710	161.082450	3.617350	0.679267	165.379067
-16.576705	161.095404	3.638552	0.682662	165.416618
-16.551700	161.108356	3.659754	0.686058	165.454168
-16.526694	161.121309	3.680956	0.689454	165.491719
-16.501689	161.134260	3.702158	0.692851	165.529269
-16.476683	161.147211	3.723360	0.696248	165.566819
-16.451678	161.160161	3.744562	0.699646	165.604369
-16.426672	161.173111	3.765764	0.703044	165.641919
-16.401667	161.186059	3.786967	0.706442	165.679468
-16.376662	161.199007	3.808169	0.709841	165.717017
-16.351656	161.210553	3.830300	0.713192	165.754045
-16.326651	161.219913	3.853881	0.716466	165.790260
-16.301645	161.229275	3.877462	0.719740	165.826477
-16.276640	161.238637	3.901044	0.723014	165.862695
-16.251634	161.248001	3.924626	0.726288	165.898914
-16.226629	161.257365	3.948208	0.729562	165.935136
-16.201623	161.266731	3.971791	0.732836	165.971358
-16.176618	161.276098	3.995374	0.736110	166.007582
-16.151613	161.285466	4.018958	0.739384	166.043808
-16.126607	161.294835	4.042542	0.742658	166.080035
-16.101602	161.301881	4.066310	0.746229	166.114420
-16.076596	161.305336	4.090363	0.750256	166.145955
-16.051591	161.308790	4.114416	0.754283	166.177489
-16.026585	161.312243	4.138469	0.758311	166.209023
-16.001580	161.315695	4.162523	0.762338	166.240556
-15.976575	161.319147	4.186576	0.766366	166.272088
-15.951569	161.322598	4.210629	0.770393	166.303620
-15.926564	161.326048	4.234682	0.774421	166.335151
-15.901558	161.329497	4.258736	0.778448	166.366681
-15.876553	161.332946	4.282789	0.782475	166.398210
-15.851547	161.332698	4.307290	0.786205	166.426193
-15.826542	161.326789	4.332477	0.789479	166.448746
-15.801537	161.320881	4.357664	0.792754	166.471299
-15.776531	161.314974	4.382851	0.796028	166.493853
-15.751526	161.309067	4.408038	0.799302	166.516407
-15.726520	161.303161	4.433225	0.802576	166.538962
-15.701515	161.297256	4.458412	0.805850	166.561518
-15.676509	161.291352	4.483598	0.809124	166.584074
-15.651504	161.285448	4.508785	0.812398	166.606632
-15.626499	161.279545	4.533972	0.815672	166.629189
-15.601493	161.267298	4.559162	0.818961	166.645422
-15.576488	161.245418	4.584358	0.822273	166.652049
-15.551482	161.223538	4.609554	0.825584	166.658676
-15.526477	161.201658	4.634750	0.828895	166.665304
-15.501471	161.179779	4.659946	0.832207	166.671932
-15.476466	161.157900	4.685142	0.835518	166.678560
-15.451461	161.136021	4.710338	0.838830	166.685189
-15.426455	161.114143	4.735534	0.842141	166.691818
-15.401450	161.092265	4.760730	0.845452	166.698448
-15.376444	161.070387	4.785926	0.848764	166.705077
-15.351439	161.048350	4.812175	0.852873	166.713398
-15.326433	161.026071	4.840007	0.858183	166.724262
-15.301428	161.003792	4.867839	0.863494	166.735125
-15.276423	160.981512	4.895671	0.868804	166.745987
-15.251417	160.959231	4.923502	0.874115	166.756848
-15.226412	160.936949	4.951333	0.879425	166.767707
-15.201406	160.914667	4.979163	0.884736	166.778565
-15.176401	160.892384	5.006993	0.890046	166.789423
-15.151395	160.870100	5.034822	0.895356	166.800279
-15.126390	160.847815	5.062652	0.900667	166.811134
-15.101384	160.832074	5.090968	0.905940	166.828981
-15.076379	160.826096	5.120012	0.911157	166.857264
-15.051374	160.820117	5.149055	0.916374	166.885547
-15.026368	160.814138	5.178099	0.921591	166.913829
-15.001363	160.808159	5.207143	0.926809	166.942111
-14.976357	160.802179	5.236187	0.932026	166.970392
-14.951352	160.796199	5.265231	0.937243	166.998673
-14.926346	160.790219	5.294275	0.942460	167.026954
-14.901341	160.784238	5.323319	0.947677	167.055234
-14.876336	160.778257	5.352363	0.952895	167.083515
-14.851330	160.775160	5.381455	0.958435	167.115051
-14.826325	160.776331	5.410619	0.964454	167.151403
-14.801319	160.777502	5.439782	0.970472	167.187756
-14.776314	160.778673	5.468946	0.976491	167.224110
-14.751308	160.779843	5.498111	0.982509	167.260463
-14.726303	160.781014	5.527276	0.988528	167.296818
-14.701298	160.782185	5.556441	0.994546	167.333172
-14.676292	160.783356	5.585607	1.000565	167.369527
-14.651287	160.784527	5.614773	1.006584	167.405883
-14.626281	160.785697	5.643939	1.012602	167.442239
-14.601276	160.785666	5.673533	1.018583	167.477781
-14.576270	160.783873	5.703751	1.024507	167.512131
-14.551265	160.782080	5.733969	1.030432	167.546481
-14.526260	160.780288	5.764187	1.036357	167.580831
-14.501254	160.778496	5.794405	1.042281	167.615181
-14.476249	160.776704	5.824623	1.048206	167.649532
-14.451243	160.774913	5.854840	1.054131	167.683883
-14.426238	160.773122	5.885058	1.060055	167.718235
-14.401232	160.771331	5.915276	1.065980	167.752587
-14.376227	160.769541	5.945493	1.071904	167.786939
-14.351222	160.763793	5.976616	1.077833	167.818242
-14.326216	160.752292	6.009053	1.083767	167.845112
-14.301211	160.740791	6.041490	1.089701	167.871982
-14.276205	160.729291	6.073927	1.095635	167.898853
-14.251200	160.717791	6.106364	1.101569	167.925724
-14.226194	160.706291	6.138801	1.107503	167.952595
-14.201189	160.694792	6.171238	1.113437	167.979467
-14.176184	160.683293	6.203676	1.119371	168.006339
-14.151178	160.671795	6.236113	1.125304	168.033212
-14.126173	160.660297	6.268550	1.131238	168.060085
-14.101167	160.647142	6.301237	1.137458	168.085837
-14.076162	160.631600	6.334283	1.144089	168.109972
-14.051156	160.616057	6.367329	1.150721	168.134107
-14.026151	160.600514	6.400375	1.157352	168.158242
-14.001145	160.584971	6.433422	1.163984	168.182377
-13.976140	160.569427	6.466468	1.170615	168.206511
-13.951135	160.553883	6.499515	1.177246	168.230644
-13.926129	160.538338	6.532561	1.183878	168.254777
-13.901124	160.522793	6.565608	1.190509	168.278910
-13.876118	160.507248	6.598654	1.197141	168.303043
-13.851113	160.486165	6.632170	1.203500	168.321835
-13.826107	160.457170	6.666357	1.209471	168.332999
-13.801102	160.428176	6.700545	1.215443	168.344163
-13.776097	160.399182	6.734732	1.221414	168.355327
-13.751091	160.370187	6.768919	1.227385	168.366491
-13.726086	160.341193	6.803105	1.233356	168.377655
-13.701080	160.312199	6.837292	1.239328	168.388819
-13.676075	160.283205	6.871479	1.245299	168.399983
-13.651069	160.254210	6.905666	1.251270	168.411147
-13.626064	160.225216	6.939853	1.257241	168.422311
-13.601059	160.191797	6.975511	1.264037	168.431345
-13.576053	160.152113	7.013252	1.271999	168.437364
-13.551048	160.112428	7.050992	1.279962	168.443382
-13.526042	160.072744	7.088732	1.287924	168.449400
-13.501037	160.033061	7.126470	1.295886	168.455417
-13.476031	159.993377	7.164208	1.303849	168.461434
-13.451026	159.953694	7.201945	1.311811	168.467451
-13.426021	159.914012	7.239682	1.319773	168.473467
-13.401015	159.874329	7.277417	1.327736	168.479482
-13.376010	159.834647	7.315152	1.335698	168.485497
-13.351004	159.804677	7.353780	1.343645	168.502102
-13.325999	159.788339	7.393665	1.351568	168.533572
-13.300993	159.772001	7.433550	1.359492	168.565043
-13.275988	159.755662	7.473435	1.367415	168.596513
-13.250983	159.739323	7.513320	1.375339	168.627982
-13.225977	159.722982	7.553206	1.383263	168.659452
-13.200972	159.706641	7.593093	1.391186	168.690921
-13.175966	159.690300	7.632980	1.399110	168.722389
-13.150961	159.673957	7.672867	1.407034	168.753858
-13.125955	159.657614	7.712754	1.414957	168.785326
-13.100950	159.649691	7.753265	1.422897	168.825853
-13.075945	159.653487	7.794643	1.430860	168.878990
-13.050939	159.657283	7.836020	1.438822	168.932126
-13.025934	159.661079	7.877398	1.446784	168.985262
-13.000928	159.664875	7.918776	1.454747	169.038397
-12.975923	159.668670	7.960153	1.462709	169.091532
-12.950917	159.672465	8.001531	1.470672	169.144667
-12.925912	159.676259	8.042908	1.478634	169.197801
-12.900906	159.680053	8.084286	1.486596	169.250935
-12.875901	159.683847	8.125663	1.494559	169.304069
-12.850896	159.686615	8.167965	1.503638	169.358219
-12.825890	159.687968	8.211544	1.514260	169.413772
-12.800885	159.689321	8.255123	1.524881	169.469326
-12.775879	159.690674	8.298702	1.535503	169.524879
-12.750874	159.692027	8.342281	1.546125	169.580432
-12.725868	159.693380	8.385860	1.556746	169.635986
-12.700863	159.694733	8.429439	1.567368	169.691539
-12.675858	159.696086	8.473018	1.577989	169.747093
-12.650852	159.697439	8.516597	1.588611	169.802647
-12.625847	159.698792	8.560177	1.599232	169.858200
-12.600841	159.696283	8.604975	1.610093	169.911351
-12.575836	159.688491	8.651442	1.621283	169.961215
-12.550830	159.680700	8.697909	1.632472	170.011080
-12.525825	159.672908	8.744375	1.643661	170.060944
-12.500820	159.665118	8.790842	1.654850	170.110809
-12.475814	159.657327	8.837308	1.666039	170.160675
-12.450809	159.649537	8.883775	1.677228	170.210541
-12.425803	159.641748	8.930242	1.688417	170.260407
-12.400798	159.633958	8.976708	1.699607	170.310273
-12.375792	159.626170	9.023175	1.710796	170.360140
-12.350787	159.616973	9.071810	1.721740	170.410524
-12.325782	159.605868	9.123388	1.732352	170.461608
-12.300776	159.594762	9.174966	1.742965	170.512693
-12.275771	159.583657	9.226544	1.753577	170.563778
-12.250765	159.572553	9.278122	1.764189	170.614864
-12.225760	159.561449	9.329700	1.774801	170.665950
-12.200754	159.550345	9.381278	1.785414	170.717036
-12.175749	159.539241	9.432856	1.796026	170.768122
-12.150744	159.528138	9.484433	1.806638	170.819209
-12.125738	159.517035	9.536011	1.817250	170.870296
-12.100733	159.507113	9.591210	1.828430	170.926753
-12.075727	159.498778	9.651278	1.840373	170.990430
-12.050722	159.490443	9.711347	1.852317	171.054106
-12.025716	159.482107	9.771416	1.864260	171.117782
-12.000711	159.473771	9.831484	1.876203	171.181458
-11.975706	159.465435	9.891553	1.888146	171.245134
-11.950700	159.457098	9.951621	1.900089	171.308808
-11.925695	159.448761	10.011690	1.912033	171.372483
-11.900689	159.440423	10.071758	1.923976	171.436157
-11.875684	159.432085	10.131827	1.935919	171.499831
-11.850678	159.424068	10.199348	1.947866	171.571282
-11.825673	159.416478	10.276806	1.959818	171.653102
-11.800667	159.408887	10.354264	1.971770	171.734921
-11.775662	159.401297	10.431721	1.983721	171.816739
-11.750657	159.393706	10.509177	1.995673	171.898556
-11.725651	159.386114	10.586634	2.007625	171.980373
-11.700646	159.378522	10.664090	2.019577	172.062189
-11.675640	159.370930	10.741546	2.031529	172.144004
-11.650635	159.363338	10.819001	2.043480	172.225819
-11.625629	159.355745	10.896456	2.055432	172.307633
-11.600624	159.346789	10.989428	2.067953	172.404170
-11.575619	159.336032	11.102911	2.081226	172.520169
-11.550613	159.325276	11.216395	2.094498	172.636170
-11.525608	159.314520	11.329880	2.107771	172.752171
-11.500602	159.303764	11.443366	2.121044	172.868174
-11.475597	159.293009	11.556853	2.134317	172.984179
-11.450591	159.282254	11.670340	2.147590	173.100184
-11.425586	159.271499	11.783829	2.160862	173.216190
-11.400581	159.260745	11.897318	2.174135	173.332198
-11.375575	159.249991	12.010808	2.187408	173.448207
-11.350570	159.242756	12.159488	2.200952	173.603196
-11.325564	159.240132	12.354286	2.214851	173.809270
-11.300559	159.237508	12.549084	2.228751	174.015343
-11.275553	159.234884	12.743881	2.242650	174.221415
-11.250548	159.232259	12.938677	2.256550	174.427487
-11.225543	159.229634	13.133474	2.270450	174.633557
-11.200537	159.227009	13.328269	2.284349	174.839627
-11.175532	159.224383	13.523065	2.298249	175.045696
-11.150526	159.221757	13.717859	2.312149	175.251765
-11.125521	159.219130	13.912654	2.326048	175.457832
-11.100515	159.220850	14.201274	2.340515	175.762640
-11.075510	159.228219	14.611813	2.355718	176.195751
-11.050505	159.235589	15.022350	2.370922	176.628861
-11.025499	159.242959	15.432886	2.386125	177.061970
-11.000494	159.250330	15.843420	2.401329	177.495079
-10.975488	159.257702	16.253953	2.416532	177.928187
-10.950483	159.265074	16.664485	2.431735	178.361294
-10.925477	159.272447	17.075015	2.446939	178.794401
-10.900472	159.279821	17.485544	2.462142	179.227507
-10.875467	159.287196	17.896072	2.477345	179.660613
-10.850461	159.295604	18.702087	2.493737	180.491428
-10.825456	159.305343	20.017630	2.511660	181.834633
-10.800450	159.315081	21.333177	2.529583	183.177841
-10.775445	159.324819	22.648728	2.547506	184.521053
-10.750439	159.334557	23.964283	2.565429	185.864269
-10.725434	159.344294	25.279842	2.583352	187.207488
-10.700428	159.354031	26.595405	2.601275	188.550711
-10.675423	159.363768	27.910971	2.619198	189.893937
-10.650418	159.373504	29.226542	2.637121	191.237167
-10.625412	159.383240	30.542117	2.655044	192.580401
-10.600407	159.390725	34.432131	2.673527	196.496383
-10.575401	159.395336	41.610704	2.692724	203.698764
-10.550396	159.399947	48.789275	2.711922	210.901144
-10.525390	159.404558	55.967845	2.731119	218.103522
-10.500385	159.409170	63.146413	2.750317	225.305899
-10.475380	159.413782	70.324978	2.769514	232.508274
-10.450374	159.418394	77.503542	2.788712	239.710648
-10.425369	159.423007	84.682104	2.807909	246.913021
-10.400363	159.427620	91.860665	2.827107	254.115391
-10.375358	159.432233	99.039223	2.846304	261.317761
-10.350352	159.432899	105.742532	2.865231	268.040662
-10.325347	159.428565	111.843918	2.883815	274.156297
-10.300342	159.424230	117.945305	2.902399	280.271934
-10.275336	159.419897	124.046691	2.920982	286.387570
-10.250331	159.415563	130.148078	2.939566	292.503208
-10.225325	159.411230	136.249465	2.958150	298.618845
-10.200320	159.406897	142.350852	2.976734	304.734484
-10.175314	159.402565	148.452239	2.995318	310.850122
-10.150309	159.398233	154.553626	3.013902	316.965762
-10.125304	159.393902	160.655014	3.032486	323.081401
-10.100298	159.385741	164.552106	3.051931	326.989779
-10.075293	159.372773	165.681052	3.072458	328.126283
-10.050287	159.359804	166.809999	3.092985	329.262788
-10.025282	159.346835	167.938946	3.113512	330.399294
-10.000276	159.333867	169.067894	3.134039	331.535800
-9.975271	159.320898	170.196843	3.154566	332.672307
-9.950266	159.307929	171.325792	3.175093	333.808815
-9.925260	159.294960	172.454743	3.195620	334.945324
-9.900255	159.281992	173.583694	3.216147	336.081833
-9.875249	159.269023	174.712646	3.236674	337.218343
-9.850244	159.253699	175.488092	3.257222	337.999014
-9.825238	159.235442	175.823368	3.277797	338.336607
-9.800233	159.217184	176.158642	3.298371	338.674197
-9.775228	159.198926	176.493913	3.318945	339.011784
-9.750222	159.180667	176.829182	3.339520	339.349369
-9.725217	159.162407	177.164449	3.360094	339.686951
-9.700211	159.144147	177.499714	3.380668	340.024529
-9.675206	159.125886	177.834977	3.401243	340.362105
-9.650200	159.107624	178.170237	3.421817	340.699679
-9.625195	159.089362	178.505496	3.442391	341.037249
-9.600189	159.070140	178.753790	3.463282	341.287212
-9.575184	159.049735	178.894720	3.484564	341.429018
-9.550179	159.029329	179.035650	3.505846	341.570825
-9.525173	159.008924	179.176581	3.527128	341.712633
-9.500168	158.988518	179.317513	3.548409	341.854441
-9.475162	158.968113	179.458446	3.569691	341.996250
-9.450157	158.947707	179.599380	3.590973	342.138060
-9.425151	158.927302	179.740315	3.612255	342.279871
-9.400146	158.906896	179.881251	3.633536	342.421683
-9.375141	158.886490	180.022187	3.654818	342.563496
-9.350135	158.864354	180.129619	3.676662	342.670635
-9.325130	158.840098	180.196037	3.699195	342.735330
-9.300124	158.815842	180.262454	3.721728	342.800024
-9.275119	158.791586	180.328872	3.744260	342.864718
-9.250113	158.767330	180.395289	3.766793	342.929412
-9.225108	158.743074	180.461706	3.789326	342.994106
-9.200103	158.718818	180.528124	3.811859	343.058800
-9.175097	158.694562	180.594541	3.834392	343.123495
-9.150092	158.670306	180.660958	3.856925	343.188189
-9.125086	158.646050	180.727375	3.879457	343.252883
-9.100081	158.617121	180.774035	3.902296	343.293452
-9.075075	158.582518	180.796712	3.925507	343.304737
-9.050070	158.547916	180.819390	3.948717	343.316022
-9.025065	158.513314	180.842067	3.971927	343.327308
-9.000059	158.478712	180.864744	3.995138	343.338594
-8.975054	158.444111	180.887422	4.018348	343.349881
-8.950048	158.409510	180.910099	4.041558	343.361167
-8.925043	158.374909	180.932777	4.064768	343.372455
-8.900037	158.340309	180.955454	4.087978	343.383742
-8.875032	158.305709	180.978132	4.111188	343.395030
-8.850027	158.274206	180.996837	4.136237	343.407280
-8.825021	158.246430	181.010759	4.163500	343.420689
-8.800016	158.218653	181.024682	4.190762	343.434097
-8.775010	158.190876	181.038605	4.218024	343.447505
-8.750005	158.163098	181.052528	4.245287	343.460913
-8.724999	158.135320	181.066451	4.272549	343.474320
-8.699994	158.107542	181.080374	4.299811	343.487727
-8.674989	158.079763	181.094296	4.327074	343.501133
-8.649983	158.051984	181.108219	4.354336	343.514539
-8.624978	158.024204	181.122142	4.381598	343.527945
-8.599972	158.010207	181.149159	4.410313	343.569679
-8.574967	158.012659	181.191801	4.440761	343.645221
-8.549961	158.015110	181.234443	4.471209	343.720762
-8.524956	158.017562	181.277085	4.501656	343.796304
-8.499950	158.020013	181.319727	4.532104	343.871845
-8.474945	158.022465	181.362369	4.562552	343.947386
-8.449940	158.024916	181.405011	4.593000	344.022928
-8.424934	158.027368	181.447653	4.623448	344.098469
-8.399929	158.029819	181.490295	4.653896	344.174010
-8.374923	158.032271	181.532936	4.684344	344.249552
-8.349918	158.039823	181.579415	4.715430	344.334669
-8.324912	158.053411	181.630435	4.747272	344.431118
-8.299907	158.066999	181.681454	4.779113	344.527567
-8.274902	158.080588	181.732474	4.810955	344.624017
-8.249896	158.094177	181.783494	4.842796	344.720467
-8.224891	158.107767	181.834513	4.874637	344.816917
-8.199885	158.121356	181.885533	4.906478	344.913368
-8.174880	158.134947	181.936553	4.938320	345.009819
-8.149874	158.148537	181.987572	4.970161	345.106270
-8.124869	158.162128	182.038592	5.002002	345.202722
-8.099864	158.171436	182.082714	5.034560	345.288709
-8.074858	158.175716	182.118743	5.067958	345.362418
-8.049853	158.179998	182.154772	5.101358	345.436127
-8.024847	158.184279	182.190800	5.134758	345.509837
-7.999842	158.188561	182.226829	5.168158	345.583548
-7.974836	158.192844	182.262857	5.201559	345.657260
-7.949831	158.197126	182.298886	5.234960	345.730972
-7.924826	158.201409	182.334914	5.268362	345.804686
-7.899820	158.205693	182.370943	5.301764	345.878400
-7.874815	158.209977	182.406971	5.335167	345.952115
-7.849809	158.209572	182.436237	5.369179	346.014988
-7.824804	158.203711	182.457634	5.403900	346.065245
-7.799798	158.197850	182.479031	5.438621	346.115502
-7.774793	158.191989	182.500427	5.473343	346.165759
-7.749788	158.186128	182.521823	5.508066	346.216016
-7.724782	158.180266	182.543218	5.542788	346.266272
-7.699777	158.174404	182.564613	5.577512	346.316529
-7.674771	158.168541	182.586008	5.612235	346.366785
-7.649766	158.162679	182.607402	5.646959	346.417040
-7.624760	158.156816	182.628796	5.681684	346.467296
-7.599755	158.148153	182.645780	5.718577	346.512510
-7.574750	158.136261	182.657677	5.757969	346.551908
-7.549744	158.124370	182.669575	5.797361	346.591306
-7.524739	158.112479	182.681472	5.836752	346.630703
-7.499733	158.100588	182.693370	5.876142	346.670101
-7.474728	158.088698	182.705269	5.915531	346.709498
-7.449722	158.076808	182.717167	5.954919	346.748894
-7.424717	158.064918	182.729067	5.994306	346.788291
-7.399711	158.053029	182.740966	6.033693	346.827688
-7.374706	158.041140	182.752866	6.073078	346.867084
-7.349701	158.028164	182.762974	6.115269	346.906407
-7.324695	158.013945	182.771030	6.160671	346.945646
-7.299690	157.999726	182.779086	6.206073	346.984885
-7.274684	157.985506	182.787142	6.251476	347.024124
-7.249679	157.971286	182.795197	6.296879	347.063362
-7.224673	157.957066	182.803252	6.342283	347.102601
-7.199668	157.942845	182.811307	6.387687	347.141839
-7.174663	157.928624	182.819361	6.433092	347.181077
-7.149657	157.914402	182.827414	6.478497	347.220314
-7.124652	157.900181	182.835468	6.523903	347.259552
-7.099646	157.885407	182.842035	6.572774	347.300216
-7.074641	157.870008	182.846916	6.625576	347.342500
-7.049635	157.854610	182.851796	6.678379	347.384785
-7.024630	157.839212	182.856677	6.731182	347.427071
-6.999625	157.823814	182.861558	6.783985	347.469357
-6.974619	157.808416	182.866439	6.836789	347.511645
-6.949614	157.793019	182.871320	6.889594	347.553933
-6.924608	157.777622	182.876201	6.942399	347.596222
-6.899603	157.762226	182.881082	6.995204	347.638512
-6.874597	157.746830	182.885963	7.048010	347.680803
-6.849592	157.731343	182.890132	7.109424	347.730898
-6.824587	157.715754	182.893501	7.180518	347.789772
-6.799581	157.700165	182.896869	7.251612	347.848646
-6.774576	157.684576	182.900239	7.322705	347.907520
-6.749570	157.668987	182.903608	7.393798	347.966393
-6.724565	157.653398	182.906978	7.464891	348.025267
-6.699559	157.637808	182.910348	7.535983	348.084140
-6.674554	157.622219	182.913719	7.607074	348.143013
-6.649549	157.606630	182.917090	7.678165	348.201885
-6.624543	157.591041	182.920462	7.749255	348.260758
-6.599538	157.575701	182.923495	7.837734	348.336930
-6.574532	157.560638	182.926151	7.945609	348.432398
-6.549527	157.545575	182.928808	8.053483	348.527865
-6.524521	157.530512	182.931464	8.161356	348.623332
-6.499516	157.515449	182.934120	8.269229	348.718798
-6.474511	157.500386	182.936776	8.377102	348.814264
-6.449505	157.485323	182.939433	8.484974	348.909730
-6.424500	157.470260	182.942089	8.592846	349.005195
-6.399494	157.455197	182.944746	8.700717	349.100660
-6.374489	157.440134	182.947402	8.808588	349.196125
-6.349483	157.426254	182.950211	8.954693	349.331158
-6.324478	157.413681	182.953188	9.143087	349.509956
-6.299472	157.401107	182.956165	9.331481	349.688753
-6.274467	157.388534	182.959142	9.519875	349.867551
-6.249462	157.375961	182.962118	9.708268	350.046348
-6.224456	157.363388	182.965094	9.896662	350.225144
-6.199451	157.350815	182.968069	10.085056	350.403940
-6.174445	157.338242	182.971044	10.273450	350.582736
-6.149440	157.325669	182.974019	10.461844	350.761532
-6.124434	157.313095	182.976993	10.650238	350.940327
-6.099429	157.301996	182.980832	10.937952	351.220780
-6.074424	157.292514	182.985619	11.334595	351.612729
-6.049418	157.283032	182.990407	11.731241	352.004681
-6.024413	157.273551	182.995195	12.127890	352.396636
-5.999407	157.264070	182.999982	12.524542	352.788594
-5.974402	157.254589	183.004769	12.921196	353.180554
-5.949396	157.245109	183.009557	13.317852	353.572518
-5.924391	157.235629	183.014344	13.714511	353.964484
-5.899386	157.226149	183.019132	14.111173	354.356454
-5.874380	157.216670	183.023919	14.507837	354.748426
-5.849375	157.206082	183.027084	15.269856	355.503023
-5.824369	157.194289	183.028486	16.429220	356.651995
-5.799364	157.182495	183.029887	17.588589	357.800972
-5.774358	157.170703	183.031289	18.747962	358.949954
-5.749353	157.158912	183.032690	19.907340	360.098942
-5.724348	157.147121	183.034092	21.066722	361.247934
-5.699342	157.135330	183.035493	22.226109	362.396933
-5.674337	157.123541	183.036895	23.385500	363.545936
-5.649331	157.111752	183.038296	24.544896	364.694945
-5.624326	157.099964	183.039697	25.704297	365.843959
-5.599320	157.079403	183.030009	29.020248	369.129660
-5.574315	157.049380	183.008360	34.661892	374.719632
-5.549310	157.019357	182.986711	40.303533	380.309600
-5.524304	156.989332	182.965062	45.945169	385.899563
-5.499299	156.959307	182.943413	51.586801	391.489520
-5.474293	156.929281	182.921764	57.228428	397.079473
-5.449288	156.899254	182.900115	62.870052	402.669421
-5.424282	156.869227	182.878466	68.511671	408.259364
-5.399277	156.839199	182.856817	74.153287	413.849302
-5.374272	156.809170	182.835168	79.794898	419.439235
-5.349266	156.770182	182.801577	87.896400	427.468159
-5.324261	156.721614	182.755217	98.628496	438.105327
-5.299255	156.673046	182.708858	109.360584	448.742488
-5.274250	156.624478	182.662500	120.092663	459.379641
-5.249244	156.575910	182.616142	130.824735	470.016787
-5.224239	156.527342	182.569785	141.556798	480.653926
-5.199233	156.478774	182.523429	152.288853	491.291057
-5.174228	156.430207	182.477074	163.020899	501.928180
-5.149223	156.381639	182.430720	173.752937	512.565296
-5.124217	156.333071	182.384367	184.484967	523.202405
-5.099212	156.285409	182.338728	190.892440	529.516577
-5.074206	156.238706	182.293847	192.714007	531.246561
-5.049201	156.192004	182.248966	194.535575	532.976546
-5.024195	156.145302	182.204085	196.357144	534.706530
-4.999190	156.098599	182.159203	198.178713	536.436515
-4.974185	156.051897	182.114320	200.000283	538.166500
-4.949179	156.005195	182.069438	201.821853	539.896486
-4.924174	155.958493	182.024555	203.643424	541.626471
-4.899168	155.911790	181.979671	205.464996	543.356457
-4.874163	155.865088	181.934787	207.286568	545.086443
-4.849157	155.821906	181.894213	208.455005	546.171125
-4.824152	155.782426	181.858171	208.936642	546.577240
-4.799147	155.742946	181.822130	209.418283	546.983358
-4.774141	155.703466	181.786088	209.899927	547.389481
-4.749136	155.663986	181.750046	210.381576	547.795608
-4.724130	155.624506	181.714004	210.863229	548.201740
-4.699125	155.585026	181.677963	211.344887	548.607875
-4.674119	155.545546	181.641921	211.826548	549.014014
-4.649114	155.506066	181.605879	212.308213	549.420158
-4.624109	155.466585	181.569837	212.789883	549.826305
-4.599103	155.427367	181.533656	213.119545	550.080569
-4.574098	155.388422	181.497330	213.290699	550.176451
-4.549092	155.349475	181.461004	213.461852	550.272332
-4.524087	155.310529	181.424677	213.633004	550.368210
-4.499081	155.271581	181.388350	213.804155	550.464086
-4.474076	155.232632	181.352022	213.975305	550.559959
-4.449071	155.193683	181.315694	214.146454	550.655831
-4.424065	155.154733	181.279365	214.317602	550.751700
-4.399060	155.115783	181.243036	214.488749	550.847568
-4.374054	155.076832	181.206707	214.659894	550.943433
-4.349049	155.037879	181.169718	214.776487	550.984085
-4.324043	154.998927	181.132049	214.836670	550.967646
-4.299038	154.959974	181.094380	214.896853	550.951207
-4.274033	154.921022	181.056710	214.957035	550.934767
-4.249027	154.882069	181.019041	215.017216	550.918326
-4.224022	154.843116	180.981372	215.077396	550.901884
-4.199016	154.804164	180.943703	215.137575	550.885441
-4.174011	154.765211	180.906033	215.197753	550.868997
-4.149005	154.726258	180.868364	215.257930	550.852552
-4.124000	154.687305	180.830695	215.318106	550.836106
-4.098994	154.657242	180.803388	215.368587	550.829217
-4.073989	154.636293	180.786707	215.409128	550.832128
-4.048984	154.615344	180.770026	215.449670	550.835041
-4.023978	154.594395	180.753346	215.490214	550.837955
-3.998973	154.573446	180.736666	215.530758	550.840870
-3.973967	154.552498	180.719986	215.571303	550.843786
-3.948962	154.531549	180.703306	215.611849	550.846705
-3.923956	154.510600	180.686628	215.652396	550.849624
-3.898951	154.489652	180.669949	215.692944	550.852545
-3.873946	154.468703	180.653271	215.733493	550.855467
-3.848940	154.454593	180.644091	215.772619	550.871303
-3.823935	154.447437	180.642536	215.810296	550.900269
-3.798929	154.440281	180.640981	215.847975	550.929236
-3.773924	154.433125	180.639426	215.885653	550.958204
-3.748918	154.425970	180.637871	215.923333	550.987173
-3.723913	154.418815	180.636315	215.961012	551.016143
-3.698908	154.411660	180.634760	215.998693	551.045113
-3.673902	154.404506	180.633205	216.036373	551.074085
-3.648897	154.397353	180.631650	216.074055	551.103057
-3.623891	154.390199	180.630094	216.111737	551.132030
-3.598886	154.380162	180.625025	216.139636	551.144823
-3.573880	154.367218	180.616411	216.157671	551.141300
-3.548875	154.354275	180.607798	216.175706	551.137779
-3.523870	154.341331	180.599185	216.193742	551.134258
-3.498864	154.328388	180.590572	216.211778	551.130738
-3.473859	154.315446	180.581959	216.229815	551.127220
-3.448853	154.302503	180.573345	216.247853	551.123702
-3.423848	154.289562	180.564732	216.265891	551.120185
-3.398842	154.276620	180.556119	216.283929	551.116669
-3.373837	154.263679	180.547506	216.301968	551.113154
-3.348832	154.248379	180.535618	216.313519	551.097516
-3.323826	154.230720	180.520456	216.318581	551.069757
-3.298821	154.213061	180.505293	216.323643	551.041997
-3.273815	154.195402	180.490130	216.328704	551.014236
-3.248810	154.177742	180.474968	216.333765	550.986475
-3.223804	154.160082	180.459805	216.338825	550.958712
-3.198799	154.142422	180.444643	216.343885	550.930949
-3.173794	154.124761	180.429480	216.348944	550.903185
-3.148788	154.107100	180.414318	216.354003	550.875420
-3.123783	154.089438	180.399155	216.359061	550.847654
-3.098777	154.070512	180.382447	216.359416	550.812376
-3.073772	154.050333	180.364208	216.355109	550.769650
-3.048766	154.030155	180.345969	216.350802	550.726926
-3.023761	154.009977	180.327731	216.346495	550.684203
-2.998755	153.989799	180.309493	216.342189	550.641481
-2.973750	153.969621	180.291255	216.337883	550.598760
-2.948745	153.949444	180.273018	216.333578	550.556040
-2.923739	153.929267	180.254781	216.329273	550.513321
-2.898734	153.909090	180.236545	216.324969	550.470604
-2.873728	153.888914	180.218308	216.320665	550.427887
-2.848723	153.868137	180.199002	216.313017	550.380155
-2.823717	153.846768	180.178643	216.302080	550.327492
-2.798712	153.825399	180.158284	216.291145	550.274828
-2.773707	153.804031	180.137925	216.280209	550.222165
-2.748701	153.782662	180.117565	216.269274	550.169501
-2.723696	153.761294	180.097205	216.258340	550.116838
-2.698690	153.739925	180.076844	216.247406	550.064175
-2.673685	153.718557	180.056483	216.236472	550.011512
-2.648679	153.697188	180.036122	216.225539	549.958849
-2.623674	153.675820	180.015760	216.214607	549.906187
-2.598669	153.653958	179.994518	216.200979	549.849455
-2.573663	153.631614	179.972417	216.184725	549.788756
-2.548658	153.609271	179.950316	216.168471	549.728058
-2.523652	153.586928	179.928216	216.152217	549.667361
-2.498647	153.564584	179.906117	216.135964	549.606665
-2.473641	153.542241	179.884017	216.119712	549.545970
-2.448636	153.519897	179.861918	216.103460	549.485276
-2.423631	153.497554	179.839820	216.087209	549.424582
-2.398625	153.475211	179.817722	216.070958	549.363890
-2.373620	153.452867	179.795624	216.054707	549.303199
-2.348614	153.430124	179.772542	216.036844	549.239511
-2.323609	153.406994	179.748509	216.017421	549.172925
-2.298603	153.383865	179.724476	215.997998	549.106338
-2.273598	153.360736	179.700442	215.978574	549.039752
-2.248593	153.337608	179.676409	215.959149	548.973166
-2.223587	153.314480	179.652375	215.939724	548.906579
-2.198582	153.291352	179.628342	215.920298	548.839992
-2.173576	153.268225	179.604308	215.900872	548.773406
-2.148571	153.245098	179.580275	215.881446	548.706819
-2.123565	153.221971	179.556242	215.862019	548.640232
-2.098560	153.198230	179.531194	215.840524	548.569948
-2.073555	153.173900	179.505175	215.817047	548.496122
-2.048549	153.149570	179.479156	215.793571	548.422297
-2.023544	153.125239	179.453137	215.770095	548.348472
-1.998538	153.100909	179.427119	215.746620	548.274648
-1.973533	153.076578	179.401102	215.723146	548.200826
-1.948527	153.052248	179.375084	215.699672	548.127004
-1.923522	153.027918	179.349067	215.676198	548.053183
-1.898516	153.003587	179.323051	215.652725	547.979363
-1.873511	152.979257	179.297034	215.629252	547.905544
-1.848506	152.954535	179.270440	215.604714	547.829689
-1.823500	152.929441	179.243297	215.579162	547.751900
-1.798495	152.904347	179.216154	215.553611	547.674112
-1.773489	152.879254	179.189011	215.528061	547.596326
-1.748484	152.854161	179.161869	215.502511	547.518541
-1.723478	152.829068	179.134728	215.476961	547.440757
-1.698473	152.803976	179.107587	215.451412	547.362974
-1.673468	152.778884	179.080446	215.425864	547.285193
-1.648462	152.753792	179.053306	215.400316	547.207413
-1.623457	152.728701	179.026166	215.374768	547.129635
-1.598451	152.703497	178.998621	215.348076	547.050194
-1.573446	152.678188	178.970693	215.320304	546.969185
-1.548440	152.652878	178.942765	215.292533	546.888176
-1.523435	152.627569	178.914837	215.264761	546.807167
-1.498430	152.602260	178.886910	215.236989	546.726158
-1.473424	152.576950	178.858982	215.209218	546.645150
-1.448419	152.551641	178.831054	215.181446	546.564141
-1.423413	152.526332	178.803126	215.153674	546.483132
-1.398408	152.501023	178.775198	215.125903	546.402123
-1.373402	152.475713	178.747270	215.098131	546.321114
-1.348397	152.450510	178.719174	215.069600	546.239285
-1.323392	152.425407	178.690923	215.040360	546.156690
-1.298386	152.400304	178.662672	215.011120	546.074097
-1.273381	152.375202	178.634422	214.981882	545.991506
-1.248375	152.350100	178.606172	214.952645	545.908917
-1.223370	152.324998	178.577922	214.923409	545.826329
-1.198364	152.299897	178.549673	214.894174	545.743744
-1.173359	152.274796	178.521425	214.864939	545.661160
-1.148354	152.249695	178.493176	214.835706	545.578578
-1.123348	152.224595	178.464929	214.806474	545.495998
-1.098343	152.202185	178.439870	214.780206	545.422262
-1.073337	152.182269	178.417767	214.756687	545.356723
-1.048332	152.162354	178.395665	214.733167	545.291186
-1.023326	152.142439	178.373563	214.709648	545.225651
-0.998321	152.122525	178.351462	214.686130	545.160117
-0.973316	152.102612	178.329360	214.662612	545.094585
-0.948310	152.082700	178.307260	214.639095	545.029054
-0.923305	152.062788	178.285160	214.615578	544.963525
-0.898299	152.042877	178.263060	214.592061	544.897998
-0.873294	152.022967	178.240960	214.568545	544.832473
-0.848288	152.006411	178.222594	214.547920	544.776926
-0.823283	151.992939	178.207660	214.529954	544.730553
-0.798277	151.979467	178.192726	214.511989	544.684183
-0.773272	151.965996	178.177795	214.494025	544.637815
-0.748267	151.952526	178.162864	214.476062	544.591451
-0.723261	151.939056	178.147935	214.458100	544.545090
-0.698256	151.925587	178.133006	214.440139	544.498732
-0.673250	151.912119	178.118080	214.422179	544.452378
-0.648245	151.898652	178.103154	214.404220	544.406026
-0.623239	151.885186	178.088230	214.386262	544.359677
-0.598234	151.873393	178.075200	214.369962	544.318555
-0.573229	151.863126	178.063897	214.355176	544.282200
-0.548223	151.852861	178.052596	214.340393	544.245850
-0.523218	151.842596	178.041296	214.325613	544.209506
-0.498212	151.832333	178.029998	214.310836	544.173168
-0.473207	151.822071	178.018702	214.296062	544.136835
-0.448201	151.811810	178.007408	214.281291	544.100509
-0.423196	151.801550	177.996115	214.266523	544.064188
-0.398191	151.791292	177.984824	214.251758	544.027873
-0.373185	151.781034	177.973534	214.236995	543.991564
-0.348180	151.776175	177.968057	214.229358	543.973590
-0.323174	151.776196	177.967832	214.228156	543.972185
-0.298169	151.776217	177.967607	214.226954	543.970778
-0.273163	151.776237	177.967381	214.225751	543.969369
-0.248158	151.776258	177.967155	214.224547	543.967959
-0.223153	151.776278	177.966928	214.223342	543.966548
-0.198147	151.776299	177.966701	214.222136	543.965135
-0.173142	151.776319	177.966473	214.220929	543.963721
-0.148136	151.776340	177.966245	214.219721	543.962306
-0.123131	151.776361	177.966017	214.218512	543.960889
-0.098125	151.781798	177.972015	214.224999	543.978812
-0.073120	151.792089	177.983594	214.238384	544.014066
-0.048115	151.802378	177.995171	214.251766	544.049316
-0.023109	151.812667	178.006747	214.265147	544.084561
0.001896	151.822955	178.018322	214.278525	544.119802
0.026902	151.833241	178.029895	214.291902	544.155038
0.051907	151.843526	178.041467	214.305276	544.190270
0.076913	151.853811	178.053038	214.318649	544.225497
0.101918	151.864094	178.064608	214.332019	544.260721
0.126923	151.874376	178.076176	214.345388	544.295939
0.151929	151.886353	178.089528	214.360480	544.336360
0.176934	151.899836	178.104464	214.377104	544.381405
0.201940	151.913319	178.119400	214.393727	544.426446
0.226945	151.926802	178.134334	214.410349	544.471484
0.251951	151.940283	178.149266	214.426971	544.516520
0.276956	151.953764	178.164198	214.443591	544.561552
0.301962	151.967244	178.179128	214.460210	544.606582
0.326967	151.980723	178.194057	214.476828	544.651608
0.351972	151.994201	178.208985	214.493445	544.696631
0.376978	152.007679	178.223911	214.510062	544.741652
0.401983	152.024577	178.242655	214.530730	544.797962
0.426989	152.044489	178.264764	214.554969	544.864223
0.451994	152.064401	178.286873	214.579208	544.930482
0.477000	152.084311	178.308981	214.603446	544.996739
0.502005	152.104221	178.331089	214.627684	545.062994
0.527010	152.124131	178.353196	214.651921	545.129248
0.552016	152.144039	178.375303	214.676157	545.195500
0.577021	152.163947	178.397410	214.700393	545.261750
0.602027	152.183854	178.419516	214.724629	545.327998
0.627032	152.203760	178.441622	214.748864	545.394245
0.652038	152.226439	178.467143	214.776970	545.470552
0.677043	152.251540	178.495650	214.808459	545.555649
0.702048	152.276641	178.524156	214.839948	545.640745
0.727054	152.301742	178.552663	214.871436	545.725841
0.752059	152.326842	178.581169	214.902924	545.810935
0.777065	152.351942	178.609676	214.934411	545.896029
0.802070	152.377042	178.638182	214.965898	545.981122
0.827076	152.402141	178.666689	214.997384	546.066214
0.852081	152.427240	178.695195	215.028870	546.151305
0.877086	152.452338	178.723702	215.060356	546.236396
0.902092	152.477564	178.751928	215.091105	546.320596
0.927097	152.502899	178.779910	215.121216	546.404025
0.952103	152.528235	178.807891	215.151327	546.487453
0.977108	152.553571	178.835872	215.181437	546.570879
1.002114	152.578906	178.863852	215.211547	546.654304
1.027119	152.604242	178.891831	215.241656	546.737728
1.052124	152.629577	178.919809	215.271764	546.821151
1.077130	152.654913	178.947786	215.301872	546.904572
1.102135	152.680249	178.975763	215.331980	546.987991
1.127141	152.705584	179.003739	215.362087	547.071410
1.152146	152.730784	179.031408	215.389360	547.151551
1.177152	152.755866	179.058813	215.414198	547.228878
1.202157	152.780948	179.086219	215.439036	547.306203
1.227162	152.806029	179.113625	215.463874	547.383528
1.252168	152.831110	179.141030	215.488711	547.460852
1.277173	152.856191	179.168436	215.513548	547.538175
1.302179	152.881271	179.195842	215.538384	547.615497
1.327184	152.906351	179.223247	215.563220	547.692818
1.352190	152.931431	179.250653	215.588055	547.770139
1.377195	152.956510	179.278059	215.612890	547.847459
1.402201	152.981190	179.304827	215.636450	547.922467
1.427206	153.005531	179.331054	215.658923	547.995508
1.452211	153.029872	179.357280	215.681397	548.068549
1.477217	153.054212	179.383506	215.703871	548.141589
1.502222	153.078553	179.409733	215.726344	548.214630
1.527228	153.102893	179.435959	215.748818	548.287670
1.552233	153.127234	179.462185	215.771292	548.360711
1.577239	153.151574	179.488411	215.793766	548.433751
1.602244	153.175914	179.514637	215.816239	548.506791
1.627249	153.200255	179.540863	215.838713	548.579831
1.652255	153.224187	179.565760	215.859219	548.649165
1.677260	153.247773	179.589532	215.878061	548.715366
1.702266	153.271359	179.613304	215.896903	548.781566
1.727271	153.294944	179.637076	215.915745	548.847765
1.752277	153.318530	179.660847	215.934586	548.913962
1.777282	153.342115	179.684617	215.953427	548.980159
1.802287	153.365699	179.708388	215.972267	549.046354
1.827293	153.389283	179.732158	215.991106	549.112547
1.852298	153.412867	179.755927	216.009945	549.178740
1.877304	153.436451	179.779696	216.028784	549.244931
1.902309	153.459358	179.802539	216.045261	549.307159
1.927315	153.481700	179.824606	216.059761	549.366068
1.952320	153.504042	179.846673	216.074261	549.424976
1.977325	153.526383	179.868740	216.088761	549.483884
2.002331	153.548725	179.890806	216.103261	549.542792
2.027336	153.571066	179.912872	216.117761	549.601699
2.052342	153.593408	179.934937	216.132261	549.660606
2.077347	153.615750	179.957002	216.146760	549.719512
2.102353	153.638091	179.979067	216.161260	549.778418
2.127358	153.660433	180.001131	216.175760	549.837324
2.152363	153.682234	180.022294	216.188302	549.892830
2.177369	153.703585	180.042711	216.199218	549.945514
2.202374	153.724936	180.063128	216.210133	549.998197
2.227380	153.746288	180.083545	216.221047	550.050880
2.252385	153.767639	180.103963	216.231961	550.103564
2.277391	153.788991	180.124381	216.242875	550.156247
2.302396	153.810342	180.144799	216.253788	550.208930
2.327401	153.831694	180.165218	216.264701	550.261612
2.352407	153.853045	180.185637	216.275613	550.314295
2.377412	153.874396	180.206057	216.286524	550.366978
2.402418	153.894969	180.225250	216.294312	550.414530
2.427423	153.914900	180.243432	216.299527	550.457858
2.452429	153.934831	180.261613	216.304741	550.501186
2.477434	153.954762	180.279795	216.309956	550.544513
2.502440	153.974693	180.297976	216.315171	550.587839
2.527445	153.994624	180.316156	216.320385	550.631166
2.552450	154.014555	180.334336	216.325600	550.674492
2.577456	154.034486	180.352516	216.330815	550.717817
2.602461	154.054417	180.370696	216.336030	550.761142
2.627467	154.074348	180.388875	216.341244	550.804467
2.652472	154.093048	180.405393	216.342323	550.840764
2.677478	154.110743	180.420556	216.340023	550.871322
2.702483	154.128438	180.435718	216.337724	550.901880
2.727488	154.146132	180.450881	216.335423	550.932436
2.752494	154.163826	180.466044	216.333123	550.962992
2.777499	154.181519	180.481207	216.330821	550.993547
2.802505	154.199212	180.496369	216.328520	551.024101
2.827510	154.216904	180.511532	216.326217	551.054654
2.852516	154.234597	180.526695	216.323915	551.085206
2.877521	154.252289	180.541858	216.321612	551.115758
2.902526	154.267447	180.553552	216.311857	551.132856
2.927532	154.280555	180.562439	216.296069	551.139063
2.952537	154.293663	180.571327	216.280281	551.145271
2.977543	154.306771	180.580215	216.264493	551.151478
3.002548	154.319879	180.589103	216.248705	551.157687
3.027554	154.332986	180.597992	216.232917	551.163895
3.052559	154.346094	180.606881	216.217129	551.170104
3.077564	154.359202	180.615770	216.201341	551.176313
3.102570	154.372310	180.624660	216.185553	551.182523
3.127575	154.385418	180.633550	216.169765	551.188733
3.152581	154.394928	180.637919	216.140670	551.173516
3.177586	154.401548	180.638656	216.100891	551.141095
3.202592	154.408169	180.639392	216.061113	551.108674
3.227597	154.414789	180.640128	216.021333	551.076250
3.252602	154.421409	180.640864	215.981553	551.043826
3.277608	154.428028	180.641600	215.941773	551.011401
3.302613	154.434647	180.642335	215.901992	550.978974
3.327619	154.441266	180.643069	215.862211	550.946546
3.352624	154.447884	180.643804	215.822429	550.914117
3.377630	154.454502	180.644537	215.782647	550.881686
3.402635	154.468568	180.653805	215.740700	550.863073
3.427640	154.488562	180.669866	215.697029	550.855457
3.452646	154.508555	180.685926	215.653358	550.847839
3.477651	154.528548	180.701985	215.609687	550.840220
3.502657	154.548540	180.718045	215.566015	550.832599
3.527662	154.568531	180.734104	215.522342	550.824976
3.552668	154.588521	180.750162	215.478669	550.817352
3.577673	154.608510	180.766220	215.434996	550.809726
3.602679	154.628499	180.782278	215.391322	550.802099
3.627684	154.648487	180.798335	215.347647	550.794470
3.652689	154.678924	180.825395	215.291851	550.796170
3.677695	154.717610	180.861139	215.226487	550.805235
3.702700	154.756295	180.896883	215.161124	550.814302
3.727706	154.794981	180.932627	215.095763	550.823371
3.752711	154.833668	180.968372	215.030402	550.832441
3.777717	154.872355	181.004117	214.965042	550.841514
3.802722	154.911042	181.039863	214.899683	550.850588
3.827727	154.949730	181.075609	214.834325	550.859663
3.852733	154.988418	181.111355	214.768968	550.868740
3.877738	155.027106	181.147102	214.703612	550.877819
3.902744	155.066274	181.183180	214.577276	550.826731
3.927749	155.105819	181.219518	214.403220	550.728557
3.952755	155.145365	181.255856	214.229162	550.630383
3.977760	155.184911	181.292195	214.055103	550.532209
4.002765	155.224458	181.328534	213.881041	550.434034
4.027771	155.264006	181.364874	213.706979	550.335858
4.052776	155.303554	181.401214	213.532915	550.237683
4.077782	155.343103	181.437554	213.358849	550.139507
4.102787	155.382653	181.473895	213.184782	550.041330
4.127793	155.422204	181.510236	213.010713	549.943153
4.152798	155.461721	181.546259	212.663783	549.671763
4.177803	155.501210	181.582035	212.182730	549.265974
4.202809	155.540699	181.617810	211.701675	548.860184
4.227814	155.580188	181.653585	211.220619	548.454393
4.252820	155.619678	181.689360	210.739563	548.048600
4.277825	155.659167	181.725134	210.258505	547.642806
4.302831	155.698656	181.760908	209.777446	547.237010
4.327836	155.738145	181.796681	209.296387	546.831213
4.352841	155.777634	181.832454	208.815326	546.425414
4.377847	155.817123	181.868227	208.334264	546.019614
4.402852	155.860155	181.908710	207.090876	544.859742
4.427858	155.905914	181.952817	205.261034	543.119764
4.452863	155.951673	181.996923	203.431193	541.379789
4.477869	155.997434	182.041030	201.601353	539.639817
4.502874	156.043194	182.085137	199.771515	537.899846
4.527879	156.088956	182.129243	197.941678	536.159877
4.552885	156.134718	182.173350	196.111843	534.419911
4.577890	156.180481	182.217456	194.282009	532.679947
4.602896	156.226245	182.261563	192.452177	530.939985
4.627901	156.272009	182.305669	190.622346	529.200025
4.652907	156.319638	182.351293	183.746255	522.417185
4.677912	156.368688	182.398073	173.021161	511.787923
4.702918	156.417739	182.444854	162.296078	501.158671
4.727923	156.466789	182.491635	151.571005	490.529429
4.752928	156.515839	182.538416	140.845942	479.900198
4.777934	156.564890	182.585197	130.120890	469.270977
4.802939	156.613940	182.631978	119.395848	458.641766
4.827945	156.662991	182.678759	108.670816	448.012565
4.852950	156.712041	182.725540	97.945794	437.383375
4.877956	156.761092	182.772321	87.220782	426.754195
4.902961	156.799798	182.804941	79.394463	418.999202
4.927966	156.830681	182.826853	73.760237	413.417771
4.952972	156.861563	182.848764	68.126006	407.836334
4.977977	156.892445	182.870675	62.491770	402.254891
5.002983	156.923327	182.892586	56.857529	396.673442
5.027988	156.954208	182.914496	51.223283	391.091988
5.052994	156.985089	182.936405	45.589033	385.510527
5.077999	157.015970	182.958315	39.954777	379.929061
5.103004	157.046850	182.980223	34.320516	374.347589
5.128010	157.077730	183.002132	28.686250	368.766112
5.153015	157.097903	183.010716	25.608560	365.717178
5.178021	157.110048	183.009310	24.447739	364.567098
5.203026	157.122193	183.007905	23.286918	363.417016
5.228032	157.134339	183.006499	22.126094	362.266932
5.253037	157.146484	183.005093	20.965269	361.116847
5.278042	157.158630	183.003688	19.804443	359.966760
5.303048	157.170775	183.002282	18.643615	358.816672
5.328053	157.182920	183.000876	17.482785	357.666582
5.353059	157.195066	182.999471	16.321954	356.516490
5.378064	157.207211	182.998065	15.161121	355.366397
5.403070	157.217933	182.994388	14.439486	354.651807
5.428075	157.227597	182.989022	14.044337	354.260956
5.453080	157.237262	182.983656	13.649188	353.870106
5.478086	157.246926	182.978290	13.254039	353.479254
5.503091	157.256590	182.972924	12.858889	353.088402
5.528097	157.266254	182.967558	12.463738	352.697550
5.553102	157.275918	182.962192	12.068587	352.306697
5.578108	157.285582	182.956826	11.673435	351.915844
5.603113	157.295247	182.951460	11.278283	351.524990
5.628118	157.304911	182.946094	10.883131	351.134135
5.653124	157.316395	182.941822	10.607040	350.865258
5.678129	157.329220	182.938359	10.418699	350.686278
5.703135	157.342045	182.934895	10.230358	350.507299
5.728140	157.354870	182.931432	10.042017	350.328319
5.753146	157.367694	182.927970	9.853676	350.149340
5.778151	157.380518	182.924507	9.665335	349.970360
5.803157	157.393342	182.921046	9.476993	349.791381
5.828162	157.406165	182.917584	9.288652	349.612401
5.853167	157.418988	182.914123	9.100311	349.433422
5.878173	157.431810	182.910663	8.911970	349.254443
5.903178	157.445922	182.907374	8.770185	349.123481
5.928184	157.460975	182.904211	8.662418	349.027605
5.953189	157.476029	182.901048	8.554651	348.931729
5.978195	157.491083	182.897885	8.446884	348.835852
6.003200	157.506136	182.894722	8.339115	348.739974
6.028205	157.521190	182.891559	8.231347	348.644096
6.053211	157.536244	182.888396	8.123578	348.548218
6.078216	157.551297	182.885233	8.015808	348.452339
6.103222	157.566351	182.882070	7.908038	348.356459
6.128227	157.581405	182.878907	7.800267	348.260579
6.153233	157.596754	182.876023	7.713432	348.186209
6.178238	157.612317	182.873341	7.641761	348.127419
6.203243	157.627880	182.870659	7.570090	348.068630
6.228249	157.643443	182.867978	7.498419	348.009840
6.253254	157.659006	182.865296	7.426747	347.951049
6.278260	157.674569	182.862614	7.355075	347.892258
6.303265	157.690132	182.859932	7.283403	347.833466
6.328271	157.705695	182.857250	7.211729	347.774674
6.353276	157.721258	182.854568	7.140056	347.715882
6.378281	157.736821	182.851886	7.068382	347.657089
6.403287	157.752251	182.848093	7.006478	347.606823
6.428292	157.767585	182.843503	6.951593	347.562681
6.453298	157.782919	182.838912	6.896708	347.518539
6.478303	157.798253	182.834321	6.841824	347.474397
6.503309	157.813586	182.829729	6.786940	347.430254
6.528314	157.828918	182.825137	6.732056	347.386111
6.553319	157.844251	182.820544	6.677173	347.341968
6.578325	157.859583	182.815951	6.622290	347.297825
6.603330	157.874915	182.811358	6.567408	347.253681
6.628336	157.890246	182.806764	6.512526	347.209537
6.653341	157.904985	182.800854	6.463303	347.169143
6.678347	157.919304	182.794008	6.418108	347.131420
6.703352	157.933622	182.787162	6.372913	347.093698
6.728357	157.947942	182.780316	6.327718	347.055976
6.753363	157.962261	182.773471	6.282524	347.018256
6.778368	157.976581	182.766627	6.237329	346.980536
6.803374	157.990901	182.759782	6.192134	346.942817
6.828379	158.005221	182.752938	6.146940	346.905099
6.853385	158.019542	182.746095	6.101745	346.867382
6.878390	158.033863	182.739252	6.056550	346.829666
6.903396	158.046698	182.729572	6.014506	346.790776
6.928401	158.058483	182.717889	5.974685	346.751058
6.953406	158.070268	182.706207	5.934864	346.711339
6.978412	158.082053	182.694524	5.895043	346.671619
7.003417	158.093837	182.682841	5.855222	346.631900
7.028423	158.105621	182.671159	5.815401	346.592180
7.053428	158.117404	182.659476	5.775579	346.552459
7.078434	158.129187	182.647793	5.735758	346.512738
7.103439	158.140970	182.636111	5.695936	346.473017
7.128444	158.152752	182.624428	5.656115	346.433295
7.153450	158.161103	182.607241	5.619015	346.387360
7.178455	158.167054	182.586203	5.583819	346.337077
7.203461	158.173005	182.565166	5.548624	346.286794
7.228466	158.178956	182.544128	5.513428	346.236511
7.253472	158.184907	182.523090	5.478233	346.186229
7.278477	158.190859	182.502052	5.443037	346.135948
7.303482	158.196810	182.481014	5.407842	346.085666
7.328488	158.202763	182.459976	5.372646	346.035385
7.353493	158.208715	182.438938	5.337451	345.985104
7.378499	158.214668	182.417900	5.302256	345.934824
7.403504	158.214519	182.387696	5.269045	345.871261
7.428510	158.210137	182.351134	5.237211	345.798483
7.453515	158.205755	182.314572	5.205377	345.725704
7.478520	158.201372	182.278009	5.173543	345.652925
7.503526	158.196989	182.241447	5.141709	345.580146
7.528531	158.192606	182.204885	5.109875	345.507366
7.553537	158.188222	182.168322	5.078041	345.434586
7.578542	158.183838	182.131760	5.046207	345.361805
7.603548	158.179453	182.095198	5.014373	345.289024
7.628553	158.175069	182.058635	4.982539	345.216243
7.653558	158.164565	182.012810	4.951509	345.128884
7.678564	158.149854	181.960614	4.921031	345.031498
7.703569	158.135142	181.908417	4.890554	344.934112
7.728575	158.120429	181.856218	4.860076	344.836724
7.753580	158.105717	181.804020	4.829599	344.739335
7.778586	158.091004	181.751820	4.799121	344.641945
7.803591	158.076290	181.699619	4.768644	344.544553
7.828596	158.061576	181.647418	4.738166	344.447161
7.853602	158.046862	181.595216	4.707689	344.349767
7.878607	158.032148	181.543013	4.677211	344.252372
7.903613	158.024556	181.496530	4.647681	344.168768
7.928618	158.021821	181.453949	4.618797	344.094568
7.953624	158.019086	181.411369	4.589913	344.020367
7.978629	158.016350	181.368789	4.561028	343.946167
8.003635	158.013613	181.326210	4.532142	343.871966
8.028640	158.010877	181.283632	4.503257	343.797765
8.053645	158.008140	181.241055	4.474370	343.723565
8.078651	158.005402	181.198479	4.445483	343.649364
8.103656	158.002664	181.155903	4.416596	343.575163
8.128662	157.999926	181.113328	4.387708	343.500963
8.153667	158.015461	181.088040	4.360218	343.463720
8.178673	158.043346	181.074435	4.333673	343.451454
8.203678	158.071232	181.060830	4.307127	343.439189
8.228683	158.099118	181.047226	4.280581	343.426926
8.253689	158.127004	181.033622	4.254036	343.414663
8.278694	158.154891	181.020019	4.227490	343.402400
8.303700	158.182778	181.006416	4.200945	343.390139
8.328705	158.210666	180.992814	4.174399	343.377878
8.353711	158.238553	180.979212	4.147854	343.365619
8.378716	158.266442	180.965610	4.121308	343.353360
8.403721	158.298023	180.946257	4.095553	343.339833
8.428727	158.332079	180.923051	4.070329	343.325458
8.453732	158.366134	180.899844	4.045104	343.311083
8.478738	158.400191	180.876638	4.019880	343.296708
8.503743	158.434247	180.853431	3.994655	343.282334
8.528749	158.468304	180.830225	3.969430	343.267960
8.553754	158.502362	180.807018	3.944206	343.253586
8.578759	158.536419	180.783812	3.918981	343.239213
8.603765	158.570477	180.760605	3.893757	343.224839
8.628770	158.604536	180.737399	3.868532	343.210467
8.653776	158.632408	180.687560	3.844112	343.164080
8.678781	158.656172	180.620035	3.820226	343.096433
8.703787	158.679936	180.552510	3.796341	343.028787
8.728792	158.703700	180.484985	3.772455	342.961140
8.753797	158.727464	180.417460	3.748569	342.893493
8.778803	158.751228	180.349935	3.724683	342.825847
8.803808	158.774992	180.282410	3.700798	342.758200
8.828814	158.798756	180.214886	3.676912	342.690554
8.853819	158.822521	180.147361	3.653026	342.622908
8.878825	158.846285	180.079836	3.629141	342.555262
8.903830	158.868016	179.967432	3.606285	342.441732
8.928835	158.888407	179.825482	3.584107	342.297997
8.953841	158.908799	179.683531	3.561930	342.154260
8.978846	158.929191	179.541578	3.539754	342.010523
9.003852	158.949583	179.399623	3.517578	341.866784
9.028857	158.969975	179.257666	3.495402	341.723044
9.053863	158.990367	179.115708	3.473227	341.579303
9.078868	159.010758	178.973749	3.451053	341.435560
9.103874	159.031150	178.831787	3.428879	341.291817
9.128879	159.051542	178.689824	3.406706	341.148072
9.153884	159.070932	178.431755	3.385666	340.888353
9.178890	159.089669	178.097921	3.365365	340.552956
9.203895	159.108406	177.764089	3.345064	340.217559
9.228901	159.127144	177.430257	3.324762	339.882163
9.253906	159.145882	177.096425	3.304460	339.546767
9.278912	159.164620	176.762595	3.284157	339.211372
9.303917	159.183359	176.428765	3.263854	338.875978
9.328922	159.202098	176.094936	3.243550	338.540584
9.353928	159.220837	175.761108	3.223246	338.205191
9.378933	159.239577	175.427281	3.202941	337.869798
9.403939	159.255072	174.609003	3.183863	337.047938
9.428944	159.268467	173.477371	3.165579	335.911417
9.453950	159.281861	172.345742	3.147294	334.774897
9.478955	159.295255	171.214115	3.129009	333.638379
9.503960	159.308648	170.082491	3.110724	332.501863
9.528966	159.322040	168.950870	3.092438	331.365348
9.553971	159.335432	167.819251	3.074151	330.228834
9.578977	159.348823	166.687635	3.055864	329.092322
9.603982	159.362213	165.556022	3.037577	327.955811
9.628988	159.375602	164.424411	3.019289	326.819302
9.653993	159.383151	160.260893	3.001476	322.645520
9.678998	159.386954	154.153468	2.983970	316.524392
9.704004	159.390759	148.046042	2.966463	310.403264
9.729009	159.394563	141.938614	2.948958	304.282135
9.754015	159.398368	135.831185	2.931452	298.161005
9.779020	159.402173	129.723754	2.913947	292.039874
9.804026	159.405979	123.616321	2.896443	285.918743
9.829031	159.409784	117.508887	2.878939	279.797610
9.854036	159.413590	111.401451	2.861436	273.676477
9.879042	159.417397	105.294013	2.843933	267.555343
9.904047	159.416130	98.533722	2.826582	260.776434
9.929053	159.411640	91.358537	2.809328	253.579505
9.954058	159.407149	84.183350	2.792075	246.382574
9.979064	159.402658	77.008162	2.774821	239.185641
10.004069	159.398167	69.832972	2.757568	231.988707
10.029074	159.393677	62.657781	2.740314	224.791772
10.054080	159.389186	55.482588	2.723060	217.594835
10.079085	159.384696	48.307394	2.705807	210.397896
10.104091	159.380205	41.132198	2.688553	203.200956
10.129096	159.375715	33.957001	2.671299	196.004015
10.154102	159.368457	30.380213	2.654479	192.403149
10.179107	159.359454	29.070085	2.637933	191.067472
10.204113	159.350451	27.759958	2.621386	189.731795
10.229118	159.341448	26.449833	2.604839	188.396120
10.254123	159.332443	25.139709	2.588292	187.060444
10.279129	159.323438	23.829587	2.571745	185.724770
10.304134	159.314432	22.519466	2.555198	184.389096
10.329140	159.305426	21.209346	2.538651	183.053423
10.354145	159.296418	19.899227	2.522104	181.717750
10.379151	159.287410	18.589111	2.505558	180.382078
10.404156	159.278978	17.833425	2.489029	179.601432
10.429161	159.270906	17.423893	2.472511	179.167309
10.454167	159.262833	17.014359	2.455993	178.733185
10.479172	159.254761	16.604823	2.439475	178.299059
10.504178	159.246689	16.195285	2.422957	177.864931
10.529183	159.238616	15.785745	2.406440	177.430802
10.554189	159.230544	15.376204	2.389922	176.996670
10.579194	159.222472	14.966661	2.373405	176.562537
10.604199	159.214399	14.557116	2.356887	176.128403
10.629205	159.206327	14.147570	2.340369	175.694266
10.654210	159.204953	13.870892	2.324609	175.400455
10.679216	159.207726	13.676437	2.309318	175.193480
10.704221	159.210498	13.481983	2.294026	174.986508
10.729227	159.213271	13.287531	2.278734	174.779537
10.754232	159.216044	13.093080	2.263443	174.572567
10.779237	159.218818	12.898630	2.248151	174.365599
10.804243	159.221592	12.704182	2.232859	174.158633
10.829248	159.224366	12.509735	2.217568	173.951669
10.854254	159.227141	12.315289	2.202276	173.744706
10.879259	159.229916	12.120845	2.186984	173.537744
10.904265	159.237403	11.977130	2.172385	173.386918
10.929270	159.247779	11.864528	2.158213	173.270521
10.954275	159.258156	11.751927	2.144041	173.154124
10.979281	159.268533	11.639325	2.129869	173.037727
11.004286	159.278910	11.526723	2.115697	172.921331
11.029292	159.289287	11.414122	2.101527	172.804935
11.054297	159.299664	11.301520	2.087356	172.688540
11.079303	159.310041	11.188918	2.073186	172.572145
11.104308	159.320418	11.076316	2.059017	172.455751
11.129313	159.330795	10.963714	2.044848	172.339357
11.154319	159.339634	10.873568	2.031825	172.245028
11.179324	159.347539	10.797072	2.019499	172.164111
11.204330	159.355445	10.720576	2.007172	172.083193
11.229335	159.363350	10.644080	1.994845	172.002275
11.254341	159.371255	10.567583	1.982518	171.921356
11.279346	159.379161	10.491087	1.970189	171.840437
11.304352	159.387066	10.414591	1.957861	171.759517
11.329357	159.394971	10.338094	1.945532	171.678597
11.354362	159.402877	10.261598	1.933202	171.597677
11.379368	159.410782	10.185102	1.920872	171.516756
11.404373	159.419298	10.118855	1.909765	171.447918
11.429379	159.428180	10.058784	1.899395	171.386360
11.454384	159.437063	9.998713	1.889025	171.324801
11.479390	159.445944	9.938643	1.878654	171.263241
11.504395	159.454826	9.878572	1.868282	171.201680
11.529400	159.463707	9.818501	1.857910	171.140118
11.554406	159.472588	9.758430	1.847538	171.078555
11.579411	159.481468	9.698359	1.837164	171.016991
11.604417	159.490348	9.638288	1.826791	170.955427
11.629422	159.499227	9.578217	1.816417	170.893861
11.654428	159.509462	9.523261	1.806568	170.839291
11.679433	159.520506	9.471358	1.797034	170.788899
11.704438	159.531551	9.419455	1.787501	170.738507
11.729444	159.542596	9.367552	1.777967	170.688115
11.754449	159.553641	9.315648	1.768435	170.637724
11.779455	159.564687	9.263743	1.758903	170.587333
11.804460	159.575733	9.211839	1.749371	170.536942
11.829466	159.586779	9.159933	1.739840	170.486553
11.854471	159.597826	9.108028	1.730309	170.436163
11.879476	159.608873	9.056122	1.720779	170.385774
11.904482	159.617524	9.007287	1.710997	170.335808
11.929487	159.624758	8.960271	1.701064	170.286093
11.954493	159.631992	8.913254	1.691132	170.236378
11.979498	159.639226	8.866238	1.681200	170.186664
12.004504	159.646461	8.819222	1.671268	170.136950
12.029509	159.653696	8.772205	1.661336	170.087237
12.054514	159.660931	8.725189	1.651404	170.037524
12.079520	159.668167	8.678173	1.641472	169.987811
12.104525	159.675403	8.631156	1.631540	169.938099
12.129531	159.682640	8.584140	1.621608	169.888388
12.154536	159.684409	8.539106	1.612090	169.835605
12.179542	159.682971	8.495235	1.602816	169.781022
12.204547	159.681533	8.451364	1.593541	169.726438
12.229552	159.680093	8.407493	1.584267	169.671853
12.254558	159.678653	8.363623	1.574992	169.617269
12.279563	159.677213	8.319754	1.565717	169.562683
12.304569	159.675771	8.275884	1.556443	169.508098
12.329574	159.674329	8.232015	1.547168	169.453512
12.354580	159.672886	8.188147	1.537893	169.398926
12.379585	159.671442	8.144278	1.528618	169.344339
12.404591	159.668591	8.101768	1.519362	169.289721
12.429596	159.664921	8.060046	1.510117	169.235085
12.454601	159.661252	8.018324	1.500872	169.180448
12.479607	159.657584	7.976601	1.491626	169.125811
12.504612	159.653916	7.934878	1.482381	169.071175
12.529618	159.650248	7.893155	1.473136	169.016538
12.554623	159.646580	7.851431	1.463890	168.961902
12.579629	159.642913	7.809707	1.454645	168.907265
12.604634	159.639247	7.767983	1.445399	168.852629
12.629639	159.635580	7.726258	1.436154	168.797992
12.654645	159.644970	7.685686	1.426909	168.757565
12.679650	159.661879	7.645779	1.417665	168.725322
12.704656	159.678788	7.605872	1.408420	168.693080
12.729661	159.695698	7.565966	1.399175	168.660839
12.754667	159.712608	7.526060	1.389931	168.628599
12.779672	159.729518	7.486155	1.380686	168.596359
12.804677	159.746429	7.446250	1.371441	168.564120
12.829683	159.763340	7.406345	1.362197	168.531882
12.854688	159.780252	7.366441	1.352952	168.499645
12.879694	159.797164	7.326537	1.343707	168.467408
12.904699	159.827828	7.288168	1.335279	168.451275
12.929705	159.866339	7.250676	1.327317	168.444332
12.954710	159.904851	7.213183	1.319354	168.437388
12.979715	159.943362	7.175691	1.311392	168.430445
13.004721	159.981873	7.138198	1.303430	168.423501
13.029726	160.020383	7.100706	1.295467	168.416556
13.054732	160.058893	7.063214	1.287505	168.409611
13.079737	160.097402	7.025721	1.279543	168.402666
13.104743	160.135912	6.988229	1.271580	168.395721
13.129748	160.174420	6.950737	1.263618	168.388775
13.154753	160.206404	6.915359	1.256506	168.378268
13.179759	160.234697	6.881176	1.249874	168.365747
13.204764	160.262991	6.846993	1.243243	168.353227
13.229770	160.291286	6.812810	1.236611	168.340707
13.254775	160.319580	6.778627	1.229980	168.328187
13.279781	160.347875	6.744444	1.223349	168.315667
13.304786	160.376170	6.710261	1.216717	168.303148
13.329792	160.404466	6.676078	1.210086	168.290630
13.354797	160.432762	6.641895	1.203454	168.278111
13.379802	160.461058	6.607712	1.196823	168.265593
13.404808	160.482180	6.574036	1.190615	168.246831
13.429813	160.499282	6.540645	1.184643	168.224570
13.454819	160.516382	6.507254	1.178672	168.202308
13.479824	160.533483	6.473862	1.172701	168.180045
13.504830	160.550583	6.440469	1.166730	168.157782
13.529835	160.567683	6.407077	1.160758	168.135518
13.554840	160.584782	6.373684	1.154787	168.113253
13.579846	160.601881	6.340291	1.148816	168.090988
13.604851	160.618980	6.306897	1.142845	168.068721
13.629857	160.636078	6.273503	1.136873	168.046455
13.654862	160.649352	6.241443	1.131189	168.021984
13.679868	160.660501	6.210124	1.125665	167.996290
13.704873	160.671651	6.178805	1.120141	167.970597
13.729878	160.682800	6.147486	1.114617	167.944904
13.754884	160.693950	6.116167	1.109094	167.919211
13.779889	160.705099	6.084848	1.103572	167.893519
13.804895	160.716249	6.053529	1.098050	167.867828
13.829900	160.727399	6.022210	1.092528	167.842137
13.854906	160.738548	5.990891	1.087007	167.816446
13.879911	160.749698	5.959572	1.081486	167.790756
13.904916	160.754629	5.928984	1.075843	167.759457
13.929922	160.756141	5.898799	1.070132	167.725071
13.954927	160.757652	5.868614	1.064420	167.690686
13.979933	160.759165	5.838428	1.058707	167.656300
14.004938	160.760678	5.808243	1.052995	167.621915
14.029944	160.762192	5.778057	1.047281	167.587531
14.054949	160.763707	5.747872	1.041568	167.553146
14.079954	160.765222	5.717686	1.035854	167.518762
14.104960	160.766738	5.687501	1.030139	167.484378
14.129965	160.768255	5.657315	1.024424	167.449994
14.154971	160.768038	5.627500	1.019001	167.414539
14.179976	160.766875	5.597888	1.013737	167.378500
14.204982	160.765712	5.568275	1.008473	167.342461
14.229987	160.764549	5.538663	1.003209	167.306421
14.254992	160.763386	5.509050	0.997946	167.270382
14.279998	160.762223	5.479438	0.992682	167.234343
14.305003	160.761060	5.449826	0.987418	167.198304
14.330009	160.759897	5.420213	0.982154	167.162265
14.355014	160.758734	5.390601	0.976890	167.126226
14.380020	160.757571	5.360989	0.971627	167.090187
14.405025	160.760941	5.331975	0.966332	167.059248
14.430031	160.766760	5.303284	0.961021	167.031065
14.455036	160.772579	5.274593	0.955710	167.002882
14.480041	160.778398	5.245903	0.950399	166.974700
14.505047	160.784217	5.217214	0.945088	166.946518
14.530052	160.790036	5.188524	0.939776	166.918337
14.555058	160.795855	5.159835	0.934465	166.890156
14.580063	160.801674	5.131147	0.929154	166.861975
14.605069	160.807493	5.102459	0.923843	166.833795
14.630074	160.813312	5.073771	0.918532	166.805616
14.655079	160.830145	5.045195	0.913251	166.788592
14.680085	160.852873	5.016679	0.907987	166.777539
14.705090	160.875601	4.988162	0.902722	166.766485
14.730096	160.898328	4.959646	0.897458	166.755431
14.755101	160.921054	4.931129	0.892193	166.744377
14.780107	160.943781	4.902613	0.886929	166.733322
14.805112	160.966507	4.874096	0.881664	166.722267
14.830117	160.989232	4.845580	0.876400	166.711212
14.855123	161.011957	4.817063	0.871135	166.700156
14.880128	161.034682	4.788547	0.865871	166.689100
14.905134	161.056301	4.762175	0.861445	166.679920
14.930139	161.077332	4.736939	0.857464	166.671735
14.955145	161.098364	4.711703	0.853483	166.663551
14.980150	161.119396	4.686468	0.849502	166.655366
15.005155	161.140427	4.661232	0.845522	166.647181
15.030161	161.161459	4.635997	0.841541	166.638997
15.055166	161.182491	4.610761	0.837560	166.630812
15.080172	161.203523	4.585526	0.833579	166.622627
15.105177	161.224554	4.560290	0.829598	166.614443
15.130183	161.245586	4.535055	0.825617	166.606258
15.155188	161.255749	4.509871	0.821508	166.587128
15.180193	161.260203	4.484716	0.817331	166.562249
15.205199	161.264656	4.459560	0.813154	166.537370
15.230204	161.269110	4.434404	0.808978	166.512492
15.255210	161.273565	4.409248	0.804802	166.487615
15.280215	161.278019	4.384093	0.800627	166.462739
15.305221	161.282475	4.358937	0.796452	166.437863
15.330226	161.286930	4.333781	0.792278	166.412989
15.355231	161.291386	4.308625	0.788104	166.388115
15.380237	161.295842	4.283470	0.783930	166.363242
15.405242	161.296247	4.258424	0.780044	166.334715
15.430248	161.294542	4.233436	0.776306	166.304284
15.455253	161.292835	4.208448	0.772567	166.273850
15.480259	161.291128	4.183459	0.768828	166.243415
15.505264	161.289419	4.158470	0.765089	166.212978
15.530270	161.287709	4.133480	0.761349	166.182539
15.555275	161.285998	4.108490	0.757609	166.152098
15.580280	161.284286	4.083500	0.753868	166.121654
15.605286	161.282573	4.058509	0.750127	166.091209
15.630291	161.280859	4.033518	0.746385	166.060762
15.655297	161.274314	4.010518	0.742517	166.027349
15.680302	161.265278	3.988546	0.738582	165.992406
15.705308	161.256242	3.966574	0.734648	165.957465
15.730313	161.247207	3.944603	0.730714	165.922523
15.755318	161.238171	3.922632	0.726780	165.887582
15.780324	161.229135	3.900661	0.722845	165.852642
15.805329	161.220099	3.878691	0.718911	165.817702
15.830335	161.211063	3.856722	0.714977	165.782762
15.855340	161.202027	3.834753	0.711043	165.747822
15.880346	161.192991	3.812784	0.707108	165.712884
15.905351	161.181671	3.791697	0.703861	165.677229
15.930356	161.169183	3.771061	0.700965	165.641210
15.955362	161.156697	3.750425	0.698070	165.605192
15.980367	161.144211	3.729789	0.695175	165.569176
16.005373	161.131726	3.709154	0.692281	165.533160
16.030378	161.119241	3.688518	0.689387	165.497146
16.055384	161.106758	3.667882	0.686493	165.461133
16.080389	161.094275	3.647246	0.683600	165.425121
16.105394	161.081792	3.626610	0.680708	165.389110
16.130400	161.069311	3.605974	0.677816	165.353100
16.155405	161.063561	3.586050	0.674796	165.324407
16.180411	161.061218	3.566486	0.671711	165.299415
16.205416	161.058875	3.546922	0.668626	165.274422
16.230422	161.056531	3.527358	0.665540	165.249430
16.255427	161.054188	3.507794	0.662454	165.224436
16.280432	161.051845	3.488230	0.659368	165.199443
16.305438	161.049502	3.468666	0.656281	165.174448
16.330443	161.047158	3.449102	0.653193	165.149454
16.355449	161.044815	3.429539	0.650105	165.124459
16.380454	161.042472	3.409975	0.647017	165.099463
16.405460	161.050640	3.391509	0.643780	165.085930
16.430465	161.064079	3.373595	0.640469	165.078144
16.455470	161.077518	3.355680	0.637159	165.070357
16.480476	161.090958	3.337766	0.633848	165.062572
16.505481	161.104398	3.319852	0.630537	165.054786
16.530487	161.117838	3.301937	0.627227	165.047001
16.555492	161.131278	3.284023	0.623916	165.039217
16.580498	161.144719	3.266108	0.620605	165.031433
16.605503	161.158160	3.248194	0.617295	165.023649
16.630509	161.171602	3.230279	0.613984	165.015865
16.655514	161.174337	3.212497	0.611117	164.997951
16.680519	161.171753	3.194780	0.608470	164.975004
16.705525	161.169169	3.177063	0.605824	164.952055
16.730530	161.166583	3.159345	0.603177	164.929105
16.755536	161.163996	3.141627	0.600531	164.906154
16.780541	161.161409	3.123908	0.597884	164.883201
16.805547	161.158820	3.106189	0.595237	164.860246
16.830552	161.156230	3.088469	0.592591	164.837290
16.855557	161.153639	3.070749	0.589944	164.814332
16.880563	161.151046	3.053029	0.587297	164.791373
16.905568	161.141037	3.035844	0.584670	164.761551
16.930574	161.127380	3.018923	0.582052	164.728355
16.955579	161.113723	3.002002	0.579434	164.695158
16.980585	161.100066	2.985082	0.576816	164.661963
17.005590	161.086408	2.968162	0.574198	164.628768
17.030595	161.072751	2.951242	0.571580	164.595573
17.055601	161.059094	2.934323	0.568962	164.562379
17.080606	161.045436	2.917404	0.566344	164.529185
17.105612	161.031779	2.900486	0.563727	164.495992
17.130617	161.018122	2.883568	0.561109	164.462799
17.155623	160.998498	2.866754	0.522573	164.387825
17.180628	160.975967	2.849991	0.466536	164.292494
17.205633	160.953436	2.833228	0.410499	164.197163
17.230639	160.930905	2.816464	0.354463	164.101832
17.255644	160.908375	2.799701	0.298426	164.006502
17.280650	160.885845	2.782938	0.242389	163.911172
17.305655	160.863316	2.766174	0.186352	163.815843
17.330661	160.840787	2.749411	0.130315	163.720513
17.355666	160.818259	2.732648	0.074278	163.625185
17.380671	160.795730	2.715885	0.018241	163.529856
17.405677	160.770204	2.699505	0.000000	163.469709
17.430682	160.743232	2.683310	0.000000	163.426542
17.455688	160.716259	2.667116	0.000000	163.383375
17.480693	160.689286	2.650921	0.000000	163.340207
17.505699	160.662313	2.634727	0.000000	163.297040
17.530704	160.635341	2.618532	0.000000	163.253873
17.555709	160.608368	2.602337	0.000000	163.210705
17.580715	160.581395	2.586143	0.000000	163.167538
17.605720	160.554422	2.569948	0.000000	163.124371
17.630726	160.527450	2.553754	0.000000	163.081204
17.655731	160.508620	2.538717	0.000000	163.047337
17.680737	160.493682	2.524234	0.000000	163.017916
17.705742	160.478745	2.509751	0.000000	162.988495
17.730748	160.463808	2.495267	0.000000	162.959075
17.755753	160.448871	2.480784	0.000000	162.929655
17.780758	160.433935	2.466301	0.000000	162.900236
17.805764	160.418999	2.451817	0.000000	162.870817
17.830769	160.404064	2.437334	0.000000	162.841398
17.855775	160.389129	2.422851	0.000000	162.811980
17.880780	160.374194	2.408368	0.000000	162.782562
17.905786	160.370664	2.395456	0.000000	162.766120
17.930791	160.372532	2.383287	0.000000	162.755820
17.955796	160.374400	2.371119	0.000000	162.745518
17.980802	160.376266	2.358950	0.000000	162.735215
18.005807	160.378131	2.346780	0.000000	162.724911
18.030813	160.379995	2.334610	0.000000	162.714605
18.055818	160.381858	2.322440	0.000000	162.704298
18.080824	160.383719	2.310269	0.000000	162.693989
18.105829	160.385580	2.298098	0.000000	162.683678
18.130834	160.387440	2.285927	0.000000	162.673367
18.155840	160.373123	2.274698	0.000000	162.647821
18.180845	160.351222	2.263912	0.000000	162.615134
18.205851	160.329321	2.253125	0.000000	162.582446
18.230856	160.307420	2.242340	0.000000	162.549760
18.255862	160.285519	2.231554	0.000000	162.517073
18.280867	160.263618	2.220769	0.000000	162.484387
18.305872	160.241717	2.209985	0.000000	162.451702
18.330878	160.219816	2.199201	0.000000	162.419017
18.355883	160.197915	2.188417	0.000000	162.386332
18.380889	160.176014	2.177633	0.000000	162.353648
18.405894	160.137864	2.166973	0.000000	162.304837
18.430900	160.092169	2.156371	0.000000	162.248539
18.455905	160.046474	2.145768	0.000000	162.192242
18.480910	160.000781	2.135165	0.000000	162.135947
18.505916	159.955089	2.124563	0.000000	162.079652
18.530921	159.909398	2.113960	0.000000	162.023358
18.555927	159.863708	2.103357	0.000000	161.967066
18.580932	159.818020	2.092755	0.000000	161.910774
18.605938	159.772332	2.082152	0.000000	161.854484
18.630943	159.726645	2.071549	0.000000	161.798195
18.655948	159.664288	2.060665	0.000000	161.724953
18.680954	159.594262	2.049650	0.000000	161.643912
18.705959	159.524235	2.038636	0.000000	161.562870
18.730965	159.454206	2.027620	0.000000	161.481826
18.755970	159.384176	2.016605	0.000000	161.400781
18.780976	159.314144	2.005589	0.000000	161.319733
18.805981	159.244111	1.994573	0.000000	161.238683
18.830987	159.174076	1.983556	0.000000	161.157632
18.855992	159.104040	1.972539	0.000000	161.076579
18.880997	159.034002	1.961521	0.000000	160.995523
18.906003	158.946104	1.950693	0.000000	160.896797
18.931008	158.850073	1.939952	0.000000	160.790025
18.956014	158.754043	1.929211	0.000000	160.683255
18.981019	158.658014	1.918471	0.000000	160.576485
19.006025	158.561985	1.907731	0.000000	160.469716
19.031030	158.465957	1.896992	0.000000	160.362949
19.056035	158.369930	1.886252	0.000000	160.256182
19.081041	158.273903	1.875514	0.000000	160.149417
19.106046	158.177877	1.864775	0.000000	160.042653
19.131052	158.081852	1.854037	0.000000	159.935890
19.156057	157.953109	1.843399	0.000000	159.796508
19.181063	157.809612	1.832806	0.000000	159.642417
19.206068	157.666115	1.822212	0.000000	159.488327
19.231073	157.522618	1.811619	0.000000	159.334237
19.256079	157.379121	1.801026	0.000000	159.180147
19.281084	157.235625	1.790432	0.000000	159.026057
19.306090	157.092129	1.779839	0.000000	158.871968
19.331095	156.948634	1.769245	0.000000	158.717879
19.356101	156.805139	1.758652	0.000000	158.563791
19.381106	156.661644	1.748059	0.000000	158.409703
19.406111	156.363923	1.738980	0.000000	158.102903
19.431117	155.997328	1.730578	0.000000	157.727907
19.456122	155.630732	1.722177	0.000000	157.352908
19.481128	155.264134	1.713775	0.000000	156.977909
19.506133	154.897534	1.705373	0.000000	156.602907
19.531139	154.530933	1.696971	0.000000	156.227904
19.556144	154.164330	1.688570	0.000000	155.852900
19.581149	153.797726	1.680168	0.000000	155.477894
19.606155	153.431120	1.671766	0.000000	155.102886
19.631160	153.064513	1.663364	0.000000	154.727877
19.656166	151.948374	1.655351	0.000000	153.603725
19.681171	150.500806	1.647509	0.000000	152.148315
19.706177	149.053238	1.639668	0.000000	150.692906
19.731182	147.605671	1.631826	0.000000	149.237497
19.756187	146.158104	1.623984	0.000000	147.782089
19.781193	144.710538	1.616143	0.000000	146.326681
19.806198	143.262972	1.608301	0.000000	144.871273
19.831204	141.815406	1.600459	0.000000	143.415866
19.856209	140.367841	1.592618	0.000000	141.960459
19.881215	138.920276	1.584776	0.000000	140.505052
19.906220	132.223315	1.576962	0.000000	133.800278
19.931226	123.228051	1.569161	0.000000	124.797212
19.956231	114.232797	1.561360	0.000000	115.794157
19.981236	105.237555	1.553558	0.000000	106.791113
20.006242	96.242323	1.545757	0.000000	97.788080
20.031247	87.247103	1.537955	0.000000	88.785059
20.056253	78.251895	1.530154	0.000000	79.782049
20.081258	69.256697	1.522353	0.000000	70.779050
20.106264	60.261511	1.514551	0.000000	61.776062
20.131269	51.266336	1.506750	0.000000	52.773086
20.156274	46.770128	1.499339	0.000000	48.269467
20.181280	44.224180	1.492097	0.000000	45.716277
20.206285	41.678225	1.484855	0.000000	43.163080
20.231291	39.132263	1.477613	0.000000	40.609876
20.256296	36.586294	1.470371	0.000000	38.056665
20.281302	34.040317	1.463129	0.000000	35.503446
20.306307	31.494334	1.455887	0.000000	32.950220
20.331312	28.948343	1.448645	0.000000	30.396988
20.356318	26.402345	1.441403	0.000000	27.843748
20.381323	23.856340	1.434161	0.000000	25.290500
20.406329	22.693592	1.427290	0.000000	24.120881
20.431334	22.124522	1.420577	0.000000	23.545100
20.456340	21.555452	1.413865	0.000000	22.969318
20.481345	20.986382	1.407153	0.000000	22.393535
20.506350	20.417312	1.400441	0.000000	21.817753
20.531356	19.848241	1.393729	0.000000	21.241970
20.556361	19.279171	1.387017	0.000000	20.666188
20.581367	18.710100	1.380305	0.000000	20.090405
20.606372	18.141029	1.373593	0.000000	19.514622
20.631378	17.571958	1.366881	0.000000	18.938838
20.656383	17.245923	1.360583	0.000000	18.606506
20.681388	17.023157	1.354461	0.000000	18.377618
20.706394	16.800389	1.348339	0.000000	18.148728
20.731399	16.577621	1.342217	0.000000	17.919838
20.756405	16.354852	1.336096	0.000000	17.690948
20.781410	16.132082	1.329974	0.000000	17.462056
20.806416	15.909312	1.323852	0.000000	17.233164
20.831421	15.686541	1.317730	0.000000	17.004272
20.856426	15.463769	1.311609	0.000000	16.775378
20.881432	15.240997	1.305487	0.000000	16.546484
20.906437	15.086523	1.299732	0.000000	16.386255
20.931443	14.960780	1.294130	0.000000	16.254911
20.956448	14.835037	1.288529	0.000000	16.123566
20.981454	14.709293	1.282928	0.000000	15.992222
21.006459	14.583550	1.277327	0.000000	15.860877
21.031465	14.457807	1.271726	0.000000	15.729532
21.056470	14.332063	1.266125	0.000000	15.598188
21.081475	14.206320	1.260523	0.000000	15.466843
21.106481	14.080576	1.254922	0.000000	15.335498
21.131486	13.954832	1.249321	0.000000	15.204153
21.156492	13.857056	1.243070	0.000000	15.100126
21.181497	13.770927	1.236548	0.000000	15.007475
21.206503	13.684797	1.230025	0.000000	14.914823
21.231508	13.598668	1.223503	0.000000	14.822170
21.256513	13.512538	1.216979	0.000000	14.729517
21.281519	13.426408	1.210456	0.000000	14.636864
21.306524	13.340279	1.203932	0.000000	14.544210
21.331530	13.254149	1.197407	0.000000	14.451556
21.356535	13.168020	1.190882	0.000000	14.358902
21.381541	13.081890	1.184357	0.000000	14.266247
21.406546	13.008438	1.178401	0.000000	14.186839
21.431551	12.940212	1.172681	0.000000	14.112893
21.456557	12.871985	1.166960	0.000000	14.038946
21.481562	12.803758	1.161240	0.000000	13.964999
21.506568	12.735531	1.155521	0.000000	13.891052
21.531573	12.667303	1.149802	0.000000	13.817105
21.556579	12.599075	1.144083	0.000000	13.743158
21.581584	12.530847	1.138365	0.000000	13.669211
21.606589	12.462618	1.132647	0.000000	13.595265
21.631595	12.394389	1.126929	0.000000	13.521318
21.656600	12.335265	1.121329	0.000000	13.456594
21.681606	12.279857	1.115776	0.000000	13.395633
21.706611	12.224448	1.110224	0.000000	13.334672
21.731617	12.169040	1.104672	0.000000	13.273711
21.756622	12.113631	1.099119	0.000000	13.212751
21.781627	12.058223	1.093567	0.000000	13.151790
21.806633	12.002814	1.088015	0.000000	13.090829
21.831638	11.947406	1.082462	0.000000	13.029868
21.856644	11.891997	1.076910	0.000000	12.968907
21.881649	11.836589	1.071358	0.000000	12.907947
21.906655	11.788613	1.066170	0.000000	12.854782
21.931660	11.743638	1.061129	0.000000	12.804767
21.956665	11.698664	1.056087	0.000000	12.754751
21.981671	11.653690	1.051046	0.000000	12.704736
22.006676	11.608715	1.046005	0.000000	12.654721
22.031682	11.563741	1.040964	0.000000	12.604705
22.056687	11.518767	1.035923	0.000000	12.554690
22.081693	11.473793	1.030882	0.000000	12.504675
22.106698	11.428818	1.025841	0.000000	12.454660
22.131704	11.383844	1.020800	0.000000	12.404644
22.156709	11.340046	0.946521	0.000000	12.286567
22.181714	11.296719	0.844564	0.000000	12.141282
22.206720	11.253391	0.742606	0.000000	11.995997
22.231725	11.210064	0.640649	0.000000	11.850712
22.256731	11.166736	0.538691	0.000000	11.705427
22.281736	11.123408	0.436734	0.000000	11.560142
22.306742	11.080081	0.334776	0.000000	11.414857
22.331747	11.036753	0.232819	0.000000	11.269572
22.356752	10.993425	0.130861	0.000000	11.124286
22.381758	10.950097	0.028904	0.000000	10.979001
22.406763	10.906845	0.000000	0.000000	10.906845
22.431769	10.863622	0.000000	0.000000	10.863622
22.456774	10.820399	0.000000	0.000000	10.820399
22.481780	10.777177	0.000000	0.000000	10.777177
22.506785	10.733954	0.000000	0.000000	10.733954
22.531790	10.690731	0.000000	0.000000	10.690731
22.556796	10.647509	0.000000	0.000000	10.647509
22.581801	10.604286	0.000000	0.000000	10.604286
22.606807	10.561063	0.000000	0.000000	10.561063
22.631812	10.517841	0.000000	0.000000	10.517841
22.656818	10.474992	0.000000	0.000000	10.474992
22.681823	10.432290	0.000000	0.000000	10.432290
22.706828	10.389588	0.000000	0.000000	10.389588
22.731834	10.346886	0.000000	0.000000	10.346886
22.756839	10.304183	0.000000	0.000000	10.304183
22.781845	10.261481	0.000000	0.000000	10.261481
22.806850	10.218779	0.000000	0.000000	10.218779
22.831856	10.176077	0.000000	0.000000	10.176077
22.856861	10.133375	0.000000	0.000000	10.133375
22.881866	10.090673	0.000000	0.000000	10.090673
22.906872	10.051102	0.000000	0.000000	10.051102
22.931877	10.012745	0.000000	0.000000	10.012745
22.956883	9.974388	0.000000	0.000000	9.974388
22.981888	9.936032	0.000000	0.000000	9.936032
23.006894	9.897675	0.000000	0.000000	9.897675
23.031899	9.859318	0.000000	0.000000	9.859318
23.056904	9.820961	0.000000	0.000000	9.820961
23.081910	9.782604	0.000000	0.000000	9.782604
23.106915	9.744248	0.000000	0.000000	9.744248
23.131921	9.705891	0.000000	0.000000	9.705891
23.156926	9.668638	0.000000	0.000000	9.668638
23.181932	9.631808	0.000000	0.000000	9.631808
23.206937	9.594978	0.000000	0.000000	9.594978
23.231943	9.558148	0.000000	0.000000	9.558148
23.256948	9.521318	0.000000	0.000000	9.521318
23.281953	9.484489	0.000000	0.000000	9.484489
23.306959	9.447659	0.000000	0.000000	9.447659
23.331964	9.410829	0.000000	0.000000	9.410829
23.356970	9.373999	0.000000	0.000000	9.373999
23.381975	9.337169	0.000000	0.000000	9.337169
23.406981	9.299671	0.000000	0.000000	9.299671
23.431986	9.261919	0.000000	0.000000	9.261919
23.456991	9.224167	0.000000	0.000000	9.224167
23.481997	9.186415	0.000000	0.000000	9.186415
23.507002	9.148663	0.000000	0.000000	9.148663
23.532008	9.110911	0.000000	0.000000	9.110911
23.557013	9.073159	0.000000	0.000000	9.073159
23.582019	9.035407	0.000000	0.000000	9.035407
23.607024	8.997654	0.000000	0.000000	8.997654
23.632029	8.959902	0.000000	0.000000	8.959902
23.657035	8.921898	0.000000	0.000000	8.921898
23.682040	8.883799	0.000000	0.000000	8.883799
23.707046	8.845699	0.000000	0.000000	8.845699
23.732051	8.807599	0.000000	0.000000	8.807599
23.757057	8.769498	0.000000	0.000000	8.769498
23.782062	8.731397	0.000000	0.000000	8.731397
23.807067	8.693296	0.000000	0.000000	8.693296
23.832073	8.655195	0.000000	0.000000	8.655195
23.857078	8.617093	0.000000	0.000000	8.617093
23.882084	8.578991	0.000000	0.000000	8.578991
23.907089	8.542539	0.000000	0.000000	8.542539
23.932095	8.506700	0.000000	0.000000	8.506700
23.957100	8.470861	0.000000	0.000000	8.470861
23.982105	8.435022	0.000000	0.000000	8.435022
24.007111	8.399182	0.000000	0.000000	8.399182
24.032116	8.363343	0.000000	0.000000	8.363343
24.057122	8.327504	0.000000	0.000000	8.327504
24.082127	8.291665	0.000000	0.000000	8.291665
24.107133	8.255826	0.000000	0.000000	8.255826
24.132138	8.219987	0.000000	0.000000	8.219987
24.157143	8.186353	0.000000	0.000000	8.186353
24.182149	8.153529	0.000000	0.000000	8.153529
24.207154	8.120706	0.000000	0.000000	8.120706
24.232160	8.087883	0.000000	0.000000	8.087883
24.257165	8.055059	0.000000	0.000000	8.055059
24.282171	8.022236	0.000000	0.000000	8.022236
24.307176	7.989413	0.000000	0.000000	7.989413
24.332182	7.956590	0.000000	0.000000	7.956590
24.357187	7.923766	0.000000	0.000000	7.923766
24.382192	7.890943	0.000000	0.000000	7.890943
24.407198	7.857718	0.000000	0.000000	7.857718
24.432203	7.824346	0.000000	0.000000	7.824346
24.457209	7.790974	0.000000	0.000000	7.790974
24.482214	7.757603	0.000000	0.000000	7.757603
24.507220	7.724232	0.000000	0.000000	7.724232
24.532225	7.690862	0.000000	0.000000	7.690862
24.557230	7.657491	0.000000	0.000000	7.657491
24.582236	7.624122	0.000000	0.000000	7.624122
24.607241	7.590752	0.000000	0.000000	7.590752
24.632247	7.557383	0.000000	0.000000	7.557383
24.657252	7.523803	0.000000	0.000000	7.523803
24.682258	7.490146	0.000000	0.000000	7.490146
24.707263	7.456489	0.000000	0.000000	7.456489
24.732268	7.422832	0.000000	0.000000	7.422832
24.757274	7.389174	0.000000	0.000000	7.389174
24.782279	7.355516	0.000000	0.000000	7.355516
24.807285	7.321857	0.000000	0.000000	7.321857
24.832290	7.288199	0.000000	0.000000	7.288199
24.857296	7.254539	0.000000	0.000000	7.254539
24.882301	7.220880	0.000000	0.000000	7.220880
24.907306	7.187890	0.000000	0.000000	7.187890
24.932312	7.155139	0.000000	0.000000	7.155139
24.957317	7.122388	0.000000	0.000000	7.122388
24.982323	7.089637	0.000000	0.000000	7.089637
25.007328	7.056885	0.000000	0.000000	7.056885
25.032334	7.024134	0.000000	0.000000	7.024134
25.057339	6.991383	0.000000	0.000000	6.991383
25.082344	6.958632	0.000000	0.000000	6.958632
25.107350	6.925881	0.000000	0.000000	6.925881
25.132355	6.893130	0.000000	0.000000	6.893130
25.157361	6.863586	0.000000	0.000000	6.863586
25.182366	6.835170	0.000000	0.000000	6.835170
25.207372	6.806754	0.000000	0.000000	6.806754
25.232377	6.778338	0.000000	0.000000	6.778338
25.257382	6.749923	0.000000	0.000000	6.749923
25.282388	6.721507	0.000000	0.000000	6.721507
25.307393	6.693091	0.000000	0.000000	6.693091
25.332399	6.664675	0.000000	0.000000	6.664675
25.357404	6.636259	0.000000	0.000000	6.636259
25.382410	6.607843	0.000000	0.000000	6.607843
25.407415	6.578744	0.000000	0.000000	6.578744
25.432421	6.549408	0.000000	0.000000	6.549408
25.457426	6.520071	0.000000	0.000000	6.520071
25.482431	6.490735	0.000000	0.000000	6.490735
25.507437	6.461398	0.000000	0.000000	6.461398
25.532442	6.432061	0.000000	0.000000	6.432061
25.557448	6.402725	0.000000	0.000000	6.402725
25.582453	6.373388	0.000000	0.000000	6.373388
25.607459	6.344052	0.000000	0.000000	6.344052
25.632464	6.314715	0.000000	0.000000	6.314715
25.657469	6.284689	0.000000	0.000000	6.284689
25.682475	6.254425	0.000000	0.000000	6.254425
25.707480	6.224161	0.000000	0.000000	6.224161
25.732486	6.193897	0.000000	0.000000	6.193897
25.757491	6.163633	0.000000	0.000000	6.163633
25.782497	6.133370	0.000000	0.000000	6.133370
25.807502	6.103106	0.000000	0.000000	6.103106
25.832507	6.072842	0.000000	0.000000	6.072842
25.857513	6.042578	0.000000	0.000000	6.042578
25.882518	6.012314	0.000000	0.000000	6.012314
25.907524	5.982076	0.000000	0.000000	5.982076
25.932529	5.951847	0.000000	0.000000	5.951847
25.957535	5.921617	0.000000	0.000000	5.921617
25.982540	5.891388	0.000000	0.000000	5.891388
26.007545	5.861159	0.000000	0.000000	5.861159
26.032551	5.830930	0.000000	0.000000	5.830930
26.057556	5.800700	0.000000	0.000000	5.800700
26.082562	5.770471	0.000000	0.000000	5.770471
26.107567	5.740242	0.000000	0.000000	5.740242
26.132573	5.710012	0.000000	0.000000	5.710012
26.157578	5.683370	0.000000	0.000000	5.683370
26.182583	5.657936	0.000000	0.000000	5.657936
26.207589	5.632502	0.000000	0.000000	5.632502
26.232594	5.607068	0.000000	0.000000	5.607068
26.257600	5.581634	0.000000	0.000000	5.581634
26.282605	5.556200	0.000000	0.000000	5.556200
26.307611	5.530767	0.000000	0.000000	5.530767
26.332616	5.505333	0.000000	0.000000	5.505333
26.357621	5.479899	0.000000	0.000000	5.479899
26.382627	5.454465	0.000000	0.000000	5.454465
26.407632	5.428799	0.000000	0.000000	5.428799
26.432638	5.403056	0.000000	0.000000	5.403056
26.457643	5.377313	0.000000	0.000000	5.377313
26.482649	5.351569	0.000000	0.000000	5.351569
26.507654	5.325825	0.000000	0.000000	5.325825
26.532660	5.300080	0.000000	0.000000	5.300080
26.557665	5.274335	0.000000	0.000000	5.274335
26.582670	5.248590	0.000000	0.000000	5.248590
26.607676	5.222845	0.000000	0.000000	5.222845
26.632681	5.197099	0.000000	0.000000	5.197099
26.657687	5.171636	0.000000	0.000000	5.171636
26.682692	5.146267	0.000000	0.000000	5.146267
26.707698	5.120899	0.000000	0.000000	5.120899
26.732703	5.095531	0.000000	0.000000	5.095531
26.757708	5.070163	0.000000	0.000000	5.070163
26.782714	5.044796	0.000000	0.000000	5.044796
26.807719	5.019429	0.000000	0.000000	5.019429
26.832725	4.994062	0.000000	0.000000	4.994062
26.857730	4.968696	0.000000	0.000000	4.968696
26.882736	4.943330	0.000000	0.000000	4.943330
26.907741	4.918370	0.000000	0.000000	4.918370
26.932746	4.893542	0.000000	0.000000	4.893542
26.957752	4.868714	0.000000	0.000000	4.868714
26.982757	4.843886	0.000000	0.000000	4.843886
27.007763	4.819058	0.000000	0.000000	4.819058
27.032768	4.794230	0.000000	0.000000	4.794230
27.057774	4.769401	0.000000	0.000000	4.769401
27.082779	4.744573	0.000000	0.000000	4.744573
27.107784	4.719745	0.000000	0.000000	4.719745
27.132790	4.694917	0.000000	0.000000	4.694917
27.157795	4.671988	0.000000	0.000000	4.671988
27.182801	4.649671	0.000000	0.000000	4.649671
27.207806	4.627353	0.000000	0.000000	4.627353
27.232812	4.605035	0.000000	0.000000	4.605035
27.257817	4.582717	0.000000	0.000000	4.582717
27.282822	4.560398	0.000000	0.000000	4.560398
27.307828	4.538079	0.000000	0.000000	4.538079
27.332833	4.515760	0.000000	0.000000	4.515760
27.357839	4.493440	0.000000	0.000000	4.493440
27.382844	4.471120	0.000000	0.000000	4.471120
27.407850	4.448409	0.000000	0.000000	4.448409
27.432855	4.425574	0.000000	0.000000	4.425574
27.457860	4.402738	0.000000	0.000000	4.402738
27.482866	4.379903	0.000000	0.000000	4.379903
27.507871	4.357068	0.000000	0.000000	4.357068
27.532877	4.334232	0.000000	0.000000	4.334232
27.557882	4.311397	0.000000	0.000000	4.311397
27.582888	4.288561	0.000000	0.000000	4.288561
27.607893	4.265726	0.000000	0.000000	4.265726
27.632899	4.242890	0.000000	0.000000	4.242890
27.657904	4.220028	0.000000	0.000000	4.220028
27.682909	4.197157	0.000000	0.000000	4.197157
27.707915	4.174287	0.000000	0.000000	4.174287
27.732920	4.151417	0.000000	0.000000	4.151417
27.757926	4.128547	0.000000	0.000000	4.128547
27.782931	4.105678	0.000000	0.000000	4.105678
27.807937	4.082809	0.000000	0.000000	4.082809
27.832942	4.059940	0.000000	0.000000	4.059940
27.857947	4.037072	0.000000	0.000000	4.037072
27.882953	4.014205	0.000000	0.000000	4.014205
27.907958	3.992092	0.000000	0.000000	3.992092
27.932964	3.970215	0.000000	0.000000	3.970215
27.957969	3.948337	0.000000	0.000000	3.948337
27.982975	3.926459	0.000000	0.000000	3.926459
28.007980	3.904582	0.000000	0.000000	3.904582
28.032985	3.882704	0.000000	0.000000	3.882704
28.057991	3.860826	0.000000	0.000000	3.860826
28.082996	3.838948	0.000000	0.000000	3.838948
28.108002	3.817071	0.000000	0.000000	3.817071
28.133007	3.795193	0.000000	0.000000	3.795193
28.158013	3.775616	0.000000	0.000000	3.775616
28.183018	3.756745	0.000000	0.000000	3.756745
28.208023	3.737874	0.000000	0.000000	3.737874
28.233029	3.719003	0.000000	0.000000	3.719003
28.258034	3.700132	0.000000	0.000000	3.700132
28.283040	3.681260	0.000000	0.000000	3.681260
28.308045	3.662388	0.000000	0.000000	3.662388
28.333051	3.643515	0.000000	0.000000	3.643515
28.358056	3.624642	0.000000	0.000000	3.624642
28.383061	3.605769	0.000000	0.000000	3.605769
28.408067	3.587666	0.000000	0.000000	3.587666
28.433072	3.569798	0.000000	0.000000	3.569798
28.458078	3.551929	0.000000	0.000000	3.551929
28.483083	3.534061	0.000000	0.000000	3.534061
28.508089	3.516192	0.000000	0.000000	3.516192
28.533094	3.498324	0.000000	0.000000	3.498324
28.558099	3.480456	0.000000	0.000000	3.480456
28.583105	3.462587	0.000000	0.000000	3.462587
28.608110	3.444719	0.000000	0.000000	3.444719
28.633116	3.426850	0.000000	0.000000	3.426850
28.658121	3.409009	0.000000	0.000000	3.409009
28.683127	3.391176	0.000000	0.000000	3.391176
28.708132	3.373343	0.000000	0.000000	3.373343
28.733138	3.355509	0.000000	0.000000	3.355509
28.758143	3.337676	0.000000	0.000000	3.337676
28.783148	3.319843	0.000000	0.000000	3.319843
28.808154	3.302010	0.000000	0.000000	3.302010
28.833159	3.284177	0.000000	0.000000	3.284177
28.858165	3.266344	0.000000	0.000000	3.266344
28.883170	3.248511	0.000000	0.000000	3.248511
28.908176	3.232509	0.000000	0.000000	3.232509
28.933181	3.217051	0.000000	0.000000	3.217051
28.958186	3.201593	0.000000	0.000000	3.201593
28.983192	3.186136	0.000000	0.000000	3.186136
29.008197	3.170678	0.000000	0.000000	3.170678
29.033203	3.155220	0.000000	0.000000	3.155220
29.058208	3.139762	0.000000	0.000000	3.139762
29.083214	3.124304	0.000000	0.000000	3.124304
29.108219	3.108846	0.000000	0.000000	3.108846
29.133224	3.093389	0.000000	0.000000	3.093389
29.158230	3.077992	0.000000	0.000000	3.077992
29.183235	3.062613	0.000000	0.000000	3.062613
29.208241	3.047235	0.000000	0.000000	3.047235
29.233246	3.031856	0.000000	0.000000	3.031856
29.258252	3.016477	0.000000	0.000000	3.016477
29.283257	3.001099	0.000000	0.000000	3.001099
29.308262	2.985720	0.000000	0.000000	2.985720
29.333268	2.970341	0.000000	0.000000	2.970341
29.358273	2.954963	0.000000	0.000000	2.954963
29.383279	2.939584	0.000000	0.000000	2.939584
29.408284	2.926408	0.000000	0.000000	2.926408
29.433290	2.913870	0.000000	0.000000	2.913870
29.458295	2.901333	0.000000	0.000000	2.901333
29.483300	2.888795	0.000000	0.000000	2.888795
29.508306	2.876257	0.000000	0.000000	2.876257
29.533311	2.863719	0.000000	0.000000	2.863719
29.558317	2.851181	0.000000	0.000000	2.851181
29.583322	2.838643	0.000000	0.000000	2.838643
29.608328	2.826106	0.000000	0.000000	2.826106
29.633333	2.813568	0.000000	0.000000	2.813568
29.658338	0.000000	0.000000	0.000000	0.000000
29.683344	0.000000	0.000000	0.000000	0.000000
29.708349	0.000000	0.000000	0.000000	0.000000
29.733355	0.000000	0.000000	0.000000	0.000000
29.758360	0.000000	0.000000	0.000000	0.000000
29.783366	0.000000	0.000000	0.000000	0.000000
29.808371	0.000000	0.000000	0.000000	0.000000
29.833377	0.000000	0.000000	0.000000	0.000000
29.858382	0.000000	0.000000	0.000000	0.000000
29.883387	0.000000	0.000000	0.000000	0.000000
29.908393	0.000000	0.000000	0.000000	0.000000
29.933398	0.000000	0.000000	0.000000	0.000000
29.958404	0.000000	0.000000	0.000000	0.000000
29.983409	0.000000	0.000000	0.000000	0.000000
30.008415	0.000000	0.000000	0.000000	0.000000
