Patient Name: EQUIPO 4 2025, QA
Patient ID: Eq4-2025
Plan: PerfDiag
Course: C-Fisica
Date: Friday, August 07, 2026 2:48:43 PM
Exported by: paberbuj

Start: (-29.79, -25.09, 0.00)
End:   (30.24, -25.09, -0.23)

	40x40	20x20	10x10	Total
-30.029627	3.332435	0.000000	0.000000	3.332435
-30.004622	3.353621	0.000000	0.000000	3.353621
-29.979616	3.374808	0.000000	0.000000	3.374808
-29.954611	3.395994	0.000000	0.000000	3.395994
-29.929606	3.417180	0.000000	0.000000	3.417180
-29.904600	3.438367	0.000000	0.000000	3.438367
-29.879595	3.459553	0.000000	0.000000	3.459553
-29.854589	3.480104	0.000000	0.000000	3.480104
-29.829584	3.498998	0.000000	0.000000	3.498998
-29.804578	3.517893	0.000000	0.000000	3.517893
-29.779573	3.536787	0.000000	0.000000	3.536787
-29.754568	3.555681	0.000000	0.000000	3.555681
-29.729562	3.574575	0.000000	0.000000	3.574575
-29.704557	3.593470	0.000000	0.000000	3.593470
-29.679551	3.612364	0.000000	0.000000	3.612364
-29.654546	3.631258	0.000000	0.000000	3.631258
-29.629540	3.650152	0.000000	0.000000	3.650152
-29.604535	3.669363	0.000000	0.000000	3.669363
-29.579530	3.689390	0.000000	0.000000	3.689390
-29.554524	3.709417	0.000000	0.000000	3.709417
-29.529519	3.729444	0.000000	0.000000	3.729444
-29.504513	3.749471	0.000000	0.000000	3.749471
-29.479508	3.769498	0.000000	0.000000	3.769498
-29.454502	3.789525	0.000000	0.000000	3.789525
-29.429497	3.809552	0.000000	0.000000	3.809552
-29.404491	3.829578	0.000000	0.000000	3.829578
-29.379486	3.849605	0.000000	0.000000	3.849605
-29.354481	3.869893	0.000000	0.000000	3.869893
-29.329475	3.890849	0.000000	0.000000	3.890849
-29.304470	3.911805	0.000000	0.000000	3.911805
-29.279464	3.932761	0.000000	0.000000	3.932761
-29.254459	3.953717	0.000000	0.000000	3.953717
-29.229453	3.974674	0.000000	0.000000	3.974674
-29.204448	3.995631	0.000000	0.000000	3.995631
-29.179443	4.016589	0.000000	0.000000	4.016589
-29.154437	4.037547	0.000000	0.000000	4.037547
-29.129432	4.058505	0.000000	0.000000	4.058505
-29.104426	4.079847	0.000000	0.000000	4.079847
-29.079421	4.102160	0.000000	0.000000	4.102160
-29.054415	4.124471	0.000000	0.000000	4.124471
-29.029410	4.146783	0.000000	0.000000	4.146783
-29.004405	4.169094	0.000000	0.000000	4.169094
-28.979399	4.191405	0.000000	0.000000	4.191405
-28.954394	4.213716	0.000000	0.000000	4.213716
-28.929388	4.236026	0.000000	0.000000	4.236026
-28.904383	4.258336	0.000000	0.000000	4.258336
-28.879377	4.280645	0.000000	0.000000	4.280645
-28.854372	4.302976	0.000000	0.000000	4.302976
-28.829367	4.325361	0.000000	0.000000	4.325361
-28.804361	4.347747	0.000000	0.000000	4.347747
-28.779356	4.370133	0.000000	0.000000	4.370133
-28.754350	4.392519	0.000000	0.000000	4.392519
-28.729345	4.414906	0.000000	0.000000	4.414906
-28.704339	4.437293	0.000000	0.000000	4.437293
-28.679334	4.459680	0.000000	0.000000	4.459680
-28.654329	4.482068	0.000000	0.000000	4.482068
-28.629323	4.504456	0.000000	0.000000	4.504456
-28.604318	4.527025	0.000000	0.000000	4.527025
-28.579312	4.550042	0.000000	0.000000	4.550042
-28.554307	4.573059	0.000000	0.000000	4.573059
-28.529301	4.596076	0.000000	0.000000	4.596076
-28.504296	4.619093	0.000000	0.000000	4.619093
-28.479291	4.642110	0.000000	0.000000	4.642110
-28.454285	4.665127	0.000000	0.000000	4.665127
-28.429280	4.688144	0.000000	0.000000	4.688144
-28.404274	4.711161	0.000000	0.000000	4.711161
-28.379269	4.734178	0.000000	0.000000	4.734178
-28.354263	4.757583	0.000000	0.000000	4.757583
-28.329258	4.781941	0.000000	0.000000	4.781941
-28.304252	4.806298	0.000000	0.000000	4.806298
-28.279247	4.830654	0.000000	0.000000	4.830654
-28.254242	4.855011	0.000000	0.000000	4.855011
-28.229236	4.879367	0.000000	0.000000	4.879367
-28.204231	4.903723	0.000000	0.000000	4.903723
-28.179225	4.928078	0.000000	0.000000	4.928078
-28.154220	4.952433	0.000000	0.000000	4.952433
-28.129214	4.976788	0.000000	0.000000	4.976788
-28.104209	5.001604	0.000000	0.000000	5.001604
-28.079204	5.027539	0.000000	0.000000	5.027539
-28.054198	5.053475	0.000000	0.000000	5.053475
-28.029193	5.079410	0.000000	0.000000	5.079410
-28.004187	5.105346	0.000000	0.000000	5.105346
-27.979182	5.131282	0.000000	0.000000	5.131282
-27.954176	5.157219	0.000000	0.000000	5.157219
-27.929171	5.183156	0.000000	0.000000	5.183156
-27.904166	5.209093	0.000000	0.000000	5.209093
-27.879160	5.235031	0.000000	0.000000	5.235031
-27.854155	5.261529	0.000000	0.000000	5.261529
-27.829149	5.289371	0.000000	0.000000	5.289371
-27.804144	5.317213	0.000000	0.000000	5.317213
-27.779138	5.345054	0.000000	0.000000	5.345054
-27.754133	5.372895	0.000000	0.000000	5.372895
-27.729128	5.400736	0.000000	0.000000	5.400736
-27.704122	5.428576	0.000000	0.000000	5.428576
-27.679117	5.456416	0.000000	0.000000	5.456416
-27.654111	5.484256	0.000000	0.000000	5.484256
-27.629106	5.512095	0.000000	0.000000	5.512095
-27.604100	5.540129	0.000000	0.000000	5.540129
-27.579095	5.568624	0.000000	0.000000	5.568624
-27.554090	5.597120	0.000000	0.000000	5.597120
-27.529084	5.625616	0.000000	0.000000	5.625616
-27.504079	5.654112	0.000000	0.000000	5.654112
-27.479073	5.682609	0.000000	0.000000	5.682609
-27.454068	5.711106	0.000000	0.000000	5.711106
-27.429062	5.739603	0.000000	0.000000	5.739603
-27.404057	5.768101	0.000000	0.000000	5.768101
-27.379052	5.796599	0.000000	0.000000	5.796599
-27.354046	5.825522	0.000000	0.000000	5.825522
-27.329041	5.855447	0.000000	0.000000	5.855447
-27.304035	5.885373	0.000000	0.000000	5.885373
-27.279030	5.915299	0.000000	0.000000	5.915299
-27.254024	5.945225	0.000000	0.000000	5.945225
-27.229019	5.975151	0.000000	0.000000	5.975151
-27.204013	6.005078	0.000000	0.000000	6.005078
-27.179008	6.035006	0.000000	0.000000	6.035006
-27.154003	6.064933	0.000000	0.000000	6.064933
-27.128997	6.094861	0.000000	0.000000	6.094861
-27.103992	6.125212	0.000000	0.000000	6.125212
-27.078986	6.156548	0.000000	0.000000	6.156548
-27.053981	6.187884	0.000000	0.000000	6.187884
-27.028975	6.219219	0.000000	0.000000	6.219219
-27.003970	6.250555	0.000000	0.000000	6.250555
-26.978965	6.281890	0.000000	0.000000	6.281890
-26.953959	6.313226	0.000000	0.000000	6.313226
-26.928954	6.344561	0.000000	0.000000	6.344561
-26.903948	6.375897	0.000000	0.000000	6.375897
-26.878943	6.407232	0.000000	0.000000	6.407232
-26.853937	6.439012	0.000000	0.000000	6.439012
-26.828932	6.471816	0.000000	0.000000	6.471816
-26.803927	6.504620	0.000000	0.000000	6.504620
-26.778921	6.537424	0.000000	0.000000	6.537424
-26.753916	6.570228	0.000000	0.000000	6.570228
-26.728910	6.603031	0.000000	0.000000	6.603031
-26.703905	6.635834	0.000000	0.000000	6.635834
-26.678899	6.668637	0.000000	0.000000	6.668637
-26.653894	6.701439	0.000000	0.000000	6.701439
-26.628889	6.734242	0.000000	0.000000	6.734242
-26.603883	6.767099	0.000000	0.000000	6.767099
-26.578878	6.800082	0.000000	0.000000	6.800082
-26.553872	6.833065	0.000000	0.000000	6.833065
-26.528867	6.866048	0.000000	0.000000	6.866048
-26.503861	6.899032	0.000000	0.000000	6.899032
-26.478856	6.932016	0.000000	0.000000	6.932016
-26.453851	6.965001	0.000000	0.000000	6.965001
-26.428845	6.997986	0.000000	0.000000	6.997986
-26.403840	7.030971	0.000000	0.000000	7.030971
-26.378834	7.063956	0.000000	0.000000	7.063956
-26.353829	7.097372	0.000000	0.000000	7.097372
-26.328823	7.131760	0.000000	0.000000	7.131760
-26.303818	7.166147	0.000000	0.000000	7.166147
-26.278813	7.200534	0.000000	0.000000	7.200534
-26.253807	7.234922	0.000000	0.000000	7.234922
-26.228802	7.269309	0.000000	0.000000	7.269309
-26.203796	7.303697	0.000000	0.000000	7.303697
-26.178791	7.338084	0.000000	0.000000	7.338084
-26.153785	7.372471	0.000000	0.000000	7.372471
-26.128780	7.406859	0.000000	0.000000	7.406859
-26.103774	7.441830	0.000000	0.000000	7.441830
-26.078769	7.478106	0.000000	0.000000	7.478106
-26.053764	7.514382	0.000000	0.000000	7.514382
-26.028758	7.550657	0.000000	0.000000	7.550657
-26.003753	7.586932	0.000000	0.000000	7.586932
-25.978747	7.623207	0.000000	0.000000	7.623207
-25.953742	7.659482	0.000000	0.000000	7.659482
-25.928736	7.695756	0.000000	0.000000	7.695756
-25.903731	7.732030	0.000000	0.000000	7.732030
-25.878726	7.768303	0.000000	0.000000	7.768303
-25.853720	7.804772	0.000000	0.000000	7.804772
-25.828715	7.841674	0.000000	0.000000	7.841674
-25.803709	7.878576	0.000000	0.000000	7.878576
-25.778704	7.915479	0.000000	0.000000	7.915479
-25.753698	7.952382	0.000000	0.000000	7.952382
-25.728693	7.989285	0.000000	0.000000	7.989285
-25.703688	8.026189	0.000000	0.000000	8.026189
-25.678682	8.063093	0.000000	0.000000	8.063093
-25.653677	8.099997	0.000000	0.000000	8.099997
-25.628671	8.136902	0.000000	0.000000	8.136902
-25.603666	8.174282	0.000000	0.000000	8.174282
-25.578660	8.212708	0.000000	0.000000	8.212708
-25.553655	8.251133	0.000000	0.000000	8.251133
-25.528650	8.289559	0.000000	0.000000	8.289559
-25.503644	8.327984	0.000000	0.000000	8.327984
-25.478639	8.366410	0.000000	0.000000	8.366410
-25.453633	8.404835	0.000000	0.000000	8.404835
-25.428628	8.443261	0.000000	0.000000	8.443261
-25.403622	8.481686	0.000000	0.000000	8.481686
-25.378617	8.520112	0.000000	0.000000	8.520112
-25.353612	8.558844	0.000000	0.000000	8.558844
-25.328606	8.598242	0.000000	0.000000	8.598242
-25.303601	8.637640	0.000000	0.000000	8.637640
-25.278595	8.677039	0.000000	0.000000	8.677039
-25.253590	8.716438	0.000000	0.000000	8.716438
-25.228584	8.755838	0.000000	0.000000	8.755838
-25.203579	8.795238	0.000000	0.000000	8.795238
-25.178574	8.834639	0.000000	0.000000	8.834639
-25.153568	8.874039	0.000000	0.000000	8.874039
-25.128563	8.913441	0.000000	0.000000	8.913441
-25.103557	8.953478	0.000000	0.000000	8.953478
-25.078552	8.994885	0.000000	0.000000	8.994885
-25.053546	9.036291	0.000000	0.000000	9.036291
-25.028541	9.077698	0.000000	0.000000	9.077698
-25.003535	9.119104	0.000000	0.000000	9.119104
-24.978530	9.160510	0.000000	0.000000	9.160510
-24.953525	9.201916	0.000000	0.000000	9.201916
-24.928519	9.243322	0.000000	0.000000	9.243322
-24.903514	9.284728	0.000000	0.000000	9.284728
-24.878508	9.326133	0.000000	0.000000	9.326133
-24.853503	9.368318	0.000000	0.000000	9.368318
-24.828497	9.412164	0.000000	0.000000	9.412164
-24.803492	9.456011	0.000000	0.000000	9.456011
-24.778487	9.499857	0.000000	0.000000	9.499857
-24.753481	9.543703	0.000000	0.000000	9.543703
-24.728476	9.587550	0.000000	0.000000	9.587550
-24.703470	9.631396	0.000000	0.000000	9.631396
-24.678465	9.675243	0.000000	0.000000	9.675243
-24.653459	9.719089	0.000000	0.000000	9.719089
-24.628454	9.762936	0.000000	0.000000	9.762936
-24.603449	9.807458	0.000000	0.000000	9.807458
-24.578443	9.853406	0.000000	0.000000	9.853406
-24.553438	9.899355	0.000000	0.000000	9.899355
-24.528432	9.945303	0.000000	0.000000	9.945303
-24.503427	9.991251	0.000000	0.000000	9.991251
-24.478421	10.037199	0.000000	0.000000	10.037199
-24.453416	10.083147	0.000000	0.000000	10.083147
-24.428411	10.129095	0.000000	0.000000	10.129095
-24.403405	10.175043	0.000000	0.000000	10.175043
-24.378400	10.220990	0.000000	0.000000	10.220990
-24.353394	10.267607	0.000000	0.000000	10.267607
-24.328389	10.315623	0.000000	0.000000	10.315623
-24.303383	10.363639	0.000000	0.000000	10.363639
-24.278378	10.411656	0.000000	0.000000	10.411656
-24.253373	10.459672	0.000000	0.000000	10.459672
-24.228367	10.507688	0.000000	0.000000	10.507688
-24.203362	10.555704	0.000000	0.000000	10.555704
-24.178356	10.603721	0.000000	0.000000	10.603721
-24.153351	10.651737	0.000000	0.000000	10.651737
-24.128345	10.699753	0.000000	0.000000	10.699753
-24.103340	10.748552	0.000000	0.000000	10.748552
-24.078335	10.798972	0.000000	0.000000	10.798972
-24.053329	10.849392	0.000000	0.000000	10.849392
-24.028324	10.899813	0.000000	0.000000	10.899813
-24.003318	10.950234	0.000000	0.000000	10.950234
-23.978313	11.000656	0.000000	0.000000	11.000656
-23.953307	11.051078	0.000000	0.000000	11.051078
-23.928302	11.101500	0.000000	0.000000	11.101500
-23.903296	11.151923	0.000000	0.000000	11.151923
-23.878291	11.202346	0.000000	0.000000	11.202346
-23.853286	11.253417	0.004128	0.000000	11.257545
-23.828280	11.305818	0.016723	0.000000	11.322540
-23.803275	11.358218	0.029318	0.000000	11.387536
-23.778269	11.410619	0.041913	0.000000	11.452532
-23.753264	11.463020	0.054508	0.000000	11.517528
-23.728258	11.515421	0.067103	0.000000	11.582525
-23.703253	11.567823	0.079698	0.000000	11.647522
-23.678248	11.620225	0.092294	0.000000	11.712519
-23.653242	11.672628	0.104889	0.000000	11.777516
-23.628237	11.725030	0.117484	0.000000	11.842514
-23.603231	11.778907	0.153080	0.000000	11.931987
-23.578226	11.835777	0.235413	0.000000	12.071189
-23.553220	11.892646	0.317746	0.000000	12.210392
-23.528215	11.949515	0.400079	0.000000	12.349593
-23.503210	12.006382	0.482411	0.000000	12.488794
-23.478204	12.063249	0.564744	0.000000	12.627994
-23.453199	12.120116	0.647077	0.000000	12.767193
-23.428193	12.176981	0.729410	0.000000	12.906391
-23.403188	12.233846	0.811743	0.000000	13.045589
-23.378182	12.290710	0.894076	0.000000	13.184786
-23.353177	12.349300	0.950569	0.000000	13.299868
-23.328172	12.411365	0.955050	0.000000	13.366414
-23.303166	12.473430	0.959531	0.000000	13.432961
-23.278161	12.535496	0.964012	0.000000	13.499508
-23.253155	12.597562	0.968492	0.000000	13.566055
-23.228150	12.659629	0.972973	0.000000	13.632602
-23.203144	12.721696	0.977454	0.000000	13.699150
-23.178139	12.783764	0.981935	0.000000	13.765699
-23.153134	12.845832	0.986416	0.000000	13.832248
-23.128128	12.907900	0.990897	0.000000	13.898797
-23.103123	12.972385	0.995565	0.000000	13.967951
-23.078117	13.041691	1.000606	0.000000	14.042297
-23.053112	13.110997	1.005647	0.000000	14.116644
-23.028106	13.180304	1.010688	0.000000	14.190992
-23.003101	13.249612	1.015729	0.000000	14.265341
-22.978096	13.318921	1.020771	0.000000	14.339692
-22.953090	13.388231	1.025812	0.000000	14.414043
-22.928085	13.457542	1.030853	0.000000	14.488395
-22.903079	13.526855	1.035894	0.000000	14.562748
-22.878074	13.596168	1.040935	0.000000	14.637103
-22.853068	13.670258	1.045813	0.000000	14.716071
-22.828063	13.753782	1.050368	0.000000	14.804150
-22.803057	13.837303	1.054924	0.000000	14.892227
-22.778052	13.920824	1.059479	0.000000	14.980303
-22.753047	14.004343	1.064035	0.000000	15.068377
-22.728041	14.087860	1.068590	0.000000	15.156450
-22.703036	14.171376	1.073146	0.000000	15.244522
-22.678030	14.254890	1.077701	0.000000	15.332592
-22.653025	14.338404	1.082257	0.000000	15.420660
-22.628019	14.421915	1.086812	0.000000	15.508727
-22.603014	14.512501	1.091864	0.000000	15.604364
-22.578009	14.616930	1.097886	0.000000	15.714816
-22.553003	14.721359	1.103908	0.000000	15.825267
-22.527998	14.825789	1.109929	0.000000	15.935718
-22.502992	14.930219	1.115951	0.000000	16.046170
-22.477987	15.034650	1.121971	0.000000	16.156621
-22.452981	15.139080	1.127992	0.000000	16.267072
-22.427976	15.243512	1.134012	0.000000	16.377524
-22.402971	15.347943	1.140032	0.000000	16.487975
-22.377965	15.452375	1.146051	0.000000	16.598426
-22.352960	15.569330	1.151781	0.000000	16.721111
-22.327954	15.710556	1.156951	0.000000	16.867507
-22.302949	15.851783	1.162122	0.000000	17.013905
-22.277943	15.993010	1.167292	0.000000	17.160303
-22.252938	16.134238	1.172464	0.000000	17.306702
-22.227933	16.275466	1.177635	0.000000	17.453101
-22.202927	16.416694	1.182807	0.000000	17.599501
-22.177922	16.557923	1.187979	0.000000	17.745902
-22.152916	16.699152	1.193152	0.000000	17.892304
-22.127911	16.840381	1.198325	0.000000	18.038706
-22.102905	17.006478	1.203837	0.000000	18.210315
-22.077900	17.220330	1.209998	0.000000	18.430328
-22.052895	17.434184	1.216159	0.000000	18.650343
-22.027889	17.648038	1.222320	0.000000	18.870358
-22.002884	17.861893	1.228482	0.000000	19.090375
-21.977878	18.075750	1.234643	0.000000	19.310393
-21.952873	18.289607	1.240804	0.000000	19.530412
-21.927867	18.503466	1.246966	0.000000	19.750432
-21.902862	18.717326	1.253127	0.000000	19.970453
-21.877857	18.931187	1.259288	0.000000	20.190475
-21.852851	19.206740	1.265642	0.000000	20.472382
-21.827846	19.599668	1.272364	0.000000	20.872032
-21.802840	19.992605	1.279085	0.000000	21.271690
-21.777835	20.385551	1.285807	0.000000	21.671358
-21.752829	20.778507	1.292528	0.000000	22.071035
-21.727824	21.171471	1.299250	0.000000	22.470721
-21.702818	21.564445	1.305971	0.000000	22.870416
-21.677813	21.957427	1.312692	0.000000	23.270119
-21.652808	22.350419	1.319414	0.000000	23.669832
-21.627802	22.743419	1.326135	0.000000	24.069554
-21.602797	23.448864	1.332857	0.000000	24.781721
-21.577791	24.743231	1.339578	0.000000	26.082809
-21.552786	26.037595	1.346299	0.000000	27.383895
-21.527780	27.331957	1.353021	0.000000	28.684978
-21.502775	28.626316	1.359742	0.000000	29.986058
-21.477770	29.920673	1.366464	0.000000	31.287136
-21.452764	31.215027	1.373185	0.000000	32.588212
-21.427759	32.509378	1.379906	0.000000	33.889285
-21.402753	33.803727	1.386628	0.000000	35.190355
-21.377748	35.098073	1.393349	0.000000	36.491423
-21.352742	38.382615	1.400093	0.000000	39.782708
-21.327737	45.383936	1.406879	0.000000	46.790815
-21.302732	52.385240	1.413665	0.000000	53.798906
-21.277726	59.386529	1.420451	0.000000	60.806980
-21.252721	66.387800	1.427237	0.000000	67.815037
-21.227715	73.389056	1.434023	0.000000	74.823079
-21.202710	80.390295	1.440809	0.000000	81.831104
-21.177704	87.391517	1.447595	0.000000	88.839112
-21.152699	94.392723	1.454381	0.000000	95.847104
-21.127694	101.393913	1.461167	0.000000	102.855080
-21.102688	106.601618	1.468323	0.000000	108.069941
-21.077683	108.490736	1.476165	0.000000	109.966901
-21.052677	110.379853	1.484007	0.000000	111.863860
-21.027672	112.268969	1.491848	0.000000	113.760817
-21.002666	114.158083	1.499690	0.000000	115.657773
-20.977661	116.047197	1.507531	0.000000	117.554728
-20.952656	117.936309	1.515373	0.000000	119.451682
-20.927650	119.825419	1.523215	0.000000	121.348634
-20.902645	121.714529	1.531056	0.000000	123.245585
-20.877639	123.603637	1.538898	0.000000	125.142535
-20.852634	125.003794	1.546740	0.000000	126.550533
-20.827628	125.507512	1.554581	0.000000	127.062093
-20.802623	126.011233	1.562423	0.000000	127.573656
-20.777618	126.514957	1.570265	0.000000	128.085222
-20.752612	127.018685	1.578106	0.000000	128.596791
-20.727607	127.522415	1.585948	0.000000	129.108363
-20.702601	128.026149	1.593790	0.000000	129.619938
-20.677596	128.529885	1.601631	0.000000	130.131516
-20.652590	129.033625	1.609473	0.000000	130.643098
-20.627585	129.537368	1.617315	0.000000	131.154682
-20.602579	129.944739	1.625753	0.000000	131.570492
-20.577574	130.177037	1.635275	0.000000	131.812312
-20.552569	130.409336	1.644797	0.000000	132.054133
-20.527563	130.641636	1.654319	0.000000	132.295955
-20.502558	130.873938	1.663841	0.000000	132.537779
-20.477552	131.106241	1.673363	0.000000	132.779604
-20.452547	131.338546	1.682885	0.000000	133.021430
-20.427541	131.570851	1.692407	0.000000	133.263258
-20.402536	131.803159	1.701929	0.000000	133.505088
-20.377531	132.035467	1.711451	0.000000	133.746918
-20.352525	132.235736	1.720996	0.000000	133.956731
-20.327520	132.378328	1.730582	0.000000	134.108910
-20.302514	132.520923	1.740169	0.000000	134.261092
-20.277509	132.663519	1.749755	0.000000	134.413275
-20.252503	132.806118	1.759342	0.000000	134.565460
-20.227498	132.948718	1.768929	0.000000	134.717647
-20.202493	133.091320	1.778515	0.000000	134.869836
-20.177487	133.233925	1.788102	0.000000	135.022027
-20.152482	133.376531	1.797688	0.000000	135.174219
-20.127476	133.519140	1.807275	0.000000	135.326414
-20.102471	133.647490	1.817092	0.000000	135.464582
-20.077465	133.750407	1.827322	0.000000	135.577729
-20.052460	133.853325	1.837551	0.000000	135.690876
-20.027455	133.956243	1.847781	0.000000	135.804024
-20.002449	134.059160	1.858012	0.000000	135.917172
-19.977444	134.162079	1.868243	0.000000	136.030321
-19.952438	134.264997	1.878474	0.000000	136.143471
-19.927433	134.367915	1.888706	0.000000	136.256621
-19.902427	134.470834	1.898938	0.000000	136.369772
-19.877422	134.573753	1.909170	0.000000	136.482923
-19.852417	134.667805	1.919929	0.000000	136.587734
-19.827411	134.746182	1.931619	0.000000	136.677801
-19.802406	134.824559	1.943308	0.000000	136.767867
-19.777400	134.902935	1.954997	0.000000	136.857933
-19.752395	134.981312	1.966686	0.000000	136.947998
-19.727389	135.059688	1.978374	0.000000	137.038062
-19.702384	135.138063	1.990062	0.000000	137.128126
-19.677379	135.216439	2.001750	0.000000	137.218188
-19.652373	135.294814	2.013437	0.000000	137.308251
-19.627368	135.373188	2.025124	0.000000	137.398312
-19.602362	135.445665	2.036834	0.000000	137.482499
-19.577357	135.507811	2.048587	0.000000	137.556398
-19.552351	135.569958	2.060339	0.000000	137.630297
-19.527346	135.632106	2.072092	0.000000	137.704197
-19.502340	135.694254	2.083844	0.000000	137.778098
-19.477335	135.756402	2.095597	0.000000	137.851998
-19.452330	135.818550	2.107349	0.000000	137.925899
-19.427324	135.880700	2.119101	0.000000	137.999801
-19.402319	135.942849	2.130854	0.000000	138.073703
-19.377313	136.004999	2.142606	0.000000	138.147605
-19.352308	136.062880	2.154595	0.000000	138.217475
-19.327302	136.113353	2.166992	0.000000	138.280344
-19.302297	136.163825	2.179389	0.000000	138.343214
-19.277292	136.214298	2.191786	0.000000	138.406084
-19.252286	136.264771	2.204183	0.000000	138.468954
-19.227281	136.315244	2.216580	0.000000	138.531824
-19.202275	136.365717	2.228977	0.000000	138.594695
-19.177270	136.416191	2.241375	0.000000	138.657566
-19.152264	136.466665	2.253772	0.000000	138.720437
-19.127259	136.517139	2.266169	0.000000	138.783308
-19.102254	136.564474	2.278764	0.000000	138.843238
-19.077248	136.606409	2.291699	0.000000	138.898107
-19.052243	136.648343	2.304634	0.000000	138.952977
-19.027237	136.690278	2.317568	0.000000	139.007846
-19.002232	136.732212	2.330503	0.000000	139.062715
-18.977226	136.774147	2.343438	0.000000	139.117585
-18.952221	136.816081	2.356373	0.000000	139.172454
-18.927216	136.858016	2.369307	0.000000	139.227323
-18.902210	136.899950	2.382242	0.000000	139.282192
-18.877205	136.941884	2.395176	0.000000	139.337061
-18.852199	136.981932	2.408303	0.000000	139.390236
-18.827194	137.018764	2.421758	0.000000	139.440522
-18.802188	137.055595	2.435214	0.000000	139.490809
-18.777183	137.092427	2.448669	0.000000	139.541096
-18.752178	137.129259	2.462124	0.000000	139.591383
-18.727172	137.166090	2.475579	0.000000	139.641670
-18.702167	137.202922	2.489035	0.000000	139.691957
-18.677161	137.239754	2.502490	0.000000	139.742244
-18.652156	137.276585	2.515946	0.000000	139.792531
-18.627150	137.313417	2.529401	0.000000	139.842818
-18.602145	137.349402	2.543685	0.002398	139.895485
-18.577140	137.383957	2.559367	0.008847	139.952171
-18.552134	137.418512	2.575049	0.015295	140.008856
-18.527129	137.453068	2.590731	0.021744	140.065542
-18.502123	137.487623	2.606413	0.028193	140.122228
-18.477118	137.522178	2.622095	0.034641	140.178914
-18.452112	137.556734	2.637777	0.041090	140.235600
-18.427107	137.591289	2.653459	0.047539	140.292286
-18.402101	137.625845	2.669141	0.053987	140.348973
-18.377096	137.660400	2.684823	0.060436	140.405659
-18.352091	137.693919	2.700921	0.080212	140.475053
-18.327085	137.725704	2.717716	0.122302	140.565721
-18.302080	137.757488	2.734510	0.164391	140.656389
-18.277074	137.789272	2.751305	0.206481	140.747058
-18.252069	137.821056	2.768100	0.248570	140.837726
-18.227063	137.852840	2.784895	0.290659	140.928395
-18.202058	137.884624	2.801690	0.332749	141.019063
-18.177053	137.916409	2.818485	0.374838	141.109731
-18.152047	137.948193	2.835280	0.416927	141.200400
-18.127042	137.979977	2.852074	0.459017	141.291068
-18.102036	138.010370	2.869318	0.486275	141.365963
-18.077031	138.038453	2.887306	0.488926	141.414686
-18.052025	138.066537	2.905295	0.491576	141.463408
-18.027020	138.094621	2.923283	0.494227	141.512131
-18.002015	138.122704	2.941271	0.496877	141.560853
-17.977009	138.150788	2.959260	0.499528	141.609575
-17.952004	138.178871	2.977248	0.502179	141.658298
-17.926998	138.206955	2.995236	0.504829	141.707020
-17.901993	138.235039	3.013225	0.507480	141.755743
-17.876987	138.263122	3.031213	0.510130	141.804465
-17.851982	138.289500	3.049600	0.512818	141.851918
-17.826977	138.313073	3.068644	0.515566	141.897283
-17.801971	138.336646	3.087688	0.518315	141.942649
-17.776966	138.360218	3.106732	0.521063	141.988014
-17.751960	138.383791	3.125776	0.523811	142.033379
-17.726955	138.407364	3.144820	0.526560	142.078745
-17.701949	138.430937	3.163864	0.529308	142.124110
-17.676944	138.454511	3.182908	0.532057	142.169476
-17.651939	138.478084	3.201952	0.534805	142.214841
-17.626933	138.501657	3.220996	0.537554	142.260207
-17.601928	138.523570	3.240456	0.540265	142.304292
-17.576922	138.542777	3.260594	0.542917	142.346288
-17.551917	138.561984	3.280732	0.545569	142.388285
-17.526911	138.581191	3.300869	0.548221	142.430281
-17.501906	138.600399	3.321005	0.550873	142.472278
-17.476901	138.619608	3.341142	0.553525	142.514274
-17.451895	138.638816	3.361278	0.556177	142.556270
-17.426890	138.658025	3.381413	0.558829	142.598267
-17.401884	138.677234	3.401549	0.561480	142.640263
-17.376879	138.696444	3.421683	0.564132	142.682259
-17.351873	138.715001	3.442071	0.567039	142.724111
-17.326868	138.732504	3.462867	0.570359	142.765729
-17.301862	138.750007	3.483662	0.573678	142.807348
-17.276857	138.767511	3.504458	0.576997	142.848966
-17.251852	138.785014	3.525254	0.580317	142.890584
-17.226846	138.802517	3.546050	0.583636	142.932203
-17.201841	138.820020	3.566845	0.586956	142.973821
-17.176835	138.837523	3.587641	0.590275	143.015439
-17.151830	138.855027	3.608437	0.593594	143.057058
-17.126824	138.872530	3.629233	0.596914	143.098676
-17.101819	138.889777	3.650637	0.599976	143.140390
-17.076814	138.906613	3.673017	0.602628	143.182258
-17.051808	138.923449	3.695397	0.605280	143.224126
-17.026803	138.940285	3.717776	0.607932	143.265994
-17.001797	138.957122	3.740156	0.610584	143.307861
-16.976792	138.973958	3.762535	0.613236	143.349729
-16.951786	138.990794	3.784915	0.615888	143.391597
-16.926781	139.007631	3.807294	0.618540	143.433464
-16.901776	139.024467	3.829673	0.621192	143.475332
-16.876770	139.041303	3.852052	0.623843	143.517199
-16.851765	139.057795	3.874508	0.626754	143.559058
-16.826759	139.073742	3.897087	0.630075	143.600903
-16.801754	139.089688	3.919666	0.633395	143.642749
-16.776748	139.105634	3.942245	0.636716	143.684595
-16.751743	139.121580	3.964825	0.640037	143.726442
-16.726738	139.137526	3.987405	0.643357	143.768289
-16.701732	139.153472	4.009985	0.646678	143.810136
-16.676727	139.169419	4.032566	0.649999	143.851984
-16.651721	139.185365	4.055148	0.653319	143.893832
-16.626716	139.201311	4.077730	0.656640	143.935681
-16.601710	139.215904	4.101110	0.660474	143.977487
-16.576705	139.228368	4.125745	0.665115	144.019228
-16.551700	139.240832	4.150380	0.669756	144.060968
-16.526694	139.253296	4.175015	0.674397	144.102708
-16.501689	139.265760	4.199650	0.679038	144.144448
-16.476683	139.278223	4.224286	0.683679	144.186188
-16.451678	139.290687	4.248921	0.688320	144.227928
-16.426672	139.303151	4.273556	0.692961	144.269668
-16.401667	139.315615	4.298191	0.697602	144.311408
-16.376662	139.328079	4.322826	0.702243	144.353148
-16.351656	139.339174	4.348549	0.706368	144.394091
-16.326651	139.348135	4.375968	0.709689	144.433792
-16.301645	139.357096	4.403387	0.713009	144.473492
-16.276640	139.366057	4.430805	0.716330	144.513191
-16.251634	139.375018	4.458223	0.719651	144.552891
-16.226629	139.383979	4.485640	0.722971	144.592590
-16.201623	139.392940	4.513057	0.726292	144.632289
-16.176618	139.401901	4.540474	0.729613	144.671987
-16.151613	139.410862	4.567890	0.732933	144.711685
-16.126607	139.419823	4.595306	0.736254	144.751383
-16.101602	139.427614	4.623261	0.739834	144.790710
-16.076596	139.433598	4.652051	0.743815	144.829464
-16.051591	139.439581	4.680841	0.747796	144.868218
-16.026585	139.445565	4.709631	0.751777	144.906972
-16.001580	139.451548	4.738421	0.755757	144.945727
-15.976575	139.457532	4.767212	0.759738	144.984482
-15.951569	139.463515	4.796003	0.763719	145.023237
-15.926564	139.469498	4.824795	0.767700	145.061993
-15.901558	139.475481	4.853587	0.771681	145.100749
-15.876553	139.481464	4.882379	0.775662	145.139505
-15.851547	139.486377	4.911730	0.780203	145.178309
-15.826542	139.489651	4.941937	0.785602	145.217189
-15.801537	139.492924	4.972143	0.791001	145.256067
-15.776531	139.496197	5.002349	0.796400	145.294946
-15.751526	139.499471	5.032555	0.801799	145.333824
-15.726520	139.502744	5.062760	0.807198	145.372702
-15.701515	139.506018	5.092965	0.812597	145.411579
-15.676509	139.509291	5.123170	0.817995	145.450456
-15.651504	139.512564	5.153374	0.823394	145.489333
-15.626499	139.515838	5.183578	0.828793	145.528209
-15.601493	139.519102	5.214690	0.833629	145.567421
-15.576488	139.522351	5.247181	0.837610	145.607143
-15.551482	139.525601	5.279672	0.841591	145.646864
-15.526477	139.528851	5.312163	0.845572	145.686586
-15.501471	139.532100	5.344654	0.849553	145.726307
-15.476466	139.535350	5.377145	0.853534	145.766029
-15.451461	139.538600	5.409636	0.857514	145.805750
-15.426455	139.541849	5.442128	0.861495	145.845472
-15.401450	139.545099	5.474619	0.865476	145.885194
-15.376444	139.548348	5.507110	0.869457	145.924916
-15.351439	139.551648	5.539668	0.874268	145.965583
-15.326433	139.555022	5.572325	0.880328	146.007675
-15.301428	139.558397	5.604982	0.886389	146.049768
-15.276423	139.561772	5.637640	0.892449	146.091861
-15.251417	139.565148	5.670298	0.898510	146.133955
-15.226412	139.568524	5.702956	0.904570	146.176050
-15.201406	139.571900	5.735615	0.910631	146.218146
-15.176401	139.575276	5.768274	0.916691	146.260242
-15.151395	139.578653	5.800934	0.922751	146.302339
-15.126390	139.582030	5.833594	0.928812	146.344436
-15.101384	139.585134	5.867103	0.934801	146.387037
-15.076379	139.587828	5.901878	0.940685	146.430390
-15.051374	139.590523	5.936653	0.946568	146.473743
-15.026368	139.593218	5.971428	0.952451	146.517097
-15.001363	139.595913	6.006203	0.958335	146.560450
-14.976357	139.598609	6.040977	0.964218	146.603805
-14.951352	139.601305	6.075752	0.970102	146.647159
-14.926346	139.604002	6.110527	0.975985	146.690514
-14.901341	139.606699	6.145302	0.981868	146.733869
-14.876336	139.609396	6.180076	0.987752	146.777224
-14.851330	139.611608	6.215488	0.993404	146.820500
-14.826325	139.613101	6.251842	0.998714	146.863656
-14.801319	139.614593	6.288196	1.004023	146.906813
-14.776314	139.616085	6.324549	1.009333	146.949968
-14.751308	139.617577	6.360903	1.014643	146.993123
-14.726303	139.619069	6.397255	1.019953	147.036277
-14.701298	139.620560	6.433608	1.025263	147.079430
-14.676292	139.622051	6.469960	1.030572	147.122583
-14.651287	139.623542	6.506311	1.035882	147.165735
-14.626281	139.625032	6.542663	1.041192	147.208887
-14.601276	139.625499	6.579802	1.047613	147.252914
-14.576270	139.624465	6.618098	1.055664	147.298227
-14.551265	139.623431	6.656395	1.063715	147.343540
-14.526260	139.622396	6.694692	1.071766	147.388853
-14.501254	139.621361	6.732989	1.079817	147.434167
-14.476249	139.620326	6.771287	1.087867	147.479480
-14.451243	139.619290	6.809585	1.095918	147.524794
-14.426238	139.618254	6.847884	1.103969	147.570108
-14.401232	139.617218	6.886184	1.112020	147.615422
-14.376227	139.616181	6.924483	1.120071	147.660736
-14.351222	139.614048	6.963714	1.127816	147.705578
-14.326216	139.610322	7.004295	1.135118	147.749735
-14.301211	139.606596	7.044877	1.142419	147.793893
-14.276205	139.602871	7.085458	1.149721	147.838051
-14.251200	139.599147	7.126040	1.157022	147.882209
-14.226194	139.595424	7.166621	1.164324	147.926369
-14.201189	139.591701	7.207202	1.171626	147.970529
-14.176184	139.587979	7.247783	1.178927	148.014689
-14.151178	139.584257	7.288364	1.186229	148.058850
-14.126173	139.580536	7.328945	1.193530	148.103012
-14.101167	139.576171	7.370730	1.201413	148.148314
-14.076162	139.570877	7.414249	1.210132	148.195258
-14.051156	139.565582	7.457767	1.218852	148.242201
-14.026151	139.560287	7.501285	1.227572	148.289143
-14.001145	139.554991	7.544801	1.236291	148.336084
-13.976140	139.549695	7.588317	1.245011	148.383024
-13.951135	139.544399	7.631833	1.253731	148.429963
-13.926129	139.539102	7.675347	1.262450	148.476900
-13.901124	139.533805	7.718861	1.271170	148.523837
-13.876118	139.528508	7.762374	1.279890	148.570772
-13.851113	139.523452	7.807014	1.288537	148.619002
-13.826107	139.518741	7.853263	1.297079	148.669083
-13.801102	139.514030	7.899512	1.305622	148.719164
-13.776097	139.509319	7.945762	1.314164	148.769245
-13.751091	139.504607	7.992012	1.322707	148.819327
-13.726086	139.499896	8.038263	1.331250	148.869409
-13.701080	139.495185	8.084514	1.339792	148.919491
-13.676075	139.490474	8.130765	1.348335	148.969574
-13.651069	139.485763	8.177017	1.356878	149.019657
-13.626064	139.481052	8.223269	1.365420	149.069741
-13.601059	139.476534	8.270986	1.373731	149.121251
-13.576053	139.472289	8.320777	1.381715	149.174781
-13.551048	139.468045	8.370568	1.389698	149.228311
-13.526042	139.463800	8.420359	1.397682	149.281841
-13.501037	139.459556	8.470149	1.405665	149.335370
-13.476031	139.455311	8.519939	1.413649	149.388900
-13.451026	139.451067	8.569729	1.421633	149.442428
-13.426021	139.446823	8.619518	1.429617	149.495957
-13.401015	139.442578	8.669307	1.437601	149.549485
-13.376010	139.438334	8.719095	1.445584	149.603013
-13.351004	139.434036	8.770154	1.454177	149.658367
-13.325999	139.429663	8.822996	1.463624	149.716283
-13.300993	139.425290	8.875839	1.473072	149.774201
-13.275988	139.420917	8.928682	1.482519	149.832118
-13.250983	139.416544	8.981526	1.491966	149.890036
-13.225977	139.412171	9.034370	1.501413	149.947954
-13.200972	139.407798	9.087215	1.510860	150.005873
-13.175966	139.403425	9.140060	1.520307	150.063792
-13.150961	139.399052	9.192905	1.529753	150.121711
-13.125955	139.394679	9.245751	1.539200	150.179630
-13.100950	139.389816	9.300374	1.549377	150.239567
-13.075945	139.384271	9.357472	1.560570	150.302313
-13.050939	139.378726	9.414570	1.571763	150.365059
-13.025934	139.373182	9.471668	1.582957	150.427807
-13.000928	139.367638	9.528768	1.594150	150.490555
-12.975923	139.362094	9.585868	1.605343	150.553305
-12.950917	139.356551	9.642969	1.616536	150.616056
-12.925912	139.351008	9.700071	1.627729	150.678808
-12.900906	139.345466	9.757173	1.638922	150.741561
-12.875901	139.339923	9.814276	1.650116	150.804315
-12.850896	139.334330	9.874599	1.661346	150.870275
-12.825890	139.328664	9.939362	1.672629	150.940655
-12.800885	139.322998	10.004125	1.683911	151.011033
-12.775879	139.317331	10.068886	1.695193	151.081410
-12.750874	139.311664	10.133646	1.706476	151.151785
-12.725868	139.305997	10.198404	1.717758	151.222159
-12.700863	139.300329	10.263162	1.729040	151.292531
-12.675858	139.294661	10.327918	1.740323	151.362902
-12.650852	139.288992	10.392673	1.751605	151.433270
-12.625847	139.283323	10.457427	1.762888	151.503638
-12.600841	139.277821	10.526204	1.774765	151.578790
-12.575836	139.272546	10.600487	1.787457	151.660490
-12.550830	139.267272	10.674769	1.800149	151.742190
-12.525825	139.261997	10.749052	1.812841	151.823890
-12.500820	139.256722	10.823335	1.825533	151.905590
-12.475814	139.251448	10.897618	1.838224	151.987290
-12.450809	139.246173	10.971900	1.850916	152.068989
-12.425803	139.240898	11.046183	1.863608	152.150689
-12.400798	139.235624	11.120466	1.876300	152.232389
-12.375792	139.230349	11.194749	1.888992	152.314089
-12.350787	139.225904	11.275501	1.902495	152.403899
-12.325782	139.222584	11.365027	1.917098	152.504709
-12.300776	139.219264	11.454554	1.931701	152.605519
-12.275771	139.215945	11.544080	1.946304	152.706328
-12.250765	139.212625	11.633606	1.960907	152.807138
-12.225760	139.209305	11.723133	1.975510	152.907948
-12.200754	139.205985	11.812659	1.990113	153.008757
-12.175749	139.202666	11.902185	2.004716	153.109567
-12.150744	139.199346	11.991711	2.019319	153.210376
-12.125738	139.196026	12.081237	2.033922	153.311186
-12.100733	139.195302	12.182316	2.048278	153.425896
-12.075727	139.198070	12.298929	2.062300	153.559298
-12.050722	139.200837	12.415543	2.076322	153.692702
-12.025716	139.203605	12.532156	2.090344	153.826105
-12.000711	139.206374	12.648770	2.104366	153.959510
-11.975706	139.209142	12.765384	2.118388	154.092914
-11.950700	139.211911	12.881998	2.132410	154.226319
-11.925695	139.214680	12.998612	2.146432	154.359725
-11.900689	139.217450	13.115226	2.160455	154.493131
-11.875684	139.220220	13.231841	2.174477	154.626537
-11.850678	139.225311	13.368572	2.189888	154.783771
-11.825673	139.233495	13.532126	2.207150	154.972771
-11.800667	139.241680	13.695682	2.224412	155.161774
-11.775662	139.249864	13.859241	2.241674	155.350779
-11.750657	139.258048	14.022802	2.258937	155.539787
-11.725651	139.266232	14.186365	2.276199	155.728796
-11.700646	139.274415	14.349931	2.293461	155.917808
-11.675640	139.282598	14.513499	2.310724	156.106821
-11.650635	139.290781	14.677070	2.327986	156.295837
-11.625629	139.298964	14.840643	2.345248	156.484855
-11.600624	139.307921	15.048556	2.361399	156.717877
-11.575619	139.317904	15.315076	2.376082	157.009061
-11.550613	139.327887	15.581591	2.390764	157.300242
-11.525608	139.337870	15.848103	2.405446	157.591419
-11.500602	139.347853	16.114611	2.420128	157.882592
-11.475597	139.357836	16.381115	2.434811	158.173762
-11.450591	139.367820	16.647616	2.449493	158.464929
-11.425586	139.377804	16.914112	2.464175	158.756092
-11.400581	139.387789	17.180605	2.478857	159.047251
-11.375575	139.397773	17.447094	2.493540	159.338407
-11.350570	139.407789	17.825103	2.508801	159.741693
-11.325564	139.417845	18.349268	2.524823	160.291936
-11.300559	139.427901	18.873432	2.540844	160.842177
-11.275553	139.437956	19.397595	2.556865	161.392416
-11.250548	139.448011	19.921756	2.572886	161.942654
-11.225543	139.458066	20.445916	2.588908	162.492890
-11.200537	139.468120	20.970075	2.604929	163.043124
-11.175532	139.478174	21.494233	2.620950	163.593356
-11.150526	139.488228	22.018389	2.636971	164.143587
-11.125521	139.498281	22.542543	2.652992	164.693817
-11.100515	139.507928	23.529052	2.671281	165.708261
-11.075510	139.517046	25.116356	2.692515	167.325918
-11.050505	139.526165	26.703676	2.713750	168.943590
-11.025499	139.535284	28.291009	2.734984	170.561277
-11.000494	139.544402	29.878358	2.756219	172.178979
-10.975488	139.553521	31.465722	2.777453	173.796695
-10.950483	139.562639	33.053100	2.798688	175.414427
-10.925477	139.571758	34.640493	2.819922	177.032173
-10.900472	139.580877	36.227900	2.841156	178.649934
-10.875467	139.589995	37.815323	2.862391	180.267709
-10.850461	139.598929	42.414626	2.883048	184.896604
-10.825456	139.607626	50.894237	2.902963	193.404826
-10.800450	139.616323	59.373832	2.922877	201.913032
-10.775445	139.625020	67.853411	2.942791	210.421222
-10.750439	139.633717	76.332973	2.962705	218.929396
-10.725434	139.642415	84.812519	2.982619	227.437553
-10.700428	139.651114	93.292048	3.002534	235.945695
-10.675423	139.659812	101.771560	3.022448	244.453821
-10.650418	139.668512	110.251057	3.042362	252.961930
-10.625412	139.677211	118.730536	3.062276	261.470024
-10.600407	139.682998	124.351166	3.083071	267.117235
-10.575401	139.685063	126.319954	3.104992	269.110009
-10.550396	139.687129	128.288753	3.126913	271.102795
-10.525390	139.689195	130.257564	3.148834	273.095593
-10.500385	139.691260	132.226388	3.170755	275.088403
-10.475380	139.693325	134.195223	3.192676	277.081225
-10.450374	139.695391	136.164071	3.214597	279.074059
-10.425369	139.697456	138.132931	3.236518	281.066905
-10.400363	139.699522	140.101803	3.258439	283.059763
-10.375358	139.701587	142.070686	3.280360	285.052633
-10.350352	139.700545	143.431391	3.303892	286.435827
-10.325347	139.695567	144.021795	3.329463	287.046824
-10.300342	139.690588	144.612193	3.355034	287.657815
-10.275336	139.685610	145.202585	3.380606	288.268801
-10.250331	139.680631	145.792972	3.406178	288.879781
-10.225325	139.675652	146.383353	3.431751	289.490755
-10.200320	139.670672	146.973728	3.457324	290.101725
-10.175314	139.665693	147.564098	3.482898	290.712688
-10.150309	139.660713	148.154462	3.508472	291.323647
-10.125304	139.655732	148.744821	3.534046	291.934599
-10.100298	139.649450	149.192830	3.559198	292.401478
-10.075293	139.641533	149.462083	3.583818	292.687434
-10.050287	139.633617	149.731333	3.608438	292.973388
-10.025282	139.625700	150.000582	3.633058	293.259340
-10.000276	139.617783	150.269830	3.657678	293.545291
-9.975271	139.609866	150.539076	3.682298	293.831239
-9.950266	139.601949	150.808320	3.706917	294.117186
-9.925260	139.594032	151.077562	3.731537	294.403131
-9.900255	139.586115	151.346803	3.756157	294.689075
-9.875249	139.578198	151.616043	3.780776	294.975016
-9.850244	139.569782	151.835368	3.807142	295.212292
-9.825238	139.560745	151.992545	3.835684	295.388973
-9.800233	139.551708	152.149722	3.864224	295.565655
-9.775228	139.542672	152.306899	3.892765	295.742336
-9.750222	139.533636	152.464077	3.921305	295.919019
-9.725217	139.524601	152.621256	3.949844	296.095701
-9.700211	139.515566	152.778435	3.978383	296.272384
-9.675206	139.506531	152.935614	4.006922	296.449067
-9.650200	139.497497	153.092794	4.035460	296.625751
-9.625195	139.488463	153.249974	4.063998	296.802435
-9.600189	139.479057	153.383229	4.092330	296.954616
-9.575184	139.469191	153.486947	4.120408	297.076546
-9.550179	139.459324	153.590665	4.148487	297.198476
-9.525173	139.449458	153.694383	4.176566	297.320407
-9.500168	139.439592	153.798101	4.204645	297.442338
-9.475162	139.429725	153.901818	4.232725	297.564269
-9.450157	139.419859	154.005536	4.260806	297.686201
-9.425151	139.409992	154.109254	4.288887	297.808133
-9.400146	139.400125	154.212971	4.316969	297.930065
-9.375141	139.390259	154.316689	4.345051	298.051998
-9.350135	139.380370	154.407499	4.373623	298.161492
-9.325130	139.370454	154.482510	4.402794	298.255757
-9.300124	139.360538	154.557520	4.431964	298.350022
-9.275119	139.350621	154.632531	4.461134	298.444286
-9.250113	139.340705	154.707541	4.490303	298.538550
-9.225108	139.330787	154.782552	4.519472	298.632812
-9.200103	139.320870	154.857563	4.548641	298.727074
-9.175097	139.310952	154.932574	4.577809	298.821335
-9.150092	139.301034	155.007584	4.606976	298.915595
-9.125086	139.291116	155.082595	4.636143	299.009854
-9.100081	139.283142	155.152287	4.667585	299.103014
-9.075075	139.277530	155.215522	4.701788	299.194840
-9.050070	139.271918	155.278757	4.735992	299.286667
-9.025065	139.266306	155.341992	4.770196	299.378495
-9.000059	139.260695	155.405227	4.804401	299.470322
-8.975054	139.255083	155.468462	4.838606	299.562150
-8.950048	139.249471	155.531697	4.872811	299.653979
-8.925043	139.243859	155.594932	4.907017	299.745808
-8.900037	139.238248	155.658167	4.941223	299.837638
-8.875032	139.232636	155.721402	4.975430	299.929468
-8.850027	139.229621	155.782936	5.010899	300.023456
-8.825021	139.229729	155.842423	5.047886	300.120038
-8.800016	139.229838	155.901909	5.084873	300.216621
-8.775010	139.229947	155.961396	5.121860	300.313202
-8.750005	139.230056	156.020882	5.158846	300.409783
-8.724999	139.230165	156.080368	5.195831	300.506364
-8.699994	139.230273	156.139854	5.232817	300.602944
-8.674989	139.230382	156.199340	5.269801	300.699524
-8.649983	139.230491	156.258826	5.306786	300.796103
-8.624978	139.230599	156.318312	5.343770	300.892681
-8.599972	139.231092	156.374534	5.382692	300.988318
-8.574967	139.232043	156.426861	5.423929	301.082833
-8.549961	139.232995	156.479187	5.465165	301.177347
-8.524956	139.233947	156.531512	5.506402	301.271861
-8.499950	139.234900	156.583837	5.547638	301.366375
-8.474945	139.235853	156.636162	5.588875	301.460889
-8.449940	139.236806	156.688486	5.630111	301.555404
-8.424934	139.237759	156.740811	5.671348	301.649918
-8.399929	139.238714	156.793134	5.712584	301.744432
-8.374923	139.239668	156.845458	5.753821	301.838946
-8.349918	139.238954	156.892810	5.796371	301.928135
-8.324912	139.236267	156.934280	5.840475	302.011022
-8.299907	139.233579	156.975751	5.884579	302.093909
-8.274902	139.230892	157.017222	5.928684	302.176798
-8.249896	139.228204	157.058694	5.972789	302.259688
-8.224891	139.225517	157.100166	6.016895	302.342578
-8.199885	139.222829	157.141639	6.061002	302.425470
-8.174880	139.220142	157.183112	6.105109	302.508362
-8.149874	139.217454	157.224585	6.149216	302.591255
-8.124869	139.214766	157.266059	6.193324	302.674149
-8.099864	139.210450	157.303582	6.238567	302.752599
-8.074858	139.204223	157.336470	6.285140	302.825833
-8.049853	139.197995	157.369358	6.331713	302.899066
-8.024847	139.191768	157.402246	6.378287	302.972300
-7.999842	139.185540	157.435134	6.424860	303.045534
-7.974836	139.179313	157.468021	6.471434	303.118768
-7.949831	139.173085	157.500909	6.518008	303.192002
-7.924826	139.166858	157.533797	6.564581	303.265236
-7.899820	139.160630	157.566685	6.611155	303.338470
-7.874815	139.154403	157.599573	6.657729	303.411705
-7.849809	139.147415	157.629578	6.707720	303.484714
-7.824804	139.139544	157.656230	6.761686	303.557460
-7.799798	139.131672	157.682882	6.815652	303.630207
-7.774793	139.123800	157.709534	6.869618	303.702953
-7.749788	139.115928	157.736186	6.923584	303.775698
-7.724782	139.108055	157.762838	6.977549	303.848443
-7.699777	139.100183	157.789490	7.031515	303.921187
-7.674771	139.092309	157.816142	7.085480	303.993931
-7.649766	139.084436	157.842794	7.139445	304.066675
-7.624760	139.076562	157.869446	7.193410	304.139418
-7.599755	139.067208	157.893237	7.251724	304.212169
-7.574750	139.056147	157.913728	7.315057	304.284932
-7.549744	139.045086	157.934219	7.378390	304.357695
-7.524739	139.034025	157.954710	7.441724	304.430459
-7.499733	139.022965	157.975200	7.505058	304.503224
-7.474728	139.011906	157.995691	7.568393	304.575990
-7.449722	139.000846	158.016182	7.631729	304.648757
-7.424717	138.989787	158.036672	7.695065	304.721525
-7.399711	138.978728	158.057163	7.758402	304.794294
-7.374706	138.967670	158.077654	7.821740	304.867063
-7.349701	138.953990	158.093743	7.889290	304.937023
-7.324695	138.937312	158.104796	7.961659	305.003767
-7.299690	138.920634	158.115849	8.034029	305.070512
-7.274684	138.903955	158.126902	8.106401	305.137258
-7.249679	138.887277	158.137956	8.178773	305.204005
-7.224673	138.870598	158.149009	8.251146	305.270753
-7.199668	138.853920	158.160062	8.323520	305.337502
-7.174663	138.837242	158.171115	8.395894	305.404252
-7.149657	138.820563	158.182169	8.468270	305.471002
-7.124652	138.803885	158.193222	8.540647	305.537754
-7.099646	138.784900	158.200659	8.623089	305.608649
-7.074641	138.763300	158.203994	8.716947	305.684241
-7.049635	138.741699	158.207329	8.810804	305.759831
-7.024630	138.720097	158.210664	8.904659	305.835420
-6.999625	138.698495	158.213998	8.998513	305.911007
-6.974619	138.676893	158.217333	9.092365	305.986592
-6.949614	138.655291	158.220668	9.186216	306.062175
-6.924608	138.633688	158.224003	9.280066	306.137756
-6.899603	138.612085	158.227337	9.373914	306.213336
-6.874597	138.590482	158.230672	9.467761	306.288914
-6.849592	138.568177	158.232392	9.578691	306.379261
-6.824587	138.545085	158.232297	9.708841	306.486223
-6.799581	138.521994	158.232201	9.838990	306.593185
-6.774576	138.498902	158.232105	9.969140	306.700148
-6.749570	138.475811	158.232009	10.099291	306.807111
-6.724565	138.452720	158.231912	10.229442	306.914074
-6.699559	138.429630	158.231815	10.359593	307.021038
-6.674554	138.406540	158.231718	10.489745	307.128002
-6.649549	138.383450	158.231620	10.619897	307.234967
-6.624543	138.360361	158.231522	10.750050	307.341932
-6.599538	138.337199	158.229998	10.910145	307.477342
-6.574532	138.313956	158.226885	11.103639	307.644480
-6.549527	138.290712	158.223773	11.297133	307.811618
-6.524521	138.267469	158.220660	11.490628	307.978757
-6.499516	138.244226	158.217547	11.684123	308.145896
-6.474511	138.220983	158.214435	11.877618	308.313036
-6.449505	138.197740	158.211322	12.071115	308.480177
-6.424500	138.174497	158.208209	12.264611	308.647318
-6.399494	138.151254	158.205097	12.458108	308.814459
-6.374489	138.128011	158.201985	12.651606	308.981601
-6.349483	138.104291	158.197127	12.911575	309.212992
-6.324478	138.080043	158.190339	13.245064	309.515446
-6.299472	138.055796	158.183551	13.578555	309.817902
-6.274467	138.031550	158.176762	13.912050	310.120362
-6.249462	138.007303	158.169974	14.245547	310.422824
-6.224456	137.983057	158.163186	14.579046	310.725289
-6.199451	137.958812	158.156398	14.912548	311.027757
-6.174445	137.934566	158.149609	15.246053	311.330228
-6.149440	137.910321	158.142821	15.579560	311.632702
-6.124434	137.886076	158.136032	15.913069	311.935178
-6.099429	137.862244	158.128854	16.409821	312.400919
-6.074424	137.838865	158.121248	17.085615	313.045728
-6.049418	137.815485	158.113643	17.761422	313.690550
-6.024413	137.792105	158.106038	18.437242	314.335385
-5.999407	137.768726	158.098434	19.113075	314.980234
-5.974402	137.745346	158.090830	19.788920	315.625096
-5.949396	137.721967	158.083226	20.464778	316.269972
-5.924391	137.698587	158.075623	21.140650	316.914860
-5.899386	137.675208	158.068021	21.816534	317.559762
-5.874380	137.651828	158.060419	22.492431	318.204678
-5.849375	137.631652	158.055537	23.786380	319.473569
-5.824369	137.614958	158.053615	25.752481	321.421054
-5.799364	137.598265	158.051692	27.718577	323.368534
-5.774358	137.581570	158.049768	29.684670	325.316009
-5.749353	137.564876	158.047844	31.650758	327.263479
-5.724348	137.548181	158.045920	33.616842	329.210944
-5.699342	137.531486	158.043996	35.582923	331.158404
-5.674337	137.514790	158.042070	37.548999	333.105859
-5.649331	137.498094	158.040145	39.515070	335.053309
-5.624326	137.481397	158.038219	41.481138	337.000754
-5.599320	137.467597	158.039347	47.610943	343.117887
-5.574315	137.456919	158.043770	58.231053	353.731743
-5.549310	137.446242	158.048194	68.851138	364.345574
-5.524304	137.435565	158.052618	79.471199	374.959381
-5.499299	137.424887	158.057042	90.091234	385.573163
-5.474293	137.414210	158.061467	100.711245	396.186921
-5.449288	137.403533	158.065892	111.331230	406.800655
-5.424282	137.392855	158.070317	121.951191	417.414363
-5.399277	137.382178	158.074743	132.571127	428.028048
-5.374272	137.371500	158.079170	143.191038	438.641708
-5.349266	137.361452	158.083782	149.771556	445.216789
-5.324261	137.352075	158.088592	152.032379	447.473046
-5.299255	137.342698	158.093403	154.293197	449.729298
-5.274250	137.333321	158.098214	156.554010	451.985546
-5.249244	137.323945	158.103026	158.814818	454.241788
-5.224239	137.314568	158.107838	161.075620	456.498026
-5.199233	137.305191	158.112650	163.336417	458.754259
-5.174228	137.295814	158.117463	165.597209	461.010486
-5.149223	137.286438	158.122276	167.857996	463.266709
-5.124217	137.277061	158.127089	170.118777	465.522927
-5.099212	137.267648	158.131294	171.628719	467.027661
-5.074206	137.258197	158.134852	172.342458	467.735508
-5.049201	137.248747	158.138409	173.056211	468.443367
-5.024195	137.239296	158.141966	173.769975	469.151237
-4.999190	137.229846	158.145522	174.483752	469.859120
-4.974185	137.220395	158.149077	175.197542	470.567014
-4.949179	137.210944	158.152631	175.911344	471.274920
-4.924174	137.201494	158.156185	176.625159	471.982838
-4.899168	137.192043	158.159738	177.338987	472.690767
-4.874163	137.182592	158.163290	178.052827	473.398709
-4.849157	137.172690	158.165951	178.576443	473.915083
-4.824152	137.162313	158.167674	178.900019	474.230006
-4.799147	137.151936	158.169397	179.223597	474.544930
-4.774141	137.141559	158.171121	179.547175	474.859855
-4.749136	137.131182	158.172844	179.870754	475.174780
-4.724130	137.120805	158.174567	180.194334	475.489707
-4.699125	137.110428	158.176291	180.517915	475.804634
-4.674119	137.100051	158.178014	180.841497	476.119562
-4.649114	137.089674	158.179737	181.165079	476.434491
-4.624109	137.079297	158.181460	181.488663	476.749420
-4.599103	137.068868	158.182192	181.740309	476.991369
-4.574098	137.058385	158.181890	181.916944	477.157219
-4.549092	137.047902	158.181588	182.093579	477.323069
-4.524087	137.037419	158.181287	182.270214	477.488921
-4.499081	137.026936	158.180987	182.446850	477.654773
-4.474076	137.016453	158.180687	182.623487	477.820626
-4.449071	137.005970	158.180387	182.800124	477.986480
-4.424065	136.995487	158.180087	182.976761	478.152335
-4.399060	136.985004	158.179788	183.153399	478.318191
-4.374054	136.974521	158.179489	183.330038	478.484048
-4.349049	136.962936	158.177318	183.472238	478.612492
-4.324043	136.950212	158.173211	183.578830	478.702252
-4.299038	136.937488	158.169103	183.685422	478.792013
-4.274033	136.924765	158.164994	183.792015	478.881775
-4.249027	136.912042	158.160886	183.898610	478.971537
-4.224022	136.899319	158.156777	184.005205	479.061301
-4.199016	136.886596	158.152667	184.111802	479.151065
-4.174011	136.873874	158.148558	184.218399	479.240831
-4.149005	136.861152	158.144448	184.324998	479.330597
-4.124000	136.848430	158.140337	184.431597	479.420364
-4.098994	136.834850	158.134599	184.518864	479.488312
-4.073989	136.820389	158.127193	184.586307	479.533889
-4.048984	136.805929	158.119787	184.653752	479.579467
-4.023978	136.791468	158.112382	184.721197	479.625048
-3.998973	136.777008	158.104979	184.788644	479.670630
-3.973967	136.762547	158.097576	184.856091	479.716214
-3.948962	136.748087	158.090174	184.923540	479.761800
-3.923956	136.733626	158.082772	184.990989	479.807388
-3.898951	136.719166	158.075372	185.058440	479.852978
-3.873946	136.704706	158.067972	185.125891	479.898569
-3.848940	136.689919	158.059731	185.181987	479.931638
-3.823935	136.674801	158.050634	185.226536	479.951971
-3.798929	136.659682	158.041536	185.271085	479.972303
-3.773924	136.644563	158.032438	185.315634	479.992635
-3.748918	136.629444	158.023339	185.360183	480.012965
-3.723913	136.614324	158.014240	185.404731	480.033295
-3.698908	136.599203	158.005141	185.449280	480.053624
-3.673902	136.584083	157.996041	185.493829	480.073953
-3.648897	136.568962	157.986941	185.538378	480.094280
-3.623891	136.553840	157.977840	185.582927	480.114607
-3.598886	136.538324	157.968213	185.621223	480.127760
-3.573880	136.522411	157.958056	185.653214	480.133682
-3.548875	136.506498	157.947900	185.685206	480.139603
-3.523870	136.490584	157.937743	185.717197	480.145524
-3.498864	136.474671	157.927586	185.749188	480.151445
-3.473859	136.458758	157.917430	185.781179	480.157366
-3.448853	136.442844	157.907273	185.813170	480.163287
-3.423848	136.426931	157.897116	185.845161	480.169208
-3.398842	136.411017	157.886960	185.877152	480.175129
-3.373837	136.395104	157.876803	185.909142	480.181050
-3.348832	136.379278	157.866124	185.936143	480.181545
-3.323826	136.363539	157.854923	185.958154	480.176616
-3.298821	136.347800	157.843722	185.980166	480.171687
-3.273815	136.332061	157.832521	186.002177	480.166759
-3.248810	136.316323	157.821320	186.024188	480.161832
-3.223804	136.300585	157.810119	186.046200	480.156904
-3.198799	136.284848	157.798918	186.068212	480.151977
-3.173794	136.269111	157.787717	186.090223	480.147051
-3.148788	136.253374	157.776516	186.112235	480.142125
-3.123783	136.237637	157.765315	186.134247	480.137199
-3.098777	136.221826	157.753593	186.152579	480.127998
-3.073772	136.205942	157.741353	186.167262	480.114557
-3.048766	136.190057	157.729114	186.181946	480.101116
-3.023761	136.174172	157.716874	186.196629	480.087676
-2.998755	136.158288	157.704635	186.211313	480.074235
-2.973750	136.142403	157.692396	186.225996	480.060795
-2.948745	136.126519	157.680156	186.240680	480.047355
-2.923739	136.110634	157.667917	186.255363	480.033914
-2.898734	136.094750	157.655678	186.270046	480.020474
-2.873728	136.078866	157.643438	186.284730	480.007034
-2.848723	136.062968	157.631013	186.296050	479.990031
-2.823717	136.047056	157.618405	186.304065	479.969526
-2.798712	136.031145	157.605797	186.312081	479.949023
-2.773707	136.015233	157.593190	186.320099	479.928521
-2.748701	135.999322	157.580583	186.328117	479.908021
-2.723696	135.983410	157.567976	186.336136	479.887522
-2.698690	135.967499	157.555370	186.344156	479.867024
-2.673685	135.951587	157.542764	186.352177	479.846528
-2.648679	135.935676	157.530158	186.360199	479.826033
-2.623674	135.919764	157.517553	186.368222	479.805539
-2.598669	135.903853	157.504541	186.373571	479.781964
-2.573663	135.887941	157.491130	186.376313	479.755383
-2.548658	135.872029	157.477720	186.379054	479.728803
-2.523652	135.856117	157.464310	186.381796	479.702222
-2.498647	135.840205	157.450900	186.384537	479.675642
-2.473641	135.824293	157.437490	186.387279	479.649061
-2.448636	135.808381	157.424080	186.390020	479.622481
-2.423631	135.792469	157.410670	186.392762	479.595901
-2.398625	135.776557	157.397260	186.395503	479.569320
-2.373620	135.760644	157.383851	186.398245	479.542740
-2.348614	135.744479	157.369741	186.398820	479.513040
-2.323609	135.728068	157.354956	186.397301	479.480324
-2.298603	135.711657	157.340170	186.395781	479.447607
-2.273598	135.695246	157.325383	186.394261	479.414889
-2.248593	135.678835	157.310596	186.392740	479.382171
-2.223587	135.662424	157.295809	186.391219	479.349451
-2.198582	135.646013	157.281021	186.389697	479.316730
-2.173576	135.629602	157.266232	186.388175	479.284009
-2.148571	135.613191	157.251444	186.386652	479.251286
-2.123565	135.596780	157.236655	186.385128	479.218563
-2.098560	135.580001	157.220996	186.381537	479.182534
-2.073555	135.562872	157.204504	186.375964	479.143339
-2.048549	135.545742	157.188012	186.370391	479.104145
-2.023544	135.528613	157.171521	186.364819	479.064953
-1.998538	135.511484	157.155030	186.359247	479.025762
-1.973533	135.494356	157.138540	186.353677	478.986572
-1.948527	135.477228	157.122050	186.348106	478.947383
-1.923522	135.460100	157.105560	186.342536	478.908196
-1.898516	135.442973	157.089071	186.336967	478.869011
-1.873511	135.425846	157.072582	186.331398	478.829826
-1.848506	135.408688	157.055772	186.323920	478.788380
-1.823500	135.391499	157.038657	186.314627	478.744784
-1.798495	135.374311	157.021542	186.305335	478.701189
-1.773489	135.357124	157.004428	186.296044	478.657596
-1.748484	135.339937	156.987314	186.286754	478.614005
-1.723478	135.322750	156.970201	186.277465	478.570415
-1.698473	135.305564	156.953087	186.268176	478.526827
-1.673468	135.288378	156.935975	186.258889	478.483241
-1.648462	135.271192	156.918863	186.249602	478.439656
-1.623457	135.254007	156.901751	186.240316	478.396073
-1.598451	135.236708	156.884250	186.229581	478.350539
-1.573446	135.219301	156.866383	186.217480	478.303164
-1.548440	135.201894	156.848516	186.205379	478.255789
-1.523435	135.184487	156.830649	186.193277	478.208413
-1.498430	135.167081	156.812782	186.181174	478.161037
-1.473424	135.149674	156.794915	186.169071	478.113660
-1.448419	135.132267	156.777048	186.156968	478.066283
-1.423413	135.114860	156.759181	186.144864	478.018905
-1.398408	135.097454	156.741313	186.132760	477.971527
-1.373402	135.080047	156.723446	186.120655	477.924148
-1.348397	135.062679	156.705296	186.107260	477.875235
-1.323392	135.045346	156.686882	186.092659	477.824887
-1.298386	135.028014	156.668468	186.078059	477.774541
-1.273381	135.010682	156.650054	186.063460	477.724196
-1.248375	134.993350	156.631640	186.048862	477.673852
-1.223370	134.976018	156.613226	186.034266	477.623509
-1.198364	134.958685	156.594812	186.019670	477.573167
-1.173359	134.941353	156.576399	186.005075	477.522827
-1.148354	134.924021	156.557985	185.990481	477.472487
-1.123348	134.906689	156.539572	185.975888	477.422149
-1.098343	134.891095	156.523021	185.962158	477.376274
-1.073337	134.877112	156.508197	185.949228	477.334537
-1.048332	134.863131	156.493374	185.936297	477.292802
-1.023326	134.849150	156.478551	185.923368	477.251068
-0.998321	134.835170	156.463728	185.910438	477.209336
-0.973316	134.821191	156.448905	185.897509	477.167605
-0.948310	134.807212	156.434083	185.884581	477.125876
-0.923305	134.793234	156.419261	185.871653	477.084148
-0.898299	134.779257	156.404440	185.858725	477.042422
-0.873294	134.765281	156.389619	185.845798	477.000698
-0.848288	134.753040	156.376651	185.833903	476.963594
-0.823283	134.742393	156.365387	185.822957	476.930738
-0.798277	134.731747	156.354124	185.812012	476.897883
-0.773272	134.721101	156.342862	185.801067	476.865030
-0.748267	134.710455	156.331601	185.790123	476.832179
-0.723261	134.699810	156.320340	185.779179	476.799329
-0.698256	134.689166	156.309080	185.768236	476.766482
-0.673250	134.678521	156.297821	185.757293	476.733636
-0.648245	134.667877	156.286563	185.746351	476.700792
-0.623239	134.657234	156.275306	185.735410	476.667949
-0.598234	134.648212	156.265370	185.724718	476.638300
-0.573229	134.640670	156.256637	185.714257	476.611564
-0.548223	134.633128	156.247906	185.703798	476.584832
-0.523218	134.625587	156.239176	185.693341	476.558104
-0.498212	134.618047	156.230448	185.682887	476.531382
-0.473207	134.610507	156.221720	185.672436	476.504663
-0.448201	134.602969	156.212995	185.661986	476.477950
-0.423196	134.595431	156.204270	185.651540	476.451241
-0.398191	134.587894	156.195547	185.641096	476.424537
-0.373185	134.580358	156.186825	185.630654	476.397837
-0.348180	134.576808	156.182698	185.625398	476.384904
-0.323174	134.576860	156.182723	185.624826	476.384409
-0.298169	134.576912	156.182748	185.624253	476.383912
-0.273163	134.576964	156.182773	185.623679	476.383415
-0.248158	134.577015	156.182797	185.623104	476.382917
-0.223153	134.577067	156.182822	185.622528	476.382417
-0.198147	134.577119	156.182847	185.621951	476.381916
-0.173142	134.577171	156.182871	185.621373	476.381414
-0.148136	134.577222	156.182895	185.620793	476.380911
-0.123131	134.577274	156.182919	185.620213	476.380407
-0.098125	134.581493	156.187540	185.624376	476.393409
-0.073120	134.589447	156.196279	185.632788	476.418514
-0.048115	134.597400	156.205017	185.641199	476.443616
-0.023109	134.605353	156.213753	185.649609	476.468714
0.001896	134.613304	156.222489	185.658016	476.493809
0.026902	134.621255	156.231223	185.666423	476.518901
0.051907	134.629205	156.239956	185.674828	476.543989
0.076913	134.637155	156.248687	185.683231	476.569073
0.101918	134.645103	156.257418	185.691633	476.594154
0.126923	134.653051	156.266147	185.700033	476.619232
0.151929	134.662368	156.276219	185.709430	476.648017
0.176934	134.672901	156.287483	185.719713	476.680097
0.201940	134.683434	156.298746	185.729996	476.712175
0.226945	134.693966	156.310008	185.740278	476.744251
0.251951	134.704497	156.321269	185.750559	476.776325
0.276956	134.715027	156.332530	185.760840	476.808397
0.301962	134.725557	156.343790	185.771120	476.840466
0.326967	134.736086	156.355048	185.781400	476.872534
0.351972	134.746614	156.366306	185.791679	476.904599
0.376978	134.757142	156.377564	185.801957	476.936662
0.401983	134.769462	156.390835	185.813791	476.974087
0.426989	134.783362	156.405881	185.826994	477.016237
0.451994	134.797262	156.420927	185.840197	477.058386
0.477000	134.811162	156.435974	185.853399	477.100534
0.502005	134.825062	156.451020	185.866600	477.142682
0.527010	134.838962	156.466066	185.879800	477.184828
0.552016	134.852862	156.481112	185.892999	477.226973
0.577021	134.866762	156.496159	185.906197	477.269117
0.602027	134.880662	156.511205	185.919394	477.311260
0.627032	134.894561	156.526251	185.932590	477.353402
0.652038	134.910196	156.542836	185.947006	477.400038
0.677043	134.927347	156.560764	185.962489	477.450600
0.702048	134.944497	156.578693	185.977972	477.501162
0.727054	134.961647	156.596622	185.993456	477.551725
0.752059	134.978796	156.614551	186.008940	477.602287
0.777065	134.995945	156.632479	186.024425	477.652850
0.802070	135.013094	156.650408	186.039910	477.703412
0.827076	135.030242	156.668337	186.055396	477.753975
0.852081	135.047390	156.686266	186.070882	477.804538
0.877086	135.064537	156.704194	186.086369	477.855100
0.902092	135.081951	156.722400	186.100671	477.905022
0.927097	135.099596	156.740844	186.113947	477.954386
0.952103	135.117240	156.759287	186.127221	478.003748
0.977108	135.134884	156.777729	186.140495	478.053108
1.002114	135.152528	156.796171	186.153768	478.102466
1.027119	135.170171	156.814612	186.167039	478.151822
1.052124	135.187814	156.833051	186.180310	478.201176
1.077130	135.205457	156.851490	186.193580	478.250528
1.102135	135.223099	156.869929	186.206849	478.299877
1.127141	135.240742	156.888366	186.220117	478.349225
1.152146	135.258241	156.906182	186.231010	478.395433
1.177152	135.275618	156.923464	186.239863	478.438945
1.202157	135.292994	156.940747	186.248715	478.482456
1.227162	135.310371	156.958029	186.257566	478.525967
1.252168	135.327748	156.975312	186.266417	478.569477
1.277173	135.345124	156.992594	186.275268	478.612986
1.302179	135.362501	157.009877	186.284117	478.656495
1.327184	135.379877	157.027160	186.292967	478.700004
1.352190	135.397254	157.044442	186.301815	478.743511
1.377195	135.414630	157.061725	186.310663	478.787018
1.402201	135.431756	157.078446	186.317191	478.827393
1.427206	135.448668	157.094691	186.321741	478.865100
1.452211	135.465581	157.110935	186.326292	478.902808
1.477217	135.482493	157.127179	186.330843	478.940515
1.502222	135.499405	157.143423	186.335393	478.978222
1.527228	135.516318	157.159667	186.339944	479.015929
1.552233	135.533230	157.175912	186.344495	479.053636
1.577239	135.550142	157.192156	186.349045	479.091343
1.602244	135.567054	157.208400	186.353596	479.129050
1.627249	135.583967	157.224644	186.358146	479.166757
1.652255	135.600733	157.239973	186.360902	479.201609
1.677260	135.617376	157.254530	186.362141	479.234047
1.702266	135.634019	157.269086	186.363381	479.266486
1.727271	135.650661	157.283643	186.364620	479.298924
1.752277	135.667303	157.298199	186.365859	479.331362
1.777282	135.683945	157.312756	186.367098	479.363799
1.802287	135.700586	157.327312	186.368337	479.396236
1.827293	135.717227	157.341869	186.369577	479.428673
1.852298	135.733868	157.356425	186.370816	479.461109
1.877304	135.750508	157.370982	186.372055	479.493545
1.902309	135.766754	157.385051	186.370543	479.522349
1.927315	135.782670	157.398713	186.366726	479.548109
1.952320	135.798586	157.412373	186.362909	479.573868
1.977325	135.814502	157.426034	186.359091	479.599627
2.002331	135.830418	157.439694	186.355273	479.625384
2.027336	135.846334	157.453353	186.351454	479.651141
2.052342	135.862250	157.467012	186.347634	479.676896
2.077347	135.878165	157.480671	186.343814	479.702651
2.102353	135.894081	157.494329	186.339994	479.728405
2.127358	135.909997	157.507987	186.336173	479.754157
2.152363	135.925913	157.520915	186.329676	479.776503
2.177369	135.941828	157.533236	186.320955	479.796019
2.202374	135.957743	157.545557	186.312235	479.815536
2.227380	135.973658	157.557879	186.303515	479.835052
2.252385	135.989573	157.570200	186.294795	479.854568
2.277391	136.005489	157.582521	186.286075	479.874084
2.302396	136.021404	157.594842	186.277354	479.893601
2.327401	136.037319	157.607164	186.268634	479.913117
2.352407	136.053234	157.619485	186.259914	479.932633
2.377412	136.069149	157.631806	186.251194	479.952149
2.402418	136.085067	157.643816	186.239537	479.968420
2.427423	136.100986	157.655570	186.225463	479.982019
2.452429	136.116906	157.667324	186.211388	479.995618
2.477434	136.132825	157.679078	186.197314	480.009216
2.502440	136.148745	157.690831	186.183239	480.022815
2.527445	136.164664	157.702585	186.169165	480.036414
2.552450	136.180583	157.714339	186.155090	480.050012
2.577456	136.196503	157.726093	186.141015	480.063611
2.602461	136.212422	157.737847	186.126940	480.077209
2.627467	136.228342	157.749600	186.112865	480.090807
2.652472	136.244124	157.761029	186.094955	480.100108
2.677478	136.259794	157.772192	186.073912	480.105898
2.702483	136.275463	157.783355	186.052869	480.111688
2.727488	136.291132	157.794519	186.031826	480.117477
2.752494	136.306801	157.805682	186.010782	480.123265
2.777499	136.322469	157.816845	185.989738	480.129052
2.802505	136.338137	157.828009	185.968693	480.134839
2.827510	136.353805	157.839172	185.947648	480.140625
2.852516	136.369472	157.850336	185.926602	480.146410
2.877521	136.385139	157.861499	185.905556	480.152194
2.902526	136.400802	157.872219	185.879953	480.152974
2.927532	136.416463	157.882580	185.850660	480.149704
2.952537	136.432125	157.892941	185.821367	480.146433
2.977543	136.447787	157.903302	185.792075	480.143164
3.002548	136.463449	157.913664	185.762782	480.139895
3.027554	136.479112	157.924026	185.733489	480.136627
3.052559	136.494775	157.934388	185.704196	480.133359
3.077564	136.510438	157.944751	185.674903	480.130093
3.102570	136.526102	157.955114	185.645611	480.126827
3.127575	136.541766	157.965477	185.616318	480.123561
3.152581	136.557295	157.975194	185.577846	480.110335
3.177586	136.572716	157.984392	185.532005	480.089113
3.202592	136.588136	157.993590	185.486164	480.067889
3.227597	136.603556	158.002787	185.440323	480.046666
3.252602	136.618976	158.011984	185.394481	480.025441
3.277608	136.634396	158.021181	185.348640	480.004217
3.302613	136.649816	158.030377	185.302799	479.982992
3.327619	136.665236	158.039573	185.256957	479.961766
3.352624	136.680656	158.048768	185.211116	479.940540
3.377630	136.696076	158.057963	185.165275	479.919314
3.402635	136.711078	158.065915	185.105941	479.882934
3.427640	136.725746	158.072878	185.035868	479.834492
3.452646	136.740414	158.079840	184.965794	479.786048
3.477651	136.755082	158.086802	184.895720	479.737603
3.502657	136.769749	158.093763	184.825645	479.689157
3.527662	136.784416	158.100725	184.755570	479.640710
3.552668	136.799082	158.107685	184.685494	479.592262
3.577673	136.813748	158.114646	184.615418	479.543812
3.602679	136.828414	158.121606	184.545342	479.495361
3.627684	136.843079	158.128565	184.475265	479.446910
3.652689	136.856497	158.133379	184.382899	479.372774
3.677695	136.868929	158.136498	184.272941	479.278368
3.702700	136.881362	158.139618	184.162983	479.183963
3.727706	136.893795	158.142738	184.053025	479.089558
3.752711	136.906227	158.145859	183.943068	478.995154
3.777717	136.918660	158.148980	183.833110	478.900749
3.802722	136.931092	158.152101	183.723152	478.806345
3.827727	136.943525	158.155223	183.613194	478.711942
3.852733	136.955958	158.158345	183.503235	478.617538
3.877738	136.968390	158.161468	183.393277	478.523135
3.902744	136.979744	158.162636	183.242254	478.384634
3.927749	136.990252	158.162276	183.059095	478.211623
3.952755	137.000761	158.161915	182.875933	478.038609
3.977760	137.011270	158.161553	182.692770	477.865593
4.002765	137.021779	158.161191	182.509605	477.692574
4.027771	137.032287	158.160829	182.326438	477.519554
4.052776	137.042796	158.160466	182.143269	477.346531
4.077782	137.053305	158.160103	181.960098	477.173505
4.102787	137.063814	158.159739	181.776925	477.000478
4.127793	137.074322	158.159375	181.593751	476.827448
4.152798	137.084499	158.157933	181.329890	476.572322
4.177803	137.094418	158.155654	181.003422	476.253494
4.202809	137.104337	158.153375	180.676949	475.934662
4.227814	137.114256	158.151097	180.350471	475.615824
4.252820	137.124176	158.148818	180.023988	475.296982
4.277825	137.134095	158.146539	179.697500	474.978135
4.302831	137.144014	158.144261	179.371007	474.659282
4.327836	137.153934	158.141982	179.044509	474.340425
4.352841	137.163853	158.139704	178.718006	474.021563
4.377847	137.173773	158.137426	178.391497	473.702696
4.402852	137.183686	158.134493	177.845319	473.163497
4.427858	137.193595	158.131055	177.130150	472.454800
4.452863	137.203503	158.127618	176.414981	471.746102
4.477869	137.213411	158.124181	175.699811	471.037403
4.502874	137.223320	158.120744	174.984640	470.328704
4.527879	137.233228	158.117307	174.269470	469.620005
4.552885	137.243136	158.113870	173.554298	468.911305
4.577890	137.253045	158.110433	172.839126	468.202604
4.602896	137.262953	158.106996	172.123954	467.493903
4.627901	137.272861	158.103559	171.408781	466.785201
4.652907	137.282473	158.099332	169.801112	465.182917
4.677912	137.291858	158.094504	167.512699	462.899061
4.702918	137.301243	158.089676	165.224288	460.615208
4.727923	137.310629	158.084848	162.935881	458.331358
4.752928	137.320014	158.080021	160.647476	456.047511
4.777934	137.329400	158.075194	158.359073	453.763667
4.802939	137.338785	158.070367	156.070674	451.479826
4.827945	137.348170	158.065541	153.782277	449.195989
4.852950	137.357556	158.060715	151.493884	446.912154
4.877956	137.366941	158.055889	149.205493	444.628323
4.902961	137.376945	158.050793	142.189892	437.617631
4.927966	137.387417	158.045493	131.599416	427.032326
4.952972	137.397889	158.040192	121.008970	416.447051
4.977977	137.408362	158.034892	110.418552	405.861806
5.002983	137.418834	158.029592	99.828164	395.276591
5.027988	137.429308	158.024292	89.237806	384.691405
5.052994	137.439781	158.018992	78.647476	374.106249
5.077999	137.450255	158.013692	68.057176	363.521123
5.103004	137.460729	158.008392	57.466906	352.936027
5.128010	137.471203	158.003092	46.876665	342.350960
5.153015	137.485529	158.001781	41.218885	336.706194
5.178021	137.502741	158.003460	39.259335	334.765536
5.203026	137.519954	158.005139	37.299764	332.824857
5.228032	137.537165	158.006818	35.340174	330.884157
5.253037	137.554377	158.008497	33.380564	328.943437
5.278042	137.571588	158.010176	31.420933	327.002697
5.303048	137.588799	158.011855	29.461283	325.061936
5.328053	137.606009	158.013533	27.501612	323.121155
5.353059	137.623220	158.015212	25.541922	321.180353
5.378064	137.640430	158.016891	23.582211	319.239531
5.403070	137.661159	158.021892	22.355594	318.038645
5.428075	137.684504	158.029364	21.673948	317.387816
5.453080	137.707849	158.036835	20.992304	316.736988
5.478086	137.731194	158.044306	20.310661	316.086161
5.503091	137.754539	158.051776	19.629020	315.435336
5.528097	137.777884	158.059246	18.947380	314.784511
5.553102	137.801230	158.066716	18.265741	314.133687
5.578108	137.824575	158.074185	17.584104	313.482864
5.603113	137.847920	158.081654	16.902468	312.832042
5.628118	137.871265	158.089123	16.220833	312.181221
5.653124	137.894835	158.095408	15.743651	311.733893
5.678129	137.918571	158.100820	15.417149	311.436540
5.703135	137.942306	158.106233	15.090646	311.139185
5.728140	137.966041	158.111646	14.764143	310.841830
5.753146	137.989775	158.117060	14.437638	310.544473
5.778151	138.013509	158.122474	14.111132	310.247116
5.803157	138.037243	158.127889	13.784625	309.949757
5.828162	138.060977	158.133303	13.458118	309.652398
5.853167	138.084710	158.138719	13.131609	309.355038
5.878173	138.108443	158.144134	12.805099	309.057677
5.903178	138.131989	158.148038	12.555560	308.835587
5.928184	138.155398	158.150838	12.362261	308.668497
5.953189	138.178808	158.153637	12.168961	308.501406
5.978195	138.202218	158.156436	11.975660	308.334314
6.003200	138.225628	158.159234	11.782358	308.167221
6.028205	138.249039	158.162033	11.589055	308.000127
6.053211	138.272450	158.164830	11.395751	307.833031
6.078216	138.295862	158.167628	11.202446	307.665935
6.103222	138.319273	158.170425	11.009140	307.498838
6.128227	138.342685	158.173221	10.815833	307.331740
6.153233	138.365747	158.174528	10.660659	307.200935
6.178238	138.388556	158.174757	10.533110	307.096423
6.203243	138.411364	158.174986	10.405561	306.991911
6.228249	138.434172	158.175215	10.278011	306.887398
6.253254	138.456980	158.175445	10.150461	306.782886
6.278260	138.479789	158.175675	10.022910	306.678373
6.303265	138.502597	158.175905	9.895358	306.573860
6.328271	138.525405	158.176136	9.767806	306.469348
6.353276	138.548213	158.176368	9.640254	306.364835
6.378281	138.571022	158.176599	9.512701	306.260322
6.403287	138.593079	158.175047	9.404737	306.172862
6.428292	138.614596	158.172213	9.310840	306.097649
6.453298	138.636114	158.169378	9.216943	306.022435
6.478303	138.657632	158.166544	9.123044	305.947220
6.503309	138.679149	158.163710	9.029144	305.872004
6.528314	138.700667	158.160876	8.935244	305.796787
6.553319	138.722184	158.158042	8.841342	305.721569
6.578325	138.743702	158.155208	8.747440	305.646350
6.603330	138.765220	158.152374	8.653536	305.571130
6.628336	138.786737	158.149541	8.559632	305.495910
6.653341	138.805681	158.142229	8.476647	305.424556
6.678347	138.822791	158.131728	8.401438	305.355957
6.703352	138.839902	158.121227	8.326229	305.287358
6.728357	138.857013	158.110726	8.251020	305.218759
6.753363	138.874123	158.100225	8.175812	305.150160
6.778368	138.891234	158.089724	8.100603	305.081561
6.803374	138.908344	158.079223	8.025394	305.012962
6.828379	138.925455	158.068722	7.950186	304.944362
6.853385	138.942565	158.058220	7.874977	304.875763
6.878390	138.959676	158.047719	7.799769	304.807164
6.903396	138.973072	158.031714	7.732215	304.737001
6.928401	138.983846	158.011825	7.670064	304.665734
6.953406	138.994619	157.991935	7.607914	304.594468
6.978412	139.005393	157.972046	7.545764	304.523203
7.003417	139.016167	157.952157	7.483614	304.451938
7.028423	139.026940	157.932267	7.421465	304.380673
7.053428	139.037714	157.912378	7.359317	304.309409
7.078434	139.048488	157.892489	7.297169	304.238146
7.103439	139.059261	157.872600	7.235021	304.166882
7.128444	139.070035	157.852711	7.172874	304.095620
7.153450	139.079266	157.828698	7.115397	304.023361
7.178455	139.087417	157.801800	7.061188	303.950405
7.203461	139.095569	157.774901	7.006979	303.877449
7.228466	139.103720	157.748004	6.952769	303.804493
7.253472	139.111871	157.721106	6.898559	303.731536
7.278477	139.120023	157.694209	6.844348	303.658580
7.303482	139.128174	157.667313	6.790137	303.585624
7.328488	139.136325	157.640417	6.735925	303.512667
7.353493	139.144477	157.613521	6.681713	303.439711
7.378499	139.152628	157.586626	6.627500	303.366754
7.403504	139.159482	157.556319	6.577320	303.293121
7.428510	139.165436	157.523646	6.529937	303.219019
7.453515	139.171389	157.490971	6.482555	303.144916
7.478520	139.177342	157.458297	6.435173	303.070812
7.503526	139.183295	157.425622	6.387790	302.996708
7.528531	139.189247	157.392947	6.340408	302.922602
7.553537	139.195199	157.360271	6.293026	302.848496
7.578542	139.201151	157.327595	6.245644	302.774390
7.603548	139.207102	157.294919	6.198261	302.700282
7.628553	139.213053	157.262242	6.150879	302.626174
7.653558	139.217092	157.223818	6.106406	302.547315
7.678564	139.219816	157.181440	6.063934	302.465190
7.703569	139.222540	157.139063	6.021462	302.383065
7.728575	139.225264	157.096686	5.978990	302.300940
7.753580	139.227988	157.054308	5.936518	302.218814
7.778586	139.230712	157.011931	5.894046	302.136689
7.803591	139.233436	156.969553	5.851575	302.054564
7.828596	139.236161	156.927175	5.809103	301.972439
7.853602	139.238885	156.884798	5.766631	301.890313
7.878607	139.241609	156.842420	5.724159	301.808188
7.903613	139.242069	156.794133	5.683606	301.719808
7.928618	139.240985	156.741817	5.644363	301.627164
7.953624	139.239901	156.689500	5.605119	301.534520
7.978629	139.238818	156.637183	5.565876	301.441876
8.003635	139.237735	156.584865	5.526632	301.349232
8.028640	139.236652	156.532547	5.487388	301.256587
8.053645	139.235569	156.480229	5.448145	301.163943
8.078651	139.234487	156.427910	5.408901	301.071298
8.103656	139.233405	156.375591	5.369658	300.978653
8.128662	139.232323	156.323271	5.330414	300.886008
8.153667	139.231699	156.267018	5.292531	300.791248
8.178673	139.231383	156.208105	5.255568	300.695057
8.203678	139.231068	156.149193	5.218604	300.598865
8.228683	139.230752	156.090280	5.181640	300.502672
8.253689	139.230436	156.031368	5.144675	300.406479
8.278694	139.230119	155.972455	5.107710	300.310284
8.303700	139.229802	155.913542	5.070744	300.214089
8.328705	139.229485	155.854630	5.033778	300.117893
8.353711	139.229168	155.795717	4.996811	300.021696
8.378716	139.228850	155.736804	4.959844	299.925498
8.403721	139.232054	155.675715	4.925088	299.832857
8.428727	139.237617	155.613170	4.891813	299.742599
8.453732	139.243180	155.550625	4.858538	299.652343
8.478738	139.248743	155.488081	4.825263	299.562088
8.503743	139.254306	155.425538	4.791989	299.471833
8.528749	139.259870	155.362996	4.758714	299.381579
8.553754	139.265433	155.300455	4.725439	299.291327
8.578759	139.270996	155.237915	4.692164	299.201075
8.603765	139.276559	155.175375	4.658889	299.110824
8.628770	139.282122	155.112837	4.625614	299.020574
8.653776	139.290479	155.042768	4.593536	298.926783
8.678781	139.300692	154.967698	4.562251	298.830641
8.703787	139.310904	154.892628	4.530967	298.734499
8.728792	139.321116	154.817558	4.499682	298.638357
8.753797	139.331328	154.742488	4.468398	298.542215
8.778803	139.341540	154.667418	4.437113	298.446072
8.803808	139.351753	154.592349	4.405829	298.349930
8.828814	139.361965	154.517279	4.374545	298.253788
8.853819	139.372177	154.442209	4.343260	298.157646
8.878825	139.382389	154.367139	4.311976	298.061504
8.903830	139.392420	154.274150	4.281678	297.948248
8.928835	139.402330	154.169366	4.252030	297.823726
8.953841	139.412240	154.064581	4.222383	297.699205
8.978846	139.422151	153.959797	4.192736	297.574684
9.003852	139.432061	153.855012	4.163090	297.450164
9.028857	139.441972	153.750228	4.133444	297.325644
9.053863	139.451882	153.645443	4.103799	297.201125
9.078868	139.461793	153.540659	4.074154	297.076606
9.103874	139.471703	153.435875	4.044510	296.952088
9.128879	139.481614	153.331090	4.014866	296.827570
9.153884	139.490783	153.192792	3.987445	296.671019
9.178890	139.499468	153.032624	3.961474	296.493566
9.203895	139.508153	152.872455	3.935503	296.316111
9.228901	139.516838	152.712287	3.909532	296.138657
9.253906	139.525523	152.552118	3.883562	295.961202
9.278912	139.534208	152.391948	3.857591	295.783747
9.303917	139.542893	152.231778	3.831620	295.606291
9.328922	139.551578	152.071608	3.805649	295.428835
9.353928	139.560263	151.911437	3.779678	295.251379
9.378933	139.568948	151.751267	3.753707	295.073922
9.403939	139.577193	151.522570	3.728513	294.828276
9.428944	139.585153	151.249547	3.703820	294.538520
9.453950	139.593113	150.976522	3.679127	294.248762
9.478955	139.601072	150.703494	3.654435	293.959001
9.503960	139.609032	150.430463	3.629742	293.669237
9.528966	139.616992	150.157430	3.605049	293.379471
9.553971	139.624952	149.884394	3.580356	293.089702
9.578977	139.632912	149.611356	3.555663	292.799930
9.603982	139.640871	149.338314	3.530969	292.510155
9.628988	139.648831	149.065270	3.506276	292.220378
9.653993	139.655024	148.599378	3.483186	291.737588
9.678998	139.660083	148.009848	3.461123	291.131054
9.704004	139.665143	147.420324	3.439059	290.524526
9.729009	139.670203	146.830806	3.416995	289.918004
9.754015	139.675264	146.241295	3.394929	289.311487
9.779020	139.680325	145.651789	3.372862	288.704976
9.804026	139.685386	145.062291	3.350795	288.098471
9.829031	139.690447	144.472798	3.328726	287.491972
9.854036	139.695509	143.883312	3.306657	286.885478
9.879042	139.700571	143.293832	3.284587	286.278990
9.904047	139.701288	141.848413	3.262862	284.812562
9.929053	139.699242	139.859037	3.241356	282.799636
9.954058	139.697197	137.869665	3.219852	280.786714
9.979064	139.695152	135.880298	3.198348	278.773797
10.004069	139.693106	133.890934	3.176844	276.760885
10.029074	139.691061	131.901574	3.155341	274.747977
10.054080	139.689016	129.912219	3.133839	272.735073
10.079085	139.686971	127.922867	3.112336	270.722174
10.104091	139.684926	125.933519	3.090835	268.709280
10.129096	139.682881	123.944175	3.069334	266.696390
10.154102	139.676657	117.974650	3.048155	260.699461
10.179107	139.667801	109.497973	3.027179	252.192952
10.204113	139.658944	101.021282	3.006203	243.686429
10.229118	139.650087	92.544577	2.985227	235.179892
10.254123	139.641230	84.067858	2.964253	226.673340
10.279129	139.632372	75.591124	2.943278	218.166774
10.304134	139.623514	67.114376	2.922304	209.660194
10.329140	139.614655	58.637614	2.901330	201.153599
10.354145	139.605796	50.160838	2.880357	192.646991
10.379151	139.596937	41.684047	2.859385	184.140368
10.404156	139.587607	37.458138	2.839775	179.885520
10.429161	139.577985	35.886244	2.821015	178.285244
10.454167	139.568362	34.314360	2.802255	176.684977
10.479172	139.558740	32.742486	2.783493	175.084719
10.504178	139.549118	31.170621	2.764731	173.484470
10.529183	139.539495	29.598767	2.745968	171.884229
10.554189	139.529873	28.026922	2.727204	170.283998
10.579194	139.520250	26.455087	2.708439	168.683775
10.604199	139.510628	24.883262	2.689672	167.083562
10.629205	139.501005	23.311446	2.670906	165.483357
10.654210	139.491332	22.389055	2.652499	164.532886
10.679216	139.481627	21.868529	2.634317	163.984473
10.704221	139.471922	21.347997	2.616136	163.436055
10.729227	139.462217	20.827459	2.597954	162.887631
10.754232	139.452513	20.306916	2.579774	162.339202
10.779237	139.442808	19.786367	2.561594	161.790768
10.804243	139.433103	19.265812	2.543414	161.242329
10.829248	139.423399	18.745251	2.525235	160.693885
10.854254	139.413694	18.224685	2.507056	160.145436
10.879259	139.403990	17.704113	2.488878	159.596981
10.904265	139.394191	17.342158	2.470864	159.207213
10.929270	139.384335	17.077492	2.452950	158.914777
10.954275	139.374479	16.812828	2.435036	158.622343
10.979281	139.364622	16.548166	2.417123	158.329911
11.004286	139.354766	16.283507	2.399209	158.037482
11.029292	139.344910	16.018850	2.381295	157.745055
11.054297	139.335053	15.754196	2.363381	157.452630
11.079303	139.325197	15.489544	2.345468	157.160208
11.104308	139.315340	15.224894	2.327554	156.867788
11.129313	139.305483	14.960247	2.309640	156.575371
11.154319	139.296585	14.758886	2.293951	156.349422
11.179324	139.288269	14.595994	2.279615	156.163878
11.204330	139.279954	14.433102	2.265279	155.978335
11.229335	139.271638	14.270210	2.250944	155.792792
11.254341	139.263323	14.107319	2.236609	155.607251
11.279346	139.255007	13.944429	2.222275	155.421711
11.304352	139.246692	13.781539	2.207941	155.236171
11.329357	139.238376	13.618649	2.193607	155.050632
11.354362	139.230061	13.455760	2.179274	154.865095
11.379368	139.221746	13.292871	2.164941	154.679558
11.404373	139.216667	13.160127	2.150858	154.527652
11.429379	139.213538	13.045543	2.136926	154.396007
11.454384	139.210409	12.930958	2.122994	154.264361
11.479390	139.207281	12.816372	2.109062	154.132715
11.504395	139.204152	12.701785	2.095130	154.001067
11.529400	139.201023	12.587198	2.081198	153.869419
11.554406	139.197894	12.472610	2.067266	153.737769
11.579411	139.194765	12.358021	2.053334	153.606119
11.604417	139.191636	12.243431	2.039402	153.474469
11.629422	139.188506	12.128841	2.025469	153.342817
11.654428	139.189413	12.030194	2.012240	153.231847
11.679433	139.192730	11.941067	1.999428	153.133225
11.704438	139.196047	11.851941	1.986616	153.034604
11.729444	139.199364	11.762815	1.973802	152.935981
11.754449	139.202681	11.673690	1.960988	152.837358
11.779455	139.205997	11.584565	1.948173	152.738735
11.804460	139.209314	11.495440	1.935357	152.640111
11.829466	139.212631	11.406316	1.922540	152.541487
11.854471	139.215948	11.317192	1.909722	152.442862
11.879476	139.219265	11.228069	1.896903	152.344237
11.904482	139.223835	11.148397	1.884859	152.257091
11.929487	139.229147	11.074316	1.873276	152.176739
11.954493	139.234459	11.000235	1.861692	152.096387
11.979498	139.239771	10.926154	1.850109	152.016035
12.004504	139.245084	10.852073	1.838527	151.935683
12.029509	139.250396	10.777990	1.826945	151.855331
12.054514	139.255708	10.703908	1.815363	151.774980
12.079520	139.261021	10.629825	1.803782	151.694628
12.104525	139.266333	10.555742	1.792201	151.614276
12.129531	139.271646	10.481658	1.780621	151.533925
12.154536	139.277387	10.413540	1.769076	151.460004
12.179542	139.283381	10.348921	1.757552	151.389854
12.204547	139.289374	10.284301	1.746029	151.319705
12.229552	139.295368	10.219682	1.734507	151.249556
12.254558	139.301361	10.155063	1.722984	151.179408
12.279563	139.307354	10.090444	1.711463	151.109260
12.304569	139.313347	10.025824	1.699942	151.039113
12.329574	139.319340	9.961205	1.688421	150.968966
12.354580	139.325334	9.896586	1.676901	150.898820
12.379585	139.331327	9.831966	1.665381	150.828674
12.404591	139.336623	9.771598	1.654410	150.762631
12.429596	139.341514	9.713700	1.643758	150.698972
12.454601	139.346405	9.655802	1.633107	150.635314
12.479607	139.351295	9.597904	1.622455	150.571654
12.504612	139.356185	9.540007	1.611803	150.507995
12.529618	139.361075	9.482109	1.601152	150.444335
12.554623	139.365965	9.424211	1.590500	150.380675
12.579629	139.370854	9.366313	1.579849	150.317015
12.604634	139.375742	9.308415	1.569197	150.253355
12.629639	139.380631	9.250517	1.558546	150.189694
12.654645	139.385053	9.195864	1.548070	150.128988
12.679650	139.389206	9.143081	1.537695	150.069982
12.704656	139.393360	9.090297	1.527320	150.010977
12.729661	139.397514	9.037514	1.516944	149.951971
12.754667	139.401668	8.984730	1.506567	149.892965
12.779672	139.405823	8.931946	1.496190	149.833959
12.804677	139.409978	8.879163	1.485813	149.774953
12.829683	139.414133	8.826379	1.475435	149.715947
12.854688	139.418289	8.773596	1.465056	149.656940
12.879694	139.422445	8.720812	1.454677	149.597934
12.904699	139.426338	8.670211	1.444564	149.541113
12.929705	139.430081	8.620855	1.434603	149.485539
12.954710	139.433823	8.571500	1.424643	149.429965
12.979715	139.437566	8.522144	1.414682	149.374392
13.004721	139.441309	8.472788	1.404721	149.318818
13.029726	139.445052	8.423432	1.394760	149.263245
13.054732	139.448795	8.374077	1.384799	149.207671
13.079737	139.452538	8.324721	1.374839	149.152098
13.104743	139.456281	8.275365	1.364878	149.096524
13.129748	139.460024	8.226010	1.354917	149.040951
13.154753	139.464424	8.178805	1.346197	148.989426
13.179759	139.469196	8.132818	1.338178	148.940191
13.204764	139.473967	8.086830	1.330159	148.890957
13.229770	139.478739	8.040842	1.322140	148.841722
13.254775	139.483511	7.994855	1.314121	148.792487
13.279781	139.488282	7.948867	1.306102	148.743252
13.304786	139.493054	7.902880	1.298083	148.694017
13.329792	139.497826	7.856892	1.290064	148.644782
13.354797	139.502597	7.810904	1.282045	148.595546
13.379802	139.507369	7.764917	1.274025	148.546311
13.404808	139.512675	7.720982	1.266446	148.500104
13.429813	139.518280	7.678199	1.259114	148.455593
13.454819	139.523885	7.635416	1.251782	148.411083
13.479824	139.529490	7.592632	1.244450	148.366572
13.504830	139.535095	7.549849	1.237118	148.322062
13.529835	139.540701	7.507066	1.229786	148.277552
13.554840	139.546306	7.464282	1.222454	148.233042
13.579846	139.551911	7.421499	1.215122	148.188532
13.604851	139.557516	7.378716	1.207790	148.144022
13.629857	139.563121	7.335932	1.200458	148.099512
13.654862	139.567383	7.294620	1.193146	148.055148
13.679868	139.570897	7.254125	1.185844	148.010866
13.704873	139.574412	7.213630	1.178543	147.966585
13.729878	139.577927	7.173134	1.171241	147.922303
13.754884	139.581442	7.132639	1.163940	147.878021
13.779889	139.584957	7.092144	1.156638	147.833739
13.804895	139.588472	7.051649	1.149337	147.789458
13.829900	139.591986	7.011155	1.142035	147.745176
13.854906	139.595501	6.970660	1.134734	147.700895
13.879911	139.599016	6.930165	1.127432	147.656613
13.904916	139.601153	6.891031	1.120931	147.613115
13.929922	139.602532	6.852646	1.114871	147.570049
13.954927	139.603910	6.814262	1.108810	147.526983
13.979933	139.605289	6.775878	1.102750	147.483917
14.004938	139.606668	6.737494	1.096689	147.440851
14.029944	139.608046	6.699111	1.090629	147.397786
14.054949	139.609425	6.660728	1.084568	147.354722
14.079954	139.610803	6.622346	1.078508	147.311657
14.104960	139.612182	6.583964	1.072448	147.268593
14.129965	139.613560	6.545582	1.066387	147.225529
14.154971	139.613280	6.508541	1.059995	147.181816
14.179976	139.612096	6.472232	1.053422	147.137750
14.204982	139.610912	6.435922	1.046849	147.093683
14.229987	139.609728	6.399612	1.040276	147.049616
14.254992	139.608544	6.363301	1.033703	147.005548
14.279998	139.607360	6.326990	1.027131	146.961481
14.305003	139.606176	6.290678	1.020558	146.917413
14.330009	139.604992	6.254367	1.013986	146.873345
14.355014	139.603809	6.218055	1.007413	146.829276
14.380020	139.602625	6.181742	1.000841	146.785208
14.405025	139.600019	6.146432	0.994621	146.741071
14.430031	139.596644	6.111663	0.988591	146.696898
14.455036	139.593269	6.076894	0.982561	146.652724
14.480041	139.589893	6.042125	0.976531	146.608549
14.505047	139.586517	6.007355	0.970501	146.564374
14.530052	139.583141	5.972586	0.964472	146.520199
14.555058	139.579764	5.937817	0.958442	146.476023
14.580063	139.576387	5.903048	0.952411	146.431847
14.605069	139.573010	5.868278	0.946381	146.387670
14.630074	139.569633	5.833509	0.940351	146.343493
14.655079	139.565913	5.799699	0.934789	146.300401
14.680085	139.562010	5.766403	0.929478	146.257892
14.705090	139.558107	5.733108	0.924167	146.215383
14.730096	139.554205	5.699813	0.918856	146.172874
14.755101	139.550303	5.666519	0.913545	146.130367
14.780107	139.546401	5.633225	0.908234	146.087860
14.805112	139.542500	5.599931	0.902923	146.045354
14.830117	139.538599	5.566638	0.897611	146.002848
14.855123	139.534698	5.533346	0.892300	145.960344
14.880128	139.530797	5.500053	0.886989	145.917839
14.905134	139.526791	5.467660	0.881621	145.876071
14.930139	139.522728	5.435743	0.876222	145.834693
14.955145	139.518665	5.403827	0.870823	145.793315
14.980150	139.514602	5.371910	0.865424	145.751936
15.005155	139.510539	5.339993	0.860025	145.710557
15.030161	139.506475	5.308076	0.854626	145.669177
15.055166	139.502411	5.276160	0.849227	145.627798
15.080172	139.498347	5.244243	0.843828	145.586418
15.105177	139.494283	5.212326	0.838429	145.545038
15.130183	139.490218	5.180410	0.833030	145.503657
15.155188	139.486637	5.149296	0.828146	145.464079
15.180193	139.483310	5.118604	0.823532	145.425446
15.205199	139.479983	5.087912	0.818918	145.386813
15.230204	139.476656	5.057219	0.814304	145.348180
15.255210	139.473329	5.026526	0.809690	145.309546
15.280215	139.470002	4.995833	0.805076	145.270911
15.305221	139.466675	4.965139	0.800462	145.232276
15.330226	139.463348	4.934444	0.795848	145.193640
15.355231	139.460021	4.903750	0.791234	145.155004
15.380237	139.456694	4.873054	0.786619	145.116367
15.405242	139.451960	4.843917	0.782397	145.078275
15.430248	139.446495	4.815592	0.778379	145.040466
15.455253	139.441030	4.787267	0.774361	145.002658
15.480259	139.435566	4.758942	0.770343	144.964851
15.505264	139.430101	4.730618	0.766325	144.927044
15.530270	139.424636	4.702294	0.762308	144.889237
15.555275	139.419171	4.673971	0.758290	144.851431
15.580280	139.413706	4.645648	0.754272	144.813626
15.605286	139.408241	4.617325	0.750255	144.775821
15.630291	139.402777	4.589003	0.746237	144.738017
15.655297	139.394979	4.561971	0.742244	144.699194
15.680302	139.385978	4.535604	0.738263	144.659845
15.705308	139.376977	4.509237	0.734282	144.620496
15.730313	139.367975	4.482871	0.730301	144.581147
15.755318	139.358974	4.456504	0.726320	144.541798
15.780324	139.349973	4.430137	0.722340	144.502449
15.805329	139.340971	4.403769	0.718359	144.463099
15.830335	139.331970	4.377402	0.714378	144.423750
15.855340	139.322968	4.351035	0.710397	144.384400
15.880346	139.313967	4.324668	0.706416	144.345051
15.905351	139.302760	4.299525	0.702572	144.304858
15.930356	139.290427	4.275008	0.698798	144.264233
15.955362	139.278093	4.250490	0.695023	144.223606
15.980367	139.265759	4.225973	0.691248	144.182979
16.005373	139.253425	4.201454	0.687472	144.142350
16.030378	139.241090	4.176936	0.683695	144.101721
16.055384	139.228755	4.152417	0.679918	144.061090
16.080389	139.216420	4.127898	0.676141	144.020458
16.105394	139.204084	4.103378	0.672363	143.979825
16.130400	139.191748	4.078859	0.668584	143.939191
16.155405	139.177253	4.055244	0.664592	143.897089
16.180411	139.161665	4.032087	0.660493	143.854246
16.205416	139.146078	4.008931	0.656394	143.811403
16.230422	139.130491	3.985775	0.652296	143.768562
16.255427	139.114904	3.962620	0.648198	143.725722
16.280432	139.099318	3.939464	0.644101	143.682883
16.305438	139.083732	3.916309	0.640004	143.640045
16.330443	139.068146	3.893155	0.635907	143.597209
16.355449	139.052561	3.870000	0.631811	143.554373
16.380454	139.036976	3.846846	0.627716	143.511539
16.405460	139.019976	3.824555	0.624524	143.469055
16.430465	139.002265	3.802697	0.621784	143.426746
16.455470	138.984555	3.780838	0.619044	143.384437
16.480476	138.966844	3.758979	0.616305	143.342128
16.505481	138.949132	3.737121	0.613565	143.299818
16.530487	138.931421	3.715263	0.610825	143.257508
16.555492	138.913709	3.693404	0.608085	143.215198
16.580498	138.895996	3.671546	0.605346	143.172888
16.605503	138.878284	3.649688	0.602606	143.130577
16.630509	138.860571	3.627829	0.599866	143.088266
16.655514	138.842572	3.606355	0.597180	143.046107
16.680519	138.824431	3.585072	0.594521	143.004024
16.705525	138.806291	3.563789	0.591862	142.961942
16.730530	138.788151	3.542506	0.589202	142.919860
16.755536	138.770012	3.521223	0.586543	142.877778
16.780541	138.751873	3.499940	0.583884	142.835696
16.805547	138.733734	3.478657	0.581225	142.793615
16.830552	138.715595	3.457373	0.578565	142.751534
16.855557	138.697457	3.436090	0.575906	142.709454
16.880563	138.679319	3.414807	0.573247	142.667374
16.905568	138.659558	3.394556	0.570150	142.624265
16.930574	138.638999	3.374813	0.566838	142.580650
16.955579	138.618439	3.355070	0.563526	142.537035
16.980585	138.597880	3.335327	0.560214	142.493420
17.005590	138.577320	3.315583	0.556902	142.449805
17.030595	138.556760	3.295840	0.553590	142.406191
17.055601	138.536201	3.276097	0.550278	142.362576
17.080606	138.515641	3.256354	0.546966	142.318961
17.105612	138.495082	3.236610	0.543654	142.275346
17.130617	138.474522	3.216867	0.540342	142.231731
17.155623	138.451740	3.197318	0.537469	142.186527
17.180628	138.427874	3.177863	0.534810	142.140547
17.205633	138.404007	3.158408	0.532150	142.094566
17.230639	138.380140	3.138953	0.529491	142.048584
17.255644	138.356272	3.119497	0.526832	142.002601
17.280650	138.332403	3.100041	0.524173	141.956616
17.305655	138.308533	3.080584	0.521514	141.910631
17.330661	138.284663	3.061127	0.518854	141.864645
17.355666	138.260792	3.041670	0.516195	141.818658
17.380671	138.236921	3.022213	0.513536	141.772669
17.405677	138.210466	3.003659	0.511268	141.725393
17.430682	138.182766	2.985543	0.509188	141.677496
17.455688	138.155065	2.967427	0.507108	141.629600
17.480693	138.127365	2.949311	0.505029	141.581705
17.505699	138.099665	2.931196	0.502949	141.533810
17.530704	138.071966	2.913080	0.500869	141.485916
17.555709	138.044266	2.894966	0.498790	141.438022
17.580715	138.016567	2.876851	0.496710	141.390129
17.605720	137.988868	2.858737	0.494631	141.342236
17.630726	137.961170	2.840623	0.492551	141.294344
17.655731	137.931019	2.823766	0.462955	141.217740
17.680737	137.899695	2.807510	0.420205	141.127410
17.705742	137.868371	2.791254	0.377456	141.037081
17.730748	137.837047	2.774998	0.334706	140.946751
17.755753	137.805723	2.758742	0.291957	140.856422
17.780758	137.774399	2.742486	0.249207	140.766093
17.805764	137.743076	2.726230	0.206458	140.675764
17.830769	137.711752	2.709975	0.163708	140.585435
17.855775	137.680428	2.693719	0.120959	140.495106
17.880780	137.649105	2.677463	0.078209	140.404778
17.905786	137.615592	2.662357	0.060097	140.338046
17.930791	137.581043	2.647796	0.053648	140.282486
17.955796	137.546493	2.633234	0.047199	140.226927
17.980802	137.511944	2.618672	0.040751	140.171367
18.005807	137.477395	2.604111	0.034302	140.115807
18.030813	137.442845	2.589549	0.027853	140.060247
18.055818	137.408296	2.574987	0.021405	140.004688
18.080824	137.373747	2.560425	0.014956	139.949128
18.105829	137.339197	2.545864	0.008507	139.893568
18.130834	137.304648	2.531302	0.002059	139.838009
18.155840	137.268199	2.517457	0.000000	139.785656
18.180845	137.230860	2.503948	0.000000	139.734808
18.205851	137.193520	2.490440	0.000000	139.683960
18.230856	137.156181	2.476931	0.000000	139.633112
18.255862	137.118841	2.463422	0.000000	139.582264
18.280867	137.081502	2.449914	0.000000	139.531415
18.305872	137.044162	2.436405	0.000000	139.480567
18.330878	137.006823	2.422896	0.000000	139.429719
18.355883	136.969483	2.409387	0.000000	139.378871
18.380889	136.932144	2.395879	0.000000	139.328023
18.405894	136.891448	2.382761	0.000000	139.274210
18.430900	136.849194	2.369826	0.000000	139.219020
18.455905	136.806939	2.356890	0.000000	139.163829
18.480910	136.764684	2.343954	0.000000	139.108638
18.505916	136.722427	2.331018	0.000000	139.053445
18.530921	136.680170	2.318082	0.000000	138.998252
18.555927	136.637912	2.305146	0.000000	138.943059
18.580932	136.595654	2.292210	0.000000	138.887864
18.605938	136.553395	2.279274	0.000000	138.832669
18.630943	136.511135	2.266338	0.000000	138.777473
18.655948	136.462664	2.253527	0.000000	138.716191
18.680954	136.411336	2.240774	0.000000	138.652110
18.705959	136.360008	2.228020	0.000000	138.588029
18.730965	136.308680	2.215266	0.000000	138.523947
18.755970	136.257352	2.202512	0.000000	138.459864
18.780976	136.206024	2.189757	0.000000	138.395781
18.805981	136.154696	2.177002	0.000000	138.331698
18.830987	136.103368	2.164247	0.000000	138.267614
18.855992	136.052039	2.151491	0.000000	138.203530
18.880997	136.000711	2.138735	0.000000	138.139446
18.906003	135.941462	2.126565	0.000000	138.068027
18.931008	135.878607	2.114663	0.000000	137.993270
18.956014	135.815753	2.102761	0.000000	137.918514
18.981019	135.752900	2.090860	0.000000	137.843760
19.006025	135.690047	2.078959	0.000000	137.769006
19.031030	135.627195	2.067059	0.000000	137.694254
19.056035	135.564344	2.055159	0.000000	137.619503
19.081041	135.501494	2.043259	0.000000	137.544753
19.106046	135.438645	2.031360	0.000000	137.470005
19.131052	135.375796	2.019461	0.000000	137.395257
19.156057	135.301630	2.008042	0.000000	137.309672
19.181063	135.222358	1.996840	0.000000	137.219198
19.206068	135.143086	1.985638	0.000000	137.128723
19.231073	135.063813	1.974435	0.000000	137.038248
19.256079	134.984539	1.963233	0.000000	136.947772
19.281084	134.905264	1.952031	0.000000	136.857295
19.306090	134.825989	1.940828	0.000000	136.766817
19.331095	134.746713	1.929626	0.000000	136.676339
19.356101	134.667437	1.918423	0.000000	136.585860
19.381106	134.588159	1.907221	0.000000	136.495381
19.406111	134.492803	1.896354	0.000000	136.389158
19.431117	134.390266	1.885638	0.000000	136.275904
19.456122	134.287728	1.874921	0.000000	136.162649
19.481128	134.185189	1.864204	0.000000	136.049393
19.506133	134.082649	1.853487	0.000000	135.936137
19.531139	133.980109	1.842770	0.000000	135.822879
19.556144	133.877568	1.832054	0.000000	135.709621
19.581149	133.775025	1.821337	0.000000	135.596362
19.606155	133.672482	1.810620	0.000000	135.483102
19.631160	133.569938	1.799903	0.000000	135.369842
19.656166	133.439427	1.790022	0.000000	135.229449
19.681171	133.296549	1.780510	0.000000	135.077059
19.706177	133.153672	1.770998	0.000000	134.924670
19.731182	133.010796	1.761486	0.000000	134.772282
19.756187	132.867921	1.751974	0.000000	134.619895
19.781193	132.725046	1.742462	0.000000	134.467508
19.806198	132.582173	1.732950	0.000000	134.315123
19.831204	132.439300	1.723438	0.000000	134.162738
19.856209	132.296428	1.713926	0.000000	134.010354
19.881215	132.153556	1.704414	0.000000	133.857970
19.906220	131.944742	1.695622	0.000000	133.640364
19.931226	131.707054	1.687146	0.000000	133.394200
19.956231	131.469365	1.678670	0.000000	133.148034
19.981236	131.231673	1.670193	0.000000	132.901866
20.006242	130.993978	1.661717	0.000000	132.655695
20.031247	130.756282	1.653241	0.000000	132.409523
20.056253	130.518584	1.644764	0.000000	132.163348
20.081258	130.280883	1.636288	0.000000	131.917171
20.106264	130.043180	1.627812	0.000000	131.670992
20.131269	129.805475	1.619335	0.000000	131.424811
20.156274	129.376165	1.611302	0.000000	130.987466
20.181280	128.863793	1.603460	0.000000	130.467253
20.206285	128.351419	1.595619	0.000000	129.947038
20.231291	127.839043	1.587777	0.000000	129.426820
20.256296	127.326666	1.579935	0.000000	128.906601
20.281302	126.814286	1.572094	0.000000	128.386380
20.306307	126.301904	1.564252	0.000000	127.866156
20.331312	125.789520	1.556410	0.000000	127.345931
20.356318	125.277134	1.548569	0.000000	126.825703
20.381323	124.764747	1.540727	0.000000	126.305474
20.406329	123.278833	1.533277	0.000000	124.812110
20.431334	121.375097	1.525996	0.000000	122.901093
20.456340	119.471366	1.518714	0.000000	120.990080
20.481345	117.567637	1.511433	0.000000	119.079070
20.506350	115.663912	1.504151	0.000000	117.168063
20.531356	113.760191	1.496870	0.000000	115.257060
20.556361	111.856473	1.489588	0.000000	113.346061
20.581367	109.952758	1.482307	0.000000	111.435065
20.606372	108.049047	1.475025	0.000000	109.524072
20.631378	106.145339	1.467743	0.000000	107.613083
20.656383	100.683493	1.460157	0.000000	102.143650
20.681388	93.709783	1.452440	0.000000	95.162224
20.706394	86.736093	1.444724	0.000000	88.180816
20.731399	79.762421	1.437006	0.000000	81.199427
20.756405	72.788769	1.429289	0.000000	74.218057
20.781410	65.815135	1.421571	0.000000	67.236706
20.806416	58.841521	1.413853	0.000000	60.255374
20.831421	51.867926	1.406134	0.000000	53.274060
20.856426	44.894350	1.398415	0.000000	46.292765
20.881432	37.920793	1.390695	0.000000	39.311489
20.906437	34.945452	1.383597	0.000000	36.329049
20.931443	33.651954	1.376761	0.000000	35.028715
20.956448	32.358443	1.369924	0.000000	33.728367
20.981454	31.064917	1.363089	0.000000	32.428006
21.006459	29.771378	1.356253	0.000000	31.127631
21.031465	28.477824	1.349418	0.000000	29.827242
21.056470	27.184256	1.342583	0.000000	28.526840
21.081475	25.890675	1.335749	0.000000	27.226424
21.106481	24.597079	1.328915	0.000000	25.925994
21.131486	23.303470	1.322081	0.000000	24.625551
21.156492	22.642869	1.315670	0.000000	23.958538
21.181497	22.245872	1.309434	0.000000	23.555306
21.206503	21.848876	1.303198	0.000000	23.152074
21.231508	21.451881	1.296962	0.000000	22.748843
21.256513	21.054887	1.290726	0.000000	22.345613
21.281519	20.657893	1.284490	0.000000	21.942384
21.306524	20.260901	1.278255	0.000000	21.539155
21.331530	19.863909	1.272019	0.000000	21.135928
21.356535	19.466918	1.265783	0.000000	20.732701
21.381541	19.069928	1.259547	0.000000	20.329475
21.406546	18.806577	1.253364	0.000000	20.059941
21.431551	18.598313	1.247203	0.000000	19.845516
21.456557	18.390048	1.241041	0.000000	19.631090
21.481562	18.181783	1.234880	0.000000	19.416663
21.506568	17.973516	1.228719	0.000000	19.202235
21.531573	17.765248	1.222557	0.000000	18.987806
21.556579	17.556979	1.216396	0.000000	18.773376
21.581584	17.348709	1.210235	0.000000	18.558944
21.606589	17.140438	1.204074	0.000000	18.344512
21.631595	16.932166	1.197912	0.000000	18.130079
21.656600	16.773473	1.192494	0.000000	17.965967
21.681606	16.635010	1.187378	0.000000	17.822388
21.706611	16.496546	1.182262	0.000000	17.678808
21.731617	16.358082	1.177147	0.000000	17.535228
21.756622	16.219617	1.172031	0.000000	17.391648
21.781627	16.081152	1.166916	0.000000	17.248067
21.806633	15.942686	1.161800	0.000000	17.104486
21.831638	15.804220	1.156684	0.000000	16.960904
21.856644	15.665753	1.151569	0.000000	16.817322
21.881649	15.527286	1.146453	0.000000	16.673739
21.906655	15.414569	1.140999	0.000000	16.555568
21.931660	15.312253	1.135408	0.000000	16.447660
21.956665	15.209936	1.129816	0.000000	16.339752
21.981671	15.107619	1.124225	0.000000	16.231845
22.006676	15.005303	1.118634	0.000000	16.123937
22.031682	14.902986	1.113043	0.000000	16.016029
22.056687	14.800670	1.107452	0.000000	15.908121
22.081693	14.698353	1.101861	0.000000	15.800214
22.106698	14.596037	1.096269	0.000000	15.692306
22.131704	14.493720	1.090678	0.000000	15.584399
22.156709	14.404935	1.085480	0.000000	15.490415
22.181714	14.321557	1.080439	0.000000	15.401996
22.206720	14.238179	1.075398	0.000000	15.313577
22.231725	14.154800	1.070357	0.000000	15.225157
22.256731	14.071420	1.065316	0.000000	15.136736
22.281736	13.988040	1.060275	0.000000	15.048314
22.306742	13.904659	1.055234	0.000000	14.959892
22.331747	13.821277	1.050193	0.000000	14.871469
22.356752	13.737894	1.045152	0.000000	14.783046
22.381758	13.654511	1.040111	0.000000	14.694622
22.406763	13.579798	1.035471	0.000000	14.615269
22.431769	13.508515	1.030990	0.000000	14.539505
22.456774	13.437232	1.026509	0.000000	14.463741
22.481780	13.365950	1.022028	0.000000	14.387978
22.506785	13.294668	1.017547	0.000000	14.312215
22.531790	13.223387	1.013066	0.000000	14.236453
22.556796	13.152105	1.008585	0.000000	14.160690
22.581801	13.080824	1.004104	0.000000	14.084928
22.606807	13.009543	0.999623	0.000000	14.009167
22.631812	12.938263	0.995142	0.000000	13.933405
22.656818	12.873180	0.990331	0.000000	13.863511
22.681823	12.810524	0.985391	0.000000	13.795914
22.706828	12.747868	0.980450	0.000000	13.728318
22.731834	12.685212	0.975509	0.000000	13.660721
22.756839	12.622557	0.970567	0.000000	13.593125
22.781845	12.559903	0.965625	0.000000	13.525528
22.806850	12.497249	0.960683	0.000000	13.457931
22.831856	12.434595	0.955740	0.000000	13.390335
22.856861	12.371941	0.950797	0.000000	13.322738
22.881866	12.309288	0.945854	0.000000	13.255142
22.906872	12.250450	0.885369	0.000000	13.135819
22.931877	12.193091	0.803362	0.000000	12.996452
22.956883	12.135731	0.721355	0.000000	12.857085
22.981888	12.078370	0.639348	0.000000	12.717718
23.006894	12.021010	0.557341	0.000000	12.578351
23.031899	11.963649	0.475335	0.000000	12.438984
23.056904	11.906287	0.393330	0.000000	12.299617
23.081910	11.848926	0.311324	0.000000	12.160250
23.106915	11.791564	0.229319	0.000000	12.020883
23.131921	11.734201	0.147314	0.000000	11.881516
23.156926	11.679508	0.115577	0.000000	11.795084
23.181932	11.625837	0.103115	0.000000	11.728953
23.206937	11.572166	0.090654	0.000000	11.662820
23.231943	11.518495	0.078193	0.000000	11.596688
23.256948	11.464823	0.065732	0.000000	11.530555
23.281953	11.411151	0.053271	0.000000	11.464422
23.306959	11.357479	0.040810	0.000000	11.398289
23.331964	11.303806	0.028349	0.000000	11.332155
23.356970	11.250133	0.015888	0.000000	11.266021
23.381975	11.196459	0.003428	0.000000	11.199887
23.406981	11.145752	0.000000	0.000000	11.145752
23.431986	11.096170	0.000000	0.000000	11.096170
23.456991	11.046589	0.000000	0.000000	11.046589
23.481997	10.997008	0.000000	0.000000	10.997008
23.507002	10.947428	0.000000	0.000000	10.947428
23.532008	10.897847	0.000000	0.000000	10.897847
23.557013	10.848267	0.000000	0.000000	10.848267
23.582019	10.798688	0.000000	0.000000	10.798688
23.607024	10.749108	0.000000	0.000000	10.749108
23.632029	10.699529	0.000000	0.000000	10.699529
23.657035	10.651933	0.000000	0.000000	10.651933
23.682040	10.605081	0.000000	0.000000	10.605081
23.707046	10.558228	0.000000	0.000000	10.558228
23.732051	10.511375	0.000000	0.000000	10.511375
23.757057	10.464522	0.000000	0.000000	10.464522
23.782062	10.417668	0.000000	0.000000	10.417668
23.807067	10.370814	0.000000	0.000000	10.370814
23.832073	10.323960	0.000000	0.000000	10.323960
23.857078	10.277105	0.000000	0.000000	10.277105
23.882084	10.230250	0.000000	0.000000	10.230250
23.907089	10.185142	0.000000	0.000000	10.185142
23.932095	10.140683	0.000000	0.000000	10.140683
23.957100	10.096224	0.000000	0.000000	10.096224
23.982105	10.051765	0.000000	0.000000	10.051765
24.007111	10.007306	0.000000	0.000000	10.007306
24.032116	9.962847	0.000000	0.000000	9.962847
24.057122	9.918388	0.000000	0.000000	9.918388
24.082127	9.873929	0.000000	0.000000	9.873929
24.107133	9.829470	0.000000	0.000000	9.829470
24.132138	9.785010	0.000000	0.000000	9.785010
24.157143	9.741489	0.000000	0.000000	9.741489
24.182149	9.698313	0.000000	0.000000	9.698313
24.207154	9.655136	0.000000	0.000000	9.655136
24.232160	9.611959	0.000000	0.000000	9.611959
24.257165	9.568782	0.000000	0.000000	9.568782
24.282171	9.525604	0.000000	0.000000	9.525604
24.307176	9.482426	0.000000	0.000000	9.482426
24.332182	9.439248	0.000000	0.000000	9.439248
24.357187	9.396069	0.000000	0.000000	9.396069
24.382192	9.352890	0.000000	0.000000	9.352890
24.407198	9.310694	0.000000	0.000000	9.310694
24.432203	9.268856	0.000000	0.000000	9.268856
24.457209	9.227017	0.000000	0.000000	9.227017
24.482214	9.185179	0.000000	0.000000	9.185179
24.507220	9.143340	0.000000	0.000000	9.143340
24.532225	9.101502	0.000000	0.000000	9.101502
24.557230	9.059663	0.000000	0.000000	9.059663
24.582236	9.017825	0.000000	0.000000	9.017825
24.607241	8.975986	0.000000	0.000000	8.975986
24.632247	8.934148	0.000000	0.000000	8.934148
24.657252	8.893369	0.000000	0.000000	8.893369
24.682258	8.852972	0.000000	0.000000	8.852972
24.707263	8.812574	0.000000	0.000000	8.812574
24.732268	8.772176	0.000000	0.000000	8.772176
24.757274	8.731778	0.000000	0.000000	8.731778
24.782279	8.691381	0.000000	0.000000	8.691381
24.807285	8.650983	0.000000	0.000000	8.650983
24.832290	8.610585	0.000000	0.000000	8.610585
24.857296	8.570187	0.000000	0.000000	8.570187
24.882301	8.529789	0.000000	0.000000	8.529789
24.907306	8.490847	0.000000	0.000000	8.490847
24.932312	8.452422	0.000000	0.000000	8.452422
24.957317	8.413997	0.000000	0.000000	8.413997
24.982323	8.375573	0.000000	0.000000	8.375573
25.007328	8.337148	0.000000	0.000000	8.337148
25.032334	8.298724	0.000000	0.000000	8.298724
25.057339	8.260299	0.000000	0.000000	8.260299
25.082344	8.221874	0.000000	0.000000	8.221874
25.107350	8.183450	0.000000	0.000000	8.183450
25.132355	8.145025	0.000000	0.000000	8.145025
25.157361	8.107388	0.000000	0.000000	8.107388
25.182366	8.070027	0.000000	0.000000	8.070027
25.207372	8.032667	0.000000	0.000000	8.032667
25.232377	7.995306	0.000000	0.000000	7.995306
25.257382	7.957946	0.000000	0.000000	7.957946
25.282388	7.920585	0.000000	0.000000	7.920585
25.307393	7.883225	0.000000	0.000000	7.883225
25.332399	7.845864	0.000000	0.000000	7.845864
25.357404	7.808504	0.000000	0.000000	7.808504
25.382410	7.771143	0.000000	0.000000	7.771143
25.407415	7.734938	0.000000	0.000000	7.734938
25.432421	7.699134	0.000000	0.000000	7.699134
25.457426	7.663330	0.000000	0.000000	7.663330
25.482431	7.627526	0.000000	0.000000	7.627526
25.507437	7.591722	0.000000	0.000000	7.591722
25.532442	7.555919	0.000000	0.000000	7.555919
25.557448	7.520115	0.000000	0.000000	7.520115
25.582453	7.484311	0.000000	0.000000	7.484311
25.607459	7.448507	0.000000	0.000000	7.448507
25.632464	7.412703	0.000000	0.000000	7.412703
25.657469	7.377653	0.000000	0.000000	7.377653
25.682475	7.342863	0.000000	0.000000	7.342863
25.707480	7.308071	0.000000	0.000000	7.308071
25.732486	7.273280	0.000000	0.000000	7.273280
25.757491	7.238488	0.000000	0.000000	7.238488
25.782497	7.203696	0.000000	0.000000	7.203696
25.807502	7.168903	0.000000	0.000000	7.168903
25.832507	7.134110	0.000000	0.000000	7.134110
25.857513	7.099317	0.000000	0.000000	7.099317
25.882518	7.064523	0.000000	0.000000	7.064523
25.907524	7.031048	0.000000	0.000000	7.031048
25.932529	6.998023	0.000000	0.000000	6.998023
25.957535	6.964998	0.000000	0.000000	6.964998
25.982540	6.931973	0.000000	0.000000	6.931973
26.007545	6.898948	0.000000	0.000000	6.898948
26.032551	6.865924	0.000000	0.000000	6.865924
26.057556	6.832901	0.000000	0.000000	6.832901
26.082562	6.799877	0.000000	0.000000	6.799877
26.107567	6.766854	0.000000	0.000000	6.766854
26.132573	6.733831	0.000000	0.000000	6.733831
26.157578	6.701382	0.000000	0.000000	6.701382
26.182583	6.669126	0.000000	0.000000	6.669126
26.207589	6.636869	0.000000	0.000000	6.636869
26.232594	6.604612	0.000000	0.000000	6.604612
26.257600	6.572355	0.000000	0.000000	6.572355
26.282605	6.540097	0.000000	0.000000	6.540097
26.307611	6.507839	0.000000	0.000000	6.507839
26.332616	6.475581	0.000000	0.000000	6.475581
26.357621	6.443322	0.000000	0.000000	6.443322
26.382627	6.411063	0.000000	0.000000	6.411063
26.407632	6.380198	0.000000	0.000000	6.380198
26.432638	6.349797	0.000000	0.000000	6.349797
26.457643	6.319396	0.000000	0.000000	6.319396
26.482649	6.288995	0.000000	0.000000	6.288995
26.507654	6.258594	0.000000	0.000000	6.258594
26.532660	6.228193	0.000000	0.000000	6.228193
26.557665	6.197792	0.000000	0.000000	6.197792
26.582670	6.167391	0.000000	0.000000	6.167391
26.607676	6.136990	0.000000	0.000000	6.136990
26.632681	6.106589	0.000000	0.000000	6.106589
26.657687	6.076984	0.000000	0.000000	6.076984
26.682692	6.047643	0.000000	0.000000	6.047643
26.707698	6.018301	0.000000	0.000000	6.018301
26.732703	5.988959	0.000000	0.000000	5.988959
26.757708	5.959618	0.000000	0.000000	5.959618
26.782714	5.930276	0.000000	0.000000	5.930276
26.807719	5.900934	0.000000	0.000000	5.900934
26.832725	5.871592	0.000000	0.000000	5.871592
26.857730	5.842251	0.000000	0.000000	5.842251
26.882736	5.812909	0.000000	0.000000	5.812909
26.907741	5.784638	0.000000	0.000000	5.784638
26.932746	5.756715	0.000000	0.000000	5.756715
26.957752	5.728793	0.000000	0.000000	5.728793
26.982757	5.700871	0.000000	0.000000	5.700871
27.007763	5.672948	0.000000	0.000000	5.672948
27.032768	5.645026	0.000000	0.000000	5.645026
27.057774	5.617104	0.000000	0.000000	5.617104
27.082779	5.589182	0.000000	0.000000	5.589182
27.107784	5.561260	0.000000	0.000000	5.561260
27.132790	5.533338	0.000000	0.000000	5.533338
27.157795	5.506131	0.000000	0.000000	5.506131
27.182801	5.479155	0.000000	0.000000	5.479155
27.207806	5.452178	0.000000	0.000000	5.452178
27.232812	5.425202	0.000000	0.000000	5.425202
27.257817	5.398226	0.000000	0.000000	5.398226
27.282822	5.371249	0.000000	0.000000	5.371249
27.307828	5.344273	0.000000	0.000000	5.344273
27.332833	5.317296	0.000000	0.000000	5.317296
27.357839	5.290320	0.000000	0.000000	5.290320
27.382844	5.263343	0.000000	0.000000	5.263343
27.407850	5.236555	0.000000	0.000000	5.236555
27.432855	5.209827	0.000000	0.000000	5.209827
27.457860	5.183098	0.000000	0.000000	5.183098
27.482866	5.156369	0.000000	0.000000	5.156369
27.507871	5.129640	0.000000	0.000000	5.129640
27.532877	5.102910	0.000000	0.000000	5.102910
27.557882	5.076180	0.000000	0.000000	5.076180
27.582888	5.049449	0.000000	0.000000	5.049449
27.607893	5.022719	0.000000	0.000000	5.022719
27.632899	4.995988	0.000000	0.000000	4.995988
27.657904	4.970538	0.000000	0.000000	4.970538
27.682909	4.945491	0.000000	0.000000	4.945491
27.707915	4.920445	0.000000	0.000000	4.920445
27.732920	4.895399	0.000000	0.000000	4.895399
27.757926	4.870353	0.000000	0.000000	4.870353
27.782931	4.845308	0.000000	0.000000	4.845308
27.807937	4.820263	0.000000	0.000000	4.820263
27.832942	4.795218	0.000000	0.000000	4.795218
27.857947	4.770174	0.000000	0.000000	4.770174
27.882953	4.745129	0.000000	0.000000	4.745129
27.907958	4.720923	0.000000	0.000000	4.720923
27.932964	4.696977	0.000000	0.000000	4.696977
27.957969	4.673031	0.000000	0.000000	4.673031
27.982975	4.649085	0.000000	0.000000	4.649085
28.007980	4.625139	0.000000	0.000000	4.625139
28.032985	4.601193	0.000000	0.000000	4.601193
28.057991	4.577247	0.000000	0.000000	4.577247
28.082996	4.553301	0.000000	0.000000	4.553301
28.108002	4.529356	0.000000	0.000000	4.529356
28.133007	4.505410	0.000000	0.000000	4.505410
28.158013	4.482000	0.000000	0.000000	4.482000
28.183018	4.458755	0.000000	0.000000	4.458755
28.208023	4.435510	0.000000	0.000000	4.435510
28.233029	4.412264	0.000000	0.000000	4.412264
28.258034	4.389018	0.000000	0.000000	4.389018
28.283040	4.365772	0.000000	0.000000	4.365772
28.308045	4.342526	0.000000	0.000000	4.342526
28.333051	4.319279	0.000000	0.000000	4.319279
28.358056	4.296031	0.000000	0.000000	4.296031
28.383061	4.272784	0.000000	0.000000	4.272784
28.408067	4.250965	0.000000	0.000000	4.250965
28.433072	4.229581	0.000000	0.000000	4.229581
28.458078	4.208197	0.000000	0.000000	4.208197
28.483083	4.186813	0.000000	0.000000	4.186813
28.508089	4.165428	0.000000	0.000000	4.165428
28.533094	4.144044	0.000000	0.000000	4.144044
28.558099	4.122660	0.000000	0.000000	4.122660
28.583105	4.101276	0.000000	0.000000	4.101276
28.608110	4.079891	0.000000	0.000000	4.079891
28.633116	4.058507	0.000000	0.000000	4.058507
28.658121	4.038512	0.000000	0.000000	4.038512
28.683127	4.018935	0.000000	0.000000	4.018935
28.708132	3.999358	0.000000	0.000000	3.999358
28.733138	3.979781	0.000000	0.000000	3.979781
28.758143	3.960204	0.000000	0.000000	3.960204
28.783148	3.940628	0.000000	0.000000	3.940628
28.808154	3.921051	0.000000	0.000000	3.921051
28.833159	3.901476	0.000000	0.000000	3.901476
28.858165	3.881900	0.000000	0.000000	3.881900
28.883170	3.862325	0.000000	0.000000	3.862325
28.908176	3.843269	0.000000	0.000000	3.843269
28.933181	3.824368	0.000000	0.000000	3.824368
28.958186	3.805468	0.000000	0.000000	3.805468
28.983192	3.786567	0.000000	0.000000	3.786567
29.008197	3.767666	0.000000	0.000000	3.767666
29.033203	3.748766	0.000000	0.000000	3.748766
29.058208	3.729865	0.000000	0.000000	3.729865
29.083214	3.710964	0.000000	0.000000	3.710964
29.108219	3.692064	0.000000	0.000000	3.692064
29.133224	3.673163	0.000000	0.000000	3.673163
29.158230	3.654640	0.000000	0.000000	3.654640
29.183235	3.636226	0.000000	0.000000	3.636226
29.208241	3.617811	0.000000	0.000000	3.617811
29.233246	3.599397	0.000000	0.000000	3.599397
29.258252	3.580982	0.000000	0.000000	3.580982
29.283257	3.562566	0.000000	0.000000	3.562566
29.308262	3.544151	0.000000	0.000000	3.544151
29.333268	3.525734	0.000000	0.000000	3.525734
29.358273	3.507318	0.000000	0.000000	3.507318
29.383279	3.488901	0.000000	0.000000	3.488901
29.408284	3.468719	0.000000	0.000000	3.468719
29.433290	3.448026	0.000000	0.000000	3.448026
29.458295	3.427333	0.000000	0.000000	3.427333
29.483300	3.406641	0.000000	0.000000	3.406641
29.508306	3.385948	0.000000	0.000000	3.385948
29.533311	3.365255	0.000000	0.000000	3.365255
29.558317	3.344563	0.000000	0.000000	3.344563
29.583322	3.323870	0.000000	0.000000	3.323870
29.608328	3.303177	0.000000	0.000000	3.303177
29.633333	3.282485	0.000000	0.000000	3.282485
29.658338	0.000000	0.000000	0.000000	0.000000
29.683344	0.000000	0.000000	0.000000	0.000000
29.708349	0.000000	0.000000	0.000000	0.000000
29.733355	0.000000	0.000000	0.000000	0.000000
29.758360	0.000000	0.000000	0.000000	0.000000
29.783366	0.000000	0.000000	0.000000	0.000000
29.808371	0.000000	0.000000	0.000000	0.000000
29.833377	0.000000	0.000000	0.000000	0.000000
29.858382	0.000000	0.000000	0.000000	0.000000
29.883387	0.000000	0.000000	0.000000	0.000000
29.908393	0.000000	0.000000	0.000000	0.000000
29.933398	0.000000	0.000000	0.000000	0.000000
29.958404	0.000000	0.000000	0.000000	0.000000
29.983409	0.000000	0.000000	0.000000	0.000000
30.008415	0.000000	0.000000	0.000000	0.000000
