Patient Name: EQUIPO 4 2025, QA
Patient ID: Eq4-2025
Plan: PerfDiag
Course: C-Fisica
Date: Friday, August 07, 2026 3:13:31 PM
Exported by: paberbuj

Start: (0.28, -20.02, 29.81)
End:   (-0.28, -20.02, -29.81)

	40x40	20x20	10x10	Total
-29.541698	5.504106	0.000000	0.000000	5.504106
-29.516688	5.534550	0.000000	0.000000	5.534550
-29.491677	5.564996	0.000000	0.000000	5.564996
-29.466667	5.591759	0.000000	0.000000	5.591759
-29.441657	5.615764	0.000000	0.000000	5.615764
-29.416647	5.639769	0.000000	0.000000	5.639769
-29.391637	5.663773	0.000000	0.000000	5.663773
-29.366627	5.687778	0.000000	0.000000	5.687778
-29.341617	5.711781	0.000000	0.000000	5.711781
-29.316606	5.735785	0.000000	0.000000	5.735785
-29.291596	5.759787	0.000000	0.000000	5.759787
-29.266586	5.783790	0.000000	0.000000	5.783790
-29.241576	5.807792	0.000000	0.000000	5.807792
-29.216566	5.832009	0.000000	0.000000	5.832009
-29.191556	5.856384	0.000000	0.000000	5.856384
-29.166546	5.880759	0.000000	0.000000	5.880759
-29.141536	5.905134	0.000000	0.000000	5.905134
-29.116525	5.929509	0.000000	0.000000	5.929509
-29.091515	5.953884	0.000000	0.000000	5.953884
-29.066505	5.978260	0.000000	0.000000	5.978260
-29.041495	6.002635	0.000000	0.000000	6.002635
-29.016485	6.027010	0.000000	0.000000	6.027010
-28.991475	6.051385	0.000000	0.000000	6.051385
-28.966465	6.075905	0.000000	0.000000	6.075905
-28.941455	6.100530	0.000000	0.000000	6.100530
-28.916444	6.125154	0.000000	0.000000	6.125154
-28.891434	6.149779	0.000000	0.000000	6.149779
-28.866424	6.174403	0.000000	0.000000	6.174403
-28.841414	6.199028	0.000000	0.000000	6.199028
-28.816404	6.223652	0.000000	0.000000	6.223652
-28.791394	6.248276	0.000000	0.000000	6.248276
-28.766384	6.272900	0.000000	0.000000	6.272900
-28.741373	6.297524	0.000000	0.000000	6.297524
-28.716363	6.322718	0.000000	0.000000	6.322718
-28.691353	6.348322	0.000000	0.000000	6.348322
-28.666343	6.373925	0.000000	0.000000	6.373925
-28.641333	6.399529	0.000000	0.000000	6.399529
-28.616323	6.425133	0.000000	0.000000	6.425133
-28.591313	6.450737	0.000000	0.000000	6.450737
-28.566303	6.476341	0.000000	0.000000	6.476341
-28.541292	6.501945	0.000000	0.000000	6.501945
-28.516282	6.527549	0.000000	0.000000	6.527549
-28.491272	6.553154	0.000000	0.000000	6.553154
-28.466262	6.579060	0.000000	0.000000	6.579060
-28.441252	6.605180	0.000000	0.000000	6.605180
-28.416242	6.631300	0.000000	0.000000	6.631300
-28.391232	6.657419	0.000000	0.000000	6.657419
-28.366221	6.683539	0.000000	0.000000	6.683539
-28.341211	6.709658	0.000000	0.000000	6.709658
-28.316201	6.735777	0.000000	0.000000	6.735777
-28.291191	6.761896	0.000000	0.000000	6.761896
-28.266181	6.788015	0.000000	0.000000	6.788015
-28.241171	6.814133	0.000000	0.000000	6.814133
-28.216161	6.840761	0.000000	0.000000	6.840761
-28.191151	6.867743	0.000000	0.000000	6.867743
-28.166140	6.894725	0.000000	0.000000	6.894725
-28.141130	6.921706	0.000000	0.000000	6.921706
-28.116120	6.948686	0.000000	0.000000	6.948686
-28.091110	6.975667	0.000000	0.000000	6.975667
-28.066100	7.002647	0.000000	0.000000	7.002647
-28.041090	7.029626	0.000000	0.000000	7.029626
-28.016080	7.056605	0.000000	0.000000	7.056605
-27.991069	7.083584	0.000000	0.000000	7.083584
-27.966059	7.110979	0.000000	0.000000	7.110979
-27.941049	7.138660	0.000000	0.000000	7.138660
-27.916039	7.166341	0.000000	0.000000	7.166341
-27.891029	7.194023	0.000000	0.000000	7.194023
-27.866019	7.221706	0.000000	0.000000	7.221706
-27.841009	7.249389	0.000000	0.000000	7.249389
-27.815999	7.277073	0.000000	0.000000	7.277073
-27.790988	7.304757	0.000000	0.000000	7.304757
-27.765978	7.332442	0.000000	0.000000	7.332442
-27.740968	7.360127	0.000000	0.000000	7.360127
-27.715958	7.388507	0.000000	0.000000	7.388507
-27.690948	7.417356	0.000000	0.000000	7.417356
-27.665938	7.446204	0.000000	0.000000	7.446204
-27.640928	7.475052	0.000000	0.000000	7.475052
-27.615918	7.503901	0.000000	0.000000	7.503901
-27.590907	7.532749	0.000000	0.000000	7.532749
-27.565897	7.561597	0.000000	0.000000	7.561597
-27.540887	7.590446	0.000000	0.000000	7.590446
-27.515877	7.619294	0.000000	0.000000	7.619294
-27.490867	7.648142	0.000000	0.000000	7.648142
-27.465857	7.677642	0.000000	0.000000	7.677642
-27.440847	7.707576	0.000000	0.000000	7.707576
-27.415836	7.737511	0.000000	0.000000	7.737511
-27.390826	7.767446	0.000000	0.000000	7.767446
-27.365816	7.797381	0.000000	0.000000	7.797381
-27.340806	7.827316	0.000000	0.000000	7.827316
-27.315796	7.857252	0.000000	0.000000	7.857252
-27.290786	7.887189	0.000000	0.000000	7.887189
-27.265776	7.917125	0.000000	0.000000	7.917125
-27.240766	7.947063	0.000000	0.000000	7.947063
-27.215755	7.977617	0.000000	0.000000	7.977617
-27.190745	8.008575	0.000000	0.000000	8.008575
-27.165735	8.039532	0.000000	0.000000	8.039532
-27.140725	8.070489	0.000000	0.000000	8.070489
-27.115715	8.101446	0.000000	0.000000	8.101446
-27.090705	8.132402	0.000000	0.000000	8.132402
-27.065695	8.163358	0.000000	0.000000	8.163358
-27.040684	8.194313	0.000000	0.000000	8.194313
-27.015674	8.225269	0.000000	0.000000	8.225269
-26.990664	8.256223	0.000000	0.000000	8.256223
-26.965654	8.288074	0.000000	0.000000	8.288074
-26.940644	8.320502	0.000000	0.000000	8.320502
-26.915634	8.352932	0.000000	0.000000	8.352932
-26.890624	8.385362	0.000000	0.000000	8.385362
-26.865614	8.417792	0.000000	0.000000	8.417792
-26.840603	8.450222	0.000000	0.000000	8.450222
-26.815593	8.482653	0.000000	0.000000	8.482653
-26.790583	8.515085	0.000000	0.000000	8.515085
-26.765573	8.547516	0.000000	0.000000	8.547516
-26.740563	8.579949	0.000000	0.000000	8.579949
-26.715553	8.613359	0.000000	0.000000	8.613359
-26.690543	8.647391	0.000000	0.000000	8.647391
-26.665532	8.681423	0.000000	0.000000	8.681423
-26.640522	8.715455	0.000000	0.000000	8.715455
-26.615512	8.749487	0.000000	0.000000	8.749487
-26.590502	8.783519	0.000000	0.000000	8.783519
-26.565492	8.817551	0.000000	0.000000	8.817551
-26.540482	8.851583	0.000000	0.000000	8.851583
-26.515472	8.885615	0.000000	0.000000	8.885615
-26.490462	8.919647	0.000000	0.000000	8.919647
-26.465451	8.954453	0.000000	0.000000	8.954453
-26.440441	8.989743	0.000000	0.000000	8.989743
-26.415431	9.025032	0.000000	0.000000	9.025032
-26.390421	9.060320	0.000000	0.000000	9.060320
-26.365411	9.095607	0.000000	0.000000	9.095607
-26.340401	9.130893	0.000000	0.000000	9.130893
-26.315391	9.166179	0.000000	0.000000	9.166179
-26.290381	9.201463	0.000000	0.000000	9.201463
-26.265370	9.236747	0.000000	0.000000	9.236747
-26.240360	9.272029	0.000000	0.000000	9.272029
-26.215350	9.308559	0.000000	0.000000	9.308559
-26.190340	9.345857	0.000000	0.000000	9.345857
-26.165330	9.383156	0.000000	0.000000	9.383156
-26.140320	9.420455	0.000000	0.000000	9.420455
-26.115310	9.457754	0.000000	0.000000	9.457754
-26.090299	9.495052	0.000000	0.000000	9.495052
-26.065289	9.532351	0.000000	0.000000	9.532351
-26.040279	9.569650	0.000000	0.000000	9.569650
-26.015269	9.606949	0.000000	0.000000	9.606949
-25.990259	9.644247	0.000000	0.000000	9.644247
-25.965249	9.682763	0.000000	0.000000	9.682763
-25.940239	9.722018	0.000000	0.000000	9.722018
-25.915229	9.761274	0.000000	0.000000	9.761274
-25.890218	9.800531	0.000000	0.000000	9.800531
-25.865208	9.839789	0.000000	0.000000	9.839789
-25.840198	9.879048	0.000000	0.000000	9.879048
-25.815188	9.918308	0.000000	0.000000	9.918308
-25.790178	9.957569	0.000000	0.000000	9.957569
-25.765168	9.996831	0.000000	0.000000	9.996831
-25.740158	10.036094	0.000000	0.000000	10.036094
-25.715147	10.076622	0.000000	0.000000	10.076622
-25.690137	10.117907	0.000000	0.000000	10.117907
-25.665127	10.159192	0.000000	0.000000	10.159192
-25.640117	10.200477	0.000000	0.000000	10.200477
-25.615107	10.241761	0.000000	0.000000	10.241761
-25.590097	10.283046	0.000000	0.000000	10.283046
-25.565087	10.324331	0.000000	0.000000	10.324331
-25.540077	10.365616	0.000000	0.000000	10.365616
-25.515066	10.406901	0.000000	0.000000	10.406901
-25.490056	10.448186	0.000000	0.000000	10.448186
-25.465046	10.490941	0.000000	0.000000	10.490941
-25.440036	10.534562	0.000000	0.000000	10.534562
-25.415026	10.578182	0.000000	0.000000	10.578182
-25.390016	10.621802	0.000000	0.000000	10.621802
-25.365006	10.665422	0.000000	0.000000	10.665422
-25.339995	10.709040	0.000000	0.000000	10.709040
-25.314985	10.752658	0.000000	0.000000	10.752658
-25.289975	10.796276	0.000000	0.000000	10.796276
-25.264965	10.839893	0.000000	0.000000	10.839893
-25.239955	10.883510	0.000000	0.000000	10.883510
-25.214945	10.928859	0.000000	0.000000	10.928859
-25.189935	10.975214	0.000000	0.000000	10.975214
-25.164925	11.021568	0.000000	0.000000	11.021568
-25.139914	11.067921	0.000000	0.000000	11.067921
-25.114904	11.114275	0.000000	0.000000	11.114275
-25.089894	11.160627	0.000000	0.000000	11.160627
-25.064884	11.206980	0.000000	0.000000	11.206980
-25.039874	11.253332	0.000000	0.000000	11.253332
-25.014864	11.299683	0.000000	0.000000	11.299683
-24.989854	11.346034	0.000000	0.000000	11.346034
-24.964843	11.394031	0.000000	0.000000	11.394031
-24.939833	11.442967	0.000000	0.000000	11.442967
-24.914823	11.491905	0.000000	0.000000	11.491905
-24.889813	11.540844	0.000000	0.000000	11.540844
-24.864803	11.589783	0.000000	0.000000	11.589783
-24.839793	11.638724	0.000000	0.000000	11.638724
-24.814783	11.687665	0.000000	0.000000	11.687665
-24.789773	11.736607	0.000000	0.000000	11.736607
-24.764762	11.785551	0.000000	0.000000	11.785551
-24.739752	11.834495	0.000000	0.000000	11.834495
-24.714742	11.885321	0.000000	0.000000	11.885321
-24.689732	11.937203	0.000000	0.000000	11.937203
-24.664722	11.989083	0.000000	0.000000	11.989083
-24.639712	12.040963	0.000000	0.000000	12.040963
-24.614702	12.092842	0.000000	0.000000	12.092842
-24.589692	12.144720	0.000000	0.000000	12.144720
-24.564681	12.196597	0.000000	0.000000	12.196597
-24.539671	12.248473	0.000000	0.000000	12.248473
-24.514661	12.300348	0.000000	0.000000	12.300348
-24.489651	12.352222	0.000000	0.000000	12.352222
-24.464641	12.406377	0.038116	0.000000	12.444493
-24.439631	12.461795	0.097319	0.000000	12.559114
-24.414621	12.517212	0.156523	0.000000	12.673735
-24.389610	12.572629	0.215726	0.000000	12.788356
-24.364600	12.628046	0.274930	0.000000	12.902976
-24.339590	12.683464	0.334133	0.000000	13.017597
-24.314580	12.738881	0.393337	0.000000	13.132218
-24.289570	12.794298	0.452541	0.000000	13.246839
-24.264560	12.849716	0.511744	0.000000	13.361460
-24.239550	12.905133	0.570948	0.000000	13.476081
-24.214540	12.962701	0.645121	0.000000	13.607822
-24.189529	13.021439	0.727447	0.000000	13.748886
-24.164519	13.080177	0.809773	0.000000	13.889951
-24.139509	13.138915	0.892099	0.000000	14.031014
-24.114499	13.197652	0.974425	0.000000	14.172077
-24.089489	13.256388	1.056751	0.000000	14.313139
-24.064479	13.315124	1.139077	0.000000	14.454201
-24.039469	13.373859	1.221403	0.000000	14.595263
-24.014458	13.432594	1.303729	0.000000	14.736324
-23.989448	13.491328	1.386056	0.000000	14.877384
-23.964438	13.553144	1.420459	0.000000	14.973603
-23.939428	13.616611	1.429173	0.000000	15.045784
-23.914418	13.680079	1.437886	0.000000	15.117966
-23.889408	13.743548	1.446600	0.000000	15.190148
-23.864398	13.807018	1.455313	0.000000	15.262331
-23.839388	13.870487	1.464027	0.000000	15.334514
-23.814377	13.933958	1.472740	0.000000	15.406698
-23.789367	13.997429	1.481454	0.000000	15.478882
-23.764357	14.060900	1.490167	0.000000	15.551067
-23.739347	14.124372	1.498881	0.000000	15.623253
-23.714337	14.191783	1.506814	0.000000	15.698598
-23.689327	14.261273	1.514337	0.000000	15.775610
-23.664317	14.330762	1.521859	0.000000	15.852622
-23.639306	14.400252	1.529382	0.000000	15.929633
-23.614296	14.469741	1.536904	0.000000	16.006645
-23.589286	14.539231	1.544426	0.000000	16.083657
-23.564276	14.608720	1.551949	0.000000	16.160669
-23.539266	14.678210	1.559471	0.000000	16.237681
-23.514256	14.747699	1.566993	0.000000	16.314692
-23.489246	14.817188	1.574516	0.000000	16.391704
-23.464236	14.892177	1.582249	0.000000	16.474427
-23.439225	14.970021	1.590092	0.000000	16.560113
-23.414215	15.047862	1.597935	0.000000	16.645797
-23.389205	15.125702	1.605778	0.000000	16.731480
-23.364195	15.203540	1.613620	0.000000	16.817160
-23.339185	15.281376	1.621463	0.000000	16.902839
-23.314175	15.359210	1.629306	0.000000	16.988516
-23.289165	15.437042	1.637149	0.000000	17.074191
-23.264155	15.514872	1.644992	0.000000	17.159864
-23.239144	15.592701	1.652834	0.000000	17.245535
-23.214134	15.678876	1.661416	0.000000	17.340292
-23.189124	15.769318	1.670375	0.000000	17.439693
-23.164114	15.859761	1.679334	0.000000	17.539094
-23.139104	15.950203	1.688293	0.000000	17.638495
-23.114094	16.040645	1.697252	0.000000	17.737896
-23.089084	16.131087	1.706211	0.000000	17.837297
-23.064073	16.221529	1.715170	0.000000	17.936698
-23.039063	16.311971	1.724129	0.000000	18.036099
-23.014053	16.402413	1.733088	0.000000	18.135500
-22.989043	16.492855	1.742046	0.000000	18.234901
-22.964033	16.597267	1.750763	0.000000	18.348030
-22.939023	16.708703	1.759358	0.000000	18.468060
-22.914013	16.820136	1.767953	0.000000	18.588089
-22.889003	16.931567	1.776549	0.000000	18.708116
-22.863992	17.042995	1.785146	0.000000	18.828141
-22.838982	17.154422	1.793743	0.000000	18.948165
-22.813972	17.265846	1.802341	0.000000	19.068187
-22.788962	17.377267	1.810940	0.000000	19.188207
-22.763952	17.488687	1.819539	0.000000	19.308226
-22.738942	17.600104	1.828138	0.000000	19.428242
-22.713932	17.739826	1.837224	0.000000	19.577050
-22.688921	17.893553	1.846550	0.000000	19.740104
-22.663911	18.047281	1.855876	0.000000	19.903157
-22.638901	18.201010	1.865200	0.000000	20.066210
-22.613891	18.354739	1.874524	0.000000	20.229263
-22.588881	18.508468	1.883848	0.000000	20.392316
-22.563871	18.662198	1.893171	0.000000	20.555368
-22.538861	18.815928	1.902493	0.000000	20.718421
-22.513851	18.969658	1.911814	0.000000	20.881473
-22.488840	19.123389	1.921135	0.000000	21.044525
-22.463830	19.342290	1.930216	0.000000	21.272506
-22.438820	19.592914	1.939179	0.000000	21.532092
-22.413810	19.843536	1.948142	0.000000	21.791678
-22.388800	20.094156	1.957105	0.000000	22.051262
-22.363790	20.344776	1.966068	0.000000	22.310844
-22.338780	20.595394	1.975032	0.000000	22.570425
-22.313769	20.846010	1.983995	0.000000	22.830005
-22.288759	21.096626	1.992958	0.000000	23.089584
-22.263749	21.347240	2.001921	0.000000	23.349161
-22.238739	21.597852	2.010885	0.000000	23.608737
-22.213729	22.107770	2.020220	0.000000	24.127990
-22.188719	22.741852	2.029733	0.000000	24.771585
-22.163709	23.375922	2.039247	0.000000	25.415169
-22.138699	24.009980	2.048760	0.000000	26.058740
-22.113688	24.644025	2.058274	0.000000	26.702298
-22.088678	25.278058	2.067787	0.000000	27.345845
-22.063668	25.912079	2.077300	0.000000	27.989380
-22.038658	26.546088	2.086814	0.000000	28.632902
-22.013648	27.180085	2.096327	0.000000	29.276412
-21.988638	27.814069	2.105841	0.000000	29.919910
-21.963628	30.039218	2.115848	0.000000	32.155066
-21.938618	33.013879	2.126089	0.000000	35.139968
-21.913607	35.988538	2.136330	0.000000	38.124868
-21.888597	38.963195	2.146571	0.000000	41.109767
-21.863587	41.937850	2.156813	0.000000	44.094663
-21.838577	44.912503	2.167056	0.000000	47.079558
-21.813567	47.887153	2.177298	0.000000	50.064451
-21.788557	50.861801	2.187542	0.000000	53.049342
-21.763547	53.836446	2.197786	0.000000	56.034232
-21.738536	56.811089	2.208030	0.000000	59.019119
-21.713526	59.877131	2.218823	0.000000	62.095954
-21.688516	62.985520	2.229870	0.000000	65.215390
-21.663506	66.093911	2.240917	0.000000	68.334828
-21.638496	69.202303	2.251963	0.000000	71.454266
-21.613486	72.310697	2.263009	0.000000	74.573706
-21.588476	75.419093	2.274054	0.000000	77.693147
-21.563466	78.527490	2.285099	0.000000	80.812589
-21.538455	81.635889	2.296143	0.000000	83.932032
-21.513445	84.744289	2.307187	0.000000	87.051476
-21.488435	87.852691	2.318230	0.000000	90.170922
-21.463425	89.277492	2.329103	0.000000	91.606594
-21.438415	89.935176	2.339898	0.000000	92.275074
-21.413405	90.592858	2.350694	0.000000	92.943552
-21.388395	91.250537	2.361490	0.000000	93.612027
-21.363384	91.908212	2.372287	0.000000	94.280499
-21.338374	92.565885	2.383084	0.000000	94.948969
-21.313364	93.223555	2.393882	0.000000	95.617437
-21.288354	93.881222	2.404680	0.000000	96.285902
-21.263344	94.538886	2.415478	0.000000	96.954364
-21.238334	95.196547	2.426278	0.000000	97.622824
-21.213324	95.581589	2.437745	0.000000	98.019334
-21.188314	95.844491	2.449511	0.000000	98.294003
-21.163303	96.107401	2.461278	0.000000	98.568678
-21.138293	96.370317	2.473044	0.000000	98.843361
-21.113283	96.633240	2.484811	0.000000	99.118051
-21.088273	96.896171	2.496577	0.000000	99.392748
-21.063263	97.159109	2.508344	0.000000	99.667453
-21.038253	97.422054	2.520110	0.000000	99.942164
-21.013243	97.685006	2.531877	0.000000	100.216883
-20.988232	97.947965	2.543643	0.000000	100.491609
-20.963222	98.139724	2.556073	0.000000	100.695797
-20.938212	98.300116	2.568793	0.000000	100.868909
-20.913202	98.460511	2.581514	0.000000	101.042025
-20.888192	98.620909	2.594234	0.000000	101.215142
-20.863182	98.781309	2.606953	0.000000	101.388262
-20.838172	98.941713	2.619672	0.000000	101.561385
-20.813162	99.102120	2.632391	0.000000	101.734510
-20.788151	99.262529	2.645109	0.000000	101.907638
-20.763141	99.422942	2.657826	0.000000	102.080768
-20.738131	99.583358	2.670544	0.000000	102.253901
-20.713121	99.713986	2.683097	0.000000	102.397083
-20.688111	99.831709	2.695580	0.000000	102.527289
-20.663101	99.949427	2.708063	0.000000	102.657490
-20.638091	100.067141	2.720547	0.000000	102.787688
-20.613081	100.184851	2.733031	0.000000	102.917882
-20.588070	100.302556	2.745516	0.000000	103.048072
-20.563060	100.420258	2.758001	0.000000	103.178258
-20.538050	100.537954	2.770486	0.000000	103.308440
-20.513040	100.655647	2.782972	0.000000	103.438619
-20.488030	100.773335	2.795459	0.000000	103.568794
-20.463020	100.875147	2.808827	0.000000	103.683974
-20.438010	100.970207	2.822572	0.000000	103.792779
-20.412999	101.065277	2.836316	0.000000	103.901593
-20.387989	101.160356	2.850061	0.000000	104.010417
-20.362979	101.255443	2.863805	0.000000	104.119249
-20.337969	101.350540	2.877550	0.000000	104.228090
-20.312959	101.445645	2.891295	0.000000	104.336941
-20.287949	101.540760	2.905041	0.000000	104.445800
-20.262939	101.635883	2.918786	0.000000	104.554669
-20.237929	101.731015	2.932532	0.000000	104.663547
-20.212918	101.816964	2.946060	0.000000	104.763024
-20.187908	101.899068	2.959498	0.000000	104.858566
-20.162898	101.981174	2.972936	0.000000	104.954110
-20.137888	102.063281	2.986374	0.000000	105.049655
-20.112878	102.145390	2.999812	0.000000	105.145202
-20.087868	102.227500	3.013250	0.000000	105.240750
-20.062858	102.309612	3.026688	0.000000	105.336300
-20.037847	102.391725	3.040126	0.000000	105.431851
-20.012837	102.473840	3.053563	0.000000	105.527404
-19.987827	102.555957	3.067001	0.000000	105.622958
-19.962817	102.630078	3.081075	0.000000	105.711153
-19.937807	102.700908	3.095409	0.000000	105.796316
-19.912797	102.771732	3.109742	0.000000	105.881475
-19.887787	102.842553	3.124075	0.000000	105.966628
-19.862777	102.913368	3.138407	0.000000	106.051775
-19.837766	102.984179	3.152739	0.000000	106.136918
-19.812756	103.054985	3.167070	0.000000	106.222055
-19.787746	103.125787	3.181400	0.000000	106.307187
-19.762736	103.196584	3.195730	0.000000	106.392314
-19.737726	103.267377	3.210059	0.000000	106.477436
-19.712716	103.333715	3.225347	0.000000	106.559062
-19.687706	103.398256	3.241023	0.000000	106.639279
-19.662695	103.462801	3.256699	0.000000	106.719500
-19.637685	103.527349	3.272374	0.000000	106.799723
-19.612675	103.591900	3.288050	0.000000	106.879950
-19.587665	103.656454	3.303726	0.000000	106.960179
-19.562655	103.721011	3.319401	0.000000	107.040412
-19.537645	103.785571	3.335077	0.000000	107.120648
-19.512635	103.850134	3.350753	0.000000	107.200887
-19.487625	103.914701	3.366428	0.000000	107.281129
-19.462614	103.975464	3.382512	0.000000	107.357976
-19.437604	104.034719	3.398758	0.000000	107.433477
-19.412594	104.093977	3.415004	0.000000	107.508980
-19.387584	104.153238	3.431249	0.000000	107.584487
-19.362574	104.212501	3.447495	0.000000	107.659997
-19.337564	104.271768	3.463741	0.000000	107.735509
-19.312554	104.331038	3.479987	0.000000	107.811025
-19.287544	104.390311	3.496233	0.000000	107.886543
-19.262533	104.449586	3.512479	0.000000	107.962065
-19.237523	104.508865	3.528725	0.000000	108.037589
-19.212513	104.563624	3.545539	0.000000	108.109163
-19.187503	104.616618	3.562574	0.000000	108.179192
-19.162493	104.669608	3.579610	0.000000	108.249219
-19.137483	104.722596	3.596646	0.000000	108.319242
-19.112473	104.775581	3.613682	0.000000	108.389263
-19.087462	104.828563	3.630718	0.000000	108.459281
-19.062452	104.881543	3.647753	0.000000	108.529296
-19.037442	104.934519	3.664789	0.000000	108.599308
-19.012432	104.987493	3.681825	0.000000	108.669318
-18.987422	105.040463	3.698861	0.000000	108.739324
-18.962412	105.090176	3.716367	0.000000	108.806544
-18.937402	105.138643	3.734054	0.000000	108.872696
-18.912392	105.187109	3.751741	0.000000	108.938850
-18.887381	105.235577	3.769427	0.000000	109.005005
-18.862371	105.284046	3.787114	0.000000	109.071160
-18.837361	105.332515	3.804801	0.000000	109.137316
-18.812351	105.380985	3.822487	0.000000	109.203473
-18.787341	105.429456	3.840174	0.000000	109.269630
-18.762331	105.477928	3.857861	0.000000	109.335789
-18.737321	105.526401	3.875547	0.000000	109.401948
-18.712310	105.572657	3.893401	0.053736	109.519794
-18.687300	105.618082	3.911318	0.127695	109.657094
-18.662290	105.663508	3.929234	0.201654	109.794396
-18.637280	105.708936	3.947150	0.275613	109.931700
-18.612270	105.754367	3.965067	0.349572	110.069006
-18.587260	105.799799	3.982983	0.423531	110.206314
-18.562250	105.845234	4.000900	0.497490	110.343624
-18.537240	105.890670	4.018816	0.571449	110.480936
-18.512229	105.936109	4.036733	0.645408	110.618250
-18.487219	105.981549	4.054649	0.719368	110.755566
-18.462209	106.024364	4.073341	0.742441	110.840147
-18.437199	106.066207	4.092320	0.746710	110.905236
-18.412189	106.108048	4.111299	0.750978	110.970325
-18.387179	106.149886	4.130280	0.755246	111.035412
-18.362169	106.191723	4.149260	0.759514	111.100498
-18.337158	106.233557	4.168242	0.763783	111.165582
-18.312148	106.275390	4.187224	0.768051	111.230664
-18.287138	106.317220	4.206206	0.772319	111.295746
-18.262128	106.359049	4.225190	0.776588	111.360826
-18.237118	106.400875	4.244173	0.780856	111.425904
-18.212108	106.441308	4.264209	0.785195	111.490712
-18.187098	106.481239	4.284625	0.789560	111.555424
-18.162088	106.521174	4.305041	0.793925	111.620140
-18.137077	106.561113	4.325457	0.798289	111.684860
-18.112067	106.601056	4.345873	0.802654	111.749583
-18.087057	106.641002	4.366289	0.807019	111.814310
-18.062047	106.680953	4.386705	0.811384	111.879041
-18.037037	106.720907	4.407120	0.815749	111.943776
-18.012027	106.760865	4.427535	0.820114	112.008514
-17.987017	106.800826	4.447951	0.824478	112.073255
-17.962007	106.838652	4.468544	0.829537	112.136733
-17.936996	106.875715	4.489202	0.834843	112.199761
-17.911986	106.912778	4.509861	0.840150	112.262789
-17.886976	106.949842	4.530520	0.845456	112.325818
-17.861966	106.986906	4.551180	0.850762	112.388847
-17.836956	107.023969	4.571840	0.856068	112.451878
-17.811946	107.061033	4.592501	0.861374	112.514909
-17.786936	107.098097	4.613163	0.866681	112.577941
-17.761925	107.135162	4.633825	0.871987	112.640973
-17.736915	107.172226	4.654488	0.877293	112.704007
-17.711905	107.205910	4.675694	0.881831	112.763435
-17.686895	107.238408	4.697090	0.886101	112.821599
-17.661885	107.270903	4.718485	0.890371	112.879758
-17.636875	107.303394	4.739878	0.894640	112.937913
-17.611865	107.335883	4.761271	0.898910	112.996063
-17.586855	107.368367	4.782662	0.903180	113.054209
-17.561844	107.400849	4.804053	0.907450	113.112351
-17.536834	107.433327	4.825442	0.911719	113.170488
-17.511824	107.465801	4.846830	0.915989	113.228620
-17.486814	107.498272	4.868217	0.920259	113.286748
-17.461804	107.529707	4.891566	0.924809	113.346082
-17.436794	107.560789	4.915589	0.929455	113.405833
-17.411784	107.591875	4.939613	0.934100	113.465588
-17.386773	107.622963	4.963637	0.938746	113.525347
-17.361763	107.654055	4.987662	0.943392	113.585110
-17.336753	107.685151	5.011687	0.948038	113.644876
-17.311743	107.716249	5.035713	0.952684	113.704647
-17.286733	107.747351	5.059740	0.957330	113.764421
-17.261723	107.778456	5.083767	0.961976	113.824199
-17.236713	107.809564	5.107795	0.966622	113.883981
-17.211703	107.838001	5.131903	0.972500	113.942403
-17.186692	107.865536	5.156037	0.978792	114.000366
-17.161682	107.893070	5.180171	0.985085	114.058327
-17.136672	107.920603	5.204304	0.991379	114.116286
-17.111662	107.948134	5.228437	0.997674	114.174245
-17.086652	107.975664	5.252569	1.003970	114.232203
-17.061642	108.003193	5.276700	1.010266	114.290159
-17.036632	108.030720	5.300831	1.016563	114.348114
-17.011621	108.058246	5.324961	1.022860	114.406067
-16.986611	108.085771	5.349090	1.029159	114.464020
-16.961601	108.112024	5.374559	1.034972	114.521555
-16.936591	108.137860	5.400472	1.040623	114.578955
-16.911581	108.163697	5.426385	1.046274	114.636356
-16.886571	108.189536	5.452299	1.051925	114.693760
-16.861561	108.215378	5.478215	1.057574	114.751167
-16.836551	108.241221	5.504132	1.063223	114.808575
-16.811540	108.267066	5.530049	1.068871	114.865986
-16.786530	108.292912	5.555968	1.074519	114.923399
-16.761520	108.318761	5.581888	1.080165	114.980814
-16.736510	108.344612	5.607809	1.085811	115.038231
-16.711500	108.368992	5.634465	1.092210	115.095667
-16.686490	108.392896	5.661360	1.098852	115.153109
-16.661480	108.416801	5.688255	1.105494	115.210551
-16.636470	108.440706	5.715150	1.112137	115.267994
-16.611459	108.464612	5.742046	1.118779	115.325437
-16.586449	108.488518	5.768941	1.125421	115.382880
-16.561439	108.512424	5.795836	1.132064	115.440324
-16.536429	108.536331	5.822731	1.138706	115.497768
-16.511419	108.560238	5.849626	1.145349	115.555212
-16.486409	108.584146	5.876521	1.151991	115.612658
-16.461399	108.605995	5.904048	1.158626	115.668670
-16.436388	108.627191	5.931777	1.165258	115.724226
-16.411378	108.648385	5.959505	1.171891	115.779781
-16.386368	108.669580	5.987232	1.178523	115.835335
-16.361358	108.690774	6.014959	1.185155	115.890888
-16.336348	108.711967	6.042685	1.191788	115.946440
-16.311338	108.733161	6.070410	1.198420	116.001991
-16.286328	108.754353	6.098135	1.205053	116.057541
-16.261318	108.775546	6.125859	1.211685	116.113090
-16.236307	108.796738	6.153583	1.218317	116.168638
-16.211297	108.816336	6.182792	1.224451	116.223579
-16.186287	108.835438	6.212465	1.230428	116.278332
-16.161277	108.854540	6.242138	1.236406	116.333085
-16.136267	108.873642	6.271811	1.242384	116.387838
-16.111257	108.892745	6.301484	1.248362	116.442591
-16.086247	108.911847	6.331158	1.254340	116.497344
-16.061236	108.930949	6.360831	1.260318	116.552098
-16.036226	108.950051	6.390505	1.266296	116.606851
-16.011216	108.969153	6.420179	1.272274	116.661605
-15.986206	108.988255	6.449853	1.278251	116.716359
-15.961196	109.006282	6.481013	1.285180	116.772475
-15.936186	109.023982	6.512626	1.292400	116.829009
-15.911176	109.041684	6.544240	1.299621	116.885544
-15.886166	109.059386	6.575853	1.306844	116.942082
-15.861155	109.077089	6.607466	1.314067	116.998622
-15.836145	109.094793	6.639079	1.321292	117.055164
-15.811135	109.112498	6.670692	1.328518	117.111708
-15.786125	109.130204	6.702304	1.335746	117.168254
-15.761115	109.147911	6.733917	1.342974	117.224802
-15.736105	109.165619	6.765529	1.350204	117.281352
-15.711095	109.182190	6.798648	1.358063	117.338901
-15.686084	109.198422	6.832218	1.366109	117.396749
-15.661074	109.214655	6.865788	1.374153	117.454597
-15.636064	109.230888	6.899360	1.382196	117.512444
-15.611054	109.247122	6.932932	1.390238	117.570292
-15.586044	109.263356	6.966504	1.398279	117.628139
-15.561034	109.279591	7.000077	1.406318	117.685986
-15.536024	109.295827	7.033651	1.414356	117.743834
-15.511014	109.312063	7.067225	1.422393	117.801681
-15.486003	109.328299	7.100800	1.430428	117.859528
-15.460993	109.342683	7.135910	1.437897	117.916490
-15.435983	109.356521	7.171469	1.445199	117.973190
-15.410973	109.370357	7.207028	1.452502	118.029887
-15.385963	109.384190	7.242585	1.459805	118.086580
-15.360953	109.398021	7.278143	1.467107	118.143271
-15.335943	109.411850	7.313699	1.474410	118.199959
-15.310933	109.425676	7.349255	1.481713	118.256644
-15.285922	109.439500	7.384811	1.489015	118.313325
-15.260912	109.453321	7.420365	1.496318	118.370004
-15.235902	109.467139	7.455920	1.503620	118.426679
-15.210892	109.481052	7.492545	1.512986	118.486582
-15.185882	109.494994	7.529478	1.522944	118.547415
-15.160872	109.508938	7.566411	1.532902	118.608251
-15.135862	109.522885	7.603346	1.542860	118.669090
-15.110851	109.536834	7.640281	1.552817	118.729932
-15.085841	109.550786	7.677216	1.562775	118.790777
-15.060831	109.564740	7.714152	1.572733	118.851626
-15.035821	109.578697	7.751089	1.582691	118.912477
-15.010811	109.592656	7.788026	1.592649	118.973331
-14.985801	109.606617	7.824964	1.602607	119.034188
-14.960791	109.618714	7.863671	1.611007	119.093392
-14.935781	109.630284	7.902875	1.618970	119.152129
-14.910770	109.641852	7.942078	1.626933	119.210864
-14.885760	109.653420	7.981282	1.634896	119.269598
-14.860750	109.664985	8.020486	1.642859	119.328330
-14.835740	109.676549	8.059689	1.650822	119.387061
-14.810730	109.688112	8.098893	1.658785	119.445790
-14.785720	109.699673	8.138097	1.666748	119.504518
-14.760710	109.711233	8.177301	1.674710	119.563244
-14.735699	109.722791	8.216504	1.682673	119.621969
-14.710689	109.733832	8.258115	1.691158	119.683105
-14.685679	109.744732	8.300387	1.699787	119.744906
-14.660669	109.755633	8.342659	1.708416	119.806707
-14.635659	109.766535	8.384930	1.717045	119.868509
-14.610649	109.777437	8.427200	1.725674	119.930311
-14.585639	109.788341	8.469470	1.734302	119.992114
-14.560629	109.799246	8.511739	1.742931	120.053916
-14.535618	109.810151	8.554008	1.751560	120.115720
-14.510608	109.821058	8.596276	1.760189	120.177523
-14.485598	109.831966	8.638543	1.768818	120.239327
-14.460588	109.842269	8.682352	1.779520	120.304141
-14.435578	109.852411	8.726577	1.790781	120.369769
-14.410568	109.862553	8.770803	1.802043	120.435399
-14.385558	109.872696	8.815029	1.813306	120.501030
-14.360547	109.882839	8.859255	1.824569	120.566664
-14.335537	109.892983	8.903483	1.835833	120.632299
-14.310527	109.903127	8.947711	1.847098	120.697936
-14.285517	109.913272	8.991939	1.858364	120.763575
-14.260507	109.923417	9.036168	1.869630	120.829216
-14.235497	109.933563	9.080398	1.880897	120.894859
-14.210487	109.942085	9.126603	1.891147	120.959835
-14.185477	109.950178	9.173329	1.901128	121.024635
-14.160466	109.958271	9.220056	1.911108	121.089434
-14.135456	109.966363	9.266782	1.921087	121.154232
-14.110446	109.974456	9.313508	1.931065	121.219029
-14.085436	109.982549	9.360234	1.941043	121.283826
-14.060426	109.990642	9.406960	1.951020	121.348622
-14.035416	109.998735	9.453686	1.960996	121.413417
-14.010406	110.006828	9.500412	1.970972	121.478212
-13.985395	110.014921	9.547138	1.980947	121.543005
-13.960385	110.022394	9.596537	1.990905	121.609836
-13.935375	110.029707	9.646626	2.000858	121.677192
-13.910365	110.037021	9.696715	2.010812	121.744548
-13.885355	110.044336	9.746804	2.020765	121.811905
-13.860345	110.051651	9.796892	2.030719	121.879262
-13.835335	110.058966	9.846981	2.040672	121.946620
-13.810325	110.066282	9.897070	2.050626	122.013978
-13.785314	110.073598	9.947159	2.060580	122.081336
-13.760304	110.080914	9.997247	2.070533	122.148695
-13.735294	110.088231	10.047336	2.080487	122.216054
-13.710284	110.094871	10.099916	2.092264	122.287051
-13.685274	110.101340	10.153125	2.104500	122.358966
-13.660264	110.107809	10.206334	2.116737	122.430880
-13.635254	110.114277	10.259543	2.128974	122.502794
-13.610244	110.120745	10.312751	2.141211	122.574707
-13.585233	110.127212	10.365960	2.153448	122.646620
-13.560223	110.133679	10.419169	2.165685	122.718532
-13.535213	110.140145	10.472378	2.177922	122.790445
-13.510203	110.146611	10.525586	2.190159	122.862356
-13.485193	110.153077	10.578795	2.202395	122.934268
-13.460183	110.158979	10.634883	2.215235	123.009096
-13.435173	110.164741	10.691681	2.228223	123.084645
-13.410162	110.170502	10.748481	2.241211	123.160194
-13.385152	110.176263	10.805281	2.254199	123.235743
-13.360142	110.182024	10.862081	2.267186	123.311291
-13.335132	110.187784	10.918882	2.280174	123.386840
-13.310122	110.193543	10.975684	2.293162	123.462389
-13.285112	110.199302	11.032486	2.306150	123.537938
-13.260102	110.205061	11.089289	2.319138	123.613488
-13.235092	110.210818	11.146092	2.332126	123.689037
-13.210081	110.216793	11.206514	2.345801	123.769108
-13.185071	110.222821	11.267808	2.359642	123.850271
-13.160061	110.228849	11.329102	2.373483	123.931434
-13.135051	110.234879	11.390394	2.387325	124.012598
-13.110041	110.240910	11.451686	2.401168	124.093764
-13.085031	110.246941	11.512978	2.415011	124.174930
-13.060021	110.252974	11.574269	2.428854	124.256097
-13.035010	110.259008	11.635559	2.442698	124.337265
-13.010000	110.265042	11.696848	2.456543	124.418433
-12.984990	110.271077	11.758137	2.470388	124.499603
-12.959980	110.276715	11.823699	2.486225	124.586639
-12.934970	110.282259	11.890268	2.502531	124.675058
-12.909960	110.287803	11.956836	2.518837	124.763477
-12.884950	110.293347	12.023405	2.535143	124.851896
-12.859940	110.298891	12.089974	2.551449	124.940314
-12.834929	110.304434	12.156546	2.567754	125.028734
-12.809919	110.309975	12.223119	2.584059	125.117152
-12.784909	110.315515	12.289693	2.600362	125.205569
-12.759899	110.321053	12.356267	2.616665	125.293985
-12.734889	110.326589	12.422842	2.632967	125.382398
-12.709879	110.332245	12.495596	2.647890	125.475731
-12.684869	110.337930	12.569770	2.662495	125.570196
-12.659858	110.343616	12.643944	2.677100	125.664661
-12.634848	110.349303	12.718118	2.691705	125.759126
-12.609838	110.354991	12.792291	2.706311	125.853592
-12.584828	110.360679	12.866463	2.720916	125.948058
-12.559818	110.366369	12.940635	2.735521	126.042525
-12.534808	110.372060	13.014806	2.750127	126.136992
-12.509798	110.377751	13.088976	2.764732	126.231459
-12.484788	110.383444	13.163146	2.779337	126.325927
-12.459777	110.390117	13.245936	2.794485	126.430538
-12.434767	110.397012	13.330663	2.809755	126.537430
-12.409757	110.403907	13.415390	2.825026	126.644324
-12.384747	110.410804	13.500117	2.840297	126.751219
-12.359737	110.417701	13.584844	2.855569	126.858115
-12.334727	110.424600	13.669571	2.870842	126.965013
-12.309717	110.431499	13.754299	2.886115	127.071913
-12.284707	110.438399	13.839026	2.901389	127.178814
-12.259696	110.445301	13.923753	2.916663	127.285716
-12.234686	110.452203	14.008480	2.931937	127.392620
-12.209676	110.461700	14.105762	2.951022	127.518483
-12.184666	110.471764	14.205799	2.970941	127.648504
-12.159656	110.481826	14.305837	2.990861	127.778525
-12.134646	110.491886	14.405878	3.010781	127.908545
-12.109636	110.501943	14.505920	3.030701	128.038564
-12.084625	110.511998	14.605964	3.050620	128.168583
-12.059615	110.522051	14.706009	3.070540	128.298601
-12.034605	110.532101	14.806057	3.090460	128.428618
-12.009595	110.542149	14.906105	3.110380	128.558635
-11.984585	110.552195	15.006156	3.130299	128.688651
-11.959575	110.563776	15.130960	3.148330	128.843067
-11.934565	110.575688	15.261062	3.165957	129.002707
-11.909555	110.587603	15.391164	3.183583	129.162349
-11.884544	110.599520	15.521266	3.201208	129.321994
-11.859534	110.611441	15.651367	3.218833	129.481641
-11.834524	110.623363	15.781469	3.236457	129.641290
-11.809514	110.635289	15.911571	3.254081	129.800941
-11.784504	110.647217	16.041673	3.271704	129.960594
-11.759494	110.659148	16.171775	3.289327	130.120250
-11.734484	110.671082	16.301877	3.306949	130.279908
-11.709473	110.683697	16.476777	3.327804	130.488279
-11.684463	110.696453	16.661033	3.349334	130.706820
-11.659453	110.709206	16.845292	3.370865	130.925363
-11.634443	110.721958	17.029554	3.392395	131.143907
-11.609433	110.734708	17.213819	3.413925	131.362453
-11.584423	110.747457	17.398087	3.435455	131.581000
-11.559413	110.760204	17.582359	3.456986	131.799548
-11.534403	110.772948	17.766634	3.478516	132.018098
-11.509392	110.785692	17.950912	3.500046	132.236649
-11.484382	110.798433	18.135193	3.521576	132.455202
-11.459372	110.810736	18.426770	3.541758	132.779264
-11.434362	110.822951	18.740185	3.561665	133.124801
-11.409352	110.835165	19.053604	3.581572	133.470341
-11.384342	110.847379	19.367026	3.601479	133.815885
-11.359332	110.859593	19.680451	3.621386	134.161431
-11.334321	110.871807	19.993880	3.641294	134.506980
-11.309311	110.884021	20.307311	3.661201	134.852533
-11.284301	110.896234	20.620746	3.681108	135.198088
-11.259291	110.908448	20.934184	3.701015	135.543647
-11.234281	110.920661	21.247625	3.720922	135.889209
-11.209271	110.932502	21.967823	3.740838	136.641163
-11.184261	110.944270	22.768699	3.760755	137.473724
-11.159251	110.956040	23.569583	3.780672	138.306295
-11.134240	110.967811	24.370474	3.800589	139.138875
-11.109230	110.979583	25.171374	3.820506	139.971464
-11.084220	110.991358	25.972281	3.840424	140.804063
-11.059210	111.003133	26.773197	3.860341	141.636671
-11.034200	111.014910	27.574120	3.880258	142.469288
-11.009190	111.026689	28.375051	3.900175	143.301915
-10.984180	111.038469	29.175990	3.920092	144.134552
-10.959170	111.050002	32.347039	3.943021	147.340062
-10.934159	111.061486	35.975961	3.966532	151.003979
-10.909149	111.072969	39.604896	3.990043	154.667908
-10.884139	111.084451	43.233844	4.013554	158.331849
-10.859129	111.095932	46.862805	4.037065	161.995802
-10.834119	111.107412	50.491779	4.060576	165.659767
-10.809109	111.118891	54.120766	4.084087	169.323744
-10.784099	111.130369	57.749765	4.107598	172.987733
-10.759088	111.141847	61.378778	4.131109	176.651734
-10.734078	111.153323	65.007804	4.154620	180.315747
-10.709068	111.162941	68.701215	4.179039	184.043195
-10.684058	111.172210	72.406729	4.203629	187.782567
-10.659048	111.181477	76.112237	4.228220	191.521934
-10.634038	111.190743	79.817740	4.252812	195.261295
-10.609028	111.200008	83.523237	4.277404	199.000650
-10.584018	111.209273	87.228728	4.301998	202.739999
-10.559007	111.218536	90.934214	4.326592	206.479342
-10.533997	111.227798	94.639694	4.351186	210.218679
-10.508987	111.237060	98.345169	4.375782	213.958011
-10.483977	111.246320	102.050638	4.400378	217.697336
-10.458967	111.252051	103.308346	4.424358	218.984756
-10.433957	111.257137	104.118036	4.448225	219.823399
-10.408947	111.262223	104.927706	4.472092	220.662021
-10.383936	111.267311	105.737355	4.495957	221.500623
-10.358926	111.272399	106.546983	4.519822	222.339204
-10.333916	111.277489	107.356590	4.543687	223.177766
-10.308906	111.282579	108.166178	4.567550	224.016307
-10.283896	111.287670	108.975744	4.591413	224.854827
-10.258886	111.292763	109.785290	4.615275	225.693327
-10.233876	111.297856	110.594815	4.639136	226.531807
-10.208866	111.300158	110.986901	4.664954	226.952013
-10.183855	111.301963	111.304683	4.691120	227.297766
-10.158845	111.303769	111.622467	4.717286	227.643523
-10.133835	111.305576	111.940254	4.743452	227.989282
-10.108825	111.307383	112.258044	4.769619	228.335045
-10.083815	111.309190	112.575836	4.795785	228.680811
-10.058805	111.310998	112.893631	4.821951	229.026580
-10.033795	111.312807	113.211429	4.848117	229.372353
-10.008784	111.314616	113.529229	4.874283	229.718128
-9.983774	111.316426	113.847032	4.900449	230.063907
-9.958764	111.317649	114.051013	4.930404	230.299065
-9.933754	111.318769	114.235308	4.961015	230.515092
-9.908744	111.319887	114.419614	4.991628	230.731129
-9.883734	111.321004	114.603932	5.022241	230.947178
-9.858724	111.322120	114.788260	5.052856	231.163237
-9.833714	111.323234	114.972600	5.083473	231.379306
-9.808703	111.324347	115.156950	5.114090	231.595387
-9.783693	111.325458	115.341311	5.144709	231.811478
-9.758683	111.326568	115.525683	5.175329	232.027580
-9.733673	111.327676	115.710067	5.205950	232.243693
-9.708663	111.328117	115.850658	5.235325	232.414100
-9.683653	111.328447	115.983871	5.264490	232.576808
-9.658643	111.328780	116.117068	5.293654	232.739502
-9.633633	111.329114	116.250249	5.322817	232.902180
-9.608622	111.329450	116.383413	5.351979	233.064843
-9.583612	111.329788	116.516561	5.381141	233.227491
-9.558602	111.330128	116.649693	5.410302	233.390124
-9.533592	111.330470	116.782808	5.439463	233.552741
-9.508582	111.330814	116.915907	5.468622	233.715344
-9.483572	111.331160	117.048990	5.497781	233.877931
-9.458562	111.331595	117.150255	5.532406	234.014256
-9.433551	111.332042	117.246337	5.567923	234.146302
-9.408541	111.332487	117.342427	5.603441	234.278355
-9.383531	111.332928	117.438527	5.638960	234.410415
-9.358521	111.333367	117.534636	5.674480	234.542482
-9.333511	111.333803	117.630754	5.710000	234.674557
-9.308501	111.334236	117.726881	5.745521	234.806638
-9.283491	111.334666	117.823018	5.781043	234.938726
-9.258481	111.335093	117.919163	5.816565	235.070822
-9.233470	111.335518	118.015318	5.852089	235.202924
-9.208460	111.335541	118.099360	5.886175	235.321075
-9.183450	111.335502	118.181476	5.920033	235.437011
-9.158440	111.335465	118.263585	5.953892	235.552942
-9.133430	111.335430	118.345687	5.987750	235.668867
-9.108420	111.335396	118.427783	6.021609	235.784787
-9.083410	111.335363	118.509871	6.055467	235.900701
-9.058399	111.335332	118.591953	6.089326	236.016610
-9.033389	111.335302	118.674028	6.123184	236.132514
-9.008379	111.335274	118.756096	6.157042	236.248412
-8.983369	111.335247	118.838157	6.190901	236.364305
-8.958359	111.337337	118.912545	6.227009	236.476891
-8.933349	111.339753	118.985756	6.263463	236.588971
-8.908339	111.342169	119.058969	6.299915	236.701053
-8.883329	111.344587	119.132184	6.336367	236.813138
-8.858318	111.347005	119.205401	6.372818	236.925225
-8.833308	111.349425	119.278620	6.409269	237.037314
-8.808298	111.351845	119.351842	6.445719	237.149405
-8.783288	111.354266	119.425065	6.482168	237.261499
-8.758278	111.356689	119.498290	6.518616	237.373595
-8.733268	111.359112	119.571517	6.555064	237.485692
-8.708258	111.363438	119.641187	6.597015	237.601640
-8.683247	111.368047	119.710331	6.639785	237.718163
-8.658237	111.372654	119.779478	6.682555	237.834687
-8.633227	111.377261	119.848627	6.725324	237.951213
-8.608217	111.381867	119.917780	6.768094	238.067740
-8.583207	111.386471	119.986935	6.810864	238.184270
-8.558197	111.391075	120.056092	6.853634	238.300801
-8.533187	111.395678	120.125253	6.896404	238.417334
-8.508177	111.400280	120.194416	6.939174	238.533869
-8.483166	111.404880	120.263582	6.981944	238.650406
-8.458156	111.408782	120.326860	7.025886	238.761529
-8.433146	111.412584	120.389286	7.069997	238.871868
-8.408136	111.416386	120.451708	7.114109	238.982202
-8.383126	111.420188	120.514124	7.158221	239.092533
-8.358116	111.423991	120.576536	7.202333	239.202860
-8.333106	111.427794	120.638943	7.246445	239.313182
-8.308096	111.431598	120.701346	7.290557	239.423500
-8.283085	111.435402	120.763743	7.334670	239.533815
-8.258075	111.439206	120.826136	7.378782	239.644125
-8.233065	111.443011	120.888524	7.422895	239.754430
-8.208055	111.444167	120.942402	7.469114	239.855682
-8.183045	111.444953	120.995093	7.515626	239.955673
-8.158035	111.445739	121.047784	7.562140	240.055663
-8.133025	111.446525	121.100474	7.608653	240.155653
-8.108014	111.447312	121.153164	7.655168	240.255643
-8.083004	111.448098	121.205853	7.701682	240.355633
-8.057994	111.448884	121.258541	7.748198	240.455623
-8.032984	111.449671	121.311229	7.794714	240.555613
-8.007974	111.450457	121.363916	7.841230	240.655603
-7.982964	111.451243	121.416603	7.887747	240.755593
-7.957954	111.450081	121.463178	7.940280	240.853540
-7.932944	111.448657	121.508931	7.993623	240.951212
-7.907933	111.447233	121.554685	8.046966	241.048884
-7.882923	111.445809	121.600439	8.100308	241.146556
-7.857913	111.444385	121.646194	8.153649	241.244228
-7.832903	111.442960	121.691950	8.206990	241.341900
-7.807893	111.441536	121.737706	8.260330	241.439572
-7.782883	111.440112	121.783463	8.313669	241.537244
-7.757873	111.438688	121.829220	8.367009	241.634917
-7.732862	111.437263	121.874978	8.420347	241.732589
-7.707852	111.435148	121.916147	8.478810	241.830106
-7.682842	111.432944	121.956718	8.537941	241.927603
-7.657832	111.430739	121.997287	8.597073	242.025098
-7.632822	111.428534	122.037854	8.656204	242.122592
-7.607812	111.426329	122.078419	8.715337	242.220085
-7.582802	111.424125	122.118983	8.774470	242.317577
-7.557792	111.421920	122.159545	8.833603	242.415068
-7.532781	111.419715	122.200105	8.892737	242.512557
-7.507771	111.417510	122.240664	8.951872	242.610046
-7.482761	111.415305	122.281221	9.011007	242.707533
-7.457751	111.411202	122.316982	9.074544	242.802728
-7.432741	111.406860	122.352145	9.138635	242.897641
-7.407731	111.402520	122.387310	9.202727	242.992557
-7.382721	111.398179	122.422479	9.266820	243.087478
-7.357710	111.393839	122.457651	9.330913	243.182403
-7.332700	111.389500	122.492826	9.395007	243.277333
-7.307690	111.385161	122.528005	9.459101	243.372267
-7.282680	111.380823	122.563186	9.523197	243.467206
-7.257670	111.376485	122.598371	9.587293	243.562150
-7.232660	111.372148	122.633559	9.651390	243.657097
-7.207650	111.364940	122.663715	9.725872	243.754527
-7.182640	111.357382	122.693260	9.801612	243.852254
-7.157629	111.349823	122.722803	9.877352	243.949979
-7.132619	111.342263	122.752344	9.953093	244.047700
-7.107609	111.334701	122.781882	10.028834	244.145418
-7.082599	111.327137	122.811419	10.104576	244.243132
-7.057589	111.319572	122.840953	10.180319	244.340844
-7.032579	111.312006	122.870485	10.256062	244.438553
-7.007569	111.304438	122.900015	10.331805	244.536259
-6.982559	111.296869	122.929543	10.407549	244.633961
-6.957548	111.287015	122.953037	10.491220	244.731273
-6.932538	111.276896	122.975825	10.575814	244.828535
-6.907528	111.266777	122.998608	10.660409	244.925793
-6.882518	111.256658	123.021386	10.745003	245.023047
-6.857508	111.246540	123.044161	10.829597	245.120298
-6.832498	111.236422	123.066931	10.914191	245.217544
-6.807488	111.226304	123.089697	10.998786	245.314787
-6.782477	111.216187	123.112458	11.083380	245.412025
-6.757467	111.206071	123.135216	11.167974	245.509260
-6.732457	111.195954	123.157969	11.252568	245.606491
-6.707447	111.185087	123.176678	11.355834	245.717599
-6.682437	111.174136	123.194940	11.461193	245.830268
-6.657427	111.163185	123.213207	11.566552	245.942944
-6.632417	111.152235	123.231479	11.671912	246.055626
-6.607407	111.141285	123.249757	11.777273	246.168315
-6.582396	111.130336	123.268040	11.882634	246.281011
-6.557386	111.119388	123.286328	11.987996	246.393713
-6.532376	111.108440	123.304622	12.093359	246.506421
-6.507366	111.097493	123.322921	12.198723	246.619137
-6.482356	111.086546	123.341226	12.304087	246.731859
-6.457346	111.075498	123.358663	12.447438	246.881599
-6.432336	111.064438	123.376006	12.594877	247.035320
-6.407325	111.053377	123.393346	12.742316	247.189039
-6.382315	111.042315	123.410684	12.889756	247.342754
-6.357305	111.031252	123.428020	13.037196	247.496468
-6.332295	111.020188	123.445353	13.184637	247.650179
-6.307285	111.009124	123.462685	13.332078	247.803887
-6.282275	110.998058	123.480014	13.479520	247.957593
-6.257265	110.986991	123.497342	13.626962	248.111296
-6.232255	110.975924	123.514667	13.774405	248.264996
-6.207244	110.964563	123.529298	13.986524	248.480385
-6.182234	110.953173	123.543651	14.205316	248.702139
-6.157224	110.941784	123.558002	14.424106	248.923892
-6.132214	110.930396	123.572352	14.642895	249.145643
-6.107204	110.919008	123.586701	14.861683	249.367393
-6.082194	110.907622	123.601049	15.080470	249.589141
-6.057184	110.896237	123.615396	15.299255	249.810888
-6.032173	110.884852	123.629742	15.518040	250.032634
-6.007163	110.873469	123.644087	15.736822	250.254378
-5.982153	110.862086	123.658431	15.955604	250.476121
-5.957143	110.850728	123.670568	16.332966	250.854261
-5.932133	110.839372	123.682486	16.726002	251.247860
-5.907123	110.828015	123.694405	17.119040	251.641460
-5.882113	110.816658	123.706323	17.512079	252.035060
-5.857103	110.805301	123.718242	17.905119	252.428662
-5.832092	110.793943	123.730161	18.298160	252.822264
-5.807082	110.782585	123.742079	18.691203	253.215868
-5.782072	110.771227	123.753998	19.084247	253.609472
-5.757062	110.759868	123.765917	19.477293	254.003077
-5.732052	110.748508	123.777835	19.870339	254.396683
-5.707042	110.739403	123.790801	20.830749	255.360952
-5.682032	110.730510	123.803863	21.844779	256.379152
-5.657022	110.721617	123.816923	22.858808	257.397349
-5.632011	110.712723	123.829981	23.872837	258.415541
-5.607001	110.703828	123.843037	24.886865	259.433731
-5.581991	110.694933	123.856091	25.900892	260.451917
-5.556981	110.686038	123.869143	26.914919	261.470100
-5.531971	110.677142	123.882193	27.928945	262.488279
-5.506961	110.668245	123.895240	28.942970	263.506455
-5.481951	110.659348	123.908285	29.956994	264.524627
-5.456940	110.653001	123.921898	34.191463	268.766363
-5.431930	110.646886	123.935565	38.716481	273.298932
-5.406920	110.640772	123.949234	43.241510	277.831515
-5.381910	110.634658	123.962905	47.766549	282.364112
-5.356900	110.628545	123.976578	52.291600	286.896723
-5.331890	110.622434	123.990253	56.816661	291.429348
-5.306880	110.616323	124.003930	61.341733	295.961987
-5.281870	110.610214	124.017610	65.866817	300.494640
-5.256859	110.604105	124.031291	70.391911	305.027306
-5.231849	110.597997	124.044975	74.917015	309.559987
-5.206839	110.593056	124.059121	79.483490	314.135667
-5.181829	110.588214	124.073309	84.053537	318.715061
-5.156819	110.583372	124.087499	88.623602	323.294473
-5.131809	110.578529	124.101690	93.193685	327.873905
-5.106799	110.573686	124.115883	97.763786	332.453355
-5.081788	110.568842	124.130078	102.333904	337.032824
-5.056778	110.563998	124.144274	106.904040	341.612311
-5.031768	110.559153	124.158472	111.474193	346.191818
-5.006758	110.554308	124.172672	116.044365	350.771344
-4.981748	110.549462	124.186873	120.614553	355.350888
-4.956738	110.544687	124.200501	121.895923	356.641111
-4.931728	110.539918	124.214079	122.908497	357.662494
-4.906718	110.535150	124.227655	123.921074	358.683878
-4.881707	110.530381	124.241227	124.933653	359.705261
-4.856697	110.525612	124.254798	125.946235	360.726645
-4.831687	110.520844	124.268365	126.958820	361.748028
-4.806677	110.516075	124.281929	127.971407	362.769411
-4.781667	110.511306	124.295491	128.983997	363.790795
-4.756657	110.506538	124.309050	129.996590	364.812178
-4.731647	110.501769	124.322607	131.009185	365.833561
-4.706636	110.496762	124.334402	131.441189	366.272353
-4.681626	110.491736	124.346061	131.828159	366.665955
-4.656616	110.486710	124.357718	132.215110	367.059539
-4.631606	110.481685	124.369376	132.602043	367.453104
-4.606596	110.476659	124.381032	132.988959	367.846650
-4.581586	110.471634	124.392688	133.375857	368.240179
-4.556576	110.466609	124.404344	133.762736	368.633689
-4.531566	110.461584	124.415999	134.149598	369.027181
-4.506555	110.456559	124.427653	134.536442	369.420654
-4.481545	110.451534	124.439306	134.923268	369.814109
-4.456535	110.446338	124.448653	135.151743	370.046733
-4.431525	110.441128	124.457833	135.368599	370.267560
-4.406515	110.435919	124.467017	135.585454	370.488390
-4.381505	110.430709	124.476204	135.802308	370.709222
-4.356495	110.425500	124.485394	136.019162	370.930056
-4.331485	110.420290	124.494588	136.236015	371.150893
-4.306474	110.415080	124.503784	136.452868	371.371733
-4.281464	110.409870	124.512984	136.669721	371.592575
-4.256454	110.404660	124.522187	136.886572	371.813419
-4.231444	110.399450	124.531393	137.103424	372.034266
-4.206434	110.394127	124.539620	137.249160	372.182907
-4.181424	110.388795	124.547774	137.389966	372.326535
-4.156414	110.383463	124.555924	137.530764	372.470151
-4.131403	110.378131	124.564069	137.671556	372.613755
-4.106393	110.372798	124.572209	137.812340	372.757347
-4.081383	110.367465	124.580344	137.953118	372.900927
-4.056373	110.362132	124.588475	138.093888	373.044494
-4.031363	110.356798	124.596601	138.234651	373.188050
-4.006353	110.351463	124.604722	138.375408	373.331593
-3.981343	110.346128	124.612839	138.516157	373.475124
-3.956333	110.339414	124.617415	138.613029	373.569858
-3.931322	110.332611	124.621765	138.707043	373.661419
-3.906312	110.325809	124.626119	138.801057	373.752985
-3.881302	110.319008	124.630477	138.895072	373.844557
-3.856292	110.312208	124.634839	138.989086	373.936133
-3.831282	110.305409	124.639206	139.083100	374.027715
-3.806272	110.298611	124.643577	139.177114	374.119302
-3.781262	110.291813	124.647953	139.271128	374.210894
-3.756251	110.285017	124.652332	139.365142	374.302492
-3.731241	110.278222	124.656716	139.459156	374.394094
-3.706231	110.269996	124.659577	139.533260	374.462832
-3.681221	110.261682	124.662342	139.606143	374.530166
-3.656211	110.253367	124.665106	139.679020	374.597493
-3.631201	110.245052	124.667868	139.751893	374.664813
-3.606191	110.236737	124.670629	139.824760	374.732127
-3.581181	110.228422	124.673388	139.897623	374.799433
-3.556170	110.220106	124.676146	139.970480	374.866732
-3.531160	110.211789	124.678903	140.043333	374.934024
-3.506150	110.203472	124.681657	140.116180	375.001310
-3.481140	110.195155	124.684411	140.189022	375.068588
-3.456130	110.186780	124.686302	140.246530	375.119612
-3.431120	110.178402	124.688143	140.303166	375.169711
-3.406110	110.170024	124.689982	140.359804	375.219809
-3.381099	110.161647	124.691818	140.416444	375.269909
-3.356089	110.153270	124.693652	140.473087	375.320010
-3.331079	110.144894	124.695484	140.529733	375.370111
-3.306069	110.136518	124.697314	140.586381	375.420213
-3.281059	110.128142	124.699142	140.643032	375.470316
-3.256049	110.119767	124.700968	140.699685	375.520420
-3.231039	110.111392	124.702791	140.756341	375.570525
-3.206029	110.102934	124.702591	140.803179	375.608704
-3.181018	110.094471	124.702286	140.849499	375.646255
-3.156008	110.086008	124.701983	140.895821	375.683812
-3.130998	110.077545	124.701683	140.942146	375.721373
-3.105988	110.069082	124.701386	140.988473	375.758940
-3.080978	110.060618	124.701091	141.034802	375.796512
-3.055968	110.052155	124.700799	141.081135	375.834089
-3.030958	110.043692	124.700510	141.127470	375.871672
-3.005948	110.035229	124.700223	141.173807	375.909259
-2.980937	110.026766	124.699938	141.220147	375.946851
-2.955927	110.018313	124.699091	141.259092	375.976496
-2.930917	110.009860	124.698215	141.297670	376.005745
-2.905907	110.001407	124.697340	141.336243	376.034989
-2.880897	109.992954	124.696465	141.374810	376.064229
-2.855887	109.984501	124.695589	141.413373	376.093463
-2.830877	109.976048	124.694714	141.451930	376.122692
-2.805866	109.967595	124.693839	141.490482	376.151916
-2.780856	109.959142	124.692964	141.529030	376.181135
-2.755846	109.950688	124.692088	141.567572	376.210348
-2.730836	109.942235	124.691213	141.606109	376.239557
-2.705826	109.933677	124.689578	141.637115	376.260369
-2.680816	109.925112	124.687908	141.667782	376.280803
-2.655806	109.916548	124.686239	141.698450	376.301236
-2.630796	109.907982	124.684569	141.729118	376.321669
-2.605785	109.899417	124.682899	141.759787	376.342103
-2.580775	109.890850	124.681230	141.790456	376.362536
-2.555765	109.882283	124.679560	141.821126	376.382970
-2.530755	109.873716	124.677891	141.851796	376.403403
-2.505745	109.865148	124.676221	141.882467	376.423836
-2.480735	109.856579	124.674552	141.913139	376.444270
-2.455725	109.847872	124.671940	141.937960	376.457772
-2.430714	109.839158	124.669288	141.962541	376.470988
-2.405704	109.830445	124.666637	141.987121	376.484203
-2.380694	109.821732	124.663984	142.011702	376.497419
-2.355684	109.813020	124.661332	142.036282	376.510634
-2.330674	109.804307	124.658678	142.060863	376.523848
-2.305664	109.795594	124.656025	142.085443	376.537063
-2.280654	109.786882	124.653371	142.110024	376.550277
-2.255644	109.778170	124.650716	142.134605	376.563490
-2.230633	109.769458	124.648061	142.159185	376.576704
-2.205623	109.760595	124.644791	142.180166	376.585552
-2.180613	109.751727	124.641496	142.201008	376.594231
-2.155603	109.742859	124.638200	142.221844	376.602904
-2.130593	109.733992	124.634903	142.242676	376.611571
-2.105583	109.725125	124.631605	142.263503	376.620233
-2.080573	109.716259	124.628305	142.284324	376.628888
-2.055562	109.707393	124.625005	142.305140	376.637538
-2.030552	109.698527	124.621703	142.325952	376.646182
-2.005542	109.689662	124.618399	142.346758	376.654820
-1.980532	109.680797	124.615095	142.367559	376.663452
-1.955522	109.672128	124.610784	142.382948	376.665860
-1.930512	109.663464	124.606439	142.398160	376.668062
-1.905502	109.654798	124.602094	142.413376	376.670268
-1.880492	109.646132	124.597748	142.428597	376.672477
-1.855481	109.637465	124.593402	142.443822	376.674689
-1.830471	109.628797	124.589055	142.459052	376.676905
-1.805461	109.620129	124.584708	142.474286	376.679123
-1.780451	109.611459	124.580360	142.489525	376.681344
-1.755441	109.602788	124.576012	142.504769	376.683569
-1.730431	109.594116	124.571664	142.520016	376.685796
-1.705421	109.584772	124.565386	142.530962	376.681120
-1.680410	109.575407	124.559055	142.541784	376.676246
-1.655400	109.566043	124.552727	142.552609	376.671380
-1.630390	109.556680	124.546402	142.563439	376.666521
-1.605380	109.547317	124.540081	142.574272	376.661669
-1.580370	109.537954	124.533762	142.585109	376.656825
-1.555360	109.528591	124.527447	142.595950	376.651988
-1.530350	109.519229	124.521135	142.606794	376.647159
-1.505340	109.509868	124.514826	142.617643	376.642337
-1.480329	109.500507	124.508521	142.628495	376.637522
-1.455319	109.490810	124.501657	142.635616	376.628083
-1.430309	109.481105	124.494777	142.642630	376.618513
-1.405299	109.471400	124.487895	142.649635	376.608930
-1.380289	109.461695	124.481011	142.656629	376.599335
-1.355279	109.451991	124.474125	142.663613	376.589728
-1.330269	109.442286	124.467236	142.670587	376.580109
-1.305259	109.432582	124.460345	142.677551	376.570478
-1.280248	109.422877	124.453453	142.684505	376.560835
-1.255238	109.413173	124.446558	142.691448	376.551180
-1.230228	109.403469	124.439661	142.698382	376.541512
-1.205218	109.393884	124.432137	142.700959	376.526980
-1.180208	109.384301	124.424597	142.703443	376.512342
-1.155198	109.374718	124.417056	142.705931	376.497705
-1.130188	109.365134	124.409512	142.708423	376.483069
-1.105177	109.355549	124.401966	142.710919	376.468434
-1.080167	109.345964	124.394418	142.713419	376.453800
-1.055157	109.336378	124.386867	142.715922	376.439168
-1.030147	109.326792	124.379315	142.718429	376.424537
-1.005137	109.317205	124.371760	142.720941	376.409906
-0.980127	109.307618	124.364204	142.723455	376.395277
-0.955117	109.297893	124.354610	142.721431	376.373934
-0.930107	109.288167	124.344983	142.719327	376.352477
-0.905096	109.278442	124.335360	142.717229	376.331031
-0.880086	109.268717	124.325742	142.715136	376.309595
-0.855076	109.258994	124.316127	142.713049	376.288169
-0.830066	109.249271	124.306517	142.710966	376.266754
-0.805056	109.239549	124.296912	142.708888	376.245349
-0.780046	109.229829	124.287310	142.706815	376.223954
-0.755036	109.220109	124.277713	142.704747	376.202569
-0.730025	109.210390	124.268120	142.702685	376.181195
-0.705015	109.201150	124.259582	142.699037	376.159768
-0.680005	109.191916	124.251057	142.695359	376.138332
-0.654995	109.182682	124.242531	142.691673	376.116887
-0.629985	109.173449	124.234004	142.687981	376.095434
-0.604975	109.164215	124.225475	142.684282	376.073972
-0.579965	109.154982	124.216945	142.680576	376.052502
-0.554955	109.145748	124.208413	142.676862	376.031023
-0.529944	109.136514	124.199879	142.673142	376.009535
-0.504934	109.127281	124.191344	142.669414	375.988039
-0.479924	109.118047	124.182808	142.665680	375.966535
-0.454914	109.110565	124.175072	142.660179	375.945816
-0.429904	109.103103	124.167346	142.654663	375.925112
-0.404894	109.095640	124.159621	142.649152	375.904412
-0.379884	109.088177	124.151895	142.643645	375.883718
-0.354873	109.080715	124.144171	142.638143	375.863028
-0.329863	109.073252	124.136447	142.632645	375.842344
-0.304853	109.065789	124.128723	142.627152	375.821664
-0.279843	109.058327	124.120999	142.621663	375.800989
-0.254833	109.050864	124.113277	142.616179	375.780320
-0.229823	109.043401	124.105554	142.610699	375.759655
-0.204813	109.036926	124.098568	142.604394	375.739887
-0.179803	109.030458	124.091585	142.598079	375.720122
-0.154792	109.023990	124.084602	142.591763	375.700354
-0.129782	109.017522	124.077617	142.585443	375.680582
-0.104772	109.011054	124.070632	142.579121	375.660807
-0.079762	109.004586	124.063645	142.572797	375.641028
-0.054752	108.998118	124.056657	142.566470	375.621245
-0.029742	108.991650	124.049668	142.560140	375.601458
-0.004732	108.985182	124.042679	142.553808	375.581669
0.020278	108.978714	124.035688	142.547474	375.561875
0.045289	108.976074	124.033155	142.544825	375.554054
0.070299	108.973448	124.030638	142.542187	375.546273
0.095309	108.970821	124.028120	142.539547	375.538487
0.120319	108.968193	124.025601	142.536903	375.530698
0.145329	108.965565	124.023080	142.534258	375.522904
0.170339	108.962937	124.020559	142.531610	375.515106
0.195349	108.960308	124.018036	142.528959	375.507304
0.220360	108.957678	124.015513	142.526306	375.499497
0.245370	108.955048	124.012988	142.523651	375.491687
0.270380	108.952417	124.010463	142.520992	375.483872
0.295390	108.955043	124.013539	142.523974	375.492556
0.320400	108.957670	124.016616	142.526959	375.501245
0.345410	108.960296	124.019695	142.529949	375.509940
0.370420	108.962924	124.022774	142.532942	375.518640
0.395430	108.965552	124.025855	142.535939	375.527345
0.420441	108.968180	124.028936	142.538939	375.536056
0.445451	108.970809	124.032019	142.541944	375.544772
0.470461	108.973439	124.035103	142.544952	375.553494
0.495471	108.976069	124.038188	142.547964	375.562221
0.520481	108.978713	124.041284	142.550985	375.570982
0.545491	108.985035	124.047166	142.555503	375.587704
0.570501	108.991356	124.053049	142.560022	375.604428
0.595512	108.997677	124.058934	142.564541	375.621152
0.620522	109.003998	124.064819	142.569061	375.637878
0.645532	109.010318	124.070706	142.573581	375.654604
0.670542	109.016637	124.076593	142.578102	375.671332
0.695552	109.022956	124.082482	142.582624	375.688061
0.720562	109.029274	124.088372	142.587146	375.704791
0.745572	109.035591	124.094263	142.591668	375.721522
0.770582	109.041918	124.100166	142.596182	375.738266
0.795593	109.049526	124.107723	142.599482	375.756731
0.820603	109.057136	124.115279	142.602777	375.775192
0.845613	109.064746	124.122834	142.606070	375.793649
0.870623	109.072356	124.130387	142.609358	375.812101
0.895633	109.079967	124.137940	142.612643	375.830550
0.920643	109.087578	124.145491	142.615924	375.848994
0.945653	109.095190	124.153042	142.619202	375.867434
0.970664	109.102803	124.160591	142.622476	375.885870
0.995674	109.110416	124.168140	142.625746	375.904302
1.020684	109.118044	124.175692	142.628999	375.922735
1.045694	109.126997	124.183704	142.630929	375.941631
1.070704	109.135951	124.191717	142.632866	375.960534
1.095714	109.144904	124.199731	142.634808	375.979442
1.120724	109.153857	124.207745	142.636755	375.998358
1.145734	109.162810	124.215760	142.638708	376.017279
1.170745	109.171763	124.223776	142.640667	376.036206
1.195755	109.180717	124.231792	142.642631	376.055140
1.220765	109.189670	124.239809	142.644601	376.074080
1.245775	109.198623	124.247826	142.646576	376.093026
1.270785	109.207591	124.255852	142.648547	376.111990
1.295795	109.217551	124.264402	142.649796	376.131748
1.320805	109.227510	124.272950	142.651040	376.151500
1.345815	109.237468	124.281499	142.652279	376.171246
1.370826	109.247425	124.290046	142.653513	376.190985
1.395836	109.257382	124.298593	142.654742	376.210717
1.420846	109.267337	124.307140	142.655966	376.230443
1.445856	109.277291	124.315686	142.657185	376.250161
1.470866	109.287245	124.324231	142.658398	376.269874
1.495876	109.297197	124.332775	142.659607	376.289580
1.520886	109.307144	124.341317	142.660747	376.309208
1.545897	109.316867	124.349728	142.658410	376.325005
1.570907	109.326591	124.358137	142.656070	376.340798
1.595917	109.336316	124.366545	142.653728	376.356589
1.620927	109.346042	124.374952	142.651383	376.372377
1.645937	109.355769	124.383358	142.649036	376.388163
1.670947	109.365497	124.391764	142.646686	376.403946
1.695957	109.375226	124.400168	142.644333	376.419726
1.720967	109.384955	124.408571	142.641978	376.435504
1.745978	109.394686	124.416972	142.639621	376.451279
1.770988	109.404418	124.425338	142.637159	376.466914
1.795998	109.414151	124.432120	142.630075	376.476347
1.821008	109.423885	124.438905	142.622998	376.485789
1.846018	109.433619	124.445691	142.615930	376.495240
1.871028	109.443353	124.452480	142.608869	376.504701
1.896038	109.453087	124.459271	142.601815	376.514173
1.921049	109.462820	124.466064	142.594769	376.523653
1.946059	109.472554	124.472859	142.587731	376.533144
1.971069	109.482288	124.479656	142.580700	376.542644
1.996079	109.492022	124.486455	142.573677	376.552154
2.021089	109.501741	124.493241	142.566550	376.561532
2.046099	109.510909	124.499408	142.555107	376.565424
2.071109	109.520076	124.505576	142.543659	376.569310
2.096119	109.529241	124.511743	142.532205	376.573190
2.121130	109.538406	124.517911	142.520747	376.577064
2.146140	109.547570	124.524078	142.509284	376.580932
2.171150	109.556733	124.530246	142.497815	376.584794
2.196160	109.565895	124.536413	142.486342	376.588650
2.221170	109.575056	124.542581	142.474863	376.592500
2.246180	109.584216	124.548748	142.463379	376.596344
2.271190	109.593363	124.554878	142.451797	376.600038
2.296201	109.602102	124.559738	142.437036	376.598875
2.321211	109.610841	124.564595	142.422275	376.597711
2.346221	109.619582	124.569451	142.407513	376.596546
2.371231	109.628324	124.574305	142.392750	376.595379
2.396241	109.637066	124.579158	142.377987	376.594212
2.421251	109.645810	124.584009	142.363224	376.593042
2.446261	109.654554	124.588858	142.348459	376.591872
2.471271	109.663300	124.593706	142.333695	376.590700
2.496282	109.672046	124.598552	142.318930	376.589527
2.521292	109.680800	124.603354	142.304013	376.588168
2.546302	109.689754	124.606904	142.284604	376.581261
2.571312	109.698707	124.610456	142.265198	376.574361
2.596322	109.707660	124.614009	142.245796	376.567465
2.621332	109.716613	124.617564	142.226398	376.560575
2.646342	109.725566	124.621121	142.207003	376.553691
2.671352	109.734520	124.624680	142.187613	376.546812
2.696363	109.743473	124.628240	142.168226	376.539939
2.721373	109.752426	124.631802	142.148843	376.533071
2.746383	109.761379	124.635365	142.129464	376.526209
2.771393	109.770315	124.638895	142.109852	376.519061
2.796403	109.778768	124.641461	142.083906	376.504135
2.821413	109.787221	124.644028	142.057959	376.489207
2.846423	109.795674	124.646594	142.032010	376.474278
2.871434	109.804127	124.649161	142.006060	376.459348
2.896444	109.812580	124.651728	141.980109	376.444416
2.921454	109.821033	124.654294	141.954156	376.429483
2.946464	109.829486	124.656861	141.928201	376.414548
2.971474	109.837939	124.659427	141.902246	376.399612
2.996484	109.846392	124.661994	141.876288	376.384674
3.021494	109.854856	124.664526	141.850116	376.369498
3.046504	109.863595	124.666208	141.818757	376.348560
3.071515	109.872335	124.667890	141.787397	376.327622
3.096525	109.881074	124.669573	141.756036	376.306683
3.121535	109.889813	124.671255	141.724675	376.285743
3.146545	109.898552	124.672938	141.693313	376.264803
3.171555	109.907291	124.674620	141.661951	376.243863
3.196565	109.916030	124.676303	141.630588	376.222921
3.221575	109.924769	124.677985	141.599225	376.201980
3.246586	109.933509	124.679667	141.567861	376.181037
3.271596	109.942235	124.681307	141.536207	376.159749
3.296606	109.950688	124.681993	141.498122	376.130803
3.321616	109.959142	124.682679	141.460038	376.101859
3.346626	109.967595	124.683365	141.421955	376.072914
3.371636	109.976048	124.684049	141.383874	376.043971
3.396646	109.984501	124.684734	141.345794	376.015028
3.421656	109.992954	124.685417	141.307715	375.986086
3.446667	110.001407	124.686100	141.269638	375.957144
3.471677	110.009860	124.686782	141.231561	375.928203
3.496687	110.018313	124.687464	141.193486	375.899263
3.521697	110.026766	124.688107	141.155056	375.869929
3.546707	110.035229	124.687959	141.109352	375.832541
3.571717	110.043692	124.687811	141.063645	375.795149
3.596727	110.052155	124.687663	141.017934	375.757752
3.621738	110.060618	124.687514	140.972219	375.720351
3.646748	110.069082	124.687364	140.926500	375.682946
3.671758	110.077545	124.687215	140.880778	375.645537
3.696768	110.086008	124.687064	140.835052	375.608123
3.721778	110.094471	124.686914	140.789321	375.570706
3.746788	110.102934	124.686762	140.743587	375.533283
3.771798	110.111411	124.686580	140.697385	375.495376
3.796808	110.120150	124.685820	140.642432	375.448402
3.821819	110.128889	124.685060	140.587479	375.401427
3.846829	110.137628	124.684299	140.532526	375.354453
3.871839	110.146367	124.683537	140.477575	375.307479
3.896849	110.155106	124.682775	140.422624	375.260505
3.921859	110.163846	124.682012	140.367674	375.213531
3.946869	110.172585	124.681249	140.312724	375.166557
3.971879	110.181324	124.680484	140.257775	375.119584
3.996889	110.190063	124.679720	140.202828	375.072610
4.021900	110.198787	124.678864	140.147084	375.024735
4.046910	110.207240	124.676430	140.077382	374.961051
4.071920	110.215693	124.673998	140.007682	374.897374
4.096930	110.224146	124.671569	139.937986	374.833702
4.121940	110.232599	124.669143	139.868293	374.770035
4.146950	110.241052	124.666720	139.798603	374.706375
4.171960	110.249505	124.664299	139.728916	374.642720
4.196971	110.257958	124.661881	139.659233	374.579072
4.221981	110.266411	124.659466	139.589552	374.515429
4.246991	110.274864	124.657053	139.519874	374.451792
4.272001	110.283213	124.654469	139.448756	374.386438
4.297011	110.289851	124.649031	139.354013	374.292894
4.322021	110.296489	124.643590	139.259264	374.199342
4.347031	110.303125	124.638147	139.164510	374.105782
4.372041	110.309761	124.632702	139.069751	374.012214
4.397052	110.316396	124.627255	138.974987	373.918637
4.422062	110.323029	124.621806	138.880217	373.825053
4.447072	110.329662	124.616355	138.785443	373.731460
4.472082	110.336294	124.610901	138.690664	373.637859
4.497092	110.342925	124.605446	138.595880	373.544250
4.522102	110.349485	124.599796	138.498570	373.447851
4.547112	110.354970	124.591204	138.362574	373.308749
4.572123	110.360457	124.582614	138.226582	373.169653
4.597133	110.365946	124.574024	138.090593	373.030563
4.622143	110.371436	124.565435	137.954608	372.891479
4.647153	110.376927	124.556848	137.818628	372.752403
4.672163	110.382420	124.548261	137.682650	372.613332
4.697173	110.387915	124.539676	137.546677	372.474268
4.722183	110.393411	124.531091	137.410708	372.335210
4.747193	110.398908	124.522508	137.274742	372.196158
4.772204	110.404367	124.513768	137.133743	372.051878
4.797214	110.409247	124.502753	136.920002	371.832002
4.822224	110.414126	124.491737	136.706256	371.612119
4.847234	110.419004	124.480719	136.492506	371.392230
4.872244	110.423881	124.469701	136.278752	371.172334
4.897254	110.428756	124.458681	136.064993	370.952431
4.922264	110.433631	124.447661	135.851230	370.732522
4.947275	110.438505	124.436639	135.637463	370.512607
4.972285	110.443377	124.425617	135.423692	370.292685
4.997295	110.448248	124.414593	135.209916	370.072757
5.022305	110.453111	124.403525	134.984327	369.840964
5.047315	110.457870	124.391873	134.597809	369.447552
5.072325	110.462629	124.380220	134.211291	369.054140
5.097335	110.467388	124.368566	133.824774	368.660728
5.122345	110.472147	124.356912	133.438257	368.267316
5.147356	110.476906	124.345257	133.051741	367.873904
5.172366	110.481665	124.333602	132.665225	367.480492
5.197376	110.486424	124.321946	132.278710	367.087080
5.222386	110.491183	124.310289	131.892196	366.693667
5.247396	110.495942	124.298632	131.505682	366.300255
5.272406	110.500709	124.286856	131.073841	365.861405
5.297416	110.505579	124.273556	130.057413	364.836548
5.322426	110.510451	124.260257	129.040992	363.811700
5.347437	110.515324	124.246959	128.024577	362.786860
5.372447	110.520198	124.233662	127.008168	361.762028
5.397457	110.525073	124.220366	125.991766	360.737205
5.422467	110.529949	124.207071	124.975370	359.712390
5.447477	110.534826	124.193777	123.958981	358.687584
5.472487	110.539704	124.180484	122.942597	357.662786
5.497497	110.544584	124.167192	121.926221	356.637997
5.522508	110.549447	124.153776	120.640956	355.344178
5.547518	110.554092	124.138815	116.065682	350.758588
5.572528	110.558736	124.123853	111.490384	346.172974
5.597538	110.563379	124.108892	106.915064	341.587335
5.622548	110.568021	124.093930	102.339720	337.001671
5.647558	110.572662	124.078967	97.764354	332.415983
5.672568	110.577302	124.064004	93.188964	327.830270
5.697578	110.581941	124.049040	88.613551	323.244533
5.722589	110.586579	124.034076	84.038115	318.658770
5.747599	110.591216	124.019112	79.462656	314.072983
5.772609	110.595983	124.004185	74.891387	309.491555
5.797619	110.602284	123.989700	70.369112	304.961097
5.822629	110.608585	123.975216	65.846826	300.430627
5.847639	110.614886	123.960731	61.324529	295.900146
5.872649	110.621188	123.946247	56.802219	291.369654
5.897660	110.627489	123.931762	52.279898	286.839149
5.922670	110.633791	123.917278	47.757565	282.308634
5.947680	110.640093	123.902793	43.235220	277.778106
5.972690	110.646395	123.888308	38.712864	273.247567
5.997700	110.652697	123.873824	34.190495	268.717016
6.022710	110.659261	123.859505	29.958952	264.477718
6.047720	110.668724	123.847021	28.951163	263.466909
6.072730	110.678188	123.834538	27.943394	262.456120
6.097741	110.687652	123.822054	26.935643	261.445350
6.122751	110.697117	123.809571	25.927912	260.434600
6.147761	110.706582	123.797087	24.920200	259.423870
6.172771	110.716048	123.784604	23.912507	258.413159
6.197781	110.725514	123.772120	22.904833	257.402467
6.222791	110.734980	123.759637	21.897178	256.391795
6.247801	110.744447	123.747153	20.889543	255.381143
6.272812	110.754085	123.734678	19.934532	254.423296
6.297822	110.765538	123.722293	19.536142	254.023973
6.322832	110.776991	123.709909	19.137751	253.624651
6.347842	110.788444	123.697526	18.739358	253.225328
6.372852	110.799898	123.685144	18.340964	252.826006
6.397862	110.811352	123.672763	17.942568	252.426684
6.422872	110.822807	123.660383	17.544171	252.027361
6.447882	110.834262	123.648004	17.145773	251.628039
6.472893	110.845717	123.635627	16.747373	251.228717
6.497903	110.857173	123.623250	16.348971	250.829394
6.522913	110.868595	123.610698	15.966490	250.445784
6.547923	110.879669	123.596365	15.745104	250.221138
6.572933	110.890742	123.582031	15.523718	249.996491
6.597943	110.901815	123.567696	15.302333	249.771844
6.622953	110.912888	123.553360	15.080948	249.547196
6.647963	110.923960	123.539022	14.859565	249.322547
6.672974	110.935032	123.524684	14.638182	249.097897
6.697984	110.946103	123.510344	14.416799	248.873247
6.722994	110.957174	123.496003	14.195418	248.648596
6.748004	110.968245	123.481662	13.974037	248.423944
6.773014	110.979310	123.467062	13.759710	248.206081
6.798024	110.990320	123.449966	13.613737	248.054023
6.823034	111.001330	123.432870	13.467772	247.901972
6.848045	111.012340	123.415775	13.321813	247.749928
6.873055	111.023351	123.398680	13.175861	247.597892
6.898065	111.034361	123.381586	13.029916	247.445863
6.923075	111.045371	123.364492	12.883979	247.293842
6.948085	111.056381	123.347399	12.738048	247.141828
6.973095	111.067392	123.330306	12.592125	246.989822
6.998105	111.078402	123.313214	12.446208	246.837824
7.023115	111.089390	123.295907	12.303944	246.689240
7.048126	111.100172	123.276603	12.195558	246.572332
7.073136	111.110953	123.257299	12.087172	246.455424
7.098146	111.121734	123.237996	11.978787	246.338517
7.123156	111.132514	123.218692	11.870403	246.221609
7.148166	111.143294	123.199389	11.762019	246.104702
7.173176	111.154073	123.180086	11.653636	245.987795
7.198186	111.164853	123.160783	11.545253	245.870889
7.223197	111.175631	123.141480	11.436871	245.753983
7.248207	111.186410	123.122178	11.328489	245.637077
7.273217	111.197159	123.102577	11.222251	245.521987
7.298227	111.207650	123.080312	11.135142	245.423104
7.323237	111.218142	123.058046	11.048032	245.324220
7.348247	111.228636	123.035779	10.960920	245.225335
7.373257	111.239131	123.013511	10.873807	245.126449
7.398267	111.249627	122.991242	10.786693	245.027562
7.423278	111.260125	122.968971	10.699578	244.928674
7.448288	111.270624	122.946700	10.612461	244.829785
7.473298	111.281124	122.924428	10.525343	244.730895
7.498308	111.291626	122.902154	10.438224	244.632004
7.523318	111.301811	122.879222	10.352211	244.533244
7.548328	111.309269	122.850640	10.275709	244.435618
7.573338	111.316727	122.822060	10.199205	244.337992
7.598349	111.324184	122.793481	10.122700	244.240366
7.623359	111.331641	122.764904	10.046194	244.142739
7.648369	111.339096	122.736329	9.969687	244.045112
7.673379	111.346552	122.707755	9.893178	243.947484
7.698389	111.354007	122.679182	9.816668	243.849857
7.723399	111.361461	122.650611	9.740156	243.752229
7.748409	111.368915	122.622042	9.663644	243.654601
7.773419	111.375991	122.592694	9.588406	243.557090
7.798430	111.379943	122.556895	9.523716	243.460554
7.823440	111.383896	122.521095	9.459032	243.364023
7.848450	111.387848	122.485294	9.394354	243.267495
7.873460	111.391799	122.449492	9.329681	243.170972
7.898470	111.395750	122.413689	9.265014	243.074453
7.923480	111.399701	122.377885	9.200353	242.977939
7.948490	111.403651	122.342079	9.135698	242.881429
7.973500	111.407601	122.306273	9.071049	242.784923
7.998511	111.411551	122.270466	9.006405	242.688422
8.023521	111.415336	122.234157	8.942495	242.591988
8.048531	111.417813	122.193866	8.884380	242.496059
8.073541	111.420289	122.153574	8.826265	242.400128
8.098551	111.422766	122.113281	8.768150	242.304196
8.123561	111.425241	122.072986	8.710035	242.208262
8.148571	111.427716	122.032691	8.651919	242.112326
8.173582	111.430190	121.992394	8.593804	242.016388
8.198592	111.432664	121.952097	8.535688	241.920449
8.223602	111.435137	121.911798	8.477572	241.824508
8.248612	111.437610	121.871499	8.419456	241.728565
8.273622	111.439963	121.830593	8.361843	241.632399
8.298632	111.441395	121.785042	8.308099	241.534536
8.323642	111.442828	121.739492	8.254352	241.436672
8.348652	111.444261	121.693943	8.200601	241.338806
8.373663	111.445695	121.648396	8.146848	241.240938
8.398673	111.447130	121.602849	8.093091	241.143070
8.423683	111.448565	121.557303	8.039332	241.045199
8.448693	111.450000	121.511758	7.985569	240.947328
8.473703	111.451436	121.466215	7.931804	240.849455
8.498713	111.452873	121.420672	7.878035	240.751580
8.523723	111.454013	121.374218	7.824908	240.653138
8.548734	111.452946	121.320987	7.776564	240.550497
8.573744	111.451879	121.267756	7.728222	240.447857
8.598754	111.450813	121.214524	7.679883	240.345220
8.623764	111.449746	121.161291	7.631547	240.242584
8.648774	111.448679	121.108058	7.583213	240.139950
8.673784	111.447613	121.054825	7.534881	240.037319
8.698794	111.446546	121.001590	7.486552	239.934689
8.723804	111.445479	120.948355	7.438226	239.832061
8.748815	111.444413	120.895120	7.389902	239.729435
8.773825	111.443016	120.840956	7.342251	239.626222
8.798835	111.439248	120.780137	7.299409	239.518794
8.823845	111.435481	120.719317	7.256571	239.411369
8.848855	111.431714	120.658498	7.213737	239.303949
8.873865	111.427946	120.597679	7.170907	239.196532
8.898875	111.424179	120.536861	7.128080	239.089119
8.923886	111.420411	120.476042	7.085257	238.981711
8.948896	111.416644	120.415224	7.042438	238.874306
8.973906	111.412877	120.354405	6.999623	238.766905
8.998916	111.409109	120.293587	6.956812	238.659508
9.023926	111.405262	120.231849	6.914224	238.551336
9.048936	111.400863	120.163728	6.873166	238.437757
9.073946	111.396463	120.095608	6.832103	238.324174
9.098956	111.392064	120.027488	6.791036	238.210587
9.123967	111.387664	119.959368	6.749964	238.096996
9.148977	111.383265	119.891249	6.708889	237.983402
9.173987	111.378865	119.823130	6.667808	237.869803
9.198997	111.374465	119.755012	6.626724	237.756201
9.224007	111.370066	119.686894	6.585635	237.642595
9.249017	111.365666	119.618776	6.544542	237.528985
9.274027	111.361537	119.550074	6.504095	237.415706
9.299038	111.359221	119.477440	6.468021	237.304683
9.324048	111.356905	119.404806	6.431954	237.193665
9.349058	111.354589	119.332170	6.395893	237.082651
9.374068	111.352272	119.259532	6.359837	236.971642
9.399078	111.349955	119.186894	6.323788	236.860638
9.424088	111.347637	119.114255	6.287745	236.749638
9.449098	111.345319	119.041615	6.251709	236.638643
9.474108	111.343001	118.968974	6.215678	236.527653
9.499119	111.340682	118.896331	6.179653	236.416667
9.524129	111.338715	118.822707	6.143586	236.305008
9.549139	111.339041	118.742695	6.107200	236.188935
9.574149	111.339366	118.662682	6.070808	236.072856
9.599159	111.339693	118.582667	6.034411	235.956771
9.624169	111.340019	118.502652	5.998010	235.840681
9.649179	111.340346	118.422636	5.961603	235.724585
9.674189	111.340674	118.342618	5.925191	235.608483
9.699200	111.341002	118.262600	5.888774	235.492375
9.724210	111.341330	118.182580	5.852352	235.376262
9.749220	111.341659	118.102559	5.815925	235.260143
9.774230	111.341924	118.020183	5.779706	235.141812
9.799240	111.341786	117.922938	5.744825	235.009549
9.824250	111.341648	117.825695	5.709940	234.877283
9.849260	111.341510	117.728453	5.675051	234.745014
9.874271	111.341373	117.631213	5.640157	234.612742
9.899281	111.341235	117.533974	5.605258	234.480467
9.924291	111.341097	117.436737	5.570356	234.348190
9.949301	111.340959	117.339501	5.535449	234.215910
9.974311	111.340822	117.242267	5.500538	234.083627
9.999321	111.340684	117.145034	5.465622	233.951341
10.024331	111.340435	117.043412	5.431703	233.815550
10.049341	111.339507	116.914885	5.403916	233.658308
10.074352	111.338579	116.786355	5.376139	233.501072
10.099362	111.337650	116.657821	5.348371	233.343843
10.124372	111.336722	116.529285	5.320613	233.186620
10.149382	111.335794	116.400745	5.292864	233.029404
10.174392	111.334865	116.272203	5.265126	232.872194
10.199402	111.333937	116.143657	5.237396	232.714991
10.224412	111.333009	116.015109	5.209677	232.557794
10.249423	111.332080	115.886557	5.181966	232.400604
10.274433	111.331071	115.749848	5.154054	232.234974
10.299443	111.329581	115.564632	5.124885	232.019098
10.324453	111.328090	115.379418	5.095709	231.803217
10.349463	111.326599	115.194204	5.066527	231.587330
10.374473	111.325109	115.008991	5.037338	231.371438
10.399483	111.323618	114.823780	5.008142	231.155541
10.424493	111.322128	114.638569	4.978940	230.939638
10.449504	111.320637	114.453360	4.949732	230.723729
10.474514	111.319147	114.268152	4.920517	230.507815
10.499524	111.317656	114.082944	4.891295	230.291896
10.524534	111.316092	113.877923	4.862407	230.056422
10.549544	111.314101	113.558386	4.835476	229.707963
10.574554	111.312111	113.238842	4.808547	229.359500
10.599564	111.310120	112.919293	4.781619	229.011032
10.624575	111.308129	112.599738	4.754693	228.662559
10.649585	111.306138	112.280176	4.727768	228.314083
10.674595	111.304148	111.960609	4.700844	227.965601
10.699605	111.302157	111.641036	4.673922	227.617116
10.724615	111.300166	111.321457	4.647002	227.268626
10.749625	111.298176	111.001873	4.620083	226.920131
10.774635	111.295713	110.606880	4.593486	226.496079
10.799645	111.290597	109.788299	4.568694	225.647590
10.824656	111.285481	108.969707	4.543905	224.799094
10.849666	111.280365	108.151104	4.519122	223.950590
10.874676	111.275249	107.332488	4.494342	223.102080
10.899686	111.270133	106.513862	4.469567	222.253562
10.924696	111.265017	105.695224	4.444797	221.405038
10.949706	111.259902	104.876574	4.420030	220.556506
10.974716	111.254786	104.057914	4.395268	219.707967
10.999726	111.249670	103.239241	4.370510	218.859421
11.024737	111.243982	101.973393	4.345867	217.563242
11.049747	111.235173	98.264349	4.321822	213.821343
11.074757	111.226363	94.555305	4.297775	210.079443
11.099767	111.217553	90.846263	4.273725	206.337541
11.124777	111.208743	87.137222	4.249673	202.595639
11.149787	111.199934	83.428182	4.225618	198.853734
11.174797	111.191124	79.719144	4.201561	195.111829
11.199808	111.182314	76.010107	4.177501	191.369922
11.224818	111.173504	72.301071	4.153439	187.628014
11.249828	111.164695	68.592036	4.129374	183.886105
11.274838	111.155533	64.896081	4.105712	180.157326
11.299848	111.144500	61.269662	4.084205	176.498367
11.324858	111.133467	57.643236	4.062696	172.839399
11.349868	111.122435	54.016801	4.041187	169.180424
11.374878	111.111403	50.390359	4.019678	165.521441
11.399889	111.100372	46.763909	3.998168	161.862449
11.424899	111.089341	43.137452	3.976658	158.203450
11.449909	111.078310	39.510986	3.955147	154.544443
11.474919	111.067280	35.884513	3.933636	150.885428
11.499929	111.056250	32.258032	3.912124	147.226406
11.524939	111.045077	29.089622	3.890894	144.025594
11.549949	111.033160	28.292440	3.871134	143.196735
11.574960	111.021242	27.495250	3.851377	142.367870
11.599970	111.009324	26.698051	3.831624	141.539000
11.624980	110.997406	25.900843	3.811875	140.710124
11.649990	110.985487	25.103627	3.792129	139.881243
11.675000	110.973568	24.306403	3.772387	139.052357
11.700010	110.961648	23.509170	3.752648	138.223466
11.725020	110.949728	22.711928	3.732913	137.394569
11.750030	110.937807	21.914678	3.713182	136.565667
11.775041	110.925836	21.198502	3.693229	135.817567
11.800051	110.913612	20.891173	3.672139	135.476924
11.825061	110.901387	20.583871	3.651045	135.136302
11.850071	110.889162	20.276594	3.629946	134.795702
11.875081	110.876938	19.969343	3.608843	134.455124
11.900091	110.864713	19.662118	3.587736	134.114567
11.925101	110.852488	19.354919	3.566625	133.774032
11.950112	110.840263	19.047746	3.545509	133.433518
11.975122	110.828039	18.740599	3.524389	133.093026
12.000132	110.815814	18.433477	3.503264	132.752556
12.025142	110.803530	18.146904	3.482301	132.432734
12.050152	110.790952	17.961180	3.462149	132.214281
12.075162	110.778374	17.775459	3.441995	131.995828
12.100172	110.765796	17.589741	3.421840	131.777377
12.125182	110.753218	17.404026	3.401682	131.558926
12.150193	110.740640	17.218314	3.381523	131.340477
12.175203	110.728062	17.032604	3.361362	131.122028
12.200213	110.715484	16.846897	3.341199	130.903580
12.225223	110.702906	16.661192	3.321035	130.685133
12.250233	110.690328	16.475491	3.300868	130.466687
12.275243	110.677632	16.298703	3.281564	130.257899
12.300253	110.664366	16.164597	3.266404	130.095367
12.325263	110.651099	16.030483	3.251252	129.932834
12.350274	110.637832	15.896361	3.236107	129.770299
12.375284	110.624563	15.762231	3.220969	129.607763
12.400294	110.611294	15.628093	3.205838	129.445225
12.425304	110.598023	15.493948	3.190715	129.282686
12.450314	110.584752	15.359794	3.175600	129.120146
12.475324	110.571479	15.225633	3.160492	128.957604
12.500334	110.558206	15.091463	3.145391	128.795060
12.525345	110.545528	14.963552	3.129710	128.638790
12.550355	110.535636	14.864921	3.111282	128.511838
12.575365	110.525744	14.766304	3.092845	128.384894
12.600375	110.515854	14.667701	3.074401	128.257956
12.625385	110.505964	14.569112	3.055948	128.131025
12.650395	110.496076	14.470537	3.037488	128.004100
12.675405	110.486188	14.371975	3.019019	127.877183
12.700415	110.476302	14.273428	3.000542	127.750271
12.725426	110.466416	14.174894	2.982057	127.623367
12.750436	110.456531	14.076375	2.963563	127.496469
12.775446	110.447185	13.980005	2.945933	127.373122
12.800456	110.440289	13.893372	2.932273	127.265934
12.825466	110.433393	13.806732	2.918621	127.158745
12.850476	110.426496	13.720084	2.904975	127.051555
12.875486	110.419600	13.633428	2.891337	126.944365
12.900497	110.412704	13.546765	2.877705	126.837174
12.925507	110.405808	13.460094	2.864081	126.729983
12.950517	110.398912	13.373415	2.850464	126.622791
12.975527	110.392015	13.286729	2.836853	126.515598
13.000537	110.385119	13.200036	2.823250	126.408405
13.025547	110.378445	13.115842	2.809162	126.303449
13.050557	110.372759	13.042806	2.792887	126.208452
13.075567	110.367073	12.969775	2.776609	126.113457
13.100578	110.361387	12.896748	2.760328	126.018462
13.125588	110.355701	12.823725	2.744043	125.923469
13.150598	110.350015	12.750707	2.727755	125.828477
13.175608	110.344329	12.677693	2.711464	125.733486
13.200618	110.338643	12.604684	2.695169	125.638496
13.225628	110.332957	12.531679	2.678872	125.543508
13.250638	110.327271	12.458679	2.662571	125.448520
13.275649	110.321758	12.386763	2.646462	125.354983
13.300659	110.316999	12.319543	2.631200	125.267741
13.325669	110.312240	12.252321	2.615936	125.180497
13.350679	110.307483	12.185099	2.600670	125.093251
13.375689	110.302726	12.117875	2.585402	125.006003
13.400699	110.297969	12.050659	2.570134	124.918762
13.425709	110.293209	11.983481	2.554870	124.831559
13.450719	110.288447	11.916300	2.539609	124.744355
13.475730	110.283684	11.849117	2.524350	124.657151
13.500740	110.278921	11.781931	2.509094	124.569945
13.525750	110.273954	11.715615	2.494289	124.483858
13.550760	110.268127	11.653005	2.481390	124.402522
13.575770	110.262302	11.590398	2.468489	124.321189
13.600780	110.256478	11.527794	2.455585	124.239857
13.625790	110.250655	11.465193	2.442679	124.158526
13.650800	110.244833	11.402595	2.429770	124.077198
13.675811	110.239011	11.340001	2.416858	123.995870
13.700821	110.233191	11.277410	2.403944	123.914545
13.725831	110.227371	11.214822	2.391028	123.833221
13.750841	110.221553	11.152237	2.378109	123.751899
13.775851	110.215650	11.090894	2.365171	123.671714
13.800861	110.209391	11.034686	2.352162	123.596240
13.825871	110.203133	10.978478	2.339152	123.520763
13.850882	110.196875	10.922270	2.326141	123.445285
13.875892	110.190617	10.866060	2.313128	123.369805
13.900902	110.184358	10.809850	2.300114	123.294323
13.925912	110.178100	10.753639	2.287099	123.218839
13.950922	110.171842	10.697428	2.274083	123.143353
13.975932	110.165584	10.641216	2.261065	123.067865
14.000942	110.159325	10.585004	2.248046	122.992376
14.025952	110.152969	10.529611	2.234978	122.917559
14.050963	110.146215	10.477542	2.221717	122.845475
14.075973	110.139461	10.425472	2.208458	122.773391
14.100983	110.132706	10.373400	2.195200	122.701307
14.125993	110.125951	10.321327	2.181945	122.629223
14.151003	110.119196	10.269252	2.168692	122.557139
14.176013	110.112440	10.217175	2.155440	122.485056
14.201023	110.105684	10.165097	2.142191	122.412972
14.226034	110.098927	10.113018	2.128944	122.340889
14.251044	110.092170	10.060937	2.115698	122.268805
14.276054	110.085258	10.009330	2.102794	122.197382
14.301064	110.077735	9.959611	2.091234	122.128580
14.326074	110.070213	9.909892	2.079675	122.059780
14.351084	110.062690	9.860174	2.068117	121.990981
14.376094	110.055169	9.810457	2.056559	121.922185
14.401104	110.047647	9.760741	2.045001	121.853390
14.426115	110.040126	9.711026	2.033445	121.784597
14.451125	110.032606	9.661312	2.021888	121.715806
14.476135	110.025086	9.611599	2.010333	121.647017
14.501145	110.017566	9.561886	1.998777	121.578229
14.526155	110.009927	9.512942	1.987278	121.510148
14.551165	110.001827	9.466972	1.975994	121.444793
14.576175	109.993726	9.420998	1.964710	121.379434
14.601186	109.985625	9.375020	1.953426	121.314072
14.626196	109.977525	9.329039	1.942142	121.248706
14.651206	109.969424	9.283054	1.930858	121.183336
14.676216	109.961324	9.237065	1.919574	121.117963
14.701226	109.953223	9.191073	1.908290	121.052586
14.726236	109.945122	9.145077	1.897006	120.987205
14.751246	109.937022	9.099077	1.885722	120.921820
14.776256	109.928594	9.053211	1.874448	120.856253
14.801267	109.918927	9.007862	1.863215	120.790004
14.826277	109.909259	8.962513	1.851984	120.723756
14.851287	109.899592	8.917165	1.840755	120.657511
14.876297	109.889924	8.871816	1.829527	120.591268
14.901307	109.880257	8.826468	1.818302	120.525027
14.926317	109.870589	8.781120	1.807078	120.458787
14.951327	109.860922	8.735772	1.795856	120.392550
14.976337	109.851254	8.690425	1.784636	120.326315
15.001348	109.841587	8.645077	1.773418	120.260081
15.026358	109.831648	8.600290	1.762920	120.194858
15.051368	109.820704	8.557585	1.755086	120.133375
15.076378	109.809761	8.514882	1.747248	120.071890
15.101388	109.798817	8.472182	1.739404	120.010403
15.126398	109.787873	8.429484	1.731556	119.948913
15.151408	109.776929	8.386789	1.723703	119.887421
15.176419	109.765985	8.344097	1.715845	119.825927
15.201429	109.755041	8.301407	1.707982	119.764430
15.226439	109.744097	8.258720	1.700114	119.702932
15.251449	109.733153	8.216036	1.692242	119.641430
15.276459	109.721873	8.174327	1.684020	119.580220
15.301469	109.709372	8.136153	1.674546	119.520071
15.326479	109.696871	8.097977	1.665075	119.459923
15.351489	109.684371	8.059797	1.655607	119.399774
15.376500	109.671870	8.021613	1.646143	119.339626
15.401510	109.659369	7.983427	1.636681	119.279477
15.426520	109.646868	7.945237	1.627223	119.219328
15.451530	109.634367	7.907044	1.617767	119.159179
15.476540	109.621867	7.868848	1.608315	119.099030
15.501550	109.609366	7.830649	1.598866	119.038880
15.526560	109.596734	7.792466	1.589471	118.978672
15.551571	109.583638	7.754351	1.580264	118.918253
15.576581	109.570541	7.716235	1.571058	118.857835
15.601591	109.557444	7.678118	1.561855	118.797417
15.626601	109.544347	7.640000	1.552653	118.737000
15.651611	109.531249	7.601881	1.543454	118.676584
15.676621	109.518150	7.563761	1.534256	118.616168
15.701631	109.505051	7.525640	1.525061	118.555752
15.726641	109.491952	7.487517	1.515867	118.495337
15.751652	109.478853	7.449394	1.506676	118.434922
15.776662	109.465334	7.411749	1.498023	118.375107
15.801672	109.450360	7.375775	1.491240	118.317375
15.826682	109.435387	7.339802	1.484453	118.259642
15.851692	109.420413	7.303832	1.477662	118.201908
15.876702	109.405441	7.267864	1.470869	118.144174
15.901712	109.390468	7.231898	1.464072	118.086438
15.926723	109.375496	7.195935	1.457272	118.028703
15.951733	109.360525	7.159973	1.450469	117.970966
15.976743	109.345553	7.124013	1.443662	117.913229
16.001753	109.330583	7.088056	1.436852	117.855491
16.026763	109.315381	7.052817	1.429800	117.797998
16.051773	109.299389	7.020023	1.421931	117.741343
16.076783	109.283398	6.987226	1.414065	117.684689
16.101793	109.267406	6.954428	1.406200	117.628035
16.126804	109.251415	6.921628	1.398338	117.571381
16.151814	109.235423	6.888827	1.390477	117.514728
16.176824	109.219432	6.856024	1.382619	117.458075
16.201834	109.203441	6.823219	1.374762	117.401422
16.226844	109.187449	6.790413	1.366908	117.344769
16.251854	109.171458	6.757604	1.359055	117.288117
16.276864	109.155059	6.725138	1.351476	117.231674
16.301874	109.137301	6.693820	1.344805	117.175926
16.326885	109.119543	6.662503	1.338133	117.120179
16.351895	109.101785	6.631186	1.331460	117.064431
16.376905	109.084027	6.599869	1.324787	117.008683
16.401915	109.066269	6.568554	1.318112	116.952935
16.426925	109.048511	6.537239	1.311437	116.897187
16.451935	109.030753	6.505924	1.304762	116.841439
16.476945	109.012995	6.474610	1.298085	116.785690
16.501956	108.995237	6.443297	1.291408	116.729942
16.526966	108.977111	6.412443	1.284720	116.674275
16.551976	108.957780	6.383094	1.277999	116.618873
16.576986	108.938450	6.353744	1.271275	116.563469
16.601996	108.919119	6.324395	1.264551	116.508065
16.627006	108.899788	6.295045	1.257825	116.452659
16.652016	108.880458	6.265696	1.251098	116.397251
16.677026	108.861127	6.236346	1.244370	116.341843
16.702037	108.841796	6.206996	1.237641	116.286433
16.727047	108.822466	6.177647	1.230910	116.231022
16.752057	108.803135	6.148297	1.224178	116.175610
16.777067	108.783367	6.119244	1.217350	116.119960
16.802077	108.762193	6.091140	1.210219	116.063552
16.827087	108.741019	6.063034	1.203090	116.007144
16.852097	108.719846	6.034927	1.195965	115.950737
16.877108	108.698672	6.006818	1.188841	115.894331
16.902118	108.677498	5.978708	1.181720	115.837926
16.927128	108.656325	5.950595	1.174602	115.781522
16.952138	108.635151	5.922482	1.167486	115.725119
16.977148	108.613978	5.894366	1.160373	115.668716
17.002158	108.592804	5.866249	1.153262	115.612314
17.027168	108.571117	5.838304	1.146507	115.555928
17.052178	108.547813	5.810907	1.140866	115.499585
17.077189	108.524508	5.783510	1.135223	115.443241
17.102199	108.501202	5.756114	1.129580	115.386896
17.127209	108.477895	5.728719	1.123937	115.330550
17.152219	108.454587	5.701324	1.118292	115.274203
17.177229	108.431278	5.673930	1.112647	115.217855
17.202239	108.407968	5.646536	1.107002	115.161506
17.227249	108.384658	5.619143	1.101355	115.105156
17.252260	108.361346	5.591751	1.095708	115.048805
17.277270	108.337373	5.564857	1.090179	114.992409
17.302280	108.311360	5.539502	1.085015	114.935877
17.327290	108.285348	5.514147	1.079850	114.879345
17.352300	108.259336	5.488793	1.074683	114.822812
17.377310	108.233323	5.463441	1.069514	114.766278
17.402320	108.207311	5.438089	1.064343	114.709743
17.427330	108.181298	5.412739	1.059171	114.653208
17.452341	108.155286	5.387390	1.053996	114.596672
17.477351	108.129274	5.362042	1.048820	114.540135
17.502361	108.103261	5.336694	1.043642	114.483598
17.527371	108.076661	5.311783	1.038289	114.426732
17.552381	108.048278	5.288186	1.032412	114.368876
17.577391	108.019897	5.264588	1.026536	114.311020
17.602401	107.991515	5.240990	1.020661	114.253166
17.627411	107.963135	5.217390	1.014787	114.195312
17.652422	107.934755	5.193789	1.008915	114.137458
17.677432	107.906375	5.170187	1.003044	114.079606
17.702442	107.877996	5.146584	0.997174	114.021754
17.727452	107.849617	5.122980	0.991305	113.963903
17.752462	107.821239	5.099375	0.985438	113.906052
17.777472	107.792233	5.075698	0.979653	113.847584
17.802482	107.761361	5.051813	0.974106	113.787280
17.827493	107.730488	5.027930	0.968561	113.726979
17.852503	107.699616	5.004049	0.963015	113.666681
17.877513	107.668744	4.980171	0.957471	113.606386
17.902523	107.637873	4.956294	0.951927	113.546094
17.927533	107.607002	4.932420	0.946383	113.485805
17.952543	107.576132	4.908548	0.940840	113.425520
17.977553	107.545262	4.884678	0.935298	113.365237
18.002563	107.514392	4.860810	0.929756	113.304958
18.027574	107.482859	4.837650	0.924554	113.245063
18.052584	107.449389	4.816546	0.920339	113.186274
18.077594	107.415919	4.795438	0.916121	113.127479
18.102604	107.382450	4.774326	0.911901	113.068676
18.127614	107.348980	4.753209	0.907678	113.009868
18.152624	107.315510	4.732089	0.903453	112.951052
18.177634	107.282040	4.710964	0.899225	112.892229
18.202645	107.248571	4.689834	0.894995	112.833400
18.227655	107.215101	4.668700	0.890762	112.774564
18.252665	107.181631	4.647563	0.886527	112.715721
18.277675	107.147476	4.626398	0.882073	112.655947
18.302685	107.111360	4.605170	0.877000	112.593529
18.327695	107.075242	4.583941	0.871930	112.531113
18.352705	107.039124	4.562714	0.866862	112.468700
18.377715	107.003005	4.541487	0.861797	112.406289
18.402726	106.966885	4.520261	0.856734	112.343879
18.427736	106.930764	4.499035	0.851674	112.281473
18.452746	106.894642	4.477810	0.846616	112.219068
18.477756	106.858519	4.456585	0.841561	112.156665
18.502766	106.822395	4.435362	0.836508	112.094265
18.527776	106.785442	4.414526	0.831691	112.031660
18.552786	106.746165	4.394782	0.827526	111.968473
18.577797	106.706889	4.375038	0.823359	111.905286
18.602807	106.667615	4.355295	0.819191	111.842100
18.627817	106.628341	4.335553	0.815020	111.778914
18.652827	106.589068	4.315812	0.810848	111.715727
18.677837	106.549795	4.296071	0.806674	111.652541
18.702847	106.510524	4.276332	0.802498	111.589355
18.727857	106.471254	4.256594	0.798321	111.526169
18.752867	106.431985	4.236856	0.794141	111.462982
18.777878	106.391923	4.217453	0.789593	111.398969
18.802888	106.349675	4.198969	0.784033	111.332677
18.827898	106.307427	4.180484	0.778475	111.266386
18.852908	106.265178	4.162000	0.772918	111.200096
18.877918	106.222929	4.143516	0.767362	111.133806
18.902928	106.180680	4.125031	0.761807	111.067518
18.927938	106.138430	4.106547	0.756253	111.001230
18.952948	106.096179	4.088063	0.750701	110.934943
18.977959	106.053929	4.069578	0.745150	110.868657
19.002969	106.011677	4.051094	0.739601	110.802372
19.027979	105.968708	4.032663	0.715694	110.717065
19.052989	105.923796	4.014377	0.642113	110.580285
19.077999	105.878883	3.996090	0.568531	110.443505
19.103009	105.833971	3.977803	0.494950	110.306724
19.128019	105.789059	3.959515	0.421368	110.169942
19.153030	105.744147	3.941227	0.347787	110.033161
19.178040	105.699235	3.922938	0.274206	109.896378
19.203050	105.654322	3.904649	0.200624	109.759596
19.228060	105.609410	3.886359	0.127043	109.622812
19.253070	105.564498	3.868069	0.053461	109.486029
19.278080	105.518695	3.849968	0.000000	109.368663
19.303090	105.470526	3.832368	0.000000	109.302894
19.328100	105.422357	3.814767	0.000000	109.237124
19.353111	105.374187	3.797167	0.000000	109.171354
19.378121	105.326017	3.779567	0.000000	109.105583
19.403131	105.277846	3.761966	0.000000	109.039812
19.428141	105.229674	3.744366	0.000000	108.974040
19.453151	105.181502	3.726766	0.000000	108.908268
19.478161	105.133330	3.709166	0.000000	108.842495
19.503171	105.085157	3.691565	0.000000	108.776722
19.528182	105.035741	3.674341	0.000000	108.710082
19.553192	104.983082	3.658100	0.000000	108.641182
19.578202	104.930424	3.641858	0.000000	108.572282
19.603212	104.877765	3.625617	0.000000	108.503382
19.628222	104.825107	3.609375	0.000000	108.434482
19.653232	104.772449	3.593134	0.000000	108.365582
19.678242	104.719790	3.576892	0.000000	108.296682
19.703252	104.667132	3.560650	0.000000	108.227782
19.728263	104.614473	3.544409	0.000000	108.158882
19.753273	104.561815	3.528167	0.000000	108.089982
19.778283	104.507707	3.512172	0.000000	108.019878
19.803293	104.449881	3.496806	0.000000	107.946688
19.828303	104.392055	3.481441	0.000000	107.873496
19.853313	104.334228	3.466076	0.000000	107.800304
19.878323	104.276400	3.450711	0.000000	107.727111
19.903334	104.218571	3.435346	0.000000	107.653916
19.928344	104.160741	3.419980	0.000000	107.580721
19.953354	104.102910	3.404615	0.000000	107.507525
19.978364	104.045078	3.389250	0.000000	107.434328
20.003374	103.987245	3.373885	0.000000	107.361130
20.028384	103.927687	3.358608	0.000000	107.286295
20.053394	103.863787	3.343553	0.000000	107.207340
20.078404	103.799888	3.328499	0.000000	107.128387
20.103415	103.735989	3.313446	0.000000	107.049435
20.128425	103.672092	3.298392	0.000000	106.970484
20.153435	103.608195	3.283340	0.000000	106.891535
20.178445	103.544299	3.268287	0.000000	106.812587
20.203455	103.480405	3.253235	0.000000	106.733640
20.228465	103.416511	3.238184	0.000000	106.654695
20.253475	103.352618	3.223133	0.000000	106.575751
20.278485	103.286746	3.208274	0.000000	106.495020
20.303496	103.215977	3.193888	0.000000	106.409864
20.328506	103.145206	3.179501	0.000000	106.324706
20.353516	103.074434	3.165113	0.000000	106.239547
20.378526	103.003661	3.150726	0.000000	106.154387
20.403536	102.932888	3.136338	0.000000	106.069225
20.428546	102.862113	3.121949	0.000000	105.984062
20.453556	102.791338	3.107560	0.000000	105.898897
20.478567	102.720561	3.093170	0.000000	105.813731
20.503577	102.649784	3.078780	0.000000	105.728564
20.528587	102.576458	3.064435	0.000000	105.640893
20.553597	102.496937	3.050200	0.000000	105.547137
20.578607	102.417415	3.035966	0.000000	105.453380
20.603617	102.337892	3.021731	0.000000	105.359623
20.628627	102.258368	3.007496	0.000000	105.265864
20.653637	102.178843	2.993261	0.000000	105.172104
20.678648	102.099317	2.979026	0.000000	105.078343
20.703658	102.019790	2.964792	0.000000	104.984582
20.728668	101.940262	2.950557	0.000000	104.890819
20.753678	101.860734	2.936322	0.000000	104.797056
20.778688	101.777303	2.922506	0.000000	104.699808
20.803698	101.684549	2.909689	0.000000	104.594238
20.828708	101.591797	2.896872	0.000000	104.488669
20.853719	101.499044	2.884056	0.000000	104.383101
20.878729	101.406293	2.871241	0.000000	104.277533
20.903739	101.313541	2.858426	0.000000	104.171967
20.928749	101.220790	2.845611	0.000000	104.066401
20.953759	101.128039	2.832797	0.000000	103.960836
20.978769	101.035289	2.819983	0.000000	103.855272
21.003779	100.942539	2.807170	0.000000	103.749709
21.028789	100.843004	2.794557	0.000000	103.637562
21.053800	100.727532	2.782415	0.000000	103.509946
21.078810	100.612057	2.770272	0.000000	103.382329
21.103820	100.496579	2.758129	0.000000	103.254708
21.128830	100.381099	2.745985	0.000000	103.127084
21.153840	100.265617	2.733841	0.000000	102.999458
21.178850	100.150133	2.721696	0.000000	102.871829
21.203860	100.034646	2.709551	0.000000	102.744197
21.228871	99.919157	2.697405	0.000000	102.616563
21.253881	99.803666	2.685259	0.000000	102.488925
21.278891	99.674848	2.673037	0.000000	102.347886
21.303901	99.515265	2.660640	0.000000	102.175906
21.328911	99.355680	2.648243	0.000000	102.003923
21.353921	99.196092	2.635846	0.000000	101.831938
21.378931	99.036502	2.623448	0.000000	101.659950
21.403941	98.876909	2.611049	0.000000	101.487958
21.428952	98.717314	2.598650	0.000000	101.315964
21.453962	98.557717	2.586251	0.000000	101.143967
21.478972	98.398117	2.573851	0.000000	100.971967
21.503982	98.238514	2.561450	0.000000	100.799964
21.528992	98.047716	2.549266	0.000000	100.596982
21.554002	97.786112	2.537574	0.000000	100.323686
21.579012	97.524508	2.525883	0.000000	100.050390
21.604023	97.262903	2.514192	0.000000	99.777095
21.629033	97.001298	2.502501	0.000000	99.503799
21.654043	96.739692	2.490811	0.000000	99.230503
21.679053	96.478086	2.479121	0.000000	98.957207
21.704063	96.216479	2.467432	0.000000	98.683911
21.729073	95.954872	2.455743	0.000000	98.410616
21.754083	95.693265	2.444055	0.000000	98.137320
21.779093	95.308158	2.432619	0.000000	97.740777
21.804104	94.647412	2.421746	0.000000	97.069157
21.829114	93.986659	2.410872	0.000000	96.397531
21.854124	93.325899	2.399998	0.000000	95.725897
21.879134	92.665132	2.389125	0.000000	95.054257
21.904144	92.004359	2.378251	0.000000	94.382610
21.929154	91.343578	2.367378	0.000000	93.710956
21.954164	90.682791	2.356504	0.000000	93.039295
21.979174	90.021996	2.345631	0.000000	92.367627
22.004185	89.361195	2.334757	0.000000	91.695952
22.029195	87.932140	2.323955	0.000000	90.256095
22.054205	84.816990	2.313311	0.000000	87.130301
22.079215	81.701839	2.302668	0.000000	84.004507
22.104225	78.586687	2.292024	0.000000	80.878711
22.129235	75.471534	2.281380	0.000000	77.752914
22.154245	72.356380	2.270736	0.000000	74.627116
22.179256	69.241224	2.260092	0.000000	71.501317
22.204266	66.126068	2.249448	0.000000	68.375516
22.229276	63.010910	2.238805	0.000000	65.249715
22.254286	59.895752	2.228161	0.000000	62.123913
22.279296	56.825144	2.217796	0.000000	59.042940
22.304306	53.850694	2.208033	0.000000	56.058727
22.329316	50.876240	2.198269	0.000000	53.074510
22.354326	47.901782	2.188506	0.000000	50.090288
22.379337	44.927320	2.178743	0.000000	47.106063
22.404347	41.952853	2.168980	0.000000	44.121833
22.429357	38.978383	2.159217	0.000000	41.137599
22.454367	36.003908	2.149453	0.000000	38.153361
22.479377	33.029429	2.139690	0.000000	35.169119
22.504387	30.054946	2.129927	0.000000	32.184873
22.529397	27.831505	2.120141	0.000000	29.951646
22.554408	27.202484	2.110307	0.000000	29.312792
22.579418	26.573461	2.100474	0.000000	28.673935
22.604428	25.944436	2.090640	0.000000	28.035076
22.629438	25.315408	2.080806	0.000000	27.396214
22.654448	24.686378	2.070972	0.000000	26.757350
22.679458	24.057346	2.061138	0.000000	26.118484
22.704468	23.428312	2.051304	0.000000	25.479616
22.729478	22.799275	2.041470	0.000000	24.840745
22.754489	22.170236	2.031637	0.000000	24.201872
22.779499	21.663543	2.021875	0.000000	23.685418
22.804509	21.412353	2.012266	0.000000	23.424619
22.829519	21.161179	2.002656	0.000000	23.163836
22.854529	20.910022	1.993046	0.000000	22.903067
22.879539	20.658880	1.983435	0.000000	22.642315
22.904549	20.407754	1.973824	0.000000	22.381578
22.929560	20.156644	1.964212	0.000000	22.120856
22.954570	19.905550	1.954600	0.000000	21.860150
22.979580	19.654472	1.944987	0.000000	21.599459
23.004590	19.403410	1.935374	0.000000	21.338784
23.029600	19.183907	1.926002	0.000000	21.109908
23.054610	19.029206	1.917124	0.000000	20.946331
23.079620	18.874507	1.908248	0.000000	20.782755
23.104630	18.719808	1.899371	0.000000	20.619180
23.129641	18.565111	1.890495	0.000000	20.455606
23.154651	18.410414	1.881620	0.000000	20.292034
23.179661	18.255718	1.872745	0.000000	20.128463
23.204671	18.101022	1.863871	0.000000	19.964893
23.229681	17.946328	1.854997	0.000000	19.801324
23.254691	17.791634	1.846123	0.000000	19.637757
23.279701	17.650980	1.837407	0.000000	19.488388
23.304711	17.538700	1.829010	0.000000	19.367710
23.329722	17.426418	1.820613	0.000000	19.247030
23.354732	17.314134	1.812215	0.000000	19.126350
23.379742	17.201850	1.803818	0.000000	19.005668
23.404752	17.089564	1.795421	0.000000	18.884985
23.429762	16.977276	1.787024	0.000000	18.764300
23.454772	16.864988	1.778626	0.000000	18.643614
23.479782	16.752698	1.770229	0.000000	18.522927
23.504793	16.640406	1.761832	0.000000	18.402238
23.529803	16.535071	1.753434	0.000000	18.288505
23.554813	16.443571	1.745035	0.000000	18.188606
23.579823	16.352071	1.736636	0.000000	18.088708
23.604833	16.260573	1.728238	0.000000	17.988811
23.629843	16.169076	1.719839	0.000000	17.888915
23.654853	16.077580	1.711440	0.000000	17.789020
23.679863	15.986084	1.703041	0.000000	17.689126
23.704874	15.894590	1.694643	0.000000	17.589233
23.729884	15.803096	1.686244	0.000000	17.489340
23.754894	15.711604	1.677845	0.000000	17.389449
23.779904	15.623817	1.669553	0.000000	17.293370
23.804914	15.543275	1.661471	0.000000	17.204746
23.829924	15.462730	1.653388	0.000000	17.116118
23.854934	15.382181	1.645306	0.000000	17.027487
23.879945	15.301628	1.637223	0.000000	16.938852
23.904955	15.221072	1.629140	0.000000	16.850212
23.929965	15.140512	1.621058	0.000000	16.761569
23.954975	15.059947	1.612975	0.000000	16.672923
23.979985	14.979379	1.604893	0.000000	16.584272
24.004995	14.898808	1.596810	0.000000	16.495618
24.030005	14.821539	1.588317	0.000000	16.409856
24.055015	14.750639	1.579033	0.000000	16.329672
24.080026	14.679744	1.569750	0.000000	16.249494
24.105036	14.608855	1.560466	0.000000	16.169321
24.130046	14.537971	1.551182	0.000000	16.089153
24.155056	14.467092	1.541899	0.000000	16.008991
24.180066	14.396219	1.532615	0.000000	15.928834
24.205076	14.325350	1.523331	0.000000	15.848682
24.230086	14.254488	1.514048	0.000000	15.768535
24.255097	14.183630	1.504764	0.000000	15.688394
24.280107	14.114950	1.495401	0.000000	15.610351
24.305117	14.050389	1.485888	0.000000	15.536277
24.330127	13.985826	1.476374	0.000000	15.462200
24.355137	13.921263	1.466861	0.000000	15.388123
24.380147	13.856698	1.457347	0.000000	15.314045
24.405157	13.792132	1.447834	0.000000	15.239966
24.430167	13.727565	1.438320	0.000000	15.165885
24.455178	13.662997	1.428807	0.000000	15.091804
24.480188	13.598428	1.419294	0.000000	15.017721
24.505198	13.533857	1.409780	0.000000	14.943638
24.530208	13.470629	1.375163	0.000000	14.845792
24.555218	13.409905	1.293717	0.000000	14.703622
24.580228	13.349179	1.212272	0.000000	14.561451
24.605238	13.288453	1.130827	0.000000	14.419279
24.630248	13.227724	1.049381	0.000000	14.277105
24.655259	13.166995	0.967936	0.000000	14.134930
24.680269	13.106264	0.886490	0.000000	13.992754
24.705279	13.045532	0.805045	0.000000	13.850576
24.730289	12.984798	0.723599	0.000000	13.708397
24.755299	12.924063	0.642154	0.000000	13.566217
24.780309	12.864957	0.568635	0.000000	13.433592
24.805319	12.808845	0.509672	0.000000	13.318516
24.830330	12.752735	0.450708	0.000000	13.203443
24.855340	12.696628	0.391744	0.000000	13.088372
24.880350	12.640523	0.332780	0.000000	12.973303
24.905360	12.584421	0.273817	0.000000	12.858237
24.930370	12.528321	0.214853	0.000000	12.743174
24.955380	12.472224	0.155889	0.000000	12.628113
24.980390	12.416129	0.096925	0.000000	12.513054
25.005400	12.360036	0.037961	0.000000	12.397997
25.030411	12.305452	0.000000	0.000000	12.305452
25.055421	12.253592	0.000000	0.000000	12.253592
25.080431	12.201733	0.000000	0.000000	12.201733
25.105441	12.149875	0.000000	0.000000	12.149875
25.130451	12.098019	0.000000	0.000000	12.098019
25.155461	12.046164	0.000000	0.000000	12.046164
25.180471	11.994311	0.000000	0.000000	11.994311
25.205482	11.942458	0.000000	0.000000	11.942458
25.230492	11.890608	0.000000	0.000000	11.890608
25.255502	11.838758	0.000000	0.000000	11.838758
25.280512	11.788055	0.000000	0.000000	11.788055
25.305522	11.739390	0.000000	0.000000	11.739390
25.330532	11.690723	0.000000	0.000000	11.690723
25.355542	11.642056	0.000000	0.000000	11.642056
25.380552	11.593388	0.000000	0.000000	11.593388
25.405563	11.544719	0.000000	0.000000	11.544719
25.430573	11.496049	0.000000	0.000000	11.496049
25.455583	11.447378	0.000000	0.000000	11.447378
25.480593	11.398707	0.000000	0.000000	11.398707
25.505603	11.350034	0.000000	0.000000	11.350034
25.530613	11.302366	0.000000	0.000000	11.302366
25.555623	11.256459	0.000000	0.000000	11.256459
25.580634	11.210553	0.000000	0.000000	11.210553
25.605644	11.164648	0.000000	0.000000	11.164648
25.630654	11.118745	0.000000	0.000000	11.118745
25.655664	11.072843	0.000000	0.000000	11.072843
25.680674	11.026941	0.000000	0.000000	11.026941
25.705684	10.981042	0.000000	0.000000	10.981042
25.730694	10.935143	0.000000	0.000000	10.935143
25.755704	10.889245	0.000000	0.000000	10.889245
25.780715	10.844280	0.000000	0.000000	10.844280
25.805725	10.800920	0.000000	0.000000	10.800920
25.830735	10.757558	0.000000	0.000000	10.757558
25.855745	10.714193	0.000000	0.000000	10.714193
25.880755	10.670826	0.000000	0.000000	10.670826
25.905765	10.627457	0.000000	0.000000	10.627457
25.930775	10.584085	0.000000	0.000000	10.584085
25.955785	10.540711	0.000000	0.000000	10.540711
25.980796	10.497335	0.000000	0.000000	10.497335
26.005806	10.453957	0.000000	0.000000	10.453957
26.030816	10.411210	0.000000	0.000000	10.411210
26.055826	10.369542	0.000000	0.000000	10.369542
26.080836	10.327874	0.000000	0.000000	10.327874
26.105846	10.286206	0.000000	0.000000	10.286206
26.130856	10.244539	0.000000	0.000000	10.244539
26.155867	10.202873	0.000000	0.000000	10.202873
26.180877	10.161207	0.000000	0.000000	10.161207
26.205887	10.119542	0.000000	0.000000	10.119542
26.230897	10.077877	0.000000	0.000000	10.077877
26.255907	10.036213	0.000000	0.000000	10.036213
26.280917	9.995662	0.000000	0.000000	9.995662
26.305927	9.956975	0.000000	0.000000	9.956975
26.330937	9.918290	0.000000	0.000000	9.918290
26.355948	9.879609	0.000000	0.000000	9.879609
26.380958	9.840932	0.000000	0.000000	9.840932
26.405968	9.802257	0.000000	0.000000	9.802257
26.430978	9.763586	0.000000	0.000000	9.763586
26.455988	9.724918	0.000000	0.000000	9.724918
26.480998	9.686254	0.000000	0.000000	9.686254
26.506008	9.647592	0.000000	0.000000	9.647592
26.531019	9.609686	0.000000	0.000000	9.609686
26.556029	9.573016	0.000000	0.000000	9.573016
26.581039	9.536343	0.000000	0.000000	9.536343
26.606049	9.499669	0.000000	0.000000	9.499669
26.631059	9.462991	0.000000	0.000000	9.462991
26.656069	9.426312	0.000000	0.000000	9.426312
26.681079	9.389630	0.000000	0.000000	9.389630
26.706089	9.352945	0.000000	0.000000	9.352945
26.731100	9.316258	0.000000	0.000000	9.316258
26.756110	9.279569	0.000000	0.000000	9.279569
26.781120	9.243549	0.000000	0.000000	9.243549
26.806130	9.208620	0.000000	0.000000	9.208620
26.831140	9.173693	0.000000	0.000000	9.173693
26.856150	9.138769	0.000000	0.000000	9.138769
26.881160	9.103847	0.000000	0.000000	9.103847
26.906171	9.068928	0.000000	0.000000	9.068928
26.931181	9.034012	0.000000	0.000000	9.034012
26.956191	8.999098	0.000000	0.000000	8.999098
26.981201	8.964187	0.000000	0.000000	8.964187
27.006211	8.929278	0.000000	0.000000	8.929278
27.031221	8.895028	0.000000	0.000000	8.895028
27.056231	8.861825	0.000000	0.000000	8.861825
27.081241	8.828620	0.000000	0.000000	8.828620
27.106252	8.795414	0.000000	0.000000	8.795414
27.131262	8.762206	0.000000	0.000000	8.762206
27.156272	8.728997	0.000000	0.000000	8.728997
27.181282	8.695786	0.000000	0.000000	8.695786
27.206292	8.662573	0.000000	0.000000	8.662573
27.231302	8.629359	0.000000	0.000000	8.629359
27.256312	8.596143	0.000000	0.000000	8.596143
27.281322	8.563179	0.000000	0.000000	8.563179
27.306333	8.530611	0.000000	0.000000	8.530611
27.331343	8.498042	0.000000	0.000000	8.498042
27.356353	8.465473	0.000000	0.000000	8.465473
27.381363	8.432902	0.000000	0.000000	8.432902
27.406373	8.400331	0.000000	0.000000	8.400331
27.431383	8.367759	0.000000	0.000000	8.367759
27.456393	8.335187	0.000000	0.000000	8.335187
27.481404	8.302613	0.000000	0.000000	8.302613
27.506414	8.270039	0.000000	0.000000	8.270039
27.531424	8.238010	0.000000	0.000000	8.238010
27.556434	8.206828	0.000000	0.000000	8.206828
27.581444	8.175648	0.000000	0.000000	8.175648
27.606454	8.144469	0.000000	0.000000	8.144469
27.631464	8.113291	0.000000	0.000000	8.113291
27.656474	8.082115	0.000000	0.000000	8.082115
27.681485	8.050940	0.000000	0.000000	8.050940
27.706495	8.019766	0.000000	0.000000	8.019766
27.731505	7.988594	0.000000	0.000000	7.988594
27.756515	7.957423	0.000000	0.000000	7.957423
27.781525	7.926735	0.000000	0.000000	7.926735
27.806535	7.896783	0.000000	0.000000	7.896783
27.831545	7.866831	0.000000	0.000000	7.866831
27.856556	7.836880	0.000000	0.000000	7.836880
27.881566	7.806929	0.000000	0.000000	7.806929
27.906576	7.776979	0.000000	0.000000	7.776979
27.931586	7.747028	0.000000	0.000000	7.747028
27.956596	7.717079	0.000000	0.000000	7.717079
27.981606	7.687129	0.000000	0.000000	7.687129
28.006616	7.657180	0.000000	0.000000	7.657180
28.031626	7.627748	0.000000	0.000000	7.627748
28.056637	7.599091	0.000000	0.000000	7.599091
28.081647	7.570432	0.000000	0.000000	7.570432
28.106657	7.541772	0.000000	0.000000	7.541772
28.131667	7.513110	0.000000	0.000000	7.513110
28.156677	7.484446	0.000000	0.000000	7.484446
28.181687	7.455781	0.000000	0.000000	7.455781
28.206697	7.427113	0.000000	0.000000	7.427113
28.231708	7.398444	0.000000	0.000000	7.398444
28.256718	7.369773	0.000000	0.000000	7.369773
28.281728	7.341201	0.000000	0.000000	7.341201
28.306738	7.312778	0.000000	0.000000	7.312778
28.331748	7.284357	0.000000	0.000000	7.284357
28.356758	7.255937	0.000000	0.000000	7.255937
28.381768	7.227518	0.000000	0.000000	7.227518
28.406778	7.199101	0.000000	0.000000	7.199101
28.431789	7.170686	0.000000	0.000000	7.170686
28.456799	7.142272	0.000000	0.000000	7.142272
28.481809	7.113859	0.000000	0.000000	7.113859
28.506819	7.085448	0.000000	0.000000	7.085448
28.531829	7.057758	0.000000	0.000000	7.057758
28.556839	7.031121	0.000000	0.000000	7.031121
28.581849	7.004486	0.000000	0.000000	7.004486
28.606859	6.977854	0.000000	0.000000	6.977854
28.631870	6.951223	0.000000	0.000000	6.951223
28.656880	6.924595	0.000000	0.000000	6.924595
28.681890	6.897968	0.000000	0.000000	6.897968
28.706900	6.871344	0.000000	0.000000	6.871344
28.731910	6.844722	0.000000	0.000000	6.844722
28.756920	6.818103	0.000000	0.000000	6.818103
28.781930	6.791948	0.000000	0.000000	6.791948
28.806941	6.766456	0.000000	0.000000	6.766456
28.831951	6.740962	0.000000	0.000000	6.740962
28.856961	6.715465	0.000000	0.000000	6.715465
28.881971	6.689966	0.000000	0.000000	6.689966
28.906981	6.664464	0.000000	0.000000	6.664464
28.931991	6.638959	0.000000	0.000000	6.638959
28.957001	6.613452	0.000000	0.000000	6.613452
28.982011	6.587941	0.000000	0.000000	6.587941
29.007022	6.562428	0.000000	0.000000	6.562428
29.032032	6.537338	0.000000	0.000000	6.537338
29.057042	6.512850	0.000000	0.000000	6.512850
29.082052	6.488366	0.000000	0.000000	6.488366
29.107062	6.463884	0.000000	0.000000	6.463884
29.132072	6.439405	0.000000	0.000000	6.439405
29.157082	6.414929	0.000000	0.000000	6.414929
29.182093	6.390456	0.000000	0.000000	6.390456
29.207103	6.365986	0.000000	0.000000	6.365986
29.232113	6.341518	0.000000	0.000000	6.341518
29.257123	6.317054	0.000000	0.000000	6.317054
29.282133	6.292735	0.000000	0.000000	6.292735
29.307143	6.268615	0.000000	0.000000	6.268615
29.332153	6.244493	0.000000	0.000000	6.244493
29.357163	6.220368	0.000000	0.000000	6.220368
29.382174	6.196240	0.000000	0.000000	6.196240
29.407184	6.172110	0.000000	0.000000	6.172110
29.432194	6.147977	0.000000	0.000000	6.147977
29.457204	6.123842	0.000000	0.000000	6.123842
29.482214	6.099704	0.000000	0.000000	6.099704
29.507224	6.075564	0.000000	0.000000	6.075564
29.532234	6.051428	0.000000	0.000000	6.051428
29.557245	6.027302	0.000000	0.000000	6.027302
29.582255	6.003177	0.000000	0.000000	6.003177
29.607265	5.979052	0.000000	0.000000	5.979052
29.632275	5.954926	0.000000	0.000000	5.954926
29.657285	5.930801	0.000000	0.000000	5.930801
29.682295	5.906676	0.000000	0.000000	5.906676
29.707305	5.882551	0.000000	0.000000	5.882551
29.732315	5.858427	0.000000	0.000000	5.858427
29.757326	5.834302	0.000000	0.000000	5.834302
29.782336	5.810331	0.000000	0.000000	5.810331
29.807346	5.786571	0.000000	0.000000	5.786571
29.832356	5.762812	0.000000	0.000000	5.762812
29.857366	5.739055	0.000000	0.000000	5.739055
29.882376	5.715299	0.000000	0.000000	5.715299
29.907386	5.691546	0.000000	0.000000	5.691546
29.932396	5.667795	0.000000	0.000000	5.667795
29.957407	5.644045	0.000000	0.000000	5.644045
29.982417	5.620298	0.000000	0.000000	5.620298
30.007427	5.596552	0.000000	0.000000	5.596552
30.032437	5.570546	0.000000	0.000000	5.570546
30.057447	5.541517	0.000000	0.000000	5.541517
30.082457	5.512488	0.000000	0.000000	5.512488
